drug,region,region_id,weighted_degree,weighted_degree_z,closeness,closeness_z,betweenness,betweenness_z,cluster
PSI,Tuberomammillary nucleus ventral part,1,167.81666137952362,1.174012902313529,22.005915203598292,1.3467189722635775,0.21994230075730256,2.835497021020651,0
PSI,Inferior colliculus,4,168.2142708646142,1.1895948381122492,21.927674997033844,1.3293594860713043,0.1865488640461594,2.268280793979482,0
PSI,Principal sensory nucleus of the trigeminal,7,133.0759172027935,-0.18744366665700182,15.74761090450144,-0.04183752365679161,0.008005769924269743,-0.764427132673681,0
PSI,Interfascicular nucleus raphe,12,168.00441138413066,1.181370645596061,21.988476813729473,1.3428498428039835,0.08946988820771727,0.619310941717249,0
PSI,Induseum griseum,19,168.80465969060822,1.2127316120773486,21.549638873622367,1.2454830093503955,0.18752253876667868,2.2848194960638355,0
PSI,Anterior amygdalar area,23,161.11780306760426,0.9114910459315834,21.63820015769082,1.2651324767465475,0.2872701045798774,3.9791176429276307,0
PSI,Intergeniculate leaflet of the lateral geniculate complex,27,167.31077605156412,1.1541877396920097,21.541242784998094,1.2436201335868695,0.10569780021637216,0.8949559764564783,1
PSI,Periventricular hypothalamic nucleus anterior part,30,166.92489566587366,1.1390654560914457,21.540046236690944,1.243354650343299,0.04511359538406058,-0.13411881990331057,0
PSI,Paraventricular hypothalamic nucleus,38,168.37221605418682,1.1957845591725413,21.525172175138902,1.2400544792743102,0.014388748647674,-0.6560067523429176,0
PSI,Anterior cingulate area dorsal part,39,149.5892769933814,0.45969912476681124,18.02870564866329,0.46427863392168334,0.023404255319148935,-0.5028706219322348,1
PSI,Infralimbic area,44,167.43213653881213,1.1589437412254466,21.055160352323146,1.1357709643572782,0.07872340425531915,0.43677267426771516,0
PSI,Anterior cingulate area ventral part,48,163.48122736587862,1.0041113858926791,18.68454899648656,0.6097933767982133,0.13119365308330327,1.3280249532578892,1
PSI,Nucleus accumbens,56,165.697819387123,1.090977509217469,18.7541889343407,0.6252446849260098,0.010890732059141725,-0.7154235709422625,1
PSI,Paraventricular hypothalamic nucleus descending division,63,112.02521932449748,-1.01240040224175,12.792845396167237,-0.6974238685251614,0.015542733501622791,-0.6364053276503502,1
PSI,Lateral terminal nucleus of the accessory optic tract,66,117.06277419799534,-0.8149834402105501,14.307280404439686,-0.36140975545472526,0.03238369996393797,-0.35034703604319467,1
PSI,Anterodorsal preoptic nucleus,72,165.6662036626858,1.0897385191860867,21.3308277404093,1.1969344559592563,0.005156869816083664,-0.8128181498834569,0
PSI,Dorsal terminal nucleus of the accessory optic tract,75,166.94555528156815,1.1398750866899319,21.681386795934863,1.274714479187589,0.05268662098809953,-0.0054844703583369556,0
PSI,Inferior olivary complex,83,155.98112121743964,0.7101893924021638,19.530350643892174,0.7974549725973666,0.01705733862243058,-0.6106784577413555,1
PSI,Anterior hypothalamic nucleus,88,151.10030811697428,0.5189149906869317,18.200196320280533,0.5023279959666438,0.006996033177064551,-0.7815783792796775,0
PSI,Interposed nucleus,91,162.88331079768392,0.9806796069036081,21.665139362080517,1.2711095921858904,0.1292823656689506,1.2955600936108247,0
PSI,Dorsal cochlear nucleus,96,131.88321242659134,-0.234184627188602,15.27072840669519,-0.14764546435011353,0.08009376126938333,0.4600493660901388,1
PSI,Interpeduncular nucleus,100,164.553750652092,1.0461425486668812,20.302709772508496,0.968821565522284,0.05394879192210602,0.015954587899158625,0
PSI,Ventral cochlear nucleus,101,156.90679805699062,0.746465783245706,20.714529053124597,1.060193654496491,0.025279480706815724,-0.4710183068068127,0
PSI,Agranular insular area dorsal part,104,169.94119582340113,1.2572713771437432,20.82790778846065,1.0853494749753436,0.01280201947349441,-0.6829587112951978,1
PSI,Inferior salivatory nucleus,106,160.91561611403938,0.9035675324141205,19.79579597863536,0.8563504539057142,0.006202668589974756,-0.7950543587558176,1
PSI,Agranular insular area posterior part,111,167.9519230256734,1.1793136769815553,20.19146408925957,0.9441390143493265,0.025171294626758024,-0.47285594037174095,1
PSI,Trochlear nucleus,115,111.29784048601897,-1.0409056839000528,9.459747083056069,-1.43695251606626,0.00010818608005769924,-0.8985743829134393,0
PSI,Periventricular hypothalamic nucleus intermediate part,118,150.57231843407106,0.4982235795162196,17.22335824101888,0.28559279173298413,0.0425892535160476,-0.17699693641830172,0
PSI,Agranular insular area ventral part,119,166.31722345505662,1.1152513627896719,22.020311747876438,1.3499131945514118,0.1726289217454021,2.0318386086253875,0
PSI,Periventricular hypothalamic nucleus posterior part,126,167.3918962658888,1.1573667633797808,19.02278384196855,0.6848389753173553,0.142084385142445,1.5130133987939942,1
PSI,Anteromedial nucleus,127,162.16529815278224,0.9525413774220397,18.41572796466077,0.5501489152728156,0.11637216011539848,1.0762691548627266,1
PSI,Midbrain reticular nucleus,128,148.2498701140804,0.4072090489908848,17.94703795115476,0.4461586757888234,0.03166245943021998,-0.36259792647604927,1
PSI,Nucleus ambiguus,135,167.30096129722858,1.1538031088477487,21.22435594875363,1.173311108344616,0.2029570861882438,2.546988551326925,0
PSI,Intermediate reticular nucleus,136,122.7726248450543,-0.5912198492024449,12.878192698753375,-0.6784875008205157,0.02726289217454021,-0.43732835811646253,0
PSI,Pontine reticular nucleus,146,143.1514872779585,0.20740829722650186,13.499612528774975,-0.5406104497166332,0.03274432023079697,-0.34422159082676734,0
PSI,Locus ceruleus,147,168.9055436508296,1.2166851580822484,21.731608679411835,1.285857421302016,0.01727371078254598,-0.6070031906114991,0
PSI,Paraventricular nucleus of the thalamus,149,130.20948936590776,-0.2997762346686582,16.167492545306512,0.051323395338745754,0.06556076451496574,0.21319392386811822,1
PSI,Accessory olfactory bulb,151,154.3089361972774,0.6446580592605181,18.90866723334961,0.6595194397663118,0.04825099170573386,-0.0808274465203929,1
PSI,Lateral dorsal nucleus of thalamus,155,150.429868832343,0.49264111573728286,18.392410196760466,0.5449753032940876,0.1139199423007573,1.034616127391021,1
PSI,Anterior olfactory nucleus,159,168.2524720698586,1.191091906843938,21.945924060757694,1.333408483174541,0.11031373963216733,0.9733616752267478,0
PSI,Nucleus prepositus,169,165.90212046268744,1.0989838731560189,18.812268843703524,0.6381311205440181,0.13952398124774612,1.4695227377573603,1
PSI,Dorsal part of the lateral geniculate complex,170,152.765889552246,0.5841875356465451,17.2907697813684,0.30054967586305664,0.10710421925712225,0.9188452128005448,1
PSI,Retrochiasmatic area,173,167.0123774174524,1.142493782345657,21.037070704795337,1.131757337601022,0.1277316985214569,1.2692206791801872,0
PSI,Nucleus of Roller,177,154.12021626442083,0.6372623054166683,16.661866959720314,0.16101234169601672,0.020555355210962856,-0.5512616391420105,1
PSI,Ventral part of the lateral geniculate complex,178,168.55726761192585,1.2030365529007236,20.192554379173064,0.9443809215928012,0.01139560043274432,-0.7068479476392644,1
PSI,Nucleus of reuniens,181,169.16584527065956,1.2268861298411822,21.77269701103251,1.2949738635604486,0.19001081860800578,2.327085068057184,0
PSI,Frontal pole cerebral cortex,184,162.83738975323803,0.9788800050500381,20.84398441366782,1.0889164639386502,0.10436350522899387,0.8722918291556971,1
PSI,Lateral habenula,186,85.2621567764218,-2.0612192509828406,7.823303634826903,-1.8000371587501984,0.0032455824017309774,-0.8452830095305216,1
PSI,Rhomboid nucleus,189,156.78553877896803,0.7417137480051063,17.862068673004394,0.42730618196771286,0.05084745762711865,-0.03672424096211616,1
PSI,Lateral hypothalamic area,194,115.28151493865263,-0.884789288563565,10.28183131471234,-1.2545532038077054,0.01979805265055896,-0.564125074096508,1
PSI,Rostral linear nucleus raphe,197,104.2995607437312,-1.315161580036353,11.756136772672713,-0.9274428041236952,0.025387666786873424,-0.4691806732418845,1
PSI,Medial vestibular nucleus,202,155.52114985536502,0.6921635542321726,20.932545073477048,1.1085657928277624,0.2429859358095925,3.2269129703503565,0
PSI,Linear nucleus of the medulla,203,159.14729922176355,0.8342688830598254,20.913160197561844,1.104264788260351,0.028128380815001804,-0.42262728959703694,0
PSI,Nucleus raphe magnus,206,166.55581156909662,1.124601403004286,21.271645049729244,1.1838033415770908,0.05128020194734944,-0.02937370670240347,0
PSI,Area postrema,207,134.54731332681888,-0.12978105849808025,15.557341575448904,-0.08405338600602856,0.0006851785070320952,-0.8887736705671555,0
PSI,Lateral vestibular nucleus,209,163.86416262367754,1.0191182527452889,20.115180059951363,0.9272135534946706,0.13245582401730976,1.3494640115153849,0
PSI,Lateral mammillary nucleus,210,164.3050292979291,1.036395396454318,19.719957473539935,0.8395238433961644,0.01698521456905878,-0.611903546784641,0
PSI,Red nucleus,214,110.7364856966841,-1.0629046417109491,11.996681016666466,-0.8740722333443258,0.008690948431301838,-0.7527887867624692,0
PSI,Anterior pretectal nucleus,215,164.47002359421757,1.0428613652712742,20.095457498401917,0.922837625184565,0.05622069960331771,0.054544892762650767,1
PSI,Superior vestibular nucleus,217,107.78100490129769,-1.1787271100747745,11.955283493614898,-0.8832572772158045,0.03919942300757302,-0.2345761214527185,1
PSI,Lateral posterior nucleus of the thalamus,218,121.40276387860968,-0.6449033915541816,14.234112072436215,-0.37764392334485797,0.02452217814641183,-0.4838817417613101,1
PSI,Lateral preoptic area,226,158.32834332523112,0.8021747839996777,17.704582461972073,0.39236404894002147,0.04727731698521457,-0.09736614860474661,1
PSI,Nucleus raphe pallidus,230,164.85645940928748,1.058005415618498,18.755147533147152,0.6254573733054919,0.1292823656689506,1.2955600936108247,1
PSI,Anterior tegmental nucleus,231,154.7823682003766,0.663211407090413,20.533860685415668,1.0201079981269587,0.01871619184998197,-0.5825014097457898,0
PSI,Lateral reticular nucleus,235,147.89469346150372,0.39329001535316005,18.333803310273822,0.5319719450284244,0.009736747205192933,-0.73502499563483,0
PSI,Nucleus raphe pontis,238,122.57794363191242,-0.5988492199245807,11.457995655769746,-0.9935926371761263,0.014172376487558602,-0.659682019472774,0
PSI,Midbrain reticular nucleus retrorubral area,246,105.33200788849209,-1.2747009629523043,8.348322568789616,-1.6835489829770391,0.014785430941218897,-0.6492687626048476,0
PSI,Lateral septal nucleus caudal (caudodorsal) part,250,115.72460856055417,-0.867424872904016,10.848197899403804,-1.128891049546677,0.016300036062026686,-0.6235418926958528,0
PSI,Lateral septal nucleus rostral (rostroventral) part,258,145.9343679675622,0.3164667323667594,19.4807823025574,0.7864570346475726,0.03487197980526505,-0.30808146404984627,0
PSI,Reticular nucleus of the thalamus,262,143.1758980052724,0.2083649303051078,19.106987486292457,0.703521594716831,0.0284529390551749,-0.41711438890225244,0
PSI,Anteroventral preoptic nucleus,263,133.80687268040384,-0.1587982199286568,15.778172662584048,-0.035056656878154,0.04626758023800938,-0.11451739521074306,0
PSI,Anteroventral periventricular nucleus,272,153.75762566380695,0.6230527262395072,20.82028646649732,1.0836584999741423,0.23956004327443203,3.168721240794297,0
PSI,Barrington's nucleus,280,157.8539495287288,0.7835837444053229,19.728826638423644,0.8414916825941465,0.022466642625315544,-0.5187967794949457,1
PSI,Suprachiasmatic nucleus,286,146.99003054896855,0.35783714023023716,16.634208752282962,0.1548756980035408,0.02116840966462315,-0.540848382274084,0
PSI,Bed nucleus of the anterior commissure,287,96.92265094874864,-1.6042556261509222,9.007822667234603,-1.5372229013437022,0.00861882437793004,-0.7540138758057546,0
PSI,Bed nucleus of the accessory olfactory tract,292,148.4205498295727,0.413897823953934,17.506304938922483,0.34837137465199725,0.023332131265777135,-0.5040957109755203,1
PSI,Superior colliculus motor related,294,155.93417072875843,0.7083494476126617,19.291425201655013,0.7444435722237968,0.10108186080057699,0.8165502776862085,1
PSI,Basolateral amygdalar nucleus,295,164.73055081951077,1.0530711782927429,21.711996599162777,1.2815060059462189,0.1152542372881356,1.057280274691802,1
PSI,Magnocellular nucleus,298,155.11647826544632,0.6763048612931882,16.64654591273981,0.1576129960758063,0.005914172376487559,-0.7999547149289595,1
PSI,Superior colliculus sensory related,302,147.16002569469248,0.364499087558181,18.3864795555182,0.5436594467891378,0.015109989181391994,-0.643755861910063,0
PSI,Basomedial amygdalar nucleus,319,106.12622204660818,-1.2435764689795812,11.881854385645221,-0.8995493045746606,0.031806707536963574,-0.36014774838947844,1
PSI,Suprageniculate nucleus,325,128.38780287531878,-0.37116638758537296,15.13896763068951,-0.17687978609068428,0.0858276235124414,0.5574439450313332,1
PSI,Primary somatosensory area barrel field,329,168.29080486456445,1.1925941324408849,21.52776047441589,1.2406287562034402,0.19931482149296792,2.485121554641009,0
PSI,Accessory supraoptic group,332,104.3229827233429,-1.3142436950354324,9.864780807103218,-1.3470859672834452,0.015434547421565092,-0.6382429612152785,1
PSI,Septohippocampal nucleus,333,94.99004064092003,-1.6799927774758445,9.095283130841201,-1.5178176776484156,0.008294266137756943,-0.7595267765005391,1
PSI,Primary somatosensory area lower limb,337,135.73515067005934,-0.0832308480133421,15.65948388808925,-0.06139063824773405,0.0568698160836639,0.06557069415221986,1
PSI,Subfornical organ,338,122.89147025568289,-0.5865624111185284,13.05943092011355,-0.6382754086064885,0.02470248827984133,-0.48081901915309644,1
PSI,Primary somatosensory area mouth,345,167.37211659230627,1.1565916168718642,21.970976414299546,1.3389669550202856,0.04835917778579156,-0.07898981295546471,0
PSI,Subparaventricular zone,347,131.7672418990803,-0.23872940135013698,12.335896207586892,-0.7988091214283075,0.010205553552109628,-0.7270619168534744,1
PSI,Subceruleus nucleus,350,157.3236475634053,0.7628017170959809,20.350755371169225,0.9794816461019971,0.004832311575910566,-0.8183310505782414,0
PSI,Bed nuclei of the stria terminalis,351,167.0936540285038,1.1456789350717094,18.939769579186116,0.6664202490407782,0.14042553191489363,1.4848363507984288,1
PSI,Primary somatosensory area nose,353,155.4633523178203,0.689898523962231,16.99803255918013,0.2355988278312871,0.03570140641904075,-0.2939929400520634,1
PSI,Preparasubthalamic nucleus,356,164.2868387824593,1.0356825275343742,20.943993325891824,1.1111058651057704,0.02297151099891814,-0.5102211561919475,1
PSI,Sublaterodorsal nucleus,358,156.18505814430415,0.7181814857011132,17.179717847115334,0.27591011260086923,0.04006491164803462,-0.21987505293329287,1
PSI,Primary somatosensory area trunk,361,138.72997122951122,0.03413330811445938,18.046799453391838,0.46829318305368456,0.02614496934727732,-0.4563172382873872,0
PSI,Mediodorsal nucleus of thalamus,362,77.13441519623747,-2.3797376773281456,6.871167312360647,-2.0112916795239877,0.0041831950955643704,-0.8293568519678106,0
PSI,Parasubthalamic nucleus,364,110.59880706758449,-1.0683001356313147,13.405255032626636,-0.5615459472498013,0.02582041110710422,-0.4618301389821718,1
PSI,Submedial nucleus of the thalamus,366,97.94753017038241,-1.564091588742958,10.894408560252685,-1.1186380943952716,0.0,-0.9004120164783674,1
PSI,Primary somatosensory area upper limb,369,142.726882856649,0.19076845567144007,17.612454604763464,0.371923250847046,0.10793364587089795,0.9329337367983275,0
PSI,Infracerebellar nucleus,372,103.75972064645055,-1.336317397623264,10.776665613249788,-1.1447622210110506,0.007645149657410747,-0.7705525778901083,1
PSI,Substantia nigra compact part,374,106.72562867013501,-1.220086296145815,12.016309286918972,-0.8697172258438547,0.03836999639379733,-0.24866464545050126,1
PSI,Supplemental somatosensory area,378,156.57703418233842,0.7335426520925417,17.07693477769152,0.25310519741966453,0.0422286332491886,-0.18312238163472905,1
PSI,Field CA1,382,90.36208636119119,-1.8613578836169056,7.7480938393680265,-1.8167242747883776,0.014388748647674,-0.6560067523429176,1
PSI,Primary visual area,385,140.1887768441316,0.09130250624022494,16.00723728515628,0.015766881648747053,0.0019473494410385864,-0.8673346123096599,1
PSI,Supraoptic nucleus,390,154.91444098793824,0.6683872134373734,17.4225712657257,0.3297930297381131,0.020555355210962856,-0.5512616391420105,0
PSI,Anteromedial visual area,394,139.1740841537091,0.05153766925704236,15.948701614432519,0.0027793243261888417,0.08543094121889651,0.5507059552932633,1
PSI,Medullary reticular nucleus,395,145.97672354823965,0.3181266071020997,19.14479953245635,0.7119111136369146,0.02304363505228994,-0.5089960671486621,0
PSI,Superior olivary complex,398,168.07981866702318,1.1843257849598,21.506497955108827,1.2359111509397087,0.19812477461233322,2.4649075854267988,0
PSI,Anterolateral visual area,402,80.96323579097009,-2.229689856717556,7.10768399960553,-1.9588147198282375,0.005012621709340065,-0.8152683279700277,0
PSI,Medial amygdalar nucleus,403,115.80622855892084,-0.8642262631571906,8.780083505336949,-1.5877523542937744,0.015542733501622791,-0.6364053276503502,0
PSI,Lateral visual area,409,168.35896671429828,1.1952653302022573,21.91159065515682,1.3257907849777562,0.1836999639379733,2.219889776769706,0
PSI,Field CA2,423,133.71447125614156,-0.16241934345451303,15.934089563750456,-0.00046271328074307865,0.04082221420843851,-0.20701161797879558,1
PSI,Posterolateral visual area,425,98.06661613290112,-1.5594247236603191,9.015676892249019,-1.5354802511555736,0.010205553552109628,-0.7270619168534744,0
PSI,Spinal nucleus of the trigeminal oral part,445,167.18086420421247,1.1490966185270672,21.995053269082575,1.344308988822498,0.15099170573386225,1.6643118956397491,0
PSI,Field CA3,463,89.34477322978137,-1.901225413178509,9.151200009978004,-1.5054111627130191,0.013306887847097007,-0.6743830879921996,1
PSI,Medial geniculate complex,475,119.16063761965988,-0.7327701772562902,14.164188445561084,-0.39315817475794224,0.04446447890371439,-0.14514462129287967,1
PSI,Medial mammillary nucleus,491,120.32360545237349,-0.6871945791258997,10.07240378136389,-1.301019778131606,0.04038946988820772,-0.21436215223850827,0
PSI,Subiculum,502,157.03834441437783,0.7516209592971425,19.17493611708549,0.7185976453796562,0.0427695636494771,-0.17393421381008806,1
PSI,Main olfactory bulb,507,163.01326273945062,0.9857722993303657,18.379394835761577,0.5420875299935205,0.024774612333213125,-0.479593930109811,1
PSI,Medial preoptic nucleus,515,89.19014237628937,-1.9072852485747007,7.512201397549569,-1.8690627305059762,0.004002884962134872,-0.8324195745760242,0
PSI,Medial preoptic area,523,87.33434424607539,-1.9800122040541233,8.305746143650227,-1.6929955948506257,0.01875225387666787,-0.5818888652241472,1
PSI,Medial pretectal area,531,102.32338086746174,-1.3926061811170796,9.8545553910941,-1.3493547236660641,0.014893617021276596,-0.6474311290399194,1
PSI,posteromedial visual area,533,167.54567464666053,1.1633931911846167,20.837149210048647,1.0873999083458343,0.07324197619906239,0.34366590697802,1
PSI,Central amygdalar nucleus,536,137.76329445185848,-0.0037498311272186847,15.836930068426947,-0.02201990224505623,0.03314100252434187,-0.33748360108869724,1
PSI,Temporal association areas,541,159.40436183702772,0.8443429213247448,20.194131459772667,0.9447308351486959,0.10522899386945546,0.8869928976751226,1
PSI,Medial septal nucleus,564,146.81024269611726,0.3507914260670544,16.292426723443423,0.0790430708808116,0.023909123692751534,-0.49429499862923654,1
PSI,Postpiriform transition area,566,109.6848446104549,-1.1041174510210348,10.689388012563928,-1.1641268721351874,0.022466642625315544,-0.5187967794949457,1
PSI,Tegmental reticular nucleus,574,140.6920195882226,0.11102410852496655,17.481270484293525,0.3428168741139074,0.07609087630724846,0.3920569241877957,0
PSI,Central lateral nucleus of the thalamus,575,140.092278472592,0.08752082726526618,17.158816270626517,0.2712725912498041,0.009772809231878832,-0.7344124511131872,0
PSI,Accessory facial motor nucleus,576,132.44541167146224,-0.21215257597213907,15.645758305804337,-0.06443599135476585,0.06134150739271547,0.14152621483591854,0
PSI,Taenia tecta,589,142.95216031675128,0.19959686407676885,16.14176299932214,0.045614671936012194,0.01583122971510999,-0.6315049714772083,1
PSI,Central linear nucleus raphe,591,102.89700815508327,-1.3701262758248898,6.653658762555402,-2.059551223214421,0.0,-0.9004120164783674,0
PSI,Diagonal band nucleus,596,139.63256734199888,0.06950518731837939,14.795664075010873,-0.25305000082104273,0.03400649116480346,-0.32278253256927175,1
PSI,Central medial nucleus of the thalamus,599,151.4789766221237,0.5337546475801552,16.563875346032095,0.1392705271038225,0.03523260007212405,-0.3019560188334189,1
PSI,Subparafascicular area,609,151.48370791449918,0.5339400624075278,20.60279072541277,1.03540179820885,0.24832311575910565,3.3175695595534807,0
PSI,Nucleus of the lateral lemniscus,612,151.14421165613675,0.5206355284362019,17.46418324294323,0.33902565546419466,0.0019112874143526867,-0.8679471568313026,0
PSI,Tuberal nucleus,614,158.6825614839063,0.8160562551772585,18.518704057630757,0.5729966574061932,0.003606202668589975,-0.8391575643140943,0
PSI,Cuneiform nucleus,616,135.45093457223874,-0.09436900531407764,14.213327894545722,-0.38225539697140765,0.002596465921384782,-0.8563088109200908,0
PSI,Nucleus of the lateral olfactory tract,619,148.21079627472898,0.4056777825623568,19.776799547610825,0.8521356352523243,0.1605842048323116,1.8272487383967155,0
PSI,Motor nucleus of trigeminal,621,123.2471793021531,-0.5726225134728271,13.797226856440622,-0.4745774976246832,0.005048683736025965,-0.814655783448385,0
PSI,Cortical amygdalar area anterior part,639,165.45286899209606,1.0813781372902342,21.7687847025919,1.2941058231073765,0.1568698160836639,1.764156652667514,1
PSI,Nucleus of the trapezoid body,642,131.15691506118566,-0.2626475269505446,11.95958770462816,-0.8823022836781559,0.02589253516047602,-0.4606050499388863,1
PSI,Cortical amygdalar area posterior part,647,163.18478039596752,0.9924939124015034,21.2685920521333,1.183125960062662,0.11096285611251352,0.984387476616317,1
PSI,Nucleus of the solitary tract,651,121.80772795390419,-0.6290332363927936,11.618833277873419,-0.9579069123716182,0.018896501983411466,-0.5794386871375762,1
PSI,Abducens nucleus,653,107.65965869907731,-1.183482551791628,12.194994597537413,-0.8300715587546735,0.04359899026325279,-0.15984568981230526,1
PSI,Facial motor nucleus,661,103.6634761962681,-1.340089125662861,9.633389922082623,-1.398425643517865,0.026685899747565814,-0.4471290704627462,1
PSI,Caudoputamen,672,143.298328718807,0.21316287298409897,16.944205676488647,0.2236560292640799,0.04186801298232961,-0.1892478268511563,1
PSI,Visceral area,677,163.1967075579838,0.9929613264843351,21.79344258245674,1.2995767714067248,0.1694915254237288,1.97854723524247,0
PSI,Superior central nucleus raphe,679,124.4288269363436,-0.5263148717713948,14.615035555114915,-0.2931268159874464,0.05892535160476019,0.10048573188585559,1
PSI,Ventral medial nucleus of the thalamus,685,123.00788935967975,-0.5820000576731363,11.680905063625033,-0.9441347822226863,0.00980887125856473,-0.7337999065915446,0
PSI,Ventrolateral preoptic nucleus,689,90.53362682207631,-1.8546353768643669,9.962975215655959,-1.325299157735267,0.020735665344392355,-0.5481989165337969,0
PSI,Ventromedial hypothalamic nucleus,693,96.81022560872321,-1.6086614678023765,9.690476268809322,-1.3857596538523962,0.010782545979084025,-0.7172612045071907,1
PSI,Olivary pretectal nucleus,706,144.16250151469984,0.24702897912473826,18.56417172795862,0.5830847621020979,0.04042553191489362,-0.21374960771686555,0
PSI,Cuneate nucleus,711,83.03826742893624,-2.148371349550316,6.269508501051527,-2.144784269664031,0.007573025604038947,-0.7717776669333938,1
PSI,Ventral posterolateral nucleus of the thalamus,718,92.26561031796354,-1.7867605985974224,8.223052422448454,-1.7113432012083287,0.01878831590335377,-0.5812763207025043,0
PSI,Dentate gyrus,726,156.6631575526249,0.7369177446818638,17.81521450203624,0.4169104484991148,0.11868012982329607,1.1154720042478614,1
PSI,Orbital area medial part,731,123.25636386650012,-0.5722625791720598,13.78880883815466,-0.47644523901518027,0.0007573025604038947,-0.8875485815238702,0
PSI,Ventral posteromedial nucleus of the thalamus,733,92.02669636679511,-1.7961234080577573,8.857183995121082,-1.5706457418933755,0.010638297872340425,-0.7197113825937617,0
PSI,Orbital area ventrolateral part,746,142.93720916389452,0.19901094268236927,17.918666626677343,0.4398638097966624,0.11222502704652002,1.0058265348738125,0
PSI,Ventral tegmental area,749,126.26410439782036,-0.4543921016919693,14.271079358732104,-0.36944183487656274,0.05420122610890732,0.020242399550657764,0
PSI,Olfactory tubercle,754,106.2506530401413,-1.2387001372387467,9.805035192299018,-1.3603419800265615,0.011828344752975117,-0.6994974133795515,1
PSI,Ventral tegmental nucleus,757,107.27146947352811,-1.1986953166201242,10.678407188838985,-1.1665632340289396,0.016516408222142086,-0.6198666255659965,0
PSI,Vascular organ of the lamina terminalis,763,92.21833377841662,-1.788613321008805,8.751149069565184,-1.594172160175133,0.005156869816083664,-0.8128181498834569,1
PSI,Nucleus x,765,99.29267568125917,-1.5113766214789275,9.423588723480627,-1.4449751245350668,0.014893617021276596,-0.6474311290399194,0
PSI,Hypoglossal nucleus,773,153.96662648516863,0.6312432687251714,16.6531202599336,0.15907167434808067,0.02560403894698882,-0.4655054061120282,0
PSI,Posterior amygdalar nucleus,780,82.55109712663051,-2.1674630881989585,6.089753077719129,-2.1846673671959196,0.002163721601153985,-0.8636593451798035,1
PSI,Nucleus y,781,99.79883188278271,-1.4915408435812576,9.089940472027777,-1.5190030760001603,0.023296069239091236,-0.504708255497163,0
PSI,Piriform-amygdalar area,788,163.8572795650301,1.0188485122537638,19.78346062592471,0.8536135569257585,0.03425892535160476,-0.3184947209177726,0
PSI,Periaqueductal gray,795,145.71907973777377,0.3080297923525665,18.84782854399177,0.6460209019398111,0.15535521096285612,1.7384297827585196,0
PSI,Zona incerta,797,127.60493929395105,-0.4018460633009787,14.260253795656537,-0.37184374843208345,0.011071042192571223,-0.712360848334049,0
PSI,Dorsal peduncular area,814,136.5635999857536,-0.05076471092735041,17.21445295529297,0.28361693825067225,0.129859358095925,1.3053608059571085,1
PSI,Dorsomedial nucleus of the hypothalamus,830,140.54003385341815,0.1050679328026883,17.549355595804265,0.3579232063319403,0.03382618103137396,-0.3258452551774854,0
PSI,Dorsal motor nucleus of the vagus nerve,839,148.06352547954248,0.3999063808185083,14.728571937271225,-0.2679360177405167,0.022033898305084745,-0.5261473137546586,0
PSI,Parasubiculum,843,94.80391949558708,-1.687286687319825,8.258163049995456,-1.70355305748469,0.007464839523981248,-0.7736153004983221,0
PSI,Dentate nucleus,846,78.59393454296347,-2.322540508723143,7.378489299188464,-1.8987300004067462,0.008294266137756943,-0.7595267765005391,1
PSI,Parvicellular reticular nucleus,852,76.10815587650795,-2.419955799461777,6.395874227493039,-2.116746970433091,0.003894698882077173,-0.8342572081409525,1
PSI,Parasolitary nucleus,859,130.7001781011116,-0.28054661199665537,15.41974715163292,-0.11458204390776652,0.03725207356653444,-0.2676535256214259,0
PSI,Parabrachial nucleus,867,145.25128429866322,0.28969733607956294,19.305875391037798,0.7476496969783315,0.11947349441038586,1.1289479837240015,0
PSI,Dorsal nucleus raphe,872,119.78244433631163,-0.7084021661765921,14.187712052954824,-0.38793889229851125,0.028020194734944104,-0.42446492316196516,1
PSI,Parabigeminal nucleus,874,154.81408071764605,0.6644541903404049,20.16197416014155,0.937595958805197,0.0034619545618463756,-0.8416077424006652,0
PSI,Retrosplenial area dorsal part,879,169.9869944668551,1.2590661822193954,20.969251226948725,1.116709942649736,0.023945185719437434,-0.49368245410759376,1
PSI,Dorsal tegmental nucleus,880,110.44197422751769,-1.0744462647773412,9.714032669200977,-1.3805330954715493,0.010421925712225028,-0.7233866497236181,0
PSI,Retrosplenial area ventral part,886,145.98394285305895,0.3184095247598113,14.40983283347484,-0.33865601343394736,0.0013342949873782906,-0.8777478691775864,1
PSI,Retrosplenial area lateral agranular part,894,164.28060668079502,1.0354382974250194,21.714652163849763,1.2820952073369187,0.0,-0.9004120164783674,0
PSI,Ectorhinal area,895,128.7481443742455,-0.3570449485542808,11.737858525352369,-0.9314982763151586,0.03526866209880995,-0.30134347431177616,1
PSI,External cuneate nucleus,903,152.67173162825122,0.580497576574535,17.2384613014185,0.28894377174672337,0.015578795528308691,-0.6357927831287076,0
PSI,Paracentral nucleus,907,121.94670992628252,-0.6235866656946996,11.857546746699045,-0.9049425434371543,0.018896501983411466,-0.5794386871375762,1
PSI,Lingula (I),912,111.43122758475326,-1.0356783709540809,10.19556429922347,-1.2736936321115864,0.012188965019834115,-0.6933719681631242,1
PSI,Entorhinal area lateral part,918,145.43155894726564,0.2967621273030917,16.919991852278347,0.2182836054745979,0.030328164442841688,-0.38526207377683036,0
PSI,Central lobule,920,106.31833737349314,-1.2360476528881101,9.310102205928352,-1.4701548591109859,0.03382618103137396,-0.3258452551774854,0
PSI,Perirhinal area,922,105.15040240695048,-1.2818179082470886,9.671970041028123,-1.3898657090348316,0.006310854670032456,-0.7932167251908894,1
PSI,Entorhinal area medial part dorsal zone,926,123.30120390703972,-0.5705053408286616,10.408538632852082,-1.2264401141791015,0.023332131265777135,-0.5040957109755203,1
PSI,Culmen,928,120.20454782561526,-0.6918603337571603,14.212491028728078,-0.38244107593679005,0.020915975477821855,-0.5451361939255832,1
PSI,Parafascicular nucleus,930,143.54895531582227,0.22298468984355824,17.810353532899,0.41583192467710156,0.12109628561125135,1.1565124871979247,1
PSI,Pontine gray,931,111.6372497710955,-1.0276045583286972,11.47005258529291,-0.9909175151286639,0.0421925712225027,-0.1837349261563718,0
PSI,Declive (VI),936,132.1754070061607,-0.22273380081169497,16.907731384056063,0.21556332343341722,0.1001442481067436,0.8006241201234976,1
PSI,Folium-tuber vermis (VII),944,158.73235385370322,0.8180075705722238,17.916576201032605,0.43939999820017955,0.03278038225748287,-0.3436090463051246,0
PSI,Posterior hypothalamic nucleus,946,161.65761886769724,0.9326459113349256,19.60751553595897,0.8145758742051404,0.04882798413270826,-0.07102673417410917,0
PSI,Pyramus (VIII),951,142.29135604509486,0.17370057607920145,17.30181785199445,0.30300095811173255,0.034763793725207354,-0.30991909761477443,0
PSI,Uvula (IX),957,99.23314841879673,-1.5137094380156155,9.852446632796763,-1.3498226028058682,0.0005048683736025965,-0.8918363931753691,1
PSI,Piriform area,961,167.89425886160402,1.1770538734906717,21.449597929105057,1.223286501042615,0.011756220699603318,-0.700722502422837,0
PSI,Nodulus (X),968,101.12004662263969,-1.439763700367272,10.577164100801529,-1.189026467013909,0.0012261089073205913,-0.8795855027425146,1
PSI,Paragigantocellular reticular nucleus dorsal part,970,130.84590449514286,-0.2748357338583812,14.54696305565798,-0.30823034991565507,0.003281644428416877,-0.8446704650088789,0
PSI,Prelimbic area,972,168.2839679957719,1.1923262020856376,20.809820929874327,1.0813364670133538,0.003173458348359178,-0.846508098573807,0
PSI,Edinger-Westphal nucleus,975,161.19631282408636,0.9145677682708369,19.841858192710088,0.8665704725422587,0.1290659935088352,1.291884826480968,0
PSI,Paragigantocellular reticular nucleus lateral part,978,156.96053394205998,0.7485716412361093,18.643940673049126,0.6007834359895474,0.05315542733501623,0.0024786084230185895,0
PSI,Dorsal premammillary nucleus,980,147.93314558355308,0.3947969172746804,17.39035940275778,0.32264604719585216,0.0033177064551027768,-0.8440579204872362,0
PSI,Fasciola cinerea,982,142.16408996286464,0.16871313992129852,13.78744246550083,-0.4767484019062206,0.02618103137396322,-0.45570469376574446,0
PSI,Primary motor area,985,167.28155798808098,1.1530427117024145,21.463290171456435,1.2263244568773077,0.22405337179949514,2.9053270964879228,0
PSI,Fastigial nucleus,989,94.91063182779567,-1.6831047329858455,10.551245343685624,-1.1947771714922237,0.0284529390551749,-0.41711438890225244,0
PSI,Secondary motor area,993,123.55038415152198,-0.5607402051429587,13.886245780683549,-0.45482649166365996,0.04900829426613776,-0.06796401156589549,0
PSI,Fundus of striatum,998,141.33220162016374,0.13611223065296,13.166608010089442,-0.6144955734646685,0.03880274071402813,-0.24131411119078847,1
PSI,Primary auditory area,1002,143.03803548668384,0.20296222993138002,15.914449359148493,-0.004820368705902925,0.02268301478543094,-0.5151215123650894,1
PSI,Ventral premammillary nucleus,1004,127.98953367110983,-0.38677417714597034,15.832948323544437,-0.02290334885574652,0.01676884240894338,-0.6155788139144974,1
PSI,Simple lobule,1007,157.68797779577665,0.7770794707794719,19.380197315102357,0.7641398172276836,0.062459430219978365,0.16051509500684333,1
PSI,fiber tracts,1009,164.12790082468427,1.0294539008368342,21.756855458615107,1.2914590311931855,0.1692390912369275,1.974259423590971,0
PSI,Dorsal auditory area,1011,148.56639412057407,0.4196133223618138,20.05073449499333,0.9129147428937461,0.12408943382618103,1.207353682494271,0
PSI,Ansiform lobule,1017,158.18898519651958,0.7967134720943085,19.49643671756277,0.7899303460441874,0.10833032816444284,0.9396717265363975,1
PSI,Ventral auditory area,1018,135.19722789458342,-0.10431152759075589,15.833721394257743,-0.02273182438051099,0.05337179949513163,0.0061538755528749945,0
PSI,Posterior complex of the thalamus,1020,117.43753583717748,-0.8002968896615137,8.98821354150735,-1.5415736611672262,0.02697439596105301,-0.4422287142896044,0
PSI,Paramedian lobule,1025,162.08414258217658,0.9493609681554002,19.90833463693479,0.8813198829324211,0.06419040750090155,0.18991723204569433,1
PSI,Posterior auditory area,1027,120.64046031647558,-0.6747773397614357,13.723064897851973,-0.49103212565600257,0.031193653083303283,-0.37056100525740476,1
PSI,Posterior limiting nucleus of the thalamus,1029,143.54504056812755,0.22283127462200372,18.93029081705843,0.6643171559189592,0.04850342589253516,-0.07653963486889377,0
PSI,Copula pyramidis,1033,145.58477865460546,0.3027666612299515,18.71625684602519,0.6168285317450389,0.02138478182473855,-0.5371731151442277,0
PSI,Postsubiculum,1037,164.50502197406965,1.044232918336187,19.290236797298412,0.7441798959130466,0.029282365668950594,-0.40302586490446957,1
PSI,Paraflocculus,1041,122.08782133789177,-0.618056644307858,11.447445641665428,-0.9959334135136905,0.02614496934727732,-0.4563172382873872,1
PSI,Flocculus,1049,132.9771243439527,-0.1913152643968761,15.389670713076312,-0.12125523078651197,0.05290299314821493,-0.0018092032284805501,1
PSI,Gustatory areas,1057,138.05485790837707,0.007676262140376591,16.021163954543866,0.01885685080340444,0.026541651640822214,-0.44957924854931713,1
PSI,Parapyramidal nucleus,1069,145.1206435334424,0.2845776493198201,15.257042277688036,-0.15068206379121601,0.03310494049765597,-0.33809614561034,1
PSI,Presubiculum,1084,96.65770319482353,-1.6146386754655924,9.13912186447995,-1.5080909920387382,0.015614857554994591,-0.6351802386070646,1
PSI,Medullary reticular nucleus dorsal part,1098,144.4306879110489,0.25753894774143005,16.30813387743484,0.08252808369975556,0.09379733141002525,0.6928162843143769,1
PSI,Intercalated amygdalar nucleus,1105,158.09194539607344,0.7929105750378465,21.249552961795843,1.1789016764067353,0.24987378290659934,3.343908973984118,0
PSI,Medullary reticular nucleus ventral part,1107,144.69073622392239,0.26772999264277864,19.20685415776411,0.7256794363254468,0.07850703209520375,0.43309740713785877,0
PSI,Parastrial nucleus,1109,167.34831998724172,1.155659050657407,22.00761207542315,1.347095464406264,0.1152542372881356,1.057280274691802,0
PSI,Interanteromedial nucleus of the thalamus,1120,95.86821609270912,-1.6455779206303842,7.483602417718755,-1.8754081073561404,0.002560403894698882,-0.8569213554417335,0
PSI,Tuberomammillary nucleus dorsal part,1126,96.08516371894686,-1.6370759504549217,8.845962625442946,-1.5731354747371344,0.016191849981968987,-0.6253795262607811,0
PSI,Median eminence,10671,140.18363155355007,0.09110086721873877,12.442689886046223,-0.7751143554244659,0.008041831950955643,-0.7638145881520384,0
KET,Tuberomammillary nucleus ventral part,1,183.0358025532317,0.9782525258420479,29.14500451323199,1.214068423939159,0.33894698882077173,4.02480357224876,1
KET,Inferior colliculus,4,183.7942954296559,1.0027054764696168,28.798549026771077,1.1624791076811931,0.028092318788315904,-0.4953434539344354,0
KET,Principal sensory nucleus of the trigeminal,7,170.61448966379433,0.5778034771351982,26.101425722410657,0.7608611435474978,0.07717273710782546,0.21833637235736608,0
KET,Interfascicular nucleus raphe,12,183.19351661753785,0.9833370485153958,28.057766162153136,1.0521720611060517,0.03869455463397043,-0.3411760263592777,1
KET,Induseum griseum,19,182.9455201033452,0.9753419219877068,28.051199480943282,1.0511942425783065,0.00021637216011539847,-0.9006884250759215,1
KET,Anterior amygdalar area,23,179.01024649163645,0.8484731611540591,27.40764351090173,0.955364868342313,0.06671474936891453,0.066266460803639,1
KET,Intergeniculate leaflet of the lateral geniculate complex,27,180.02459158056683,0.8811744971189595,26.199166691989344,0.7754153647620724,0.05986296429859358,-0.03336555021432003,0
KET,Periventricular hypothalamic nucleus anterior part,30,180.96774511656346,0.9115806981088339,27.66797056056294,0.9941291397142737,0.0143166245943022,-0.6956562339810689,1
KET,Paraventricular hypothalamic nucleus,38,181.7502570158369,0.9368079948088713,28.46891545636315,1.113394676412024,0.17428777497295347,1.6304890337855962,1
KET,Anterior cingulate area dorsal part,39,151.94970358173106,-0.02392807068169642,20.978278858374434,-0.0020063939379887847,0.05265055896141363,-0.13824135128585588,1
KET,Infralimbic area,44,165.56805268504775,0.41511206878845336,24.25582894006891,0.48604062602148845,0.07731698521456906,0.22043388837879682,1
KET,Anterior cingulate area ventral part,48,160.32056251705018,0.24593893350256193,24.072755569380895,0.4587798944472422,0.18020194734944103,1.7164871906642556,0
KET,Nucleus accumbens,56,149.40779839817463,-0.10587621269523258,21.1106987199915,0.017711723935054872,0.12106022358456546,0.8565056218776618,0
KET,Paraventricular hypothalamic nucleus descending division,63,180.10712685343083,0.8838353407670775,26.38167051663051,0.8025912874870363,0.04835917778579156,-0.2006424529234197,0
KET,Lateral terminal nucleus of the accessory optic tract,66,180.87896919243005,0.9087186629372115,26.556348661107876,0.8286019191293619,0.06437071763433105,0.03218182545538999,0
KET,Anterodorsal preoptic nucleus,72,167.9733120927304,0.4926549058680003,24.658671544970122,0.5460263250754313,0.07439596105301118,0.1779591889448247,1
KET,Dorsal terminal nucleus of the accessory optic tract,75,166.30559827499457,0.43888970264254384,24.578434101634976,0.5340784847273623,0.03126577713667508,-0.44919810146295963,1
KET,Inferior olivary complex,83,181.01809688031713,0.9132039819014043,28.332007818574006,1.0930083015383443,0.1588892895780743,1.4065791984978675,1
KET,Anterior hypothalamic nucleus,88,183.32660752872638,0.9876277486411689,28.95042834147099,1.1850948557506955,0.24652001442481067,2.6808201815170274,1
KET,Interposed nucleus,91,183.84764751358864,1.0044254871840688,28.044951235992418,1.0502638411344727,0.02326000721240534,-0.5656102406523643,0
KET,Dorsal cochlear nucleus,96,183.18278166268772,0.9829909657384855,29.020382062051272,1.1955113876154457,0.25117201586729176,2.748465073208169,1
KET,Interpeduncular nucleus,100,174.0395559066971,0.6882237306894492,25.918455836666332,0.7336158215069336,0.09004688063469167,0.4055396772700576,1
KET,Ventral cochlear nucleus,101,137.03953197250823,-0.5046151035352432,14.91319006851636,-0.9051347782187062,0.0706815723043635,0.12394815139298378,1
KET,Agranular insular area dorsal part,104,182.23436124657317,0.9524149665033171,28.836573802724367,1.1681412266804656,0.20616660656328886,2.0940400745217844,1
KET,Inferior salivatory nucleus,106,174.76017901290874,0.7114558028485859,26.957888570413523,0.8883936389343281,0.1702127659574468,1.5712342061801785,0
KET,Agranular insular area posterior part,111,172.67883003034513,0.6443554707409127,26.29682310653399,0.7899569952209426,0.1986296429859358,1.9844448624020294,0
KET,Trochlear nucleus,115,138.0490320472012,-0.4720699653378104,15.392878588939908,-0.8337062578098132,0.014569058781103499,-0.6919855809435651,1
KET,Periventricular hypothalamic nucleus intermediate part,118,175.16072625628448,0.7243689919776001,25.169932875221566,0.6221562277253809,0.06350522899386946,0.019596729326805624,1
KET,Agranular insular area ventral part,119,166.1630576488948,0.43429435441874487,23.16819060217544,0.32408470273376355,0.08384421204471691,0.3153464883485367,1
KET,Periventricular hypothalamic nucleus posterior part,126,182.9943110353055,0.9769148863323724,27.623958007298917,0.9875754044773103,0.021925712225027046,-0.5850122638505986,0
KET,Anteromedial nucleus,127,183.00958974768247,0.9774074547018587,28.85956526205156,1.171564793957691,0.22210602235845656,2.3258155948898795,1
KET,Midbrain reticular nucleus,128,164.95549324004418,0.39536384658267765,21.711432455381843,0.10716460857101018,0.03508835196538045,-0.39361392689504565,1
KET,Nucleus ambiguus,135,173.39037034898428,0.6672947241235335,26.48464342672422,0.8179245762713857,0.07309772809231879,0.15908154475194836,0
KET,Intermediate reticular nucleus,136,183.92836655040145,1.0070277774404965,29.011494418684716,1.194187963792348,0.1564010097367472,1.3703970471281872,0
KET,Pontine reticular nucleus,146,170.66647848111234,0.579479537679176,25.417233440698947,0.658980776857253,0.08243779300396682,0.29489570713958724,0
KET,Locus ceruleus,147,162.91785310974598,0.3296726383305541,24.595516488644602,0.5366221554161508,0.1855751893256401,1.79461966246255,0
KET,Paraventricular nucleus of the thalamus,149,150.614756689999,-0.06696524538509267,21.185194989522408,0.02880466879826831,0.00851063829787234,-0.7800812538436552,0
KET,Accessory olfactory bulb,151,171.92421786401795,0.6200276298083089,25.88652411193451,0.7288609946670411,0.15337179949513163,1.3263492106781425,0
KET,Lateral dorsal nucleus of thalamus,155,180.07109901456278,0.8826738440774687,26.374093305203843,0.8014629949013511,0.062351244139920665,0.0028166011553599113,0
KET,Anterior olfactory nucleus,159,152.06305796080966,-0.020273653980915816,21.34219636134737,0.052183122136533686,0.014929679047962496,-0.6867417908899883,0
KET,Nucleus prepositus,169,96.68074037509471,-1.8057368002510163,12.647837612457758,-1.2424594529848338,0.008871258564731338,-0.7748374637900785,0
KET,Dorsal part of the lateral geniculate complex,170,91.60474041500656,-1.9693812856082629,11.741736501960958,-1.3773833857203823,0.0004688063469166967,-0.8970177720384177,0
KET,Retrochiasmatic area,173,145.97183179438116,-0.21664788152966338,20.638946437494425,-0.05253504267201633,0.004399567255679769,-0.8398604604544306,0
KET,Nucleus of Roller,177,144.16985977041037,-0.2747414171501275,20.5577694415016,-0.06462278809041105,0.11536242336819329,0.7736537390311483,0
KET,Ventral part of the lateral geniculate complex,178,125.23148876751497,-0.8852930327217701,16.237338992913404,-0.7079609988937484,0.015326361341507392,-0.6809736218310539,0
KET,Nucleus of reuniens,181,96.4216725979613,-1.814088851747271,11.259043960544204,-1.4492592230144752,0.02160115398485395,-0.5897316748988177,0
KET,Frontal pole cerebral cortex,184,135.20771908969408,-0.5636706746219083,17.336096819193994,-0.5443493165678573,0.000144248106743599,-0.9017371830866369,0
KET,Lateral habenula,186,127.41905621849745,-0.8147683375848394,17.141052540295945,-0.5733925887387359,0.07612693833393437,0.20312938120199342,0
KET,Rhomboid nucleus,189,164.76026731890073,0.38906998416244254,24.628212605727292,0.5414908048978403,0.019329246303642265,-0.6227675522363515,0
KET,Lateral hypothalamic area,194,169.09217727457735,0.5287258511609761,23.87100683834136,0.42873828882407283,0.08409664623151822,0.3190171413860406,1
KET,Rostral linear nucleus raphe,197,77.97168986395889,-2.4088953830900084,6.32434907749579,-2.184065121338369,0.004363505228993869,-0.8403848394597884,0
KET,Medial vestibular nucleus,202,158.05165417432391,0.1727919002110656,22.080075437345336,0.1620577770327543,0.02737107825459791,-0.505831034041589,0
KET,Linear nucleus of the medulla,203,158.566231664969,0.18938129526527187,23.4985705832176,0.37328027905842315,0.028344752975117203,-0.4916728008969316,0
KET,Nucleus raphe magnus,206,154.75176025526167,0.06640706050175456,23.143567822232146,0.3204182219554655,0.02553191489361702,-0.5325743633148307,0
KET,Area postrema,207,91.73371331618716,-1.9652233454576162,9.861988456452567,-1.657289232776342,0.0066714749368914535,-0.806824583116897,0
KET,Lateral vestibular nucleus,209,165.46808018818493,0.4118890688027105,25.212988005281883,0.628567396859688,0.016155787955283087,-0.6689129047078273,0
KET,Lateral mammillary nucleus,210,163.47162537039725,0.3475256283447271,22.936343255474082,0.28956123129237216,0.03400649116480346,-0.409345297055776,0
KET,Red nucleus,214,127.3667508924432,-0.8164546020117287,14.25232663844414,-1.003541337876888,0.06325279480706816,0.015926076289301955,1
KET,Anterior pretectal nucleus,215,72.91173292095499,-2.5720226597603015,6.36249482206337,-2.178384989381173,0.006887847097006852,-0.8036783090847508,0
KET,Superior vestibular nucleus,217,71.34998143274646,-2.6223717575840455,5.437450192194068,-2.31612972666489,0.0027407140281283807,-0.8639818947008839,0
KET,Lateral posterior nucleus of the thalamus,218,98.43495727967958,-1.7491828355518546,11.174976845501462,-1.4617773246301764,0.0009376126938333934,-0.890200844968768,0
KET,Lateral preoptic area,226,175.5198287494843,0.7359460493361997,26.696529377324005,0.8494756751665837,0.20230796970789758,2.0379315209485127,0
KET,Nucleus raphe pallidus,230,178.12006292512606,0.8197746519419865,27.340125362932252,0.945311007962352,0.21727371078254598,2.2555488081719504,0
KET,Anterior tegmental nucleus,231,102.04187967746472,-1.6328997456877594,12.284258462833721,-1.2965985862003588,0.028993869455463398,-0.48223397880049346,0
KET,Lateral reticular nucleus,235,180.25295364308454,0.8885366311791771,27.570694086156323,0.9796440846386946,0.09462675802380094,0.47213581095048285,0
KET,Nucleus raphe pontis,238,174.57849442723742,0.7055984977356419,25.841741315615003,0.7221925655829956,0.006563288856833754,-0.8083977201329698,0
KET,Midbrain reticular nucleus retrorubral area,246,153.8449744988509,0.03717331550492695,21.68531243214439,0.10327517921537363,0.026505589614136314,-0.5184161301701733,0
KET,Lateral septal nucleus caudal (caudodorsal) part,250,135.36345224981756,-0.5586500140541685,16.811559064466106,-0.6224561590783555,0.0430941218896502,-0.2772017877056408,1
KET,Lateral septal nucleus rostral (rostroventral) part,258,163.81657664215237,0.3586464663635505,24.234471078416615,0.48286031131315604,0.06025964659213848,-0.027597381155385528,0
KET,Reticular nucleus of the thalamus,262,168.65758972798278,0.514715241238926,22.363284295787274,0.20422928805273385,0.04197619906238731,-0.2934575368717289,1
KET,Anteroventral preoptic nucleus,263,117.78321224339406,-1.1254170256634601,11.182928779141905,-1.4605932336416636,0.0012261089073205913,-0.8860058129259065,1
KET,Anteroventral periventricular nucleus,272,111.37070260267402,-1.332149068266902,14.395359037122597,-0.9822429490826007,0.0714388748647674,0.134960110505495,0
KET,Barrington's nucleus,280,165.59512943236479,0.41598499243200837,23.03271452794355,0.303911496327563,0.03422286332491886,-0.4061990230236299,1
KET,Suprachiasmatic nucleus,286,161.87733300060881,0.2961274493820775,23.498135387483536,0.3732154757828623,0.03418680129823296,-0.4067234020289876,1
KET,Bed nucleus of the anterior commissure,287,180.50902307561077,0.8967920194437486,27.94736442558842,1.035732575152902,0.08247385503065273,0.295420086144945,1
KET,Bed nucleus of the accessory olfactory tract,292,157.52125160197426,0.15569232245952994,20.90831409216045,-0.012424570564368112,0.006996033177064551,-0.8021051720686778,1
KET,Superior colliculus motor related,294,174.635260656249,0.7074285766176971,25.140444114068075,0.6177651729300205,0.10129823296069239,0.5691459269416534,1
KET,Basolateral amygdalar nucleus,295,175.4892577074791,0.7349604735924821,25.850151183465982,0.7234448457436702,0.03018391633609809,-0.4649294716236901,0
KET,Magnocellular nucleus,298,178.10849380397468,0.8194016765890039,27.779926631738483,1.0108000754869308,0.0,-0.9038346991080676,0
KET,Superior colliculus sensory related,302,168.8189562455177,0.5199175148645223,25.317722738025207,0.6441630316867859,0.01294626758023801,-0.7155826361846607,0
KET,Basomedial amygdalar nucleus,319,180.04023666340527,0.8816788768568627,27.144454486052098,0.9161744315641522,0.08755860079336458,0.3693575259003776,0
KET,Suprageniculate nucleus,325,181.57625795491572,0.9311984623027688,28.342257346902162,1.094534518264821,0.16721961774251712,1.527710748735491,0
KET,Primary somatosensory area barrel field,329,179.66593669646196,0.8696118701702416,28.14186002833992,1.0646941461288113,0.19015506671474938,1.8612157961429752,0
KET,Accessory supraoptic group,332,183.300868294709,0.9867979449104001,29.120070864568522,1.2103556529292252,0.33804543815362426,4.011694097114819,1
KET,Septohippocampal nucleus,333,150.23636681719228,-0.07916410600107597,19.17299037178927,-0.2708247625621347,0.002271907681211684,-0.8707988217705338,0
KET,Primary somatosensory area lower limb,337,170.41618839481612,0.5714104689865013,25.498358196950317,0.6710607434623554,0.04864767399927876,-0.19644742088055822,0
KET,Subfornical organ,338,159.4314703149932,0.21727560864346765,23.588774212464713,0.38671214473439275,0.03389830508474576,-0.410918434071849,0
KET,Primary somatosensory area mouth,345,183.77696313770457,1.0021467030222688,29.004619274740396,1.1931642132987832,0.16069239091236928,1.4327981487657513,0
KET,Subparaventricular zone,347,104.6782934979146,-1.5479047523409195,10.155544063988408,-1.6135770282701665,0.007645149657410747,-0.7926663499722395,0
KET,Subceruleus nucleus,350,168.40673756314965,0.5066280517713051,25.634262439860304,0.6912977067730052,0.03353768481788676,-0.41616222412542586,0
KET,Bed nuclei of the stria terminalis,351,183.4163346161901,0.9905204482404714,28.79997396895257,1.162691290185795,0.02008654886404616,-0.6117555931238401,1
KET,Primary somatosensory area nose,353,169.39545846463108,0.5385032929764038,24.477580967258366,0.5190608433613362,0.01565091958168049,-0.6762542107828347,0
KET,Preparasubthalamic nucleus,356,135.6923789651018,-0.5480457895730468,18.805845779548235,-0.3254948117364364,0.08326721961774251,0.3069564242628138,0
KET,Sublaterodorsal nucleus,358,101.27034262789627,-1.6577732256726734,13.025638519405533,-1.18620261413326,0.01720158672917418,-0.6537059135524544,0
KET,Primary somatosensory area trunk,361,153.61564959430092,0.029780140508915403,18.653519842308118,-0.3481770646020095,0.027767760548142804,-0.5000628649826545,1
KET,Mediodorsal nucleus of thalamus,362,162.34536484644445,0.3112162656044569,22.436694344991505,0.2151604881431016,0.07666786873422286,0.21099506628235853,1
KET,Parasubthalamic nucleus,364,183.58212368738003,0.9958652999831927,28.92199112004109,1.1808603815767371,0.17912008654886405,1.7007558205035254,0
KET,Submedial nucleus of the thalamus,366,113.46054923904265,-1.2647747814321602,6.812899718561685,-2.1113169775942975,0.000721240533717995,-0.8933471190009139,0
KET,Primary somatosensory area upper limb,369,170.99725252022756,0.5901433177867725,23.942347853170677,0.43936139718870026,0.11345113595384061,0.7458616517471914,1
KET,Infracerebellar nucleus,372,96.83577723104494,-1.800738587740601,9.607628232196745,-1.6951650077759717,0.009231878831590335,-0.7695936737365017,1
KET,Substantia nigra compact part,374,151.8426722386944,-0.027378639867284775,18.484633414118846,-0.3733252746781042,0.03663901911287414,-0.37106562966466544,1
KET,Supplemental somatosensory area,378,167.7408746664209,0.48516138669832704,25.032105224588676,0.6016328573777884,0.06541651640822214,0.047388816610762656,0
KET,Field CA1,382,66.62309147336481,-2.7747613322147577,5.891804461540237,-2.2484736293870045,0.005048683736025965,-0.8304216383579924,0
KET,Primary visual area,385,174.51766696569547,0.7036374893199825,26.89919800606781,0.8796542591187017,0.09433826181031374,0.46794077890762137,0
KET,Supraoptic nucleus,390,170.94733015004567,0.5885338771562633,23.92739167458054,0.4371343317865069,0.013559322033898305,-0.7066681930935801,0
KET,Anteromedial visual area,394,153.9948163210144,0.042004046014333024,21.27541656929369,0.04223920741579742,0.0,-0.9038346991080676,1
KET,Medullary reticular nucleus,395,123.33039904562176,-0.9465820105790045,9.317141722667206,-1.738420205036307,0.02008654886404616,-0.6117555931238401,0
KET,Superior olivary complex,398,177.13374223472078,0.7879767908214808,26.763943523267383,0.8595140490161662,0.02322394518571944,-0.5661346196577222,1
KET,Anterolateral visual area,402,178.45974738438878,0.8307256938956857,27.722097397202255,1.0021889528866768,0.2001081860800577,2.005944401621695,0
KET,Medial amygdalar nucleus,403,158.07269106522523,0.17347010572960986,21.35825625629199,0.05457453757587695,0.11756220699603318,0.8056408583579668,1
KET,Lateral visual area,409,183.13212579283388,0.9813578779099326,28.997803003207554,1.1921492292631715,0.24864767399927876,2.7117585428331306,1
KET,Field CA2,423,177.28816353830013,0.7929551586211522,26.81130298923592,0.8665661597869243,0.1583122971510999,1.3981891344121444,1
KET,Posterolateral visual area,425,177.90715964999015,0.8129108916653052,25.152402894831898,0.6195459076766016,0.08250991705733862,0.2959444651503026,0
KET,Spinal nucleus of the trigeminal oral part,445,183.1311204657411,0.9813254673039424,28.05234259972414,1.0513644598749308,0.03826181031373963,-0.3474685744235699,0
KET,Field CA3,463,100.09082059519474,-1.6957996790861252,9.932812149145999,-1.646743156804961,0.04716913090515687,-0.21794696010022307,1
KET,Medial geniculate complex,475,158.90357151174146,0.20025674956976988,21.636412866622894,0.09599373831127594,0.007032095203750451,-0.8015807930633201,1
KET,Medial mammillary nucleus,491,165.23197285954902,0.4042772361416585,24.354044645621936,0.5006655382924219,0.03519653804543815,-0.3920407898789726,1
KET,Subiculum,502,169.8228049085501,0.5522804579555703,24.01977871951547,0.4508913212571436,0.04879192210602236,-0.1943499048591275,1
KET,Main olfactory bulb,507,181.17433081880745,0.9182407869960874,26.735534104659322,0.8552837148504479,0.05567976920302921,-0.0941935148358108,0
KET,Medial preoptic nucleus,515,174.85148075927881,0.7143992676662432,24.957447795450957,0.5905159148749106,0.024810674359899025,-0.5430619434219842,0
KET,Medial preoptic area,523,166.99958739000962,0.4612631251136105,23.212132460478983,0.33062791106376077,0.11258564731337901,0.7332765556186072,1
KET,Medial pretectal area,531,146.81740489595842,-0.18938756314362107,17.753079553823962,-0.48225806672019744,0.022286332491886045,-0.5797684737970218,1
KET,posteromedial visual area,533,167.88222803711477,0.4897184591535266,24.861151043197395,0.5761767463503432,0.032131265777136674,-0.43661300533437536,1
KET,Central amygdalar nucleus,536,166.0918130885163,0.4319975105437809,24.207244560596724,0.4788061182254332,0.04085827623512441,-0.309713286037817,0
KET,Temporal association areas,541,179.35546391296947,0.8596025795336086,24.522796642174452,0.5257937306851642,0.01579516768842409,-0.6741566947614039,1
KET,Medial septal nucleus,564,171.9755166480408,0.6216814444609647,23.00676579942506,0.30004757379105695,0.055283086909484316,-0.0999616838947452,1
KET,Postpiriform transition area,566,167.83725295348802,0.4882685134340882,23.50097508317852,0.37363832363781013,0.11027767760548143,0.6997162992757157,1
KET,Tegmental reticular nucleus,574,179.6702215096251,0.8697500076900302,27.774947229616856,1.0100586124105273,0.07919221060223584,0.24770159665739608,1
KET,Central lateral nucleus of the thalamus,575,182.296709717741,0.9544250105453378,28.54288978137219,1.124409900580776,0.17663180670753698,1.6645736691338455,1
KET,Accessory facial motor nucleus,576,154.9197184611638,0.07182184268900701,21.08508932816303,0.013898330682983415,0.062206996033177066,0.0007190851339291843,1
KET,Taenia tecta,589,176.3826092898642,0.7637611160455903,25.823581410051332,0.7194884458679086,0.12344031734583484,0.8911146362312686,1
KET,Central linear nucleus raphe,591,96.41036680979904,-1.8144533375431573,7.18149930836103,-2.056430270488101,0.009592499098449333,-0.7643498836829248,0
KET,Diagonal band nucleus,596,159.5793405816817,0.22204277843900447,22.12482515686562,0.1687212807814462,0.0701767039307609,0.11660684531797624,1
KET,Central medial nucleus of the thalamus,599,142.53793634659536,-0.3273527786419438,17.421349026680335,-0.5316547475234187,0.030400288496213488,-0.46178319759154396,1
KET,Subparafascicular area,609,168.4990647808312,0.5096045766217309,23.41719411223924,0.3611628306088561,0.10093761269383339,0.5639021368880767,1
KET,Nucleus of the lateral lemniscus,612,174.52324136489338,0.7038172016318601,24.9029309530222,0.5823980274828743,0.01734583483591778,-0.6516083975310237,0
KET,Tuberal nucleus,614,79.42988128865738,-2.3618849443344114,7.24607479107202,-2.0468145907535447,0.004543815362423368,-0.8377629444329999,0
KET,Cuneiform nucleus,616,152.46970964676257,-0.007163664542250679,14.30453486680711,-0.9957672170748229,0.0003606202668589975,-0.8985909090544907,0
KET,Nucleus of the lateral olfactory tract,619,120.13349038422179,-1.0496467223091908,12.895010394919534,-1.2056539315164339,0.009015506671474938,-0.7727399477686477,0
KET,Motor nucleus of trigeminal,621,174.5252923147673,0.7038833219311612,23.5848980410869,0.3861349593847743,0.06278398846015146,0.009109149219651991,1
KET,Cortical amygdalar area anterior part,639,180.26806096902038,0.8890236742440578,28.117983061159528,1.0611387213793484,0.19661016949152543,1.9550796381020001,0
KET,Nucleus of the trapezoid body,642,147.19475570824392,-0.17722220066112668,19.390328730231847,-0.23846176717933132,0.05081139560043275,-0.16498468055909743,1
KET,Cortical amygdalar area posterior part,647,178.07761197382717,0.8184060813878387,24.796297170160706,0.5665196126134202,0.08849621348719798,0.38299138003967736,1
KET,Nucleus of the solitary tract,651,180.70003160645575,0.9029499179809323,26.42871649265976,0.8095967177107873,0.004652001442481068,-0.836189807416927,0
KET,Abducens nucleus,653,120.32686132360948,-1.0434126623982454,10.744582575088296,-1.5258656332287082,0.004507753335737469,-0.8382873234383577,1
KET,Facial motor nucleus,661,102.97656472680657,-1.602766559109089,7.494414242889934,-2.0098353451654973,0.0007573025604038947,-0.8928227399955563,1
KET,Caudoputamen,672,157.32550133099704,0.14938155559497474,20.72277285869188,-0.0400527818248733,0.06346916696718356,0.019072350321448044,1
KET,Visceral area,677,151.82295396112974,-0.028014334786428296,20.367241113538455,-0.09299360786815199,0.02005048683736026,-0.6122799721291979,1
KET,Superior central nucleus raphe,679,180.72723068215123,0.903826785352756,27.483964953360598,0.9667295924876731,0.008871258564731338,-0.7748374637900785,1
KET,Ventral medial nucleus of the thalamus,685,164.37055727580875,0.3765061740872293,16.583641771951125,-0.6563944216942119,0.007536963577353047,-0.7942394869883126,0
KET,Ventrolateral preoptic nucleus,689,82.21837331049898,-2.271987122146657,8.403718378827323,-1.8744344625795517,0.03379011900468806,-0.4124915710879221,1
KET,Ventromedial hypothalamic nucleus,693,172.30298510240044,0.6322386562627323,25.601597501596512,0.6864337000059256,0.03627839884601514,-0.3763094197182423,1
KET,Olivary pretectal nucleus,706,93.3453178580001,-1.9132670416912547,10.940396537311955,-1.4967077505579096,0.0143526866209881,-0.6951318549757113,0
KET,Cuneate nucleus,711,109.38256190185555,-1.3962444710173745,13.894347852487941,-1.0568465430880651,0.03541291020555355,-0.3888945158468265,0
KET,Ventral posterolateral nucleus of the thalamus,718,115.55982097901077,-1.1970966399401874,10.684489630500867,-1.5348138359397168,0.015290299314821494,-0.6814980008364115,0
KET,Dentate gyrus,726,162.3053935003369,0.30992763471118656,22.79395144847978,0.2683582304722335,0.04990984493328525,-0.17809415569303946,0
KET,Orbital area medial part,731,175.68545269986998,0.7412855777713472,23.87050730567476,0.4286639053903406,0.0702488279841327,0.1176556033286916,1
KET,Ventral posteromedial nucleus of the thalamus,733,137.8497106950361,-0.4784958598122465,18.49725273293653,-0.37144618182234984,0.04457266498377209,-0.25570224848597595,1
KET,Orbital area ventrolateral part,746,167.67334348975635,0.4829842581053932,21.2365798461639,0.036456184573721906,0.0007933645870897945,-0.8922983609901987,1
KET,Ventral tegmental area,749,80.25683466960277,-2.335224904637151,6.185140096510904,-2.2047941801255178,0.0006130544536602957,-0.894920256016987,1
KET,Olfactory tubercle,754,181.43108672816692,0.9265183064956802,28.256243488786815,1.0817265348375442,0.18023800937612694,1.7170115696696133,0
KET,Ventral tegmental nucleus,757,104.91419195898112,-1.540299653333565,11.669116371387183,-1.3881969621516157,0.004940497655968265,-0.8319947753740654,0
KET,Vascular organ of the lamina terminalis,763,84.0229121712845,-2.2138108346166487,7.644528947169483,-1.9874823582546595,0.018031013342949875,-0.6416451964292279,1
KET,Nucleus x,765,96.99264040565265,-1.7956814967866963,8.044043735431437,-1.9279921912149591,0.0,-0.9038346991080676,1
KET,Hypoglossal nucleus,773,79.23500104043657,-2.3681676626514214,8.091191445973607,-1.9209716121072489,0.002704652001442481,-0.8645062737062417,1
KET,Posterior amygdalar nucleus,780,177.82367896669115,0.8102195690563312,25.748652181605266,0.7083310308049907,0.0,-0.9038346991080676,0
KET,Nucleus y,781,123.16840424135506,-0.951804539456706,8.27992728061105,-1.8928677054213296,0.0,-0.9038346991080676,0
KET,Piriform-amygdalar area,788,160.39928307208007,0.24847679497147324,21.60434651878686,0.09121886527736935,0.13580959249909846,1.0709766350689527,1
KET,Periaqueductal gray,795,151.8706385411245,-0.02647703797514503,19.912417178462643,-0.16071964121231147,0.03945185719437432,-0.33016406724676645,0
KET,Zona incerta,797,182.74560906198872,0.9688970166021198,28.61426796860705,1.1350385441412956,0.16902271907681213,1.5539296990033753,0
KET,Dorsal peduncular area,814,183.68763148650305,0.9992667518398555,28.87389226533693,1.173698171353639,0.18535881716552471,1.791473388430404,0
KET,Dorsomedial nucleus of the hypothalamus,830,162.87401067119197,0.32825920780447254,24.890630592148863,0.5805664293931345,0.001153984853948792,-0.8870545709366219,0
KET,Dorsal motor nucleus of the vagus nerve,839,136.96748300626166,-0.5069378805436451,16.00954694479908,-0.7418806118612444,0.032059141723764874,-0.4376617633450907,0
KET,Parasubiculum,843,166.8766714301417,0.45730045388568774,23.53633012747996,0.3789029034555905,0.06711143166245943,0.0720346298625736,1
KET,Dentate nucleus,846,166.40119188522988,0.4419715322866337,18.089724088418897,-0.432129660502294,0.006238730616660656,-0.813117131181189,0
KET,Parvicellular reticular nucleus,852,142.91163361959872,-0.31530520212482754,20.377888434544325,-0.09140815740730654,0.022069960331770645,-0.5829147478291679,0
KET,Parasolitary nucleus,859,175.8545718219354,0.7467377865798719,26.49077834316654,0.8188381024152264,0.07753335737468446,0.22358016241094292,1
KET,Parabrachial nucleus,867,183.0220945690437,0.9778105959690442,28.072697961423668,1.0543954962801827,0.03923548503425892,-0.33331034127891257,1
KET,Dorsal nucleus raphe,872,165.85610027709893,0.4243983966706923,22.66088548878334,0.24854390468950696,0.0433465560764515,-0.27353113466813705,1
KET,Parabigeminal nucleus,874,160.65352073495274,0.25667312905862016,16.234487667912507,-0.7083855784226458,0.00025243418680129823,-0.9001640460705638,0
KET,Retrosplenial area dorsal part,879,165.46495563750267,0.4117883368302142,24.851329276829247,0.5747142259655336,0.19653804543815362,1.9540308800912845,0
KET,Dorsal tegmental nucleus,880,138.5112377762659,-0.4571689765165558,17.184626548572304,-0.5669041555014406,0.022286332491886045,-0.5797684737970218,1
KET,Retrosplenial area ventral part,886,179.7064939469198,0.8709193899556761,27.87458487878047,1.0248952606807284,0.19462675802380094,1.9262387928073272,0
KET,Retrosplenial area lateral agranular part,894,181.83415896418728,0.9395128985256221,28.391704097356357,1.1018974383131312,0.05997115037865128,-0.03179241319824698,1
KET,Ectorhinal area,895,180.4676288254184,0.8954575157355643,27.994283531036483,1.0427191135801814,0.11752614496934728,0.8051164793526092,1
KET,External cuneate nucleus,903,158.90342998243148,0.20025218682523135,21.827248914363736,0.12441037942408267,0.04817886765236206,-0.2032643479502081,1
KET,Paracentral nucleus,907,149.7562116270694,-0.09464376510215752,20.21304300436392,-0.11595463845204174,0.0008654886404615939,-0.8912496029794833,1
KET,Lingula (I),912,183.36750392761869,0.9889462021877247,28.8047636914051,1.163404508812856,0.18124774612333214,1.7316941818196285,0
KET,Entorhinal area lateral part,918,183.540017192747,0.9945078343215301,28.923763523984373,1.1811243032380767,0.17569419401370356,1.6509398149945458,0
KET,Central lobule,920,164.10713168657134,0.36801363166807266,22.45067626541045,0.21724248061421256,0.003930760908763073,-0.8466773875240805,0
KET,Perirhinal area,922,178.035918810451,0.8170619410574096,27.69119436525048,0.9975873046201831,0.19668229354489722,1.956128396112715,0
KET,Entorhinal area medial part dorsal zone,926,154.58608035183718,0.061065728204055314,19.153708291617175,-0.27369598085996305,0.07890371438874864,0.2435065646145346,1
KET,Culmen,928,173.81203971750062,0.6808888666263586,26.0832745944188,0.7581583308659143,0.07663180670753697,0.21047068727700097,1
KET,Parafascicular nucleus,930,173.71518160812275,0.67776627096315,25.07789406137828,0.6084510919693478,0.09080418319509556,0.41655163638256876,1
KET,Pontine gray,931,178.44157055123185,0.8301396933971085,25.16621793506545,0.6216030506793165,0.0,-0.9038346991080676,0
KET,Declive (VI),936,155.9459238987971,0.1049055428530618,21.445476434470255,0.06756214935272857,0.06577713667508114,0.05263260666433947,1
KET,Folium-tuber vermis (VII),944,132.86094425540432,-0.6393280353441916,17.107067595112117,-0.5784531525156527,0.0285250631085467,-0.4890509058701432,1
KET,Posterior hypothalamic nucleus,946,115.33308595256071,-1.2044063202017368,12.656096993347182,-1.2412295812424288,0.004543815362423368,-0.8377629444329999,0
KET,Pyramus (VIII),951,115.05815371119635,-1.213269824043333,14.550199411773995,-0.95918628128671,0.007717273710782546,-0.7916175919615241,0
KET,Uvula (IX),957,166.3415526812193,0.4400488319469636,23.46792997448192,0.36871770719515445,0.05099170573386224,-0.16236278553230912,1
KET,Piriform area,961,157.83937957326512,0.1659484076740645,20.273603182064516,-0.10693686190605801,0.0421204471691309,-0.2913600208502982,1
KET,Nodulus (X),968,137.76842159135762,-0.48111652837828495,15.091424864629397,-0.8785945396478647,0.008005769924269743,-0.7874225599186628,1
KET,Paragigantocellular reticular nucleus dorsal part,970,150.5700837774915,-0.06840544945014028,20.44450285123002,-0.08148886807855753,0.020771727371078255,-0.6017923920220443,1
KET,Prelimbic area,972,178.62332300110006,0.83599918637484,27.85466416194562,1.021928945523256,0.1738189686260368,1.6236721067159468,0
KET,Edinger-Westphal nucleus,975,179.42918317459504,0.861979204971845,27.43855460476056,0.9599677170755021,0.07021276595744681,0.11713122432333402,1
KET,Paragigantocellular reticular nucleus lateral part,978,168.14880621422907,0.49831263743255566,24.55726233539151,0.5309258807503515,0.04897223223945186,-0.1917280098323391,1
KET,Dorsal premammillary nucleus,980,116.93214353783131,-1.1528545160930417,13.506273825811292,-1.1146331115682928,0.03523260007212405,-0.39151641087361494,1
KET,Fasciola cinerea,982,139.1891801284873,-0.4353128834898674,18.559544369945623,-0.3621705805186566,0.05138838802740714,-0.15659461647337464,1
KET,Primary motor area,985,176.57475034899255,0.7699555260109734,26.315826404389195,0.792786701146547,0.002596465921384782,-0.8660794107223146,1
KET,Fastigial nucleus,989,75.52525564697652,-2.487765649352084,8.025199193986927,-1.930798257351328,0.02127659574468085,-0.5944510859470368,1
KET,Secondary motor area,993,123.03393367399809,-0.956139718133588,9.154799050657076,-1.7625940102603115,0.019509556437071765,-0.620145657209563,0
KET,Fundus of striatum,998,93.4307594834405,-1.9105125005302581,8.97007230539156,-1.7901009393037997,0.0,-0.9038346991080676,1
KET,Primary auditory area,1002,175.5433184723659,0.7367033313776435,26.149688431375804,0.7680477526605565,0.07991345113595384,0.2581891767645497,1
KET,Ventral premammillary nucleus,1004,126.29322151703373,-0.8510639722907071,16.367494409744218,-0.6885800705379499,0.016408222142084386,-0.6652422516703235,1
KET,Simple lobule,1007,91.05455271904037,-1.987118713319888,8.921438251452232,-1.7973428439282948,0.04038946988820772,-0.31653021310746676,1
KET,fiber tracts,1009,183.46624416329792,0.9921294754696063,29.11037216152934,1.2089114574180166,0.33707176343310497,3.997535863970161,1
KET,Dorsal auditory area,1011,162.977293127682,0.3315889171369467,22.57878042737272,0.23631796472024613,0.006274792643346556,-0.8125927521758314,0
KET,Ansiform lobule,1017,76.10633401876973,-2.469032341264612,7.511003071092021,-2.0073651683667153,0.008041831950955643,-0.786898180913305,1
KET,Ventral auditory area,1018,175.66602716362968,0.7406593205006955,25.680177124997122,0.698134680944218,0.011756220699603318,-0.7328871433614641,1
KET,Posterior complex of the thalamus,1020,166.59279131549823,0.4481484807514761,24.6047776038145,0.5380011914484039,0.01680490443562928,-0.6594740826113891,1
KET,Paramedian lobule,1025,128.48958969868963,-0.7802555515719904,14.363950827051603,-0.9869198214248488,0.0710061305445366,0.1286675624412028,1
KET,Posterior auditory area,1027,177.5966400323672,0.8029000911493895,25.59090596344385,0.6848416653446299,0.04760187522538767,-0.2116544120359309,1
KET,Posterior limiting nucleus of the thalamus,1029,124.94853159330907,-0.894415251302375,16.24781619336232,-0.7064008804122126,0.009664623151821133,-0.7633011256722094,1
KET,Copula pyramidis,1033,116.55498083967511,-1.1650138139892239,12.63104411319465,-1.244960106541839,0.0028128380815001805,-0.8629331366901686,1
KET,Postsubiculum,1037,129.19974082592086,-0.7573610841457921,14.511721393431783,-0.9649158908175443,0.007104219257122251,-0.8005320350526047,1
KET,Paraflocculus,1041,75.61289070788273,-2.4849403943178032,8.002666943836807,-1.9341534456061669,0.0143166245943022,-0.6956562339810689,1
KET,Flocculus,1049,154.96735848950948,0.07335770320562106,18.159140646715468,-0.4217931153487355,0.03469166967183556,-0.39938209595398005,1
KET,Gustatory areas,1057,152.32819342292834,-0.011725987198110462,22.209476559758578,0.1813263863900655,0.015001803101334294,-0.685693032879273,0
KET,Parapyramidal nucleus,1069,169.14091108807793,0.5302969740712409,25.57230101552614,0.6820712761327449,0.19386945546339704,1.915226833694816,0
KET,Presubiculum,1084,144.51058880350558,-0.26375669932003315,19.59380762671586,-0.20816252946262648,0.058168049044356296,-0.058011363466130866,1
KET,Medullary reticular nucleus dorsal part,1098,148.27886043840618,-0.14227189293147893,18.340396446971923,-0.39480303099896435,0.0,-0.9038346991080676,1
KET,Intercalated amygdalar nucleus,1105,73.57995261949299,-2.550480014068294,7.106703493235516,-2.0675678195011047,0.012297151099891815,-0.7250214582810989,1
KET,Medullary reticular nucleus ventral part,1107,125.58433793336675,-0.8739175755490822,9.33793766781712,-1.7353235630919648,0.026794085827623514,-0.5142210981273119,0
KET,Parastrial nucleus,1109,104.9067375463255,-1.5405399751484312,8.50882982699847,-1.8587827325480057,0.013342949873782907,-0.7098144671257263,0
KET,Interanteromedial nucleus of the thalamus,1120,178.92457611713752,0.8457112453826893,24.54756993500724,0.5294826237425586,0.013847818247385502,-0.7024731610507188,1
KET,Tuberomammillary nucleus dorsal part,1126,119.32229272902762,-1.0757988152664468,11.249736466021137,-1.4506451652127783,0.028380815001803103,-0.4911484218915739,1
KET,Median eminence,10671,140.30554833357766,-0.3993224378973435,15.514169214155054,-0.8156453505132663,0.027984132708258204,-0.49691659095050844,1
SAL,Tuberomammillary nucleus ventral part,1,173.08249928088853,0.9660970656934099,23.714469862141346,1.1836724087434376,0.10616660656328886,0.7667111094522057,6
SAL,Inferior colliculus,4,166.51473361297036,0.7504578479332421,21.83833941163741,0.8437060280032022,0.06155787955283087,0.07827450187554875,6
SAL,Principal sensory nucleus of the trigeminal,7,82.28695489084586,-2.0149898302681994,8.190246126085635,-1.6294124468063993,0.013234763793725207,-0.6674854448930205,4
SAL,Interfascicular nucleus raphe,12,145.95013614060042,0.07526114684566736,15.372077620734947,-0.3280203929295788,0.15452578434908043,1.513027593494483,4
SAL,Induseum griseum,19,151.2409524283546,0.248974330794526,17.918644081426283,0.1334331177914701,0.06505589614136315,0.1322586174252139,0
SAL,Anterior amygdalar area,23,78.60165498644113,-2.1359891516172143,7.134480154967463,-1.8207237364948834,0.014641182834475297,-0.645780491218413,4
SAL,Intergeniculate leaflet of the lateral geniculate complex,27,76.8244800270848,-2.194339074168582,7.683720797206859,-1.7211979528547237,0.0033177064551027768,-0.8205331951626896,4
SAL,Periventricular hypothalamic nucleus anterior part,30,174.08522366890986,0.9990194800417438,23.915747417710282,1.2201451401958974,0.0716552470248828,0.23410493851375724,7
SAL,Paraventricular hypothalamic nucleus,38,173.58624137707827,0.9826364121116044,22.95531875407938,1.0461095571978836,0.0060223584565452576,-0.7787928996345981,2
SAL,Anterior cingulate area dorsal part,39,139.43566767022858,-0.13862816591349844,17.468888290751206,0.051934601346785354,0.1014785430941219,0.6943612638701804,5
SAL,Infralimbic area,44,157.165584567386,0.44349756815942476,17.394205007396682,0.03840153090543346,0.06794085827623512,0.1767815993218449,5
SAL,Anterior cingulate area ventral part,48,172.38414874978764,0.9431681474184181,22.484099105319427,0.9607216576093576,0.0,-0.8717346243438153,2
SAL,Nucleus accumbens,56,141.65423090899174,-0.06578615760384515,16.69948296504785,-0.0874863775256448,0.015506671474936892,-0.6324235966494236,5
SAL,Paraventricular hypothalamic nucleus descending division,63,171.6744101300515,0.9198653244322575,23.910559072143865,1.2192049800573683,0.12192571222502704,1.0099178980625525,7
SAL,Lateral terminal nucleus of the accessory optic tract,66,81.68409135063663,-2.0347836275502593,7.578427837382303,-1.7402776850020092,0.011936530833032817,-0.6875207867465045,1
SAL,Anterodorsal preoptic nucleus,72,157.77726234423102,0.46358076296103684,14.567473684915445,-0.47381957651856177,0.020483231157591056,-0.5556214528777351,5
SAL,Dorsal terminal nucleus of the accessory optic tract,75,96.92113411059569,-1.534506341808228,10.050843084089289,-1.2922608304788186,0.06653443923548504,0.15507664564723728,4
SAL,Inferior olivary complex,83,128.92479764217939,-0.4837311895945746,12.74972235182879,-0.8032073019985345,0.0020555355210962857,-0.8400119997424657,5
SAL,Anterior hypothalamic nucleus,88,108.36552558470746,-1.1587530415232543,12.71150224257804,-0.8101330209483995,0.05109989181391994,-0.08312130749973864,5
SAL,Interposed nucleus,91,123.60492789031431,-0.6583982849024664,12.64371133552573,-0.8224171503976504,0.0434186801298233,-0.20166374679951862,5
SAL,Dorsal cochlear nucleus,96,172.91462402119032,0.9605852232323678,23.88893244705882,1.215286102531654,0.17298954201226108,1.797974677632921,7
SAL,Interpeduncular nucleus,100,162.96355624045447,0.6338621669275176,21.689923358118484,0.8168121259586906,0.12192571222502704,1.0099178980625525,0
SAL,Ventral cochlear nucleus,101,78.13904398945951,-2.1511780421106215,7.533742423523295,-1.7483749569254228,0.02019473494410386,-0.5600737510673983,4
SAL,Agranular insular area dorsal part,104,172.72068864155318,0.9542177497755644,23.8054176367141,1.2001527050626903,0.05513883880274072,-0.02078913284445516,7
SAL,Inferior salivatory nucleus,106,161.11266516611846,0.5730919257816264,20.270340168309197,0.5595749178159887,0.01853588171655247,-0.585674465657961,0
SAL,Agranular insular area posterior part,111,150.65961385576978,0.2298872620127708,15.027289579100035,-0.3904981074220064,0.026613775694194014,-0.46101011634739425,5
SAL,Trochlear nucleus,115,160.95960798992246,0.5680666049318422,20.170117509753062,0.5414139554541543,0.016552470248827986,-0.6162840157118948,0
SAL,Periventricular hypothalamic nucleus intermediate part,118,116.88247181448509,-0.8791164473515236,9.950702459933412,-1.3104069277026003,0.006851785070320952,-0.7659925423393167,4
SAL,Agranular insular area ventral part,119,172.2831051859314,0.9398505876619708,20.96716280056264,0.685843466061904,0.15971871619185,1.5931689609084188,6
SAL,Periventricular hypothalamic nucleus posterior part,126,165.1207781849446,0.7046901586929997,21.773550732559116,0.8319659207343968,0.014785430941218897,-0.6435543421235814,0
SAL,Anteromedial nucleus,127,165.72071246129792,0.7243877795585363,21.589087312442796,0.798540014076858,0.061269383339343675,0.07382220368588574,0
SAL,Midbrain reticular nucleus,128,170.37876052254492,0.8773253067183565,22.813993219608385,1.0205005008300931,0.13855030652722683,1.2664815812418888,6
SAL,Nucleus ambiguus,135,117.83967117589535,-0.8476887545909095,12.266307641829687,-0.8908050217151149,0.00576992426974396,-0.7826886605505533,1
SAL,Intermediate reticular nucleus,136,159.0977599893389,0.5069366154141993,20.530127856763862,0.6066500453376817,0.08885683375405698,0.49957321807241967,0
SAL,Pontine reticular nucleus,146,164.6215358527744,0.6882985528676245,21.85260533605676,0.8462911012807336,0.12524341868012984,1.0611193272436785,0
SAL,Locus ceruleus,147,165.44448940895685,0.715318557855772,21.891550353663035,0.8533481780847018,0.1289938694554634,1.1189992037092986,0
SAL,Paraventricular nucleus of the thalamus,149,167.18064994202288,0.7723218552001344,21.92520524353962,0.8594466511959291,0.10064911648034619,0.6815609065748988,0
SAL,Accessory olfactory bulb,151,166.08837894903573,0.736459360339758,21.721222838601943,0.8224837843959558,0.03937973314100252,-0.2639959214548021,0
SAL,Lateral dorsal nucleus of thalamus,155,160.31270768762363,0.5468269501984306,20.218077102444074,0.5501045287266895,0.02437793003966823,-0.4955154273172832,0
SAL,Anterior olfactory nucleus,159,170.04127858430687,0.8662447741827145,22.985066816372512,1.0515000891137827,0.06671474936891453,0.15785933201577662,2
SAL,Nucleus prepositus,169,164.6893650841754,0.6905255876219293,21.43220186709352,0.7701114061237775,0.03764875586007934,-0.2907097105927806,0
SAL,Dorsal part of the lateral geniculate complex,170,157.18457882642633,0.44412120599434335,19.890580008859146,0.4907600404054706,0.007717273710782546,-0.7526356477703273,0
SAL,Retrochiasmatic area,173,91.70408992598158,-1.7057973689052741,6.500391587337997,-1.9356244862523677,0.002307969707897584,-0.8361162388265105,1
SAL,Nucleus of Roller,177,81.74785235259992,-2.0326901648291194,7.607058617602931,-1.735089611471855,0.018860439956725567,-0.58066563019459,1
SAL,Ventral part of the lateral geniculate complex,178,154.4733527390738,0.3551036158108948,18.96197813143454,0.3224916668860099,0.0010818608005769925,-0.8550385061325787,0
SAL,Nucleus of reuniens,181,158.17235863605987,0.4765529455293169,20.009726302665097,0.5123500819044197,0.01835557158312297,-0.5884571520265006,0
SAL,Frontal pole cerebral cortex,184,122.93307876058289,-0.6804570836041042,12.913731788935124,-0.7734877829078941,0.0024882798413270826,-0.833333552457971,2
SAL,Lateral habenula,186,83.33067074862726,-1.9807215444438055,6.990381230132274,-1.8468353482602695,0.009412188965019835,-0.7264783959060566,4
SAL,Rhomboid nucleus,189,171.4901348338111,0.9138150201517763,23.866938489699006,1.2113006621376967,0.11813919942300757,0.9514814843232243,7
SAL,Lateral hypothalamic area,194,169.00577323195046,0.8322460635923925,23.278293341526187,1.1046345395816346,0.02174540209159755,-0.5361426482979591,2
SAL,Rostral linear nucleus raphe,197,148.8965215168431,0.17199971363962616,17.074174638247708,-0.019589941008107545,0.07630724846736386,0.3058982468220748,5
SAL,Medial vestibular nucleus,202,130.01072607607904,-0.44807693975227303,12.544839880510347,-0.8403332663644649,0.008943382618103138,-0.7337133804642592,5
SAL,Linear nucleus of the medulla,203,143.6096411241673,-0.0015842432054045024,16.690629767337448,-0.08909063142108921,0.05546339704291381,-0.015780297381084257,5
SAL,Nucleus raphe magnus,206,158.30626101672942,0.480949357655415,19.999185921229248,0.5104400999373316,0.017526144969347277,-0.6012575093217819,0
SAL,Area postrema,207,135.4950036535697,-0.26801184812354223,15.164590831756417,-0.36561827567888167,0.03606202668589975,-0.3151973506359277,0
SAL,Lateral vestibular nucleus,209,170.8343181072384,0.8922826127757074,22.85327828938288,1.0276191971791535,0.04132708258204111,-0.23394290867457612,6
SAL,Lateral mammillary nucleus,210,165.03361834122578,0.7018284426285186,21.465329459940385,0.7761143297689639,0.010421925712225028,-0.7108953522422358,0
SAL,Red nucleus,214,82.77705429178326,-1.998898413980449,8.044453995447158,-1.6558308778809854,0.03963216732780382,-0.2601001605388469,4
SAL,Anterior pretectal nucleus,215,94.0709378976245,-1.628086733208355,7.849452773935313,-1.6911662989864316,0.00039668229354489725,-0.8656127143330284,4
SAL,Superior vestibular nucleus,217,139.44548807929147,-0.13830573277025324,15.734186315746888,-0.2624040694779165,0.0009736747205192932,-0.8567081179537024,0
SAL,Lateral posterior nucleus of the thalamus,218,139.1711316750311,-0.1473136668826395,16.94563006932265,-0.04288300778261006,0.07904796249549224,0.3481950796238742,6
SAL,Lateral preoptic area,226,84.01811740156573,-1.9581506328146627,7.675907310472735,-1.7226138047243251,0.022502704652001444,-0.5244553655500934,1
SAL,Nucleus raphe pallidus,230,91.72204936420499,-1.7052077073056182,8.574774322495715,-1.5597335717628265,0.03025604038946989,-0.4047998517028976,1
SAL,Anterior tegmental nucleus,231,82.03464427113349,-2.023273935916659,5.970913266881662,-2.031569215595473,0.0030292102416155787,-0.8249854933523527,1
SAL,Lateral reticular nucleus,235,144.58807721400143,0.03054071430804293,16.766598172616725,-0.07532468898011138,0.07464839523981248,0.28029753223151205,5
SAL,Nucleus raphe pontis,238,98.64644280879868,-1.477859342373908,7.77306784350328,-1.7050077183478076,0.005914172376487559,-0.7804625114557218,4
SAL,Midbrain reticular nucleus retrorubral area,246,97.5171435774985,-1.5149375840724917,8.889830521244702,-1.50264345012992,0.0029210241615578794,-0.8266551051734764,2
SAL,Lateral septal nucleus caudal (caudodorsal) part,250,170.1371764109819,0.8693933841323842,23.040029712831018,1.0614597041176217,0.14680851063829786,1.3939286169209948,3
SAL,Lateral septal nucleus rostral (rostroventral) part,258,95.9310278550289,-1.5670144654602016,11.075046669420825,-1.1066688392860906,0.031013342949873783,-0.393112568955032,4
SAL,Reticular nucleus of the thalamus,262,81.83482728116233,-2.0298345200774257,7.590284543371679,-1.7381291769269835,0.00039668229354489725,-0.8656127143330284,4
SAL,Anteroventral preoptic nucleus,263,127.83300147980773,-0.519578094358155,13.30977768322017,-0.7017218301454133,0.006310854670032456,-0.7743406014449349,4
SAL,Anteroventral periventricular nucleus,272,84.18919761780285,-1.952533562128993,7.439323995775731,-1.7654841569535449,0.00021637216011539847,-0.868395400701568,4
SAL,Barrington's nucleus,280,87.40488256677742,-1.846953091993276,9.555329283755782,-1.3820509798050413,0.059610530111792286,0.0482214890953229,4
SAL,Suprachiasmatic nucleus,286,80.39936031855754,-2.0769651560635265,7.311377032577076,-1.7886689338935848,0.005265055896141363,-0.7904801823824638,1
SAL,Bed nucleus of the anterior commissure,287,149.81321676528492,0.20209753629247268,18.21348070172335,0.1868593274056006,0.028272628921745403,-0.4354094017568314,6
SAL,Bed nucleus of the accessory olfactory tract,292,87.63507111736747,-1.8393953194574721,6.542482314805988,-1.9279973874671141,0.01821132347637937,-0.5906833011213322,1
SAL,Superior colliculus motor related,294,163.7853241222071,0.6608432427090686,21.258028157164553,0.7385500582608151,0.0574107464839524,0.014272715399141706,6
SAL,Basolateral amygdalar nucleus,295,161.94480528331653,0.6004135528025131,17.51940335702577,0.0610882421555061,0.13180670753696358,1.1624091110585137,5
SAL,Magnocellular nucleus,298,124.92981075075497,-0.6148984528294632,12.952889079467909,-0.7663922409436085,0.017922827262892176,-0.5951355993109951,2
SAL,Superior colliculus sensory related,302,158.02864272532463,0.47183432611784504,17.222759136877713,0.007334484326909475,0.062495492246664265,0.0927444709919539,5
SAL,Basomedial amygdalar nucleus,319,81.97200161962894,-2.0253306798767623,7.642389529050939,-1.7286874329399695,0.008979444644789038,-0.7331568431905513,4
SAL,Suprageniculate nucleus,325,116.97595799495392,-0.8760470188964011,11.679676456958994,-0.9971062017296903,0.00714028128380815,-0.7615402441496536,5
SAL,Primary somatosensory area barrel field,329,144.3802474560805,0.02371704722073029,17.760154083263306,0.10471375499635036,0.09213847818247385,0.5502181099798373,5
SAL,Accessory supraoptic group,332,160.26778524460678,0.5453520132165364,19.812010753118308,0.47652280785882545,0.0034980165885322755,-0.8177505087941501,0
SAL,Septohippocampal nucleus,333,122.0436401605474,-0.7096599896843614,11.151503761226449,-1.0928143438398386,0.002163721601153985,-0.838342387921342,2
SAL,Primary somatosensory area lower limb,337,139.18532407527414,-0.1468476883076883,17.32630787096891,0.026098152039760722,0.021889650198341146,-0.5339164992031276,5
SAL,Subfornical organ,338,156.28937850890924,0.4147291256479035,19.31949588573285,0.3872760836340697,0.174107464839524,1.815227333117866,2
SAL,Primary somatosensory area mouth,345,167.246039114501,0.7744687755861712,21.92531869933484,0.8594672100840733,0.013919942300757302,-0.6569112366925708,6
SAL,Subparaventricular zone,347,86.28224710402273,-1.8838125424150172,9.51610156601194,-1.389159283613282,0.02271907681211684,-0.5211161419078462,1
SAL,Subceruleus nucleus,350,160.7029412389883,0.559639474581129,19.552240792547263,0.4294508927387171,0.060620266858997476,0.06380453275914372,5
SAL,Bed nuclei of the stria terminalis,351,172.29405324281868,0.9402100448263304,22.616397340044923,0.9846949117217613,0.02124053371799495,-0.5439341701298696,6
SAL,Primary somatosensory area nose,353,171.32797054451868,0.9084906857799718,23.622681496946345,1.167039792231603,0.2624233681932925,3.1781871164284827,2
SAL,Preparasubthalamic nucleus,356,168.96545964125784,0.8309224488957653,22.805686301384107,1.0189952361385817,0.13595384060584204,1.2264108975349206,0
SAL,Sublaterodorsal nucleus,358,137.1089701035842,-0.2150205447839092,16.69875480465144,-0.087618324669565,0.005192931842769564,-0.7915932569298795,5
SAL,Primary somatosensory area trunk,361,101.4419351894951,-1.386075039963045,6.202937792098912,-1.989524944068463,0.000576992426974396,-0.862830027964489,1
SAL,Mediodorsal nucleus of thalamus,362,142.01753949021244,-0.05385765981308539,16.057945126566487,-0.20373698099399076,0.05892535160476019,0.037647280894872986,0
SAL,Parasubthalamic nucleus,364,166.459453198809,0.7486428280512992,21.891471724341173,0.8533339299678042,0.008763072484673638,-0.7364960668327986,0
SAL,Submedial nucleus of the thalamus,366,168.7977874877146,0.8254172750119219,22.590384291941174,0.9799811873570841,0.03815362423368193,-0.28291818876087027,7
SAL,Primary somatosensory area upper limb,369,109.51096395482253,-1.1211449040510797,13.205611531470167,-0.7205973777367735,0.021889650198341146,-0.5339164992031276,4
SAL,Infracerebellar nucleus,372,148.55493096521212,0.16078428314584625,14.915381761926444,-0.4107764924196098,0.01871619184998197,-0.5828917792894217,4
SAL,Substantia nigra compact part,374,152.51274940333087,0.29073119586863594,18.37888225938524,0.21683110730609023,0.03901911287414353,-0.2695612941918809,2
SAL,Supplemental somatosensory area,378,171.218111329726,0.9048836820682901,22.99884451355671,1.0539966926124296,0.0570861882437793,0.009263879935770694,2
SAL,Field CA1,382,94.06118556942107,-1.6284069310551512,10.217333152325741,-1.2620918057650317,0.0144608727010458,-0.6485631775869524,4
SAL,Primary visual area,385,164.32889931643047,0.6786904278254207,19.97223853055467,0.5055570669501698,0.0576992426974396,0.018725013588804826,5
SAL,Supraoptic nucleus,390,121.42065707097002,-0.7301143714188516,10.426790387457048,-1.2241368660494483,0.022106022358456545,-0.5305772755608802,1
SAL,Anteromedial visual area,394,124.82138928677348,-0.6184582509196394,14.870483336765842,-0.4189123633014486,0.0717994951316264,0.2363310876085888,5
SAL,Medullary reticular nucleus,395,158.19845180893003,0.4774096617507996,19.910941637772407,0.4944496928418231,0.0421925712225027,-0.22058601410558687,0
SAL,Superior olivary complex,398,166.27673215696012,0.7426435545502541,21.89397464915149,0.8537874753429675,0.04662820050486837,-0.1521319294395167,6
SAL,Anterolateral visual area,402,99.91663565805572,-1.436155145502772,11.952724813970686,-0.9476281594776716,0.029679047962495493,-0.4137044480822238,5
SAL,Medial amygdalar nucleus,403,166.50140063758369,0.7500200868241876,21.88652305762343,0.8524372011113069,0.13166245943021998,1.1601829619636823,6
SAL,Lateral visual area,409,163.67403793823183,0.6571893873687108,21.7183891886521,0.8219703095906864,0.03941579516768842,-0.2634393841810942,0
SAL,Field CA2,423,167.10091338638244,0.7697038676904423,21.871194884786227,0.8496596418848548,0.04154345474215651,-0.23060368503232878,0
SAL,Posterolateral visual area,425,156.79903558392874,0.4314626783567012,17.64557933421212,0.08395210553392088,0.002596465921384782,-0.8316639406368473,6
SAL,Spinal nucleus of the trigeminal oral part,445,158.57672385258851,0.48982945437426434,17.203800208833904,0.003899009918380544,0.0570501262170934,0.008707342662062805,5
SAL,Field CA3,463,83.73843678682252,-1.9673333765414234,7.832479283430366,-1.694241999897285,0.005842048323115759,-0.7815755860031375,4
SAL,Medial geniculate complex,475,156.03862193431618,0.40649604390785327,19.032197597638014,0.3352158661954414,0.05160476018752254,-0.07532978566782818,2
SAL,Medial mammillary nucleus,491,86.02538920856699,-1.8922459486070435,6.533696423856434,-1.9295894449633804,0.01132347637937252,-0.6969819203995387,1
SAL,Subiculum,502,140.2832619069245,-0.11079913433401589,15.67388167943229,-0.27333164060934995,0.0435629282365669,-0.19943759770468705,0
SAL,Main olfactory bulb,507,162.9630399907406,0.6338452169189313,20.3412554891642,0.5724252102696038,0.04579877389109268,-0.16493228673479807,2
SAL,Medial preoptic nucleus,515,172.27395850186304,0.9395502749076298,23.393468761833063,1.1255050343712942,0.04572664983772088,-0.16604536128221387,3
SAL,Medial preoptic area,523,163.75697433170927,0.659912435040872,20.84046704371616,0.6628854154110693,0.01810313739632167,-0.5923529129424557,2
SAL,Medial pretectal area,531,168.60081375191797,0.8189500433148525,22.46429029409217,0.9571321791389835,0.06314460872701046,0.10276214191869582,2
SAL,posteromedial visual area,533,162.77922372003331,0.6278099838075348,21.15423460412391,0.7197420278480477,0.04749368914532997,-0.13877503487052734,6
SAL,Central amygdalar nucleus,536,174.22821135602743,1.0037141897129465,22.82913817271605,1.0232448595142722,0.14817886765236207,1.415077033321895,6
SAL,Temporal association areas,541,116.50134691896201,-0.891629907559304,12.334120547109304,-0.8785169060517295,0.03624233681932924,-0.31241466426738834,5
SAL,Medial septal nucleus,564,168.93270587614037,0.8298470456847264,22.439793501345296,0.952693209573908,0.011648034619545618,-0.6919730849361676,6
SAL,Postpiriform transition area,566,169.37660668063933,0.8444216250904507,22.717355075174996,1.0029890744814367,0.13671114316624594,1.2380981802827864,6
SAL,Tegmental reticular nucleus,574,124.10758495063949,-0.6418945634284168,14.426893245530264,-0.4992936170725193,0.06667868734222863,0.15730279474206885,4
SAL,Central lateral nucleus of the thalamus,575,143.79955897081072,0.004651322732785418,17.296510872262697,0.02069875254472451,0.0855391272989542,0.44837178889129403,6
SAL,Accessory facial motor nucleus,576,104.80323068025578,-1.2757137440616084,11.297518783343547,-1.0663555234579607,0.08045438153624233,0.3699000332984818,4
SAL,Taenia tecta,589,151.2357397820422,0.24880318416261168,18.636196962782858,0.26345811472012076,0.1706094482509917,1.7612432175682007,5
SAL,Central linear nucleus raphe,591,79.50555274617663,-2.1063115084581954,7.670430976511691,-1.7236061501318425,0.004652001442481068,-0.7999413160354978,4
SAL,Diagonal band nucleus,596,80.2057255054402,-2.0833227610304217,8.963311586338294,-1.4893282290342356,0.02473855030652723,-0.48995005458020435,4
SAL,Central medial nucleus of the thalamus,599,156.24939348901376,0.4134162989046315,17.035256462080522,-0.026642153978168014,0.13245582401730976,1.1724267819852556,4
SAL,Subparafascicular area,609,133.87678669434524,-0.32114270828165314,14.040163049643322,-0.569371507969355,0.14085827623512442,1.3020999667591937,4
SAL,Nucleus of the lateral lemniscus,612,147.97096937598462,0.14161109295148328,17.23922518379511,0.010318233337594143,0.03858636855391273,-0.2762397414763756,4
SAL,Tuberal nucleus,614,117.1718494930423,-0.8696153202717094,13.968545383148728,-0.5823490697741264,0.0569419401370357,0.007037730840939134,4
SAL,Cuneiform nucleus,616,131.03167642299383,-0.41455611314055535,13.469880116449529,-0.6727102841955727,0.004868373602596466,-0.7966020923932504,6
SAL,Nucleus of the lateral olfactory tract,619,106.09273364676139,-1.2333755387941805,12.76994016189496,-0.7995437104221369,0.01987017670393076,-0.5650825865307691,4
SAL,Motor nucleus of trigeminal,621,140.66599962532385,-0.0982327203698121,13.366459088772197,-0.6914508107205029,0.024810674359899025,-0.48883698003278864,5
SAL,Cortical amygdalar area anterior part,639,174.26713592545886,1.0049921987236585,24.040741649624625,1.2427948640602007,0.25030652722683017,2.9911905924626323,7
SAL,Nucleus of the trapezoid body,642,169.199336613821,0.8386013232596893,23.01131958973284,1.0562572531698888,0.23800937612693834,2.8014113821282427,2
SAL,Cortical amygdalar area posterior part,647,145.38704597926682,0.056773227504764004,12.86400821016852,-0.7824980013104545,0.005337179949513163,-0.7893671078350479,5
SAL,Nucleus of the solitary tract,651,169.39599034649075,0.8450580483054175,22.462352406905623,0.956781022057707,0.01146772448611612,-0.694755771304707,6
SAL,Abducens nucleus,653,161.4378404401637,0.5837683940473238,20.265900358600245,0.5587703969802854,0.04933285250631086,-0.11039163391142505,2
SAL,Facial motor nucleus,661,160.4013516319966,0.5497373936871705,21.175177757478775,0.723537056091115,0.08932564010097367,0.5068082026306222,0
SAL,Caudoputamen,672,120.15751494606883,-0.7715870721067172,7.735752731293224,-1.7117694462658002,0.0,-0.8717346243438153,0
SAL,Visceral area,677,159.3435103189413,0.5150053272896282,16.060522197200065,-0.20326999993946226,0.015001803101334294,-0.6402151184813341,5
SAL,Superior central nucleus raphe,679,85.04736477531809,-1.9243573902143956,6.937484339211764,-1.8564205903492867,0.004832311575910566,-0.7971586296669583,4
SAL,Ventral medial nucleus of the thalamus,685,155.01944201456047,0.3730333456683991,18.936983541980762,0.3179624934948914,0.13231157591056616,1.170200632890424,6
SAL,Ventrolateral preoptic nucleus,689,160.8909250396897,0.5658115400573448,20.49801147768533,0.6008303598489266,0.0013342949873782906,-0.8511427452166235,6
SAL,Ventromedial hypothalamic nucleus,693,137.84158844680792,-0.190966512646129,14.12622474280101,-0.5537765996646914,0.005337179949513163,-0.7893671078350479,1
SAL,Olivary pretectal nucleus,706,167.8945131814255,0.7957601016778466,21.603223554136996,0.801101588046704,0.007609087630724847,-0.754305259591451,6
SAL,Cuneate nucleus,711,164.1385130594288,0.672439482586514,20.986429023582918,0.689334624210837,0.023836999639379734,-0.5038634864229016,2
SAL,Ventral posterolateral nucleus of the thalamus,718,154.072333901368,0.34193697850341964,18.34620525471882,0.2109098330114963,0.0010818608005769925,-0.8550385061325787,6
SAL,Dentate gyrus,726,173.42228079244146,0.9772531000383238,24.081956249370684,1.2502632031117635,0.2149296790479625,2.4452275269551946,7
SAL,Orbital area medial part,731,140.25332075545174,-0.11178219110078895,13.35125906152769,-0.6942051491771277,0.015398485394879192,-0.6340932084705474,5
SAL,Ventral posteromedial nucleus of the thalamus,733,165.03501647446416,0.7018743474876584,19.152980716188495,0.3571025104088522,0.007717273710782546,-0.7526356477703273,6
SAL,Orbital area ventrolateral part,746,158.62992930671868,0.49157634716693005,17.25500603016394,0.013177819793103106,0.020952037504507755,-0.5483864683195325,4
SAL,Ventral tegmental area,749,164.06893240482844,0.6701549434162828,21.0984080793598,0.7096259180816602,0.02556797692030292,-0.477149697284923,0
SAL,Olfactory tubercle,754,145.7545433356596,0.06883925520251988,12.189464466402836,-0.9047294778889575,0.0022358456545257845,-0.8372293133739263,2
SAL,Ventral tegmental nucleus,757,165.83075516534132,0.7280008077662941,21.906746436051744,0.8561018017091848,0.11857194374323837,0.9581599316077191,0
SAL,Vascular organ of the lamina terminalis,763,122.74101934702671,-0.6867629635329566,10.20027863524829,-1.2651821891893484,0.0003606202668589975,-0.8661692516067364,0
SAL,Nucleus x,765,162.40059677108854,0.6153785385913644,20.719625871786437,0.6409882515681598,0.010710421925712225,-0.7064430540525727,2
SAL,Hypoglossal nucleus,773,129.45805189821436,-0.466222871476533,14.37954741451522,-0.5078729729531299,0.013487197980526505,-0.6635896839770653,0
SAL,Posterior amygdalar nucleus,780,141.17796891908435,-0.08142325066491403,15.596891498050951,-0.28728273516661673,0.03407861521817526,-0.34580690068986153,2
SAL,Nucleus y,781,79.4097010979976,-2.10945860223094,7.900778178056813,-1.6818658199741487,0.027912008654886404,-0.4409747744939103,4
SAL,Piriform-amygdalar area,788,173.19675084989927,0.9698482834157011,23.743486711274148,1.1889304403358112,0.22470248827984132,2.596049128130032,6
SAL,Periaqueductal gray,795,174.0420548850447,0.9976021208887199,24.052005294074224,1.244835905735339,0.07454020915975478,0.27862792041038825,7
SAL,Zona incerta,797,117.28660561331108,-0.8658475366358179,9.93179000230954,-1.3138339813851219,0.0026685899747565813,-0.8305508660894316,4
SAL,Dorsal peduncular area,814,163.9143077517184,0.6650781576524488,21.721965444970678,0.8226183492389421,0.0,-0.8717346243438153,0
SAL,Dorsomedial nucleus of the hypothalamus,830,161.3246536213294,0.580052135229897,16.72831702618622,-0.08226146824248588,0.019329246303642265,-0.5734306456363876,5
SAL,Dorsal motor nucleus of the vagus nerve,839,171.95817276011468,0.9291820928235672,23.93927259202883,1.2244080465237657,0.2827623512441399,3.4920741387997305,7
SAL,Parasubiculum,843,164.9873835692125,0.7003104179951245,21.34763882579514,0.7547880627566488,0.22729895420122612,2.636119811837,2
SAL,Dentate nucleus,846,103.16310986255759,-1.3295637728298717,12.51996938039776,-0.8448399540034854,0.04666426253155427,-0.15157539216580881,5
SAL,Parvicellular reticular nucleus,852,162.0184024496996,0.6028299659619739,20.662739502276104,0.6306800914129397,0.013847818247385502,-0.6580243112399865,2
SAL,Parasolitary nucleus,859,158.30383118692401,0.4808695791393989,19.45273883186208,0.41142052526527617,0.18521456905878111,1.9866408134198956,2
SAL,Parabrachial nucleus,867,168.18131534902477,0.8051766670975183,21.975941720501993,0.868640412983536,0.01994230075730256,-0.5639695119833534,6
SAL,Dorsal nucleus raphe,872,82.49530171144652,-2.008149186480221,7.233885145604367,-1.8027109405908097,0.0012621709340064912,-0.8522558197640392,4
SAL,Parabigeminal nucleus,874,129.72222137087294,-0.4575494045289419,12.582209623278759,-0.8335616390531775,0.003389830508474576,-0.8194201206152738,1
SAL,Retrosplenial area dorsal part,879,104.26034179344596,-1.293538395670938,11.433386945835634,-1.0417353764698585,0.03934367111431662,-0.26455245872850996,4
SAL,Dorsal tegmental nucleus,880,77.95923891943559,-2.1570815756119255,8.343684200866045,-1.6016085236107416,0.00998918139199423,-0.7175737995267304,4
SAL,Retrosplenial area ventral part,886,152.5966467948636,0.29348579595593943,14.240901945673022,-0.5329963849395696,0.02286332491886044,-0.5188899928130146,5
SAL,Retrosplenial area lateral agranular part,894,153.6549725720102,0.32823376874584753,18.787750866126306,0.2909206144588186,0.013703570140641904,-0.6602504603348179,6
SAL,Ectorhinal area,895,168.50562821197582,0.8158248198502781,19.613623839918066,0.4405738785885834,0.13790119004688065,1.256463910315147,6
SAL,External cuneate nucleus,903,137.52888096379857,-0.20123362636994446,13.208422516574439,-0.7200880099409693,0.031806707536963574,-0.3808687489334585,1
SAL,Paracentral nucleus,907,159.31603729648958,0.5141033065156634,19.980452684998063,0.507045522273845,0.001586729174179589,-0.8472469843006682,0
SAL,Lingula (I),912,154.6919512682103,0.3622808535824518,19.06248958758981,0.3407049611496677,0.04471691309051569,-0.18162840494603466,6
SAL,Entorhinal area lateral part,918,172.58675048107196,0.9498201628921759,23.400872868158825,1.1268467039921402,0.10173097728092319,0.6982570247861355,6
SAL,Central lobule,920,169.95850324567752,0.8635270144186815,22.9267513135194,1.0409329612039433,0.11229715109989181,0.8613224459825466,3
SAL,Perirhinal area,922,173.01583772940535,0.9639083693325259,21.401319316266093,0.7645152979053926,0.16202668589974756,1.6287873464257234,6
SAL,Entorhinal area medial part dorsal zone,926,145.35806436580108,0.0558216752154207,11.884048782418182,-0.9600726789321882,0.00569780021637216,-0.783801735097969,2
SAL,Culmen,928,174.18024080653424,1.0021391743589783,23.800898356560786,1.1993337836935176,0.3145329967544176,3.9823834769363797,6
SAL,Parafascicular nucleus,930,165.89720681144863,0.7301826123114001,21.85462196700061,0.8466565272153135,0.0425531914893617,-0.215020641368508,6
SAL,Pontine gray,931,163.87641195867894,0.6638339264206085,21.626336849446787,0.8052898593640526,0.16022358456545258,1.6009604827403292,6
SAL,Declive (VI),936,173.39686371518468,0.9764185820401903,23.840027801442826,1.2064242798545646,0.05445366029570862,-0.031363341044905076,7
SAL,Folium-tuber vermis (VII),944,94.15756571591466,-1.625242485115947,8.410066048258864,-1.5895797244411927,0.00032455824017309774,-0.8667257888804443,1
SAL,Posterior hypothalamic nucleus,946,93.39341746749528,-1.6503317375152624,6.55781119600857,-1.925219699880497,0.016408222142084386,-0.6185101648067264,1
SAL,Pyramus (VIII),951,174.49675913150955,1.012531409322207,21.42604285118677,0.7689953545474189,0.008186080057699243,-0.7454006632121247,7
SAL,Uvula (IX),957,172.055867047173,0.9323896858934293,23.284822787361442,1.1058177153401512,0.17940858276235125,1.8970383123529253,6
SAL,Piriform area,961,171.01005191282133,0.8980524745956908,22.880129975210686,1.0324848878592447,0.05470609448250992,-0.027467580128949842,6
SAL,Nodulus (X),968,151.5108632004267,0.25783630162259324,18.46342284562141,0.23215038167778881,0.12069960331770646,0.9909956307564844,6
SAL,Paragigantocellular reticular nucleus dorsal part,970,174.11343063432798,0.9999455983391525,23.291952596502064,1.1071096806234049,0.010926794085827623,-0.7031038304103253,7
SAL,Prelimbic area,972,169.65410809701743,0.8535328192744053,23.037130799161993,1.0609344031248937,0.26206274792643347,3.1726217436914035,2
SAL,Edinger-Westphal nucleus,975,169.95940869428952,0.8635567429809181,22.847561781671963,1.0265833308104624,0.02030292102416156,-0.5584041392462745,0
SAL,Paragigantocellular reticular nucleus lateral part,978,173.6112904137415,0.983458846245954,23.705060870700276,1.1819674416044108,0.03126577713667508,-0.38921680803907677,2
SAL,Dorsal premammillary nucleus,980,174.62163225688877,1.0166313642288778,23.705764271800867,1.1820949022115943,0.24980165885322755,2.983399070630722,7
SAL,Fasciola cinerea,982,153.0746575868954,0.30918030737527397,18.254121513835337,0.1942236926075754,0.01684096646231518,-0.6118317175222318,0
SAL,Primary motor area,985,173.86551070654457,0.9918056521234224,23.785345484055505,1.1965155075047191,0.22571222502704652,2.6116321717938527,6
SAL,Fastigial nucleus,989,130.71583966182425,-0.4249259703434694,10.759753059615694,-1.1638019812630693,0.008077893977641543,-0.7470702750332485,0
SAL,Secondary motor area,993,171.003140645964,0.8978255572155347,22.990043010028266,1.0524018060208105,0.03728813559322034,-0.2962750833298595,2
SAL,Fundus of striatum,998,152.85015215971026,0.30180912862911435,18.78708869769954,0.2908006254658213,0.012152902993148215,-0.6841815631042572,0
SAL,Primary auditory area,1002,170.2755034007844,0.8739350692935699,18.620835013660955,0.26067443502306864,0.01294626758023801,-0.6719377430826836,5
SAL,Ventral premammillary nucleus,1004,170.29558509106943,0.874594410720064,23.03314813068596,1.0602127190932094,0.06372160115398486,0.11166673829802205,2
SAL,Simple lobule,1007,170.77369550183033,0.8902921929176062,23.586940944369907,1.1605633842068817,0.2594302199783628,3.1319945227107278,2
SAL,fiber tracts,1009,173.0245234576978,0.9641935475421886,23.709509281005893,1.182773520921146,0.17746123332131267,1.8669852995726994,6
SAL,Dorsal auditory area,1011,103.47723514891177,-1.3192501084190071,11.175446646085346,-1.0884757457920464,0.07327803822574828,0.25914911583061223,4
SAL,Ansiform lobule,1017,163.81069667508956,0.6616762988399957,20.919185264900293,0.6771496414125665,0.0428416877028489,-0.21056834317884485,0
SAL,Ventral auditory area,1018,121.42135723344416,-0.7300913830091152,12.813542384778014,-0.7916427193680238,0.12978723404255318,1.131243023730872,4
SAL,Posterior complex of the thalamus,1020,82.25399863671502,-2.016071881793849,8.578107806009063,-1.5591295240405663,0.014893617021276596,-0.6418847303024577,1
SAL,Paramedian lobule,1025,173.71802134364975,0.986963139090727,23.862075271796442,1.2104194171322433,0.07677605481428057,0.31313323138027743,7
SAL,Posterior auditory area,1027,173.84154467953573,0.9910187764067309,24.066332090216967,1.2474320093436695,0.1888928957807429,2.0434076153381002,7
SAL,Posterior limiting nucleus of the thalamus,1029,168.82811284932816,0.8264129465366515,23.067025667377408,1.0663515371771506,0.03732419761990624,-0.2957185460561516,2
SAL,Copula pyramidis,1033,152.37997284580774,0.2863717478540646,18.43441633891762,0.2268942241971855,0.06819329246303642,0.1806773602378,5
SAL,Postsubiculum,1037,171.86926228137673,0.9262628982214538,19.500876707973838,0.42014340459055965,0.02008654886404616,-0.5617433628885219,5
SAL,Paraflocculus,1041,172.17555794842318,0.9363194930186551,23.452507923673178,1.1362032937419737,0.059430219978362786,0.045438802726783446,3
SAL,Flocculus,1049,170.15862794378242,0.8700977015497146,22.564224759412706,0.9752409191133855,0.03025604038946989,-0.4047998517028976,6
SAL,Gustatory areas,1057,165.1658744065909,0.7061708013424846,20.82161565234331,0.6594694273089501,0.019040750090155066,-0.5778829438260507,0
SAL,Parapyramidal nucleus,1069,168.64365588012345,0.8203566773941617,22.724083932892103,1.0042083848998495,0.017850703209520376,-0.596248673858411,2
SAL,Presubiculum,1084,97.0571371328101,-1.5300409593926234,10.514021319110899,-1.2083300845354055,0.004940497655968265,-0.7954890178458346,5
SAL,Medullary reticular nucleus dorsal part,1098,170.4727659927762,0.8804117849958734,23.1712836231719,1.0852437202262069,0.14413992066354128,1.352744858666611,7
SAL,Intercalated amygdalar nucleus,1105,143.5067558646729,-0.004962271289566762,14.186060766222162,-0.5429339440727453,0.012441399206635412,-0.6797292649145942,0
SAL,Medullary reticular nucleus ventral part,1107,158.0716803530813,0.4732473790269999,19.878676270325297,0.4886030097440132,0.04413992066354129,-0.1905330013253609,0
SAL,Parastrial nucleus,1109,159.53432355221213,0.5212702914252706,20.827671743825224,0.6605668283462738,0.04157951676884241,-0.2300471477586209,0
SAL,Interanteromedial nucleus of the thalamus,1120,136.6475709523313,-0.23016964678938875,14.784943891345641,-0.43441263710288996,0.026505589614136314,-0.46267972816851793,2
SAL,Tuberomammillary nucleus dorsal part,1126,146.17657217924216,0.08269571328946265,16.350418317633203,-0.15073903929767055,0.03393436711143166,-0.34803304978469307,4
SAL,Median eminence,10671,166.7241645194348,0.7573340854740234,21.833646968602892,0.8428557284545507,7.21240533717995e-05,-0.8706215497963995,0
