drug,region,region_id,wdeg_lo,wdeg_med,wdeg_hi,closeness_lo,closeness_med,closeness_hi,betweenness_lo,betweenness_med,betweenness_hi
PSI,Tuberomammillary nucleus ventral part,1,167.8166613795236,180.1283480551262,194.18030466356498,22.005915203598132,121.78622230750872,164.5311855482467,1.8031013342949874e-05,0.21994230075730256,0.44959730736867354
PSI,Inferior colliculus,4,168.2142708646142,179.50035415426015,194.24013228705348,21.92767499703367,121.66291940797858,163.2728441241379,0.0,0.010800576992426975,0.4430941218896502
PSI,Principal sensory nucleus of the trigeminal,7,102.67580070142239,145.84764253388573,194.04126864882102,15.747610904501352,85.8775355522051,121.79240443607034,0.0,0.06401009736747205,0.21680490443562928
PSI,Interfascicular nucleus raphe,12,168.00441138413066,180.29610307057698,194.13261622443008,21.988476813729324,121.45447895991155,164.72694798133986,1.2020675561966582e-05,0.011684096646231518,0.44129102055535524
PSI,Induseum griseum,19,168.80465969060822,178.36269864580473,194.04844742578095,21.549638873622165,120.65835134180989,159.38482801858365,0.0,0.00284890010818608,0.40414713306887845
PSI,Anterior amygdalar area,23,161.11780306760423,178.17433713089227,193.50203381979253,21.638200157690733,119.20916033060864,161.3492165934769,0.0,0.2872701045798774,0.4277677605481428
PSI,Intergeniculate leaflet of the lateral geniculate complex,27,167.3107760515641,177.91458653271656,192.85973643795234,21.541242784997944,118.85190062142826,161.4917203987523,0.0,0.0,0.45315542733501624
PSI,Periventricular hypothalamic nucleus anterior part,30,166.92489566587363,178.27902736117537,194.00202076276798,21.540046236690817,120.51821296705938,156.92877808332852,0.0,0.3553552109628561,0.45735665344392357
PSI,Paraventricular hypothalamic nucleus,38,168.3722160541868,178.4904884889915,193.9284124192502,21.525172175138575,120.52616740659592,157.79475627421462,7.21240533717995e-05,0.357554994590696,0.4753696357735305
PSI,Anterior cingulate area dorsal part,39,140.63822708834363,164.33047553050056,194.13809198437406,18.028705648663045,93.7497625529588,163.74280290829375,0.0,0.0,0.21777857915614857
PSI,Infralimbic area,44,167.43213653881216,175.73580981807677,193.41777810717292,21.055160352322925,118.56082295772023,156.88229958994418,0.0,0.0028789517970909968,0.45459790840245223
PSI,Anterior cingulate area ventral part,48,163.48122736587862,174.36745480539832,188.49573606788078,18.68454899648649,110.22030090709421,157.00015427426405,0.13119365308330327,0.374828705373242,0.44197619906238733
PSI,Nucleus accumbens,56,165.697819387123,177.06274503190957,190.61970092201238,18.75418893434063,112.1446371731646,159.94896922151838,0.0,0.027978122370477226,0.4404615939415795
PSI,Paraventricular hypothalamic nucleus descending division,63,112.0252193244975,130.17390150871293,191.62652249803574,12.792845396167241,66.678749541976,163.96031288529664,0.0,0.0,0.1001442481067436
PSI,Lateral terminal nucleus of the accessory optic tract,66,117.06277419799534,125.16017041113689,186.47101196025864,14.307280404439563,58.28091841306004,148.84531278214936,0.0,0.06923909123692752,0.2160476018752254
PSI,Anterodorsal preoptic nucleus,72,165.36161269192746,177.48410578611407,194.13406969185294,21.330827740409266,121.18347732914746,158.76022573734028,0.0,0.004543815362423368,0.42196177425171294
PSI,Dorsal terminal nucleus of the accessory optic tract,75,166.93274043927414,177.99584145575477,194.14022370351222,21.681386795934728,121.3924238762133,160.16425355874264,0.0,0.05268662098809953,0.44670032455824016
PSI,Inferior olivary complex,83,155.0272896506141,174.35008911856983,187.6383569720352,19.5303506438921,106.23875820295052,132.6601132508057,0.0,0.29722322394518574,0.4263974035340786
PSI,Anterior hypothalamic nucleus,88,151.10030811697428,168.7753455303303,190.1029879095368,18.200196320280554,110.83275878312867,125.21677326986021,0.0,0.006996033177064551,0.32445005409304
PSI,Interposed nucleus,91,162.8833107976839,176.87357080517933,193.04872531799697,21.665139362080446,117.94946281532421,159.6794685304026,0.0,0.3931121529029932,0.4424810674359899
PSI,Dorsal cochlear nucleus,96,119.75635460834525,141.8436498348753,190.31548816571984,15.270728406695143,85.151445255298,160.37583172574818,0.0,0.08862243058059863,0.37641543454742155
PSI,Interpeduncular nucleus,100,164.55375065209196,178.48945356221174,192.6126062121057,20.302709772508386,117.49262514925883,147.54981195230175,0.0,0.29790840245221784,0.47713667508113955
PSI,Ventral cochlear nucleus,101,156.9067980569906,174.76562040712355,194.01059164424453,20.714529053124334,113.1937202763914,164.76786960258605,0.0,0.025279480706815724,0.42163721601153986
PSI,Agranular insular area dorsal part,104,169.94119582340107,180.11472651001162,194.2051489065837,20.827907788460614,121.42061229817526,164.51691786681923,0.0,0.0,0.3983050847457627
PSI,Inferior salivatory nucleus,106,159.54808437088914,176.2674434616864,192.75779211782444,19.79579597863509,104.65466208168715,158.68289881433057,0.0,0.006202668589974756,0.3996754417598269
PSI,Agranular insular area posterior part,111,167.93604441462952,179.6135251844923,194.21605404353235,20.19146408925948,115.65226358601129,163.83183043715965,0.0,0.40652722683014786,0.4591417237648756
PSI,Trochlear nucleus,115,104.73132477523077,133.50242040943334,172.56190045230983,9.459747083056019,57.12508258955809,127.27215783298054,0.00010818608005769924,0.060692390912369276,0.3191489361702128
PSI,Periventricular hypothalamic nucleus intermediate part,118,150.57231843407106,167.49429569651227,187.10759578401428,17.223358241018772,96.6463005828096,145.10175937261985,0.0,0.0425892535160476,0.44958528669311215
PSI,Agranular insular area ventral part,119,166.31722345505665,180.33011423427104,193.99262209529815,22.020311747876377,121.17309966801237,163.75668307471096,0.0,0.11734583483591778,0.4577353047241255
PSI,Periventricular hypothalamic nucleus posterior part,126,167.39189626588882,177.80223503156344,190.78591742058825,19.022783841968486,117.19265017113327,158.50051865621853,0.0,0.142084385142445,0.4679047962495492
PSI,Anteromedial nucleus,127,160.44668787950312,176.9567979610256,189.94831187963376,18.415727964660718,109.31810376652345,159.67712609905527,0.0,0.005989902632527948,0.40721240533717995
PSI,Midbrain reticular nucleus,128,138.12577174845507,162.27530230513938,193.52812188487172,17.94703795115454,93.75972964001204,162.54507642509122,0.0,0.20447169130905157,0.42347637937252075
PSI,Nucleus ambiguus,135,167.30096129722858,177.11810631088662,193.02785285137895,21.224355948753367,118.49756593733699,153.54239895252974,0.00843851424450054,0.384890010818608,0.45622069960331774
PSI,Intermediate reticular nucleus,136,118.3135489768272,142.69576113600186,174.77460924726043,12.878192698753269,58.47421674160407,124.48642236983343,0.0,0.0,0.2547060944825099
PSI,Pontine reticular nucleus,146,143.1514872779585,168.611188174618,188.03290086221625,13.499612528774897,90.80103216028128,147.49448007684998,0.0,0.03274432023079697,0.47681211684096647
PSI,Locus ceruleus,147,168.9055436508296,180.36907176230432,193.99562495773012,21.73160867941164,121.17230325071989,164.86637104933598,0.0,0.20499459069599713,0.47710061305445367
PSI,Paraventricular nucleus of the thalamus,149,121.3888174178515,141.49704204447877,189.9482704672717,16.16749254530633,82.74982925097125,159.33515625237814,0.0,0.00011299435028248587,0.38882077172737106
PSI,Accessory olfactory bulb,151,149.5764774860396,170.26492202436623,184.21786017707893,18.908667233349632,106.03600259672147,133.3636555170185,0.0,0.04825099170573386,0.3577353047241255
PSI,Lateral dorsal nucleus of thalamus,155,140.67224223366537,164.35719077050783,189.58638291674953,18.39241019676031,95.91223791941255,156.2067476144283,0.0,0.2412910205553552,0.3627839884601515
PSI,Anterior olfactory nucleus,159,168.25247206985858,180.38010360837296,194.0048315647863,21.94592406075754,121.17230325071989,164.6174347447892,0.0,0.0012982329606923905,0.41056617381896865
PSI,Nucleus prepositus,169,165.90212046268744,175.94556143597643,190.00416261363603,18.81226884370345,112.2060694889469,159.4617842409426,0.0,0.014929679047962496,0.4122610890732059
PSI,Dorsal part of the lateral geniculate complex,170,143.97015449155845,167.02671941972733,189.9080890069372,17.290769781368382,102.89482528337291,159.6722148078336,0.0,0.10710421925712225,0.39332852506310856
PSI,Retrochiasmatic area,173,167.0123774174524,175.51937613182628,193.11544469021726,21.03707070479515,118.23411747605941,156.1638324664477,0.0,0.36581319870176704,0.4571222502704652
PSI,Nucleus of Roller,177,146.18032934064607,168.4739816964199,192.1712103535849,16.66186695972028,106.3525502093841,163.97567326795573,0.002326000721240534,0.32044716913090515,0.4285971871619185
PSI,Ventral part of the lateral geniculate complex,178,168.49114965552994,180.09376199758046,194.22168163440543,20.192554379172975,116.48591893897603,164.4861933877514,0.0,0.01139560043274432,0.44976559682654166
PSI,Nucleus of reuniens,181,169.16584527065956,178.9161582489533,194.19002635738286,21.77269701103234,121.59245539304364,162.2851522085109,0.0,0.22969707897583844,0.47655968265416515
PSI,Frontal pole cerebral cortex,184,162.83738975323803,176.75038188970694,189.00072421186843,20.843984413667663,112.58353218736474,145.09758917714422,0.0,0.08345654525784349,0.46123332131265776
PSI,Lateral habenula,186,85.26215677642179,126.23145833653115,154.93922191987988,7.823303634826895,53.971162480316735,97.5347932174457,0.0,0.0032455824017309774,0.1700685178507032
PSI,Rhomboid nucleus,189,154.1726060692481,174.7037483253095,185.95522529250186,17.86206867300434,105.92523252372182,145.86351688836425,0.0,0.05084745762711865,0.34500540930400286
PSI,Lateral hypothalamic area,194,112.14575416739606,136.34268416878243,183.86536349239776,10.281831314712342,67.71760887158426,125.38565307318454,0.0,0.10915975477821854,0.44727731698521456
PSI,Rostral linear nucleus raphe,197,104.2995607437312,125.26177425898601,190.03195840082265,11.756136772672734,51.61219261291875,160.203944026344,0.0,0.059502344031734586,0.19026325279480708
PSI,Medial vestibular nucleus,202,155.52114985536502,174.83862977478822,193.53003028710083,20.932545073476955,113.7030029634995,160.07172204371815,0.0,0.21943743238369998,0.4249909844933285
PSI,Linear nucleus of the medulla,203,159.1472992217635,177.15158617390335,193.97014011906555,20.913160197561623,114.15048180714834,164.5959869001461,0.0,0.23543094121889652,0.419798052650559
PSI,Nucleus raphe magnus,206,166.5558115690966,178.32034743712472,192.769409928021,21.27164504972892,118.709052813689,149.42272112226954,0.0,0.30263252794807066,0.45593220338983054
PSI,Area postrema,207,134.54731332681888,151.5447721413022,194.17721314193642,15.557341575448849,85.41170532556335,121.89283520067555,1.2020675561966582e-05,0.05166486356533239,0.21078254597908402
PSI,Lateral vestibular nucleus,209,163.86416262367754,173.11889150674415,191.29016252044306,20.11518005995117,114.46247195450778,150.42278856313587,0.0,0.13245582401730976,0.3869455463397043
PSI,Lateral mammillary nucleus,210,164.3050292979291,175.95826162076946,190.68327799047026,19.719957473539743,113.46552959093357,144.39231266671413,0.0,0.01698521456905878,0.4671474936891453
PSI,Red nucleus,214,107.6520287116889,125.81657341779581,170.21529505394813,11.99668101666639,52.060313272235874,120.17471150267839,0.008690948431301838,0.12621709340064913,0.301081860800577
PSI,Anterior pretectal nucleus,215,163.97495076277772,176.943559347257,193.4805518626805,20.09545749840164,110.93275090796382,159.44170290584717,0.0,0.05622069960331771,0.4222863324918861
PSI,Superior vestibular nucleus,217,91.23564451183769,118.76246961565998,189.97529176072717,11.955283493614912,50.107671608655835,159.74503183301994,0.0,0.07262892174540209,0.17814641182834476
PSI,Lateral posterior nucleus of the thalamus,218,118.33882398742517,137.25162380085868,191.91023405475443,14.23411207243619,74.82029967788166,164.76836975097308,0.0,0.1286332491886044,0.39314821492967905
PSI,Lateral preoptic area,226,157.40595279669606,175.66493536543163,187.3844180055405,17.704582461972024,105.34762148126603,147.38474802149372,0.0,0.34807068157230436,0.46786873422286335
PSI,Nucleus raphe pallidus,230,164.85645940928748,174.4999463823126,188.7066029854579,18.75514753314708,112.13451987455642,157.0706159075802,0.0,0.1292823656689506,0.3912729895420123
PSI,Anterior tegmental nucleus,231,154.7823682003766,172.17761278966788,194.08190249949615,20.533860685415384,113.42142652451099,164.83622910283813,0.0,0.1064100252434187,0.38333934367111433
PSI,Lateral reticular nucleus,235,143.68245071189733,164.35224136856286,188.88062367127375,18.333803310273776,108.57477306289515,116.18883007619917,0.0,0.009736747205192933,0.37670393076090875
PSI,Nucleus raphe pontis,238,122.57794363191242,144.79807354326633,185.27263545154443,11.457995655769702,71.70863182161762,110.58102150603595,0.0,0.07868734222863324,0.366534439235485
PSI,Midbrain reticular nucleus retrorubral area,246,105.33200788849209,138.83397856023151,185.51726820292356,8.34832256878956,78.26435320042658,139.72398292562482,0.0,0.07944464478903715,0.4566714749368915
PSI,Lateral septal nucleus caudal (caudodorsal) part,250,115.72460856055417,146.5476888833034,184.18566327183774,10.848197899403752,79.2792294266398,108.43596052433311,0.0,0.07576631806707537,0.21089073205914172
PSI,Lateral septal nucleus rostral (rostroventral) part,258,145.9343679675622,165.54472015063686,194.0153877487533,19.480782302557277,111.1715616829598,164.26030873727262,0.0,0.00010561022100870639,0.474107464839524
PSI,Reticular nucleus of the thalamus,262,143.1758980052724,162.9475267959125,192.46864971533853,19.106987486292276,102.51058453374978,119.55039434072378,0.0,0.23159033537684817,0.4265055896141363
PSI,Anteroventral preoptic nucleus,263,100.23269980816724,147.07078046514556,194.10509615159566,15.778172662583932,86.30341244364398,122.0061805351702,0.0016227912008654887,0.04626758023800938,0.4311395600432744
PSI,Anteroventral periventricular nucleus,272,153.75762566380695,172.9493657576883,193.65836998565368,20.82028646649721,113.45868437699355,160.80232664471458,0.0,0.00010818608005769924,0.35376848178867654
PSI,Barrington's nucleus,280,157.8539495287288,174.89825770301923,187.9513525891703,19.72882663842354,106.68610150915913,135.78306990654403,0.0,0.022466642625315544,0.4250631085467003
PSI,Suprachiasmatic nucleus,286,145.2858501004293,163.93208920790613,187.85245027052522,16.634208752282852,90.1008848884457,140.15405162262212,0.0,0.18932564010097366,0.34789037143887486
PSI,Bed nucleus of the anterior commissure,287,96.92265094874864,131.41958396761345,165.92096267875306,9.007822667234565,60.77540529271146,112.86593019252582,0.0,0.04082221420843851,0.14680851063829786
PSI,Bed nucleus of the accessory olfactory tract,292,138.94595077013213,166.07083324107467,183.482371261654,17.50630493892242,105.33053222151112,124.13070612831363,0.023332131265777135,0.2966822935448972,0.4019473494410386
PSI,Superior colliculus motor related,294,153.00102279722108,172.08632526497956,189.1720197911326,19.291425201654828,99.84757980802274,152.1618359270402,0.0,0.10108186080057699,0.39505950234403175
PSI,Basolateral amygdalar nucleus,295,164.73055081951077,176.41511803865805,192.39230747218463,21.711996599162596,115.82957078535902,158.61768471087188,0.0,0.0017790599831710493,0.45459790840245223
PSI,Magnocellular nucleus,298,148.0784505806098,169.69453742483603,192.31944276725721,16.64654591273977,106.85513106217552,163.97567326795573,0.0,0.005914172376487559,0.35294506551268184
PSI,Superior colliculus sensory related,302,142.64323329789283,163.1969986727985,189.1839782685359,18.38647955551819,109.2751965079182,115.86026900837018,0.0,0.009063589373722803,0.37631926914292585
PSI,Basomedial amygdalar nucleus,319,101.17315552354954,119.65021036925958,190.03959648765235,11.881854385645235,50.33056160963582,160.28752814657216,0.0,0.005156869816083664,0.1699242697439596
PSI,Suprageniculate nucleus,325,118.74708960103601,139.9847308388055,190.118767447489,15.138967630689475,78.72748521889744,161.0018228067227,0.030941218896501983,0.15935809592499098,0.4216516408222142
PSI,Primary somatosensory area barrel field,329,168.29080486456445,178.3800385710607,193.84173990421365,21.52776047441566,120.15658949407793,157.09911750534098,0.0,0.19931482149296792,0.4683014785430941
PSI,Accessory supraoptic group,332,91.62366517975784,122.43528750505683,179.77414196581282,9.864780807103193,51.010831908919286,133.0036352381465,0.015434547421565092,0.0723404255319149,0.3605481428056257
PSI,Septohippocampal nucleus,333,94.99004064092003,123.5080272860539,175.07702848231023,9.095283130841194,52.544158525054414,127.38877129528366,0.0,0.09707897583844212,0.2601153984853949
PSI,Primary somatosensory area lower limb,337,125.3641341009816,149.7983834889164,194.07388518475184,15.659483888089072,84.47463004083474,164.2899796110693,0.0047601875225387665,0.18139199423007574,0.44976559682654166
PSI,Subfornical organ,338,118.04987687717531,132.37979091094212,185.9386722651574,13.059430920113506,59.1688396308563,148.77417159979032,0.0,0.08862243058059863,0.23617021276595745
PSI,Primary somatosensory area mouth,345,167.3721165923062,179.7817556967656,194.2257045218534,21.97097641429941,121.89770963923324,163.7775372413571,0.0,0.2133429498737829,0.46631806707536966
PSI,Subparaventricular zone,347,123.53532108439083,147.53746980894303,178.5899868455404,12.335896207586881,79.491810047786,118.93480948504491,0.010205553552109628,0.21684096646231518,0.411503786512802
PSI,Subceruleus nucleus,350,156.62028240247187,174.03975595414573,194.2150413383098,20.350755371168994,112.85079454962089,163.42684570925675,0.0,0.004832311575910566,0.44908041831950957
PSI,Bed nuclei of the stria terminalis,351,167.09365402850378,176.70442371436366,190.63410139573003,18.93976957918604,115.48101390749568,158.9932280541997,0.0,0.36105902151700925,0.45805986296429857
PSI,Primary somatosensory area nose,353,155.40330170407196,174.45918870346438,188.01970669548922,16.99803255918004,103.30194633407497,146.92667518972044,0.0,0.013126577713667507,0.32152902993148214
PSI,Preparasubthalamic nucleus,356,164.2868387824593,177.2128942390405,190.07975326245645,20.943993325891675,116.84985224369852,149.02910924524096,0.0,0.003858636855391273,0.41936530833032815
PSI,Sublaterodorsal nucleus,358,156.18505814430415,165.687470333772,185.74187430629684,17.179717847115317,101.61179841362284,148.11202740142437,0.0,0.27508113956004326,0.39177785791561487
PSI,Primary somatosensory area trunk,361,122.16987300610229,151.00280031330087,191.12662074810964,18.04679945339171,94.90613857906263,117.88108537937794,0.0,0.02614496934727732,0.42005048683736024
PSI,Mediodorsal nucleus of thalamus,362,77.13441519623747,129.2997919897353,182.78806171179133,6.871167312360611,67.97685394139972,126.34954241652996,0.0041831950955643704,0.12607284529390553,0.4288135593220339
PSI,Parasubthalamic nucleus,364,106.40771591628177,122.61631970577494,182.49716596185547,13.405255032626531,52.24289933882463,140.90539051897534,0.0,0.09661016949152543,0.1879913451135954
PSI,Submedial nucleus of the thalamus,366,91.84059780890878,119.64446669705885,174.18725001529532,10.894408560252618,56.892050650240705,124.77589564116202,0.0,0.10306527226830148,0.3059502344031735
PSI,Primary somatosensory area upper limb,369,140.73922478413863,153.4645769781452,192.6624788545784,17.612454604763347,88.31525735239015,126.94360088387465,0.0,0.10793364587089795,0.3524702488279841
PSI,Infracerebellar nucleus,372,103.75972064645055,126.19057899576691,190.5065262933241,10.776665613249804,51.85689564455774,160.87786255289978,0.007645149657410747,0.09228272628921745,0.4326229114076211
PSI,Substantia nigra compact part,374,105.24947133354529,128.6179471692074,171.53339497693196,12.01630928691888,52.91600105916249,121.3251736331661,0.0,0.0,0.03836999639379733
PSI,Supplemental somatosensory area,378,156.30076702052833,174.81293728947406,188.09249075122665,17.07693477769146,103.89167471353159,147.31638595366215,0.0,0.32994951316263976,0.4717994951316264
PSI,Field CA1,382,90.36208636119117,133.04097076568925,162.95788560425063,7.748093839368022,66.54519246559761,89.13146439099428,0.0,0.07051929318427697,0.26112513523260006
PSI,Primary visual area,385,124.40551253778199,160.1538818536037,180.04086929451634,16.007237285156233,97.02079571490238,121.04496909499072,0.0,0.0019473494410385864,0.17901190046880636
PSI,Supraoptic nucleus,390,153.8428091823514,169.28794510091018,190.7400578254793,17.422571265725615,107.1006307811367,143.8884583809965,0.0007452818848419291,0.020555355210962856,0.40800576992426973
PSI,Anteromedial visual area,394,123.75513381616368,148.77592206773673,189.86853078537865,15.948701614432494,90.99640958823153,159.93767855681935,0.0,0.042718046468497244,0.35451376367351856
PSI,Medullary reticular nucleus,395,145.97672354823965,164.01662828159476,191.76151804709735,19.144799532456215,107.47738775212832,120.08848685618845,0.0,0.22477461233321314,0.41839163360980886
PSI,Superior olivary complex,398,168.07981866702318,178.14904824531823,193.6535522412973,21.506497955108607,119.73517821286542,156.14993928725565,0.0,0.19812477461233322,0.43692751532636137
PSI,Anterolateral visual area,402,80.96323579097007,123.84620719632018,179.67838891124933,7.107683999605515,55.81018550240157,134.6505507315282,0.0,0.057554994590696,0.2996033177064551
PSI,Medial amygdalar nucleus,403,111.68910028284805,128.5344037060703,187.50105162388797,8.780083505336904,52.876006853741956,145.01403592114457,0.0,0.0,0.09235485034258925
PSI,Lateral visual area,409,168.35896671429828,179.46613301218355,194.23982807525482,21.911590655156655,121.8013921588497,163.19785489469345,0.0,0.0023380213968025,0.45149657410746485
PSI,Field CA2,423,123.49273192622935,145.98765015709773,190.8140216398387,15.934089563750279,84.8769417671269,161.69323616967245,0.0,0.1901009736747205,0.44496934727731696
PSI,Posterolateral visual area,425,98.06661613290112,131.1226321128766,168.22613419622894,9.01567689224898,60.65824278333897,114.45838954470045,0.0,0.010205553552109628,0.1998918139199423
PSI,Spinal nucleus of the trigeminal oral part,445,167.18086420421244,180.25205169744115,194.14567777668265,21.99505326908248,121.52115448720409,164.68361640555406,0.0004796249549224667,0.02618103137396322,0.42980526505589617
PSI,Field CA3,463,89.34477322978137,129.7640673340967,158.79235622048614,9.151200009977954,58.038789811706074,107.7773383268001,0.013306887847097007,0.11236927515326361,0.2432383699963938
PSI,Medial geniculate complex,475,118.09589289097622,130.03472207650688,189.80048406166856,14.164188445561082,61.15931696614457,160.37814463221957,0.0,0.0038466161798293118,0.4012312606254186
PSI,Medial mammillary nucleus,491,115.7338140012492,135.61080677075824,176.20525890595383,10.072403781363818,57.683122091849334,123.40280700189189,0.0,0.04038946988820772,0.2404615939415795
PSI,Subiculum,502,151.90062785188195,171.84427305368837,193.8455743317519,19.17493611708518,106.44522368655464,162.2227323417019,1.8031013342949874e-05,0.0427695636494771,0.4279841327082582
PSI,Main olfactory bulb,507,160.76593529263437,178.22808393536837,191.05407668853206,18.37939483576151,111.70539521357102,161.93922636553097,0.0,0.311161197259286,0.46112513523260007
PSI,Medial preoptic nucleus,515,89.19014237628937,128.8862171539663,165.44284701026044,7.512201397549554,55.39166542369901,118.17115991566548,0.004002884962134872,0.08355571583122971,0.2631085467003246
PSI,Medial preoptic area,523,87.33434424607539,126.07040702759792,182.39662271736114,8.305746143650234,64.1889095954595,140.15117929158498,0.0,0.05106382978723404,0.3415073927154706
PSI,Medial pretectal area,531,97.95750542808727,132.3414624894287,163.71623869900523,9.854555391094094,56.77680865262485,110.99057380904361,0.0,0.03498016588532275,0.30926794085827625
PSI,posteromedial visual area,533,167.54567464666053,177.25589301057778,193.89152254304196,20.837149210048413,116.75522916741656,160.16567665893658,0.0,0.07324197619906239,0.4456184637576632
PSI,Central amygdalar nucleus,536,124.87679921124332,148.76534323895868,183.8361289048034,15.836930068426808,85.14375842883801,142.3483487915644,0.0,0.16213487197980528,0.316913090515687
PSI,Temporal association areas,541,159.4043618370277,175.37552176977826,186.74308832901318,20.194131459772585,108.88393901567053,142.23927603172757,0.02307969707897584,0.3564010097367472,0.44468085106382976
PSI,Medial septal nucleus,564,133.7826103159127,159.4844761092849,187.37427997113264,16.29242672344339,89.29326280301932,151.86960987004724,0.0,0.21950955643707176,0.40468806346916697
PSI,Postpiriform transition area,566,103.57561356813193,128.9181164714723,173.3270453582121,10.689388012563924,53.718948644272885,125.16662619863544,0.0,0.06346916696718356,0.30447169130905155
PSI,Tegmental reticular nucleus,574,130.20278143056208,152.87958178435701,192.20692530220248,17.481270484293436,87.3221349267005,126.0057044320084,0.0,0.07609087630724846,0.40566173818968626
PSI,Central lateral nucleus of the thalamus,575,126.12166052357944,154.2356785652687,191.06822103287737,17.158816270626488,86.65268859349048,127.98662637507577,0.0,0.002271907681211684,0.35073927154706097
PSI,Accessory facial motor nucleus,576,100.23971207163156,148.50276485905056,192.1153835254638,15.645758305804263,82.092854034078,117.49831241618003,0.0,0.13404255319148936,0.4031373963216733
PSI,Taenia tecta,589,127.37266397438313,153.13730838372652,189.07002397984314,16.141762999322108,92.25313398653799,158.62572978158886,0.0,0.0,0.4076571703329722
PSI,Central linear nucleus raphe,591,102.89700815508327,135.1178873288915,190.96206953830506,6.653658762555394,58.06102262475305,150.98539680648534,0.0,0.06318067075369636,0.4014064190407501
PSI,Diagonal band nucleus,596,125.68294118740427,153.62179598671347,181.9805015973323,14.795664075010876,84.34390414500665,137.6465976358148,0.0,0.03400649116480346,0.3686260367832672
PSI,Central medial nucleus of the thalamus,599,151.4789766221237,163.80095273031185,183.45340235025856,16.563875346032084,98.13184835562623,141.42614577882074,0.03523260007212405,0.30674359899026327,0.4142805625676163
PSI,Subparafascicular area,609,151.48370791449915,170.03471148524977,193.89341793622617,20.60279072541266,113.57115710415121,163.042238691394,0.0,0.24832311575910565,0.46729174179588895
PSI,Nucleus of the lateral lemniscus,612,149.91424085825517,166.7650450699124,193.4744247272905,17.46418324294307,106.7630955240064,132.71176658231602,0.0,0.0071222502704652,0.40988099531193656
PSI,Tuberal nucleus,614,156.53281713795556,173.93092296034098,193.93226795013842,18.518704057630615,112.2047730739838,145.8810661596514,0.00021637216011539847,0.17821853588171654,0.4304002884962135
PSI,Cuneiform nucleus,616,117.00252866369041,155.04931595596543,184.0485911537898,14.213327894545726,81.76575117621591,134.11910165447603,0.002596465921384782,0.16357735304724125,0.405048683736026
PSI,Nucleus of the lateral olfactory tract,619,148.21079627472898,167.28932885713073,194.17334002025945,19.776799547610693,113.05565346497542,163.22636206660283,0.0,0.009325039067195577,0.43386945546339706
PSI,Motor nucleus of trigeminal,621,123.24717930215307,152.75727163010197,194.10086937104958,13.797226856440517,85.51994486030625,131.1646234419848,0.0,0.005048683736025965,0.4318067075369636
PSI,Cortical amygdalar area anterior part,639,165.45286899209606,177.03751776523245,192.83836769506405,21.76878470259172,117.4665634309703,159.84220251042407,0.0,0.1568698160836639,0.43555715831229713
PSI,Nucleus of the trapezoid body,642,123.02548484709456,145.92789397064752,185.16427228382565,11.959587704628166,81.86780222736472,128.61885397486756,0.0,0.13804543815362424,0.46314460872701047
PSI,Cortical amygdalar area posterior part,647,163.18478039596752,175.9766276853399,190.75804570936117,21.268592052133133,114.63944716996514,149.03807319043608,0.0,0.11096285611251352,0.38265416516408224
PSI,Nucleus of the solitary tract,651,102.97452507340228,144.33042373316255,174.19517669304503,11.618833277873389,65.7884525050068,111.31820384456448,3.606202668589975e-05,0.062351244139920665,0.34597908402452215
PSI,Abducens nucleus,653,105.32696116106187,126.40302294457962,175.04526019579035,12.194994597537303,52.26503492316231,125.62611365635851,0.0,0.10562567616300036,0.3094121889650198
PSI,Facial motor nucleus,661,103.6634761962681,139.05218140280084,181.06563378009193,9.633389922082623,82.30069701687242,121.15687438310339,0.005403293665103979,0.0867652362062748,0.2970068517850703
PSI,Caudoputamen,672,129.2418910575935,159.83371121470594,183.93365185500687,16.9442056764886,96.68204091761626,114.23331966398122,0.0,0.04186801298232961,0.35228993869455466
PSI,Visceral area,677,163.1967075579838,179.24224345663222,193.6915286108221,21.79344258245667,119.87980182072587,163.40354226888596,0.0,0.1694915254237288,0.46480346195456185
PSI,Superior central nucleus raphe,679,118.43809517061086,138.21588212363724,191.52822408435466,14.615035555114892,77.723322946259,163.69132224113554,0.0,0.10389469888207717,0.41666065632888566
PSI,Ventral medial nucleus of the thalamus,685,123.00788935967975,147.82329558366553,189.3708903825776,11.680905063624976,79.95084567501993,116.03766634629761,0.0,0.00980887125856473,0.19177785791561486
PSI,Ventrolateral preoptic nucleus,689,90.53362682207631,121.66543145650695,160.64400986940177,9.962975215655895,60.1346286451311,109.57484414533903,0.020735665344392355,0.12008654886404616,0.2530833032816444
PSI,Ventromedial hypothalamic nucleus,693,96.81022560872319,127.49008024470405,184.354129600814,9.690476268809334,53.78009521055095,143.09687601646183,0.0,0.0995672556797692,0.380201947349441
PSI,Olivary pretectal nucleus,706,134.95440874208188,157.624515819218,189.0199613949532,18.564171727958524,100.56111119813275,115.86026900837015,0.0,0.003137396321673278,0.223746844572665
PSI,Cuneate nucleus,711,83.03826742893622,129.61468733237098,173.35652441159172,6.269508501051521,61.38927895479101,110.64986001847272,0.007573025604038947,0.09736747205192932,0.34915254237288135
PSI,Ventral posterolateral nucleus of the thalamus,718,92.26561031796354,136.07485583320283,183.16922345050685,8.223052422448397,76.30932141905355,134.9012860370253,0.0,0.01878831590335377,0.41943743238369996
PSI,Dentate gyrus,726,153.60652890352586,171.08393255601192,188.77883284273892,17.815214502036216,100.87295780501708,157.63941226005971,0.0,0.11868012982329607,0.3602596465921385
PSI,Orbital area medial part,731,123.25636386650012,153.0987499720454,194.1366330939017,13.788808838154553,85.31074944540964,136.76115398309275,0.0,0.10602235845654526,0.36462315182113236
PSI,Ventral posteromedial nucleus of the thalamus,733,92.02669636679511,136.97579968311373,158.13527090911413,8.857183995121066,58.518182055199745,105.56693217273163,0.0,0.09069599711503787,0.2129102055535521
PSI,Orbital area ventrolateral part,746,142.93720916389452,154.53100153448054,193.51574306569734,17.918666626677222,91.26187790420862,124.66470103274214,0.0,0.16262170934006492,0.33818968626036783
PSI,Ventral tegmental area,749,106.90993372073348,148.38204478355885,188.85570850450452,14.271079358732024,77.27934416073202,115.06593452636494,0.001111912489481909,0.05910566173818969,0.34908041831950953
PSI,Olfactory tubercle,754,103.82934899593188,133.53878618309926,172.48553699776093,9.805035192299014,57.31543286459073,107.05172355645223,1.2020675561966582e-05,0.04680851063829787,0.1884601514605121
PSI,Ventral tegmental nucleus,757,107.27146947352811,132.23735892337106,170.10082445194297,10.678407188838934,60.359894978755776,113.60162002718194,0.0,0.10977280923187883,0.2699963937973314
PSI,Vascular organ of the lamina terminalis,763,91.89129795994555,137.59024129098526,162.82468748276014,8.751149069565178,62.721136842318344,95.37687174469599,0.005156869816083664,0.1291020555355211,0.32124053371799494
PSI,Nucleus x,765,99.29267568125917,139.19901500257026,165.6105341421136,9.423588723480595,74.72749610362338,98.70329268456042,0.0,0.09289578074287776,0.24951316263974035
PSI,Hypoglossal nucleus,773,153.9666264851686,171.44077326503066,187.5687153019701,16.653120259933406,107.05028693592611,144.70124847385438,0.0,0.02560403894698882,0.43678326721961774
PSI,Posterior amygdalar nucleus,780,82.55109712663051,124.26817673358221,180.23312834439162,6.089753077719122,65.4092362068912,122.04658699714203,0.002163721601153985,0.17760548142805627,0.4044716913090516
PSI,Nucleus y,781,99.79883188278271,133.95203482642916,173.7954774948368,9.089940472027704,63.04480206907418,121.03899410488579,0.0,0.07446808510638298,0.30915975477821855
PSI,Piriform-amygdalar area,788,163.85727956503007,175.86971228767405,190.4341109243521,19.783460625924498,113.52257976323972,145.57602662640147,0.0,0.3351785070320952,0.4681211684096646
PSI,Periaqueductal gray,795,145.71907973777374,167.04300492089632,194.14026145909492,18.847828543991632,110.62667960730954,133.11604082376186,0.0,0.15535521096285612,0.4163000360620267
PSI,Zona incerta,797,127.60493929395105,156.736037234758,194.08190249949612,14.26025379565641,85.91014738114652,164.83622910283813,0.0,0.1064100252434187,0.1576631806707537
PSI,Dorsal peduncular area,814,123.92312323716845,146.69426279193829,187.3773015274404,17.214452955292828,76.63761059593412,151.95329047173607,0.0,0.1588892895780743,0.37659574468085105
PSI,Dorsomedial nucleus of the hypothalamus,830,123.14928975105299,155.6557670948862,185.80729824418574,17.549355595804165,99.24846078038038,111.22730551733027,0.0,0.1451135953840606,0.36678687342228633
PSI,Dorsal motor nucleus of the vagus nerve,839,148.06352547954248,162.42540235233932,181.04666442478663,14.728571937271116,93.85836187691154,131.94374876152756,0.0034499338862844227,0.2434547421565092,0.41655247024882797
PSI,Parasubiculum,843,94.80391949558708,141.27568681123893,158.4700261259114,8.258163049995431,61.39902383331207,89.2548148610993,0.0,0.007464839523981248,0.14720519293184278
PSI,Dentate nucleus,846,78.59393454296347,121.79235647864309,178.53837119978107,7.378489299188454,60.13407000229463,133.99244070391347,0.0,0.008294266137756943,0.11630003606202668
PSI,Parvicellular reticular nucleus,852,76.10815587650795,117.84508646950317,184.8491286754757,6.395874227493039,57.20231256699239,139.27503324989246,0.0,0.06631806707536964,0.45593220338983054
PSI,Parasolitary nucleus,859,124.82064802268721,147.10459780824374,194.14009616746952,15.419747151632787,84.92793051827266,121.74759178454599,0.0,0.03725207356653444,0.1983411467724486
PSI,Parabrachial nucleus,867,145.25128429866322,163.88219657691957,192.40782701045873,19.30587539103761,105.97805096558456,124.2852724677246,0.0,0.11947349441038586,0.304327443202308
PSI,Dorsal nucleus raphe,872,118.37891313969548,136.02106898705694,194.08190249949615,14.187712052954812,72.96053103282159,164.83622910283816,0.0,0.1064100252434187,0.18993869455463397
PSI,Parabigeminal nucleus,874,154.46380463484493,171.13447213910598,194.23819403631973,20.161974160141288,112.56286831402699,161.1964768465587,0.0,0.01720158672917418,0.3869816083663902
PSI,Retrosplenial area dorsal part,879,169.9869944668551,180.45937335459888,194.0337245212054,20.969251226948696,121.71629061362773,164.90870813586068,0.0,0.4182473855030653,0.47345834835917777
PSI,Dorsal tegmental nucleus,880,110.44197422751769,141.64751617405318,175.04318135467,9.714032669200934,72.08984639818885,98.75681125440533,0.010421925712225028,0.15290299314821493,0.29877389109267943
PSI,Retrosplenial area ventral part,886,142.37588160368426,169.56604096970358,186.3600976582926,14.40983283347478,103.93330642077152,146.36723468458788,0.0,0.20411107104219256,0.4617742517129463
PSI,Retrosplenial area lateral agranular part,894,164.26055604013146,180.39865175514615,194.0857368617509,21.71465216384969,121.88335360381714,164.85110910451112,0.0,0.02116093967338107,0.4423728813559322
PSI,Ectorhinal area,895,122.52138447886901,149.5082029446616,181.65376081578387,11.737858525352365,77.57137161266135,121.56407277187236,0.0,0.08910926794085827,0.3551388388027407
PSI,External cuneate nucleus,903,151.33278940848567,166.40907139725536,190.8872948408241,17.23846130141842,102.33874152958316,141.4186307776748,0.0,0.015578795528308691,0.36461714148335134
PSI,Paracentral nucleus,907,113.67789784991427,138.46922987992502,174.9121982660261,11.857546746699043,66.25291464422529,127.46415179783318,0.0,0.09322033898305085,0.3572664983772088
PSI,Lingula (I),912,106.13867238244171,135.94386303480502,167.69478466437715,10.195564299223454,66.80843624626041,101.80982147143263,0.0,0.03952398124774612,0.27803822574828707
PSI,Entorhinal area lateral part,918,143.42890221891287,159.2200036909037,190.6442790665758,16.919991852278205,89.24909904463185,133.46115413432761,0.0,0.0016227912008654887,0.39047962495492244
PSI,Central lobule,920,106.31833737349314,132.0100050655442,173.61477073146102,9.310102205928285,56.12817105803687,121.1466638761136,0.0,0.06812116840966462,0.23371799495131626
PSI,Perirhinal area,922,103.53269787375748,132.3898006096884,167.02007242879174,9.671970041028121,56.74316859230973,106.26388547490777,0.0,0.0,0.17706455102776777
PSI,Entorhinal area medial part dorsal zone,926,121.4473646742081,150.13825750227772,185.3305525381743,10.408538632852077,85.21190273412448,127.46069135842991,0.0,0.023332131265777135,0.460439956725568
PSI,Culmen,928,118.27996777334062,136.69755546780047,191.9233937067918,14.21249102872807,73.72316031389435,164.77659740089635,0.0,0.020915975477821855,0.19372520735665344
PSI,Parafascicular nucleus,930,131.4079904554407,155.52030938389868,188.76663324422645,17.810353532898862,90.32458134552212,155.8015830462157,0.0,0.0,0.29466282005048683
PSI,Pontine gray,931,111.6372497710955,137.3142192111143,179.48543168227567,11.470052585292864,69.72728134051857,108.29436625691025,0.029606923909123693,0.13436711143166247,0.29657410746483953
PSI,Declive (VI),936,121.59281366974473,143.05046064876922,187.88213090503035,16.907731384055882,73.50651012519539,152.62745117472457,0.0,0.1001442481067436,0.23274432023079697
PSI,Folium-tuber vermis (VII),944,158.7323538537032,173.33991639833457,188.02052991187534,17.91657620103247,108.4991492410123,146.92655996113336,0.0,0.03278038225748287,0.33191489361702126
PSI,Posterior hypothalamic nucleus,946,161.65761886769724,177.06944435092987,191.2717833646356,19.60751553595887,114.68858602122994,146.58859398510134,0.0,0.1932383699963938,0.40746483952398127
PSI,Pyramus (VIII),951,135.46495321099013,155.01913366267308,191.66492093343072,17.30181785199428,87.83234927698598,128.89409821328135,0.034763793725207354,0.07646351724966947,0.4006130544536603
PSI,Uvula (IX),957,99.23314841879673,129.37691478727447,191.1589281461768,9.852446632796772,56.50565924051578,162.72610679688492,0.0005048683736025965,0.0576631806707537,0.4300757302560404
PSI,Piriform area,961,167.89425886160402,178.54847259476747,194.0346567870937,21.449597929104886,120.8130208304926,157.94917618927116,0.0,0.01846375766318067,0.43909123692751534
PSI,Nodulus (X),968,101.12004662263969,128.8177982046288,191.54089907378625,10.577164100801552,56.607676590086285,163.73232090953059,0.0012261089073205913,0.09505950234403174,0.46314460872701047
PSI,Paragigantocellular reticular nucleus dorsal part,970,102.4231239869047,151.93744917454657,186.2461121952104,14.546963055657939,78.70745466443975,125.90013711028371,0.0,0.003281644428416877,0.18002163721601155
PSI,Prelimbic area,972,168.2839679957719,176.86057792969297,193.90476110772096,20.809820929874107,120.05403092228755,159.44569014203012,0.0,0.016214088231758624,0.46141363144608727
PSI,Edinger-Westphal nucleus,975,161.19631282408636,171.1106126068603,189.49172297603866,19.84185819270989,111.68405096880899,146.88897398582688,0.0,0.1290659935088352,0.4277677605481428
PSI,Paragigantocellular reticular nucleus lateral part,978,156.96053394205995,171.9498035085731,188.99020779161398,18.643940673049027,108.47511982952507,147.2185876901251,0.0,0.05315542733501623,0.37998557518932563
PSI,Dorsal premammillary nucleus,980,147.58713489527614,164.05613267169122,193.4120966555733,17.390359402757667,103.82524820324143,129.6953380560125,0.0,0.1314010097367472,0.3734944103858637
PSI,Fasciola cinerea,982,141.58269974248702,158.88529314050297,187.15508379042356,13.787442465500757,88.66838048466,147.1831292129409,0.0012621709340064928,0.1428777497295348,0.29397764154345474
PSI,Primary motor area,985,167.28155798808095,178.08163990230355,193.117963647949,21.463290171456194,118.50581981604029,152.32325360103547,0.0,0.0,0.45575189325640103
PSI,Fastigial nucleus,989,91.09850114392285,122.9706034966137,164.05613267169122,10.551245343685553,56.12133940835665,112.10749159561502,0.0,0.0284529390551749,0.16134150739271547
PSI,Secondary motor area,993,108.48317184879554,147.5378972324385,186.11012423941344,13.886245780683486,73.81777022849545,116.17407919654121,0.0,0.04900829426613776,0.24926072845293906
PSI,Fundus of striatum,998,139.66281309698658,162.09991501489566,181.99761668725898,13.166608010089437,93.52946667858244,122.02111604025407,0.0,0.17930039668229356,0.43483591777857916
PSI,Primary auditory area,1002,128.3796522197851,154.32497013477018,191.39643514015455,15.914449359148442,91.01958971172812,163.39920754870826,0.0,0.003101334294987378,0.26361341507392716
PSI,Ventral premammillary nucleus,1004,120.9532215273515,140.05852193710604,190.66026604751573,15.832948323544315,82.99371659999973,160.58157754517927,0.0,0.1589614136314461,0.3303281644428417
PSI,Simple lobule,1007,153.25408633729475,172.6939095840882,193.23949438932172,19.38019731510207,106.13667136101346,160.58570702816633,0.0,0.062459430219978365,0.42405337179949515
PSI,fiber tracts,1009,164.12790082468427,180.38502677185517,194.02147684591523,21.75685545861506,121.60994489298481,164.49842777172077,0.0,0.006457678635825047,0.4435989902632528
PSI,Dorsal auditory area,1011,148.56639412057405,168.78533279086048,193.43241401806733,20.05073449499319,111.55004186552625,150.09232558933522,0.0,0.12408943382618103,0.39805265055896144
PSI,Ansiform lobule,1017,158.18898519651955,170.2934230417829,188.9451511055961,19.496436717562585,106.307376109644,149.21636527834391,0.0,0.10833032816444284,0.40796970789758386
PSI,Ventral auditory area,1018,108.29562195917268,149.0509553607319,194.13292015217462,15.833721394257646,86.98722155908507,122.12645438198864,0.003371799495131626,0.05337179949513163,0.4366209880995312
PSI,Posterior complex of the thalamus,1020,112.29712996722236,133.821966196321,188.09211716300024,8.988213541507314,56.99700603018508,147.19944929208515,0.0,0.0716913090515687,0.244608727010458
PSI,Paramedian lobule,1025,160.33058179051574,177.72542832207463,193.76003065364623,19.908334636934512,107.95933020280486,160.7945708002393,0.0,0.06419040750090155,0.42098809953119365
PSI,Posterior auditory area,1027,118.46068789856479,131.5225571158515,181.04106002484838,13.723064897851806,58.47560218277441,137.6738218621703,0.0,0.16375766318067075,0.33314100252434187
PSI,Posterior limiting nucleus of the thalamus,1029,136.78163385357263,158.57253603773006,190.51827484465935,18.93029081705832,103.87524648440365,117.11566411114795,0.0,0.04850342589253516,0.4018752253876668
PSI,Copula pyramidis,1033,141.03140221808118,161.39020719881898,190.12137662828343,18.716256846025118,108.0085932458681,116.9361395285127,0.0,0.02138478182473855,0.35541591537444406
PSI,Postsubiculum,1037,162.13365024711092,180.20536938974976,194.1963044534947,19.290236797298327,113.09977654282449,164.6021406294249,0.0,9.015506671474937e-06,0.4289578074287775
PSI,Paraflocculus,1041,115.01411367543642,137.09950796661093,180.1389441778815,11.447445641665427,69.20438947142898,120.50638010090229,0.0,0.11849981968986657,0.4140641904075009
PSI,Flocculus,1049,122.26134107704432,145.0547152137423,193.94317457996232,15.389670713076132,82.56470670651726,164.29853799716764,0.0,0.00852866931121529,0.2619545618463758
PSI,Gustatory areas,1057,119.89725510663794,157.87546002448508,180.70365024131496,16.021163954543827,89.6343975455376,114.03926729867364,0.0,0.13296069239091238,0.3201226108907321
PSI,Parapyramidal nucleus,1069,135.13175355152782,167.3686434622086,184.41046476922867,15.25704227768805,99.88296427761887,127.96587695446719,0.0,0.1554273350162279,0.382726289217454
PSI,Presubiculum,1084,96.65770319482351,122.55751849510236,177.30270686236503,9.139121864479943,52.63301303675909,130.3273135674663,0.0,0.03144608727010458,0.283808150018031
PSI,Medullary reticular nucleus dorsal part,1098,129.390548908465,155.41472843120866,189.95236720073757,16.308133877434834,95.39116477054446,159.6777561323649,0.0,0.12293544897223224,0.3386945546339704
PSI,Intercalated amygdalar nucleus,1105,158.09194539607344,176.37423388071596,193.3200776231115,21.24955296179574,114.6978638101772,159.16881732830137,0.005156869816083664,0.34633970429138117,0.4441759826902272
PSI,Medullary reticular nucleus ventral part,1107,144.69073622392239,163.4212183240631,191.83078148413796,19.20685415776397,106.45044634872566,118.61193784180294,0.0,0.07850703209520375,0.26393797331410024
PSI,Parastrial nucleus,1109,167.34831998724172,180.09085179129636,193.88902372585187,22.007612075423022,121.02528861584202,164.59598690014408,0.0,0.21390191128741434,0.4557879552830869
PSI,Interanteromedial nucleus of the thalamus,1120,95.86821609270912,125.80056594727571,187.98244407961596,7.483602417718723,55.736519729351485,147.53136338161713,0.0,0.0,0.2364046159394158
PSI,Tuberomammillary nucleus dorsal part,1126,96.08516371894686,143.30467260812947,176.20525890595383,8.845962625442864,75.88577585994295,123.40280700189187,0.0,0.05485034258925356,0.16422646952758746
PSI,Median eminence,10671,140.18363155355007,164.36040041847326,184.60657059732486,12.442689886046105,93.85034308238002,138.72775328614154,0.008041831950955643,0.21669671835557158,0.4329606923909124
KET,Tuberomammillary nucleus ventral part,1,174.14509311434705,188.65804600606626,211.1681206709958,29.145004513231903,144.38652077654947,183.50920256338665,0.0,0.3149657410746484,0.43580959249909845
KET,Inferior colliculus,4,175.8862793713041,188.82527751741748,211.3865312703279,28.798549026770925,144.41999422926256,184.26590883278558,0.0,0.010133429498737828,0.3721601153984854
KET,Principal sensory nucleus of the trigeminal,7,156.19030271081496,179.85963960807328,210.73656572558224,26.10142572241064,128.15440971719357,180.85743434781403,0.0,0.006166606563288857,0.39152542372881355
KET,Interfascicular nucleus raphe,12,174.49086601386213,188.9356304279223,210.9029339563122,28.057766162153253,144.92971673589358,181.36864052083288,0.0,0.0019473494410385864,0.45005409304002886
KET,Induseum griseum,19,174.2122624705186,188.92462124991738,210.77176957112516,28.051199480943314,144.51500911860404,180.998559267192,0.0,0.0010277677605481429,0.4849621348719798
KET,Anterior amygdalar area,23,173.84080032205662,187.43234535012607,211.0631931893157,27.407643510901494,139.9712483114749,182.15575802583203,0.0,0.05981112513523262,0.416891453299675
KET,Intergeniculate leaflet of the lateral geniculate complex,27,171.8629653016269,185.45000001744307,210.9283458155166,26.199166691989166,136.8463405116581,181.3837765172397,0.0,0.05986296429859358,0.46941940137035704
KET,Periventricular hypothalamic nucleus anterior part,30,173.0341572400383,188.92945336073112,210.18247434395494,27.66797056056302,144.37015499248668,178.03638150327285,0.0,0.010971871619184998,0.41056617381896865
KET,Paraventricular hypothalamic nucleus,38,175.10109989760213,188.68942049188823,211.03689183113903,28.46891545636307,144.42728799246012,182.1942145466627,0.0,0.17428777497295347,0.4567796610169486
KET,Anterior cingulate area dorsal part,39,121.82054768089182,155.07663751359289,211.29205589381988,20.97827885837432,97.22152905534813,184.10620787491655,0.0011900468806346916,0.1851785070320952,0.41332491886044
KET,Infralimbic area,44,163.17962109456226,177.46738595923927,210.88397079927776,24.2558289400687,127.20577972092633,181.38021354580914,0.0,0.09006619957755908,0.3896501983411468
KET,Anterior cingulate area ventral part,48,144.20970533628739,174.53547225420698,211.34618944012666,24.07275556938095,123.62525701437437,183.56951816626858,0.0,0.005343190287294147,0.30717634331049404
KET,Nucleus accumbens,56,135.0729745556954,167.63889366498736,211.39019614697284,21.11069871999152,107.41289138397579,184.29346149086362,0.0,0.22087991345113595,0.4524341868012982
KET,Paraventricular hypothalamic nucleus descending division,63,168.26003870252066,188.66507998050054,208.4269344058704,26.381670516630418,139.93031866586293,172.7689019584807,0.0,0.04835917778579156,0.4638838802740714
KET,Lateral terminal nucleus of the accessory optic tract,66,172.44033325084507,187.50516280064994,209.6176222015934,26.55634866110771,141.8870198084824,173.8391500312646,0.0,0.013604399567255681,0.45989902632527946
KET,Anterodorsal preoptic nucleus,72,165.24815416206255,179.70475383513076,210.44611251963022,24.658671544969927,131.12021338282122,179.27317065298124,0.0,7.21240533717995e-05,0.3995672556797692
KET,Dorsal terminal nucleus of the accessory optic tract,75,163.46167192051922,177.7817790389522,210.34488405566748,24.578434101634805,129.88714129135485,178.86196581181028,0.0,0.0,0.32632527948070683
KET,Inferior olivary complex,83,174.43482532633976,188.65129585027586,210.76775927066004,28.33200781857404,144.27026702673064,180.9688778600427,0.00031491438000633815,0.35041471330688784,0.45344392354850344
KET,Anterior hypothalamic nucleus,88,175.84209392947372,188.86721328308658,211.39027121503057,28.950428341470893,144.2275584061736,184.27511641179532,0.0,0.013619425411708167,0.44641182834475296
KET,Interposed nucleus,91,175.35109787084738,188.86939651758252,211.31690338898,28.044951235992432,144.80335684265884,183.63999340230205,0.0,0.0042793605000600934,0.4860800576992427
KET,Dorsal cochlear nucleus,96,175.307069370384,188.7445988436567,211.3750831774879,29.020382062051198,144.03060966239673,183.89611068203706,0.003606202668589975,0.21476739992787594,0.4573025604038947
KET,Interpeduncular nucleus,100,157.1634151446944,187.34480367878285,208.27096517100586,25.918455836666382,138.51691437892748,169.19088223681928,0.0,0.31429859358095924,0.4391272989542012
KET,Ventral cochlear nucleus,101,115.02521005923214,140.85698245235335,188.27880824797217,14.913190068516306,72.12127302907297,144.47575321531662,0.0,0.09798052650558961,0.20100973674720518
KET,Agranular insular area dorsal part,104,173.5672320475304,187.8907702355699,211.22794269815887,28.836573802724292,142.99343712079792,183.31558042157556,0.0,0.005603638257803422,0.441723764875586
KET,Inferior salivatory nucleus,106,164.7008701081491,185.34636510074546,210.05473941222778,26.957888570413473,130.36486293357234,178.43972828386748,0.0,0.0,0.40944825099170573
KET,Agranular insular area posterior part,111,160.1957541707709,181.3938322194627,210.79187301338294,26.29682310653384,122.43738777731956,181.2305582108742,0.0,0.15739752374083413,0.4161197259285972
KET,Trochlear nucleus,115,137.77616279132678,158.70451191504358,196.8427651294977,15.392878588939897,91.07988936477042,137.21426137932855,0.0,0.014569058781103499,0.3132708258204111
KET,Periventricular hypothalamic nucleus intermediate part,118,154.3760256874888,188.85535220941262,207.07342843322186,25.169932875221562,134.50876133599292,165.78141153744681,0.0,0.0004399567255679769,0.38864046159394156
KET,Agranular insular area ventral part,119,117.12753567600289,168.43976675172433,210.90814872653573,23.16819060217526,117.6077578408159,182.09066023361538,0.0038225748287053734,0.23993869455463396,0.46390191128741437
KET,Periventricular hypothalamic nucleus posterior part,126,174.2204200701466,188.62419437298095,210.8393711021228,27.6239580072989,144.0315939063783,181.0919029104942,0.0,0.021699895248398677,0.47547782185358817
KET,Anteromedial nucleus,127,175.8276442162562,188.82775468847768,211.35581844916447,28.859565262051404,144.4762091837792,183.45655938996563,0.0,0.00642805625676163,0.4609808871258565
KET,Midbrain reticular nucleus,128,136.74106081526594,177.09851400288653,197.58000363869675,21.71143245538164,116.6876925689163,173.1918497558109,0.0,0.03508835196538045,0.4954561846375766
KET,Nucleus ambiguus,135,161.02557625294205,183.2685220843685,210.63934856610302,26.48464342672419,129.66376968871634,180.90524259973077,0.00016227912008654887,0.18681031373963217,0.41269383339343674
KET,Intermediate reticular nucleus,136,175.6609527398788,188.91262015522886,211.33430675751526,29.011494418684563,144.84921177768194,184.04660460953016,0.0,0.0,0.1564010097367472
KET,Pontine reticular nucleus,146,160.0511035312859,182.00949423610325,207.75376407134922,25.417233440698805,129.85054489992768,169.84177279923347,0.0,0.13831590335376848,0.4023440317345835
KET,Locus ceruleus,147,146.10774970297928,175.07223281189212,211.37299123628242,24.5955164886447,125.12837804557306,183.81440239720018,0.0008071025020177563,0.27868734222863323,0.43321436827387066
KET,Paraventricular nucleus of the thalamus,149,134.28363568391495,168.85737418768792,210.7134321374146,21.185194989522355,108.10232253187704,181.00338632772966,0.0,0.10421925712225028,0.37670393076090875
KET,Accessory olfactory bulb,151,158.34132900994166,181.33233848719263,211.27384233271997,25.886524111934353,124.47759574001702,183.0416626905972,0.0,0.25432744320230793,0.4012621709340065
KET,Lateral dorsal nucleus of thalamus,155,172.58756789531162,186.42975522164323,209.6820094725553,26.37409330520369,139.86549158565396,174.63679604501408,0.0,0.0,0.467255679769203
KET,Anterior olfactory nucleus,159,135.8904932462659,169.9911028978254,211.1285518845143,21.342196361347327,107.64952227922171,183.03434697061826,0.0,0.226253155427335,0.41379372520735663
KET,Nucleus prepositus,169,96.68074037509471,116.06968177267501,187.36043090283286,12.647837612457716,52.964197116818724,127.96346370761047,0.0,0.06401009736747205,0.3937793003966822
KET,Dorsal part of the lateral geniculate complex,170,67.62759578078324,105.71472497856581,186.90172110478824,11.741736501960949,44.12254095749465,126.26335529909267,0.0,0.0012441399206635413,0.04908041831950956
KET,Retrochiasmatic area,173,127.01934588764482,165.3017976860362,209.71976224039457,20.638946437494326,108.33400504560362,177.10535925179482,0.0,0.22632527948070683,0.4280201947349441
KET,Nucleus of Roller,177,129.00878050740673,163.12673630306463,211.38991197587723,20.557769441501623,107.37456738520234,184.45711877117782,0.0,0.015514623614154807,0.36031373963216734
KET,Ventral part of the lateral geniculate complex,178,111.16311655414982,144.98228238621942,210.9758957468427,16.23733899291344,99.99383907552654,182.04920047388268,0.0,0.14145329967544176,0.3433104940497656
KET,Nucleus of reuniens,181,96.4216725979613,115.53128634617556,181.41368177349062,11.25904396054417,50.365615898737076,115.99783713121464,0.02160115398485395,0.08171655247024882,0.29098449332852505
KET,Frontal pole cerebral cortex,184,128.44412507837117,155.398745621847,206.3804135351626,17.336096819193923,102.52450082026387,164.1001488687247,0.0,0.18265416516408223,0.3119365308330328
KET,Lateral habenula,186,105.24707846348734,149.53189512380857,205.29303967091863,17.141052540295895,105.0926417205349,161.36721270448726,0.0,0.12084385142445006,0.3795167688424089
KET,Rhomboid nucleus,189,147.81168717176794,175.4613830959916,211.07602347807293,24.628212605727363,125.72580467704341,182.80021156290348,0.0,0.019329246303642265,0.3338983050847458
KET,Lateral hypothalamic area,194,133.43707673064307,185.89497770377739,203.1259089088872,23.87100683834129,129.1516161116104,160.7458786729623,0.0,0.012693833393436712,0.2691669671835557
KET,Rostral linear nucleus raphe,197,70.41512360983683,112.77200448255337,150.462574787393,6.324349077495774,49.93592349697438,84.88072381380736,0.004363505228993869,0.033357374684457264,0.19639379733141002
KET,Medial vestibular nucleus,202,147.07297948206855,171.16947454511674,206.94781008338794,22.080075437345062,115.46637345450658,165.69395776770335,0.0,0.2904435629282366,0.3295347998557519
KET,Linear nucleus of the medulla,203,144.13509410398353,173.57695357965986,210.56695284869113,23.49857058321752,118.5751576293743,180.17218642451826,0.005048683736025965,0.26359538406058425,0.3443923548503426
KET,Nucleus raphe magnus,206,141.39658590899842,172.87588131931005,210.24570503107307,23.14356782223203,117.38313800567883,178.5122500709218,0.0,0.26222502704652,0.3452217814641183
KET,Area postrema,207,76.0093507505924,105.8811458127924,174.07326949895966,9.861988456452549,45.438244762609514,91.3558238262726,0.0,0.0066714749368914535,0.26263974035340787
KET,Lateral vestibular nucleus,209,148.78158382727145,175.86248405558518,209.53909453358096,25.212988005281794,125.91585919249462,175.46533789775302,0.0,0.0032455824017309774,0.38959610530111793
KET,Lateral mammillary nucleus,210,150.64633863867203,174.05070719369252,208.79353729169185,22.936343255473805,118.33185347434264,170.85280151003607,0.0,0.0032455824017309774,0.3615939415795168
KET,Red nucleus,214,118.90432403290401,147.2030112473162,185.43106426169675,14.252326638444062,69.96008482161575,143.85554601825086,0.0,0.06325279480706816,0.37648755860079336
KET,Anterior pretectal nucleus,215,72.91173292095498,124.65158305003139,183.47585467384008,6.362494822063363,72.55706574287238,144.40797467380082,0.006887847097006852,0.15872701045798773,0.4216011539848539
KET,Superior vestibular nucleus,217,71.34998143274649,133.9237298109675,190.7415811907691,5.437450192194066,75.5392080682748,159.99853553416895,0.0027407140281283807,0.2000721240533718,0.4136314460872701
KET,Lateral posterior nucleus of the thalamus,218,98.43495727967957,118.93950454571257,180.6567375447203,11.174976845501456,50.86782183044018,114.48950927027335,0.0,0.07529751172015868,0.19325640100973676
KET,Lateral preoptic area,226,164.36458965108733,184.0487601930721,210.97882097295326,26.696529377323817,125.567478312457,182.11837980058243,0.0,0.35106382978723405,0.41846375766318067
KET,Nucleus raphe pallidus,230,168.1560497563005,186.3485277956621,211.2754320728949,27.34012536293206,133.85450617269507,183.03801646049916,0.0,0.0,0.3842769563649477
KET,Anterior tegmental nucleus,231,97.82454929984172,116.26386751260573,210.34488405566753,12.284258462833684,57.27048843458786,178.86196581181028,0.0,0.0005950234403173458,0.10573386224305806
KET,Lateral reticular nucleus,235,173.35356192817113,188.36843627451174,209.36663365780376,27.570694086156166,142.48272862352587,175.60655421334653,0.0,0.0,0.46476739992787597
KET,Nucleus raphe pontis,238,167.69284644232204,186.3774592018957,208.46317371040743,25.841741315614932,133.34286402036713,170.81629841906064,0.0,0.006563288856833754,0.43530472412549587
KET,Midbrain reticular nucleus retrorubral area,246,144.77365811103792,168.95692717622074,205.05205361662698,21.685312432144187,111.37429234135664,160.6187748389575,0.0,0.2635773530472413,0.29293184276956363
KET,Lateral septal nucleus caudal (caudodorsal) part,250,104.7685069608266,143.16068641740097,190.7960343673758,16.81155906446608,72.38746280085431,144.84730833702372,0.023945185719437434,0.13775694194013705,0.31792282726289217
KET,Lateral septal nucleus rostral (rostroventral) part,258,147.90364967056053,174.92171587926896,206.3821229508651,24.234471078416533,124.2359378023231,165.2577945583426,0.0,0.0035701406419040753,0.33306887847097005
KET,Reticular nucleus of the thalamus,262,143.14486186852207,181.49015521342375,198.96833247856745,22.363284295787018,127.9475869579856,173.31204047491565,0.0,0.2447529751172016,0.49145329967544177
KET,Anteroventral preoptic nucleus,263,103.23497913803088,128.143121628224,188.57553544876623,11.18292877914186,58.605205256992285,158.54795220071193,0.0010217574227671614,0.02982329606923908,0.15329967544175982
KET,Anteroventral periventricular nucleus,272,103.54601701996145,133.10242624872853,197.47007277445306,14.395359037122544,70.86170503810015,142.16084223031567,0.0,0.006238730616660656,0.20858276235124415
KET,Barrington's nucleus,280,119.13618874968344,169.94624108359952,211.39234677157623,23.0327145279434,117.29208877523064,184.21555739922368,0.0,0.0019834114677244863,0.24871979805265057
KET,Suprachiasmatic nucleus,286,103.69878841543559,169.82320331369283,211.0964664006679,23.498135387483316,117.41802032142638,182.19447542599784,0.0,0.03418680129823296,0.2714388748647674
KET,Bed nucleus of the anterior commissure,287,172.296636326347,185.98281866051298,211.29303545693602,27.94736442558836,139.90765388858048,184.0778807636442,0.0,0.2319870176703931,0.44507753335737427
KET,Bed nucleus of the accessory olfactory tract,292,99.48787278053673,166.1098948648535,204.99027364868647,20.90831409216032,105.22478746347991,160.83569558708098,0.0,0.16339704291381177,0.350342589253516
KET,Superior colliculus motor related,294,151.88014566443493,188.90919914352827,206.50887752830573,25.140444114068064,133.6091586031161,164.08017399684704,0.0,0.012522538766678687,0.3107464839523981
KET,Basolateral amygdalar nucleus,295,169.7057311437611,187.03631991993646,208.50186324244746,25.850151183465947,135.10167010835335,170.72006185047258,0.0,3.606202668589975e-05,0.40858276235124413
KET,Magnocellular nucleus,298,168.25376865001436,186.52288595482332,211.3845150482934,27.779926631738263,134.21353446027175,184.2285406939523,0.0,0.20689505950234402,0.43645870897944467
KET,Superior colliculus sensory related,302,154.4097428269273,178.53860795865683,209.2828427796644,25.317722738025076,127.14875515627851,175.2489369473636,5.409304002884962e-05,0.3389830508474576,0.39574468085106385
KET,Basomedial amygdalar nucleus,319,171.75431049629273,188.7836709644256,208.7266717138544,27.14445448605181,144.49456481056205,172.87108496210908,0.0,0.39448250991705736,0.4767039307609088
KET,Suprageniculate nucleus,325,174.40713546029295,187.7570849607087,211.35887533247478,28.34225734690201,140.38071709621056,184.38176012724023,0.0,0.4008294266137757,0.4739632167327804
KET,Primary somatosensory area barrel field,329,171.32068957323267,187.7251119791933,211.31785266869718,28.14186002833979,136.92952690743604,183.66834346559617,0.001009736747205193,0.3970429138117562,0.46112513523260007
KET,Accessory supraoptic group,332,174.37687717828175,188.85062540989838,211.14098876144533,29.120070864568447,144.26449749240973,183.244355637222,0.0,0.0048395239812477455,0.33804543815362426
KET,Septohippocampal nucleus,333,130.53812522720415,171.45732889711053,203.05165580564127,19.17299037178923,106.13983593441688,155.0231255234902,0.0,0.20436350522899388,0.3257122250270465
KET,Primary somatosensory area lower limb,337,155.51981112494843,179.4389112072615,211.32643043347025,25.4983581969503,127.3848679303548,183.70689995685615,0.0,0.029282365668950594,0.3611251352326001
KET,Subfornical organ,338,144.37510779578335,173.89287909905352,210.91912375997808,23.588774212464674,120.00917687941897,181.25967682724468,0.0,0.0013191832809575324,0.3727731698521457
KET,Primary somatosensory area mouth,345,175.5106142963008,188.95690030050582,211.25248883823775,29.004619274740243,144.45493546770894,183.7865989581357,0.0,0.028344752975117203,0.44900829426613775
KET,Subparaventricular zone,347,94.96165237200569,133.08228012819296,178.72271270173167,10.155544063988383,71.97525373832673,110.13170191984698,0.0,0.02619906238730617,0.37360259646592137
KET,Subceruleus nucleus,350,153.03586700150674,177.51609434780585,210.02066892022168,25.634262439860258,126.27062059724543,177.98459659618393,0.0,0.3282726289217454,0.43663901911287417
KET,Bed nuclei of the stria terminalis,351,175.77250205644327,188.93939137716524,211.34976555561497,28.79997396895256,145.112232760442,183.37540700650322,0.0,0.0035340786152181754,0.4838442120447169
KET,Primary somatosensory area nose,353,161.01473831995855,182.22051365077687,205.42486785123918,24.47758096725825,128.0646911173069,162.4074564237147,0.0,0.0,0.32747926433465563
KET,Preparasubthalamic nucleus,356,115.4209515582613,156.14489523308532,210.3597761847401,18.805845779548235,107.68667900056096,179.71336452438604,0.0,0.08326721961774251,0.4247637937252074
KET,Sublaterodorsal nucleus,358,98.35554728772598,120.25990695098945,187.2683104570351,13.025638519405492,56.31930956511118,127.33670491082356,5.409304002884962e-05,0.06923909123692752,0.1426974395961053
KET,Primary somatosensory area trunk,361,126.12564934859506,163.45251098989291,197.67249425595782,18.653519842307983,94.98371856569662,173.28381630883385,0.0,0.027767760548142804,0.18838802740714028
KET,Mediodorsal nucleus of thalamus,362,98.10992568769838,165.7154357836615,210.6750279425125,22.436694344991377,110.4204639838691,180.9388648699205,0.0,0.07666786873422286,0.30515686981608364
KET,Parasubthalamic nucleus,364,175.1071775548009,188.93851765035777,211.10523139083006,28.921991120040996,145.0952836546739,182.67628616723405,7.2124053371799496e-06,0.007131265777136676,0.41877028489001084
KET,Submedial nucleus of the thalamus,366,102.58579173879944,143.61057724311684,172.91331474472452,6.812899718561659,81.63238581031877,130.40726143499964,0.000721240533717995,0.1997115037865128,0.35077533357374685
KET,Primary somatosensory area upper limb,369,136.81124902576002,178.9549569828363,206.96136649150696,23.94234785317063,121.57611398032275,166.85318570507195,0.0,0.01309051568698161,0.43472773169852147
KET,Infracerebellar nucleus,372,96.83577723104494,124.40388834622692,197.50349608225446,9.60762823219674,60.74140885960476,173.04460699731342,0.0,0.04186801298232961,0.47742517129462675
KET,Substantia nigra compact part,374,112.50909234001934,157.90253743114357,193.66990728552952,18.484633414118786,92.56971881873686,165.30393095247405,0.00843851424450054,0.10659935088351966,0.430580598629643
KET,Supplemental somatosensory area,378,154.1366646408582,178.36763784245414,207.485159086988,25.032105224588545,126.87307365516544,168.38750185570805,0.0,0.0041110710421925715,0.3696718355571583
KET,Field CA1,382,66.45843824651995,127.42423924276714,177.10324321189012,5.8918044615402305,64.64854460736099,123.24412811077787,0.005048683736025965,0.17261089073205915,0.21846375766318069
KET,Primary visual area,385,164.74754451275385,185.2696266648225,209.8009831267347,26.89919800606776,130.36678866988757,176.75173660584704,0.0033537684817886767,0.39037143887486475,0.42805625676163
KET,Supraoptic nucleus,390,167.64552665754383,185.34136576775688,204.20320410134036,23.927391674580377,133.5829617280221,158.84895679512695,0.0,0.26574107464839525,0.43090515686981606
KET,Anteromedial visual area,394,107.3878330762904,157.85192227127897,211.0304518939437,21.275416569293547,100.42706808940774,182.81538183911886,0.0,0.1737829065993509,0.4594662820050487
KET,Medullary reticular nucleus,395,103.27273482916883,152.11484870315016,189.60622759821155,9.317141722667186,77.87715997483791,156.38054191930343,0.0,0.1075189325640101,0.4177425171294627
KET,Superior olivary complex,398,171.60238555389202,187.72420368170938,209.76765766259268,26.76394352326744,142.57456635562528,176.01747348349457,0.0,0.22744320230796972,0.3980165885322755
KET,Anterolateral visual area,402,170.71096733407933,187.88156744116463,210.73146659715235,27.722097397202234,136.38349536920785,180.85911804603398,0.0,0.4267219617742517,0.45149657410746485
KET,Medial amygdalar nucleus,403,107.0251959141126,165.8180658786158,202.57188600242148,21.35825625629194,105.0379504640126,156.53042660356812,0.0,0.11617381896862604,0.37976920302921024
KET,Lateral visual area,409,175.45011158013165,188.73831008665957,211.3896601096926,28.997803003207462,143.96045855043894,184.46039082258503,4.4014165903816105e-05,0.21245943021997837,0.47912008654886407
KET,Field CA2,423,169.21084263000506,188.37163820561136,209.45054702065724,26.811302989235973,143.474458553926,174.62382651667016,0.0,0.2148575549945907,0.4497295347998558
KET,Posterolateral visual area,425,165.97499228134427,188.96393423840328,206.17442670983252,25.152402894831752,140.77458055741909,169.35218124623242,0.0,0.32268301478543093,0.47782185358817164
KET,Spinal nucleus of the trigeminal oral part,445,174.272930275654,188.960797032088,210.81521434054662,28.052342599724255,145.2129710594984,181.09362816782914,0.0017219617742517072,0.03826181031373963,0.49109267940858276
KET,Field CA3,463,99.48685849677894,138.34843843345647,181.6553682882659,9.932812149145969,60.67511555506974,129.71594779485048,0.0,0.006382978723404255,0.10085346796489959
KET,Medial geniculate complex,475,103.50531723843841,161.1178695872814,211.30989324624798,21.636412866622784,103.60893600646347,183.6215195875933,0.004138375148111895,0.18021997836278397,0.24615939415795168
KET,Medial mammillary nucleus,491,146.11722565132175,176.29360532413665,209.66195946350618,24.354044645621773,129.15819762303755,174.28851120550112,0.0,0.03519653804543815,0.2573386224305806
KET,Subiculum,502,136.2946151616756,184.86431429457997,204.83364644519895,24.019778719515376,128.2747180848492,159.83161614649083,0.0,0.08470970068517851,0.4220218776295228
KET,Main olfactory bulb,507,172.1666636512914,188.25068537599282,209.47227251790054,26.735534104659177,143.31336770466757,174.5156035079673,0.0,0.0005424329847337416,0.475892535160476
KET,Medial preoptic nucleus,515,172.06414460946127,185.97419935929776,206.75621176549407,24.95744779545082,137.36943790390438,165.8653041502944,0.0,0.0,0.33151821132347636
KET,Medial preoptic area,523,120.04409465362598,169.43597829600714,210.84110939233042,23.212132460478873,118.08706227607465,181.88383418971378,0.0,0.16469527587450414,0.38900108186080057
KET,Medial pretectal area,531,115.60822005104193,150.82519834184856,196.31740248596304,17.75307955382389,82.94533819168385,170.48948795422467,0.022286332491886045,0.14619545618463758,0.4748647673999279
KET,posteromedial visual area,533,138.12156538363314,180.00887236346017,207.85673402960512,24.861151043197417,131.7361222728848,168.85221433388995,0.0,0.032131265777136674,0.39296790479624955
KET,Central amygdalar nucleus,536,151.40634569470006,175.2597351895928,210.63578389469154,24.207244560596596,122.05879185933377,180.07624698523912,0.0,0.3342589253516048,0.40248827984132707
KET,Temporal association areas,541,165.56922609734622,188.56536644103613,207.6128008933701,24.522796642174303,143.68034848690536,172.8616528415597,0.0,0.01579516768842409,0.46547060944825097
KET,Medial septal nucleus,564,149.02959426001792,183.8707879424121,201.44702031716957,23.006765799424727,132.6914923494187,173.27350324228644,0.0,0.2022358456545258,0.3441759826902272
KET,Postpiriform transition area,566,125.72413074023254,175.62046056010803,206.794267653156,23.500975083178442,116.40080642440886,166.16695617902272,0.0,0.16808510638297874,0.4227551388388027
KET,Tegmental reticular nucleus,574,169.62592766878504,184.80978824619388,211.13509530279885,27.774947229616796,138.17803013300122,183.2290707947642,0.0,0.07919221060223584,0.40335376848178867
KET,Central lateral nucleus of the thalamus,575,175.24108112216817,188.80017717205044,211.13154507325865,28.54288978137209,144.754242220344,182.82395614546724,0.0,0.17663180670753698,0.4601153984853949
KET,Accessory facial motor nucleus,576,101.7690868004224,162.79510076378767,201.03822026526848,21.085089328162994,102.25778212899735,155.4229566576908,0.001153984853948792,0.11702127659574468,0.3689325640100974
KET,Taenia tecta,589,154.05352895464364,180.59943431285592,209.33651904693068,25.823581410051315,134.6648357464733,175.59349252972888,0.0,0.0,0.20977280923187883
KET,Central linear nucleus raphe,591,82.91813507078055,115.89650698981376,162.63930346981493,7.181499308361,47.58827467168806,93.72987244744485,0.009592499098449333,0.042607284529390554,0.2276595744680851
KET,Diagonal band nucleus,596,100.29854976932987,163.4526953406944,210.63682399315286,22.1248251568655,107.41124612220273,180.92507619710253,0.0,0.0,0.37596285611251357
KET,Central medial nucleus of the thalamus,599,102.27096274621694,145.86546147661682,193.01527623691103,17.4213490266803,74.7499099258882,164.08018829262943,0.0,0.030977280923187883,0.43793725207356654
KET,Subparafascicular area,609,129.0299143996333,170.38144176625767,211.13488743179192,23.417194112239184,119.39229221526037,183.22280082978398,0.0,0.10093761269383339,0.2980526505589614
KET,Nucleus of the lateral lemniscus,612,171.89002532678376,185.86227678040547,206.36910835310226,24.90293095302206,137.7041897616611,165.23552547889233,0.0,0.00142445005409304,0.4578795528308691
KET,Tuberal nucleus,614,66.71077046860356,134.3029085123439,178.75828432637374,7.246074791071989,64.19554819901238,120.67270952750324,0.0,0.026253155427335015,0.33613415073927155
KET,Cuneiform nucleus,616,152.46970964676257,177.7246478298474,186.85414334565354,14.304534866807067,107.85045012134441,150.0957595372804,0.0,0.29666426253155426,0.41839163360980886
KET,Nucleus of the lateral olfactory tract,619,105.7429162514501,144.4600340340551,186.66087371915052,12.895010394919492,77.70638403028558,128.55726094442932,0.009015506671474938,0.13602596465921385,0.4291020555355211
KET,Motor nucleus of trigeminal,621,154.37199708319963,183.9618326995133,203.40354672396936,23.584898041086664,137.20478922923192,173.13124875498497,0.0,0.2857915614857555,0.4568698160836639
KET,Cortical amygdalar area anterior part,639,174.8863479755003,187.4367197922499,210.1869789925076,28.11798306115954,141.5712425049032,178.39058645417205,0.0,0.0003606202668589975,0.4755138838802741
KET,Nucleus of the trapezoid body,642,97.54222288559077,153.7936534547805,195.05151653836344,19.390328730231793,86.84939452195754,155.41026287037334,0.0,0.05870897944464479,0.36505589614136313
KET,Cortical amygdalar area posterior part,647,163.5009598481523,188.550227408414,206.2921065196771,24.796297170160535,141.1927865479912,171.66793495613373,0.0,0.007128260608246184,0.4036783267219618
KET,Nucleus of the solitary tract,651,170.30156966314001,188.7768110074078,208.93444295060408,26.428716492659714,141.34988012941702,172.4483404974589,0.0018932564010097368,0.24760187522538768,0.4806346916696718
KET,Abducens nucleus,653,107.72891119608468,138.30620452885717,197.61562793683868,10.744582575088279,52.6725604060646,172.91397406224448,0.0,0.004507753335737469,0.4519112874143527
KET,Facial motor nucleus,661,102.97656472680657,134.76344029031858,194.66895171943264,7.494414242889923,64.63631120877926,137.46999585249745,0.0007573025604038947,0.08406058420483231,0.20688784709700686
KET,Caudoputamen,672,103.85367084189058,172.677927152956,196.9567347936145,20.72277285869177,120.55660282229267,158.54795220071193,0.0010217574227671614,0.06346916696718356,0.23177064551027768
KET,Visceral area,677,148.44081013756048,163.6469041446478,211.25233930894535,20.36724111353827,100.41351555676425,183.4942585595639,0.0,0.02005048683736026,0.47735304724125494
KET,Superior central nucleus raphe,679,172.20187631181204,188.9694469084568,209.7616006591213,27.483964953360672,145.2259767718947,175.92585411171683,0.0,0.0005319148936170213,0.48965019834114676
KET,Ventral medial nucleus of the thalamus,685,130.8763955476038,178.3081675745087,195.34455357718997,16.583641771951093,131.17886051127593,162.65056351874622,0.0,0.12282726289217455,0.4862243058059863
KET,Ventrolateral preoptic nucleus,689,82.21837331049896,117.5777882430116,187.77957587099297,8.4037183788273,47.06881507870412,153.75616597705863,0.02138478182473855,0.0994951316263974,0.43371799495131624
KET,Ventromedial hypothalamic nucleus,693,154.28585438472624,185.17155618404,208.32953585013615,25.60159750159656,138.36736451020096,169.85903233360548,0.0,0.03627839884601514,0.42513523260007213
KET,Olivary pretectal nucleus,706,82.91813507078055,114.70449974939288,179.17420452077954,10.940396537311921,46.33733404662183,111.97563857571448,0.0,0.017832672196177426,0.1717994951316264
KET,Cuneate nucleus,711,101.53564208291101,128.90818319673951,206.82277308456236,13.894347852487892,68.5023137180691,166.35515198463398,0.0,0.10389469888207717,0.3728092318788316
KET,Ventral posterolateral nucleus of the thalamus,718,105.74059147456401,136.429303681676,180.3267708667517,10.684489630500838,60.36886480536889,116.31695553893297,0.0144608727010458,0.08831590335376849,0.3776054814280563
KET,Dentate gyrus,726,148.29280692721676,174.69865728856882,202.55566566212673,22.79395144847971,122.8384435463862,155.03244957422274,0.0,0.26206274792643347,0.41849981968986655
KET,Orbital area medial part,731,157.7947343634819,186.38108226128247,204.16030383130018,23.870507305674632,139.50443353276484,172.35487606870882,0.0,0.007392715470609448,0.3582041110710422
KET,Ventral posteromedial nucleus of the thalamus,733,137.8497106950361,163.70872250691366,210.93981810722323,18.497252732936424,99.2779821139818,181.5549189940142,0.0,0.04457266498377209,0.1443562928236567
KET,Orbital area ventrolateral part,746,146.40847228572557,181.30381834181497,197.41555094953185,21.236579846163636,131.5111559605738,172.20951587838383,0.0,0.2000360620266859,0.4840966462315182
KET,Ventral tegmental area,749,80.25683466960277,126.99379072308223,155.43807513325618,6.1851400965108985,55.610964211663045,84.69091121098134,0.0,0.026685899747565814,0.21081860800576993
KET,Olfactory tubercle,754,174.8333868205437,188.18971440285208,210.4276415034941,28.256243488786822,142.5821605369579,179.80418670437774,0.0,0.03981247746123332,0.45564370717634334
KET,Ventral tegmental nucleus,757,103.5567746328836,123.01113131702628,187.54371061914026,11.669116371387151,53.32890369565529,130.19515496773394,0.0,0.027948070681572304,0.21067435989902633
KET,Vascular organ of the lamina terminalis,763,84.02291217128452,124.96814348804645,178.91415946592224,7.644528947169475,54.19262169289367,125.63146647974618,0.0,0.018031013342949875,0.07552590455583606
KET,Nucleus x,765,96.99264040565265,141.0961284866807,187.48743036942653,8.044043735431423,71.34506855526973,129.56444663592004,0.0,0.022340425531914895,0.3281283808150018
KET,Hypoglossal nucleus,773,79.23500104043656,114.10346408709269,190.15192537021903,8.091191445973568,49.3667427227204,160.8076107500494,4.2072364466883045e-05,0.04908041831950956,0.23624233681932924
KET,Posterior amygdalar nucleus,780,170.00184646870645,184.03723779254125,209.65764223114627,25.748652181605113,135.81676911496945,174.21234743620263,0.0,0.32987738910926795,0.462243058059863
KET,Nucleus y,781,102.09751110220212,146.09914957712363,192.0994618709417,8.279927280611032,61.04211287023838,158.2669232006045,0.0,0.056761630003606206,0.277353047241255
KET,Piriform-amygdalar area,788,110.27321783415113,168.230721541055,204.33144474983644,21.6043465187868,107.14157572217769,159.16195546812216,0.0,0.05602235845654526,0.28827984132708256
KET,Periaqueductal gray,795,134.28363568391495,173.1152960060424,197.7614552797542,19.912417178462523,112.18435459302634,143.67599158052897,0.0,0.10385863685539128,0.27728092318788317
KET,Zona incerta,797,175.88809655485753,188.01970480203718,211.32684041929548,28.614267968606892,142.972702285109,183.72491509896318,0.00025243418680129823,0.43119365308330326,0.4748647673999279
KET,Dorsal peduncular area,814,175.87834139702056,188.80564203540283,211.35472060030685,28.87389226533678,143.85896666552824,184.38695879455068,0.0,0.007470849861762231,0.4561485755499459
KET,Dorsomedial nucleus of the hypothalamus,830,145.41038438954297,175.88451027395774,209.59353498389737,24.89063059214877,126.03851127657248,175.6772007673201,3.606202668589975e-05,0.2746303642264695,0.37069960331770646
KET,Dorsal motor nucleus of the vagus nerve,839,105.6510216184768,159.41413527959068,185.6244238052417,16.009546944799013,97.73164991741587,125.90808841173019,0.0,0.12262892174540209,0.25329967544175985
KET,Parasubiculum,843,125.9109441994877,182.86630330888323,202.64288737961553,23.536330127479868,128.3896006996337,159.29946764865156,0.0,0.0044716913090515785,0.2688424089433826
KET,Dentate nucleus,846,161.5003074129807,180.15816252028552,196.00323050430185,18.089724088418862,124.17200359354527,159.92498773083008,0.0,0.23216732780382257,0.47973314100252434
KET,Parvicellular reticular nucleus,852,128.91186640565695,162.01549120135036,211.3359471622884,20.377888434544364,106.70173697068762,183.89770999034232,0.0,0.20308330328164442,0.46384180790960455
KET,Parasolitary nucleus,859,173.1878598546544,185.58728153603988,210.34488405566753,26.490778343166326,139.8055367555242,178.86196581181028,0.0,0.0,0.07753335737468446
KET,Parabrachial nucleus,867,174.67280538051574,188.96898624416343,210.9468862246395,28.072697961423785,145.3212823710321,181.64995880223015,0.0,0.02001442481067436,0.49011900468806346
KET,Dorsal nucleus raphe,872,118.05873822870049,173.5160246253103,208.3804605803947,22.660885488783247,114.01875518528261,171.15835440648598,0.0,0.08804543815362423,0.366895059502344
KET,Parabigeminal nucleus,874,126.90908534687996,178.37803494111563,192.4180628852904,16.23448766791248,124.9442310810067,163.12177768298625,0.0,0.06797692030292102,0.42178627238850896
KET,Retrosplenial area dorsal part,879,148.7550784026201,175.16113587034928,211.33603928484524,24.85132927682926,125.38766756250716,184.11777820567718,0.0,0.03523260007212405,0.40813198701767045
KET,Dorsal tegmental nucleus,880,99.68254652159794,141.06506237464583,192.726540299315,17.18462654857227,70.93032616281278,163.29152724945547,0.0,0.022286332491886045,0.43177064551027766
KET,Retrosplenial area ventral part,886,173.1345587459977,187.83533885307673,210.73093247978235,27.874584878780492,138.9619313693882,180.8594429989768,0.0,0.3119260127419161,0.4651280201947349
KET,Retrosplenial area lateral agranular part,894,175.1562772436871,188.4498613919538,211.2999992758402,28.39170409735617,143.3577093742281,182.7816891053802,0.0,0.40899146532035063,0.4629282365668951
KET,Ectorhinal area,895,168.81582238537425,185.16511351325204,210.82798708756144,27.994283531036526,139.32943522800207,181.7041634175007,0.0,0.3984132708258204,0.4716552470248828
KET,External cuneate nucleus,903,98.15886251532373,167.93574727684592,206.01028449307327,21.827248914363743,117.85948929989131,162.3071123923218,0.0,0.14343671114316625,0.35156869816083663
KET,Paracentral nucleus,907,97.12609970617041,158.0305884893848,200.05221795502655,20.21304300436392,92.49893031590014,148.93176480776057,0.0,0.0004507753335737468,0.24853948791922106
KET,Lingula (I),912,175.26377245609973,188.9194770059256,211.06605188690241,28.804763691405125,144.95966310881872,182.84087322135755,0.0,0.004904435629282365,0.4908402452217815
KET,Entorhinal area lateral part,918,174.91820460536525,188.91661329363086,211.06639119005786,28.923763523984277,145.35768603578185,182.8412443274732,0.0,0.02483385709133996,0.4864406779661017
KET,Central lobule,920,155.87233208274355,179.26011074819837,200.18717982478938,22.45067626541041,124.10427718109251,148.94450582009333,0.0,0.00840245221781464,0.4038946988820772
KET,Perirhinal area,922,170.14305712743172,187.71237140505616,210.60222787439338,27.691194365250464,135.51896843631937,180.73571581181153,0.0,0.005589614136314461,0.4253516047601875
KET,Entorhinal area medial part dorsal zone,926,100.57000321778162,164.31861584210748,199.71672134089954,19.153708291617072,110.0849560852393,146.8736401297432,0.0,0.030634691669671837,0.25120807789397764
KET,Culmen,928,171.17676741750012,186.0057878628757,210.6947664893749,26.0832745944186,136.76570079760432,180.41110738343752,0.0,0.053047241254958535,0.37937161918499823
KET,Parafascicular nucleus,930,148.9031373173944,188.89054007562848,206.03080259324787,25.077894061378213,132.41954369010278,162.26595610940788,0.0,0.24987378290659934,0.4370777737708859
KET,Pontine gray,931,165.9043654067882,187.51324418045806,207.36368924958947,25.166217935065333,139.7232888805472,173.27110102423856,0.0,0.2633429498737829,0.47345834835917777
KET,Declive (VI),936,105.26609673687034,158.54965479902808,211.2138991335093,21.445476434470116,101.15456758927554,183.28355060165217,0.0,0.18566534439235485,0.42407140281283806
KET,Folium-tuber vermis (VII),944,132.8609442554043,157.91183685444565,208.5031647123721,17.107067595112042,93.20125149193849,170.81965844790471,0.0,0.0285250631085467,0.35595023440317347
KET,Posterior hypothalamic nucleus,946,107.03033528189225,130.00293335512166,185.98774296244005,12.656096993347127,65.88015682761846,126.96867340761715,0.004543815362423368,0.1294266137756942,0.4123332131265777
KET,Pyramus (VIII),951,103.56883829109705,132.2630410225615,204.4249389944102,14.550199411774024,70.53672203682142,158.9741152324873,0.0,0.007717273710782546,0.2843490804183195
KET,Uvula (IX),957,125.63843192360889,184.2948762952312,200.9619313298997,23.4679299744818,129.21425170136942,160.50718855337965,0.0,0.027443202307969705,0.2571583122971511
KET,Piriform area,961,114.79484188857325,165.19095039731678,199.51800779477307,20.273603182064484,104.60796943263797,162.1411255512487,0.0,0.10605842048323116,0.2275153263613415
KET,Nodulus (X),968,137.76842159135762,159.9768835708715,201.3229821847762,15.091424864629397,94.56722941149565,150.6463353549798,0.0,0.008005769924269743,0.2699603317706455
KET,Paragigantocellular reticular nucleus dorsal part,970,142.53694220615685,163.40013492163806,211.37701787290007,20.444502851229913,97.90734309026456,184.21490702272126,0.0,0.07161016949152543,0.4919221060223585
KET,Prelimbic area,972,169.1173271067949,187.0806309942842,211.38848394489696,27.854664161945408,135.00193260271917,184.3316536324929,0.0,0.003834780437737524,0.44468085106382976
KET,Edinger-Westphal nucleus,975,173.95292708482788,187.64777197523802,211.13680079163314,27.43855460476033,140.63261868742342,182.91207124346968,0.0,0.07021276595744681,0.4713306887847097
KET,Paragigantocellular reticular nucleus lateral part,978,165.64492865841706,180.11644559635135,210.78560592427016,24.557262335391307,130.36568498448833,181.18467627174266,0.0,1.2020675561966582e-05,0.4156148575549946
KET,Dorsal premammillary nucleus,980,103.85367084189058,130.17316237521953,181.40462100891818,13.506273825811254,60.76779291350463,125.63146647974528,0.0,0.03166245943021999,0.07552590455583606
KET,Fasciola cinerea,982,139.1891801284873,165.0582010643633,211.1329617502879,18.55954436994553,99.70882481984998,182.84115766862627,0.0,0.07255679769203029,0.2785070320952038
KET,Primary motor area,985,171.19209014839612,186.34352646713972,211.3167849341977,26.31582640438901,136.81880495856223,183.6341721305198,0.0,0.004038946988820762,0.39037143887486475
KET,Fastigial nucleus,989,75.52525564697652,113.2350391053231,187.2754849759216,8.025199193986897,52.0700379847866,151.3581195492431,0.0,0.0715109989181392,0.2731698521456906
KET,Secondary motor area,993,121.96667181380315,146.14600095015797,166.4881628245773,9.154799050657031,80.31734166244127,117.28603793333558,0.0,0.1153263613415074,0.27760548142805624
KET,Fundus of striatum,998,93.4307594834405,128.20063882008736,196.82506468131496,8.970072305391554,67.82762726135805,168.24284717208357,0.0,0.005643707176343311,0.19830508474576272
KET,Primary auditory area,1002,156.4964272989425,178.09781578209714,210.78746176147934,26.149688431375694,131.19316564129127,180.87359300925655,0.0,0.07991345113595384,0.4270825820411107
KET,Ventral premammillary nucleus,1004,126.29322151703373,151.99324029952038,205.67512622184967,16.36749440974417,92.55290548123435,162.26974203500583,0.0,0.0858276235124414,0.29906238730616663
KET,Simple lobule,1007,91.05455271904037,126.0213124979168,185.8145202816529,8.921438251452212,47.20352193916893,145.085496765469,0.0,0.04038946988820772,0.37811034980165886
KET,fiber tracts,1009,174.70565495524312,188.91277637929954,211.1892104206688,29.110372161529273,144.46684281059694,183.47312866087685,0.0030111792282726288,0.26718355571583124,0.4688063469166967
KET,Dorsal auditory area,1011,151.09955319538005,176.7553495797561,201.23004672781607,22.578780427372653,125.43586777460746,150.6831476315061,0.0,0.0,0.36595744680851067
KET,Ansiform lobule,1017,75.95954846744955,117.87101473105838,182.0511220592307,7.511003071091979,55.37244614859866,130.7517232865699,0.008041831950955643,0.1131987017670393,0.3262892174540209
KET,Ventral auditory area,1018,153.09764880108827,179.0713717669564,210.04208007856136,25.680177124997016,132.2180046783441,178.32356254649986,0.0,0.011756220699603318,0.4312657771366751
KET,Posterior complex of the thalamus,1020,163.75927162652172,178.10411643014373,210.34488405566753,24.604777603814327,130.30676734652988,178.86196581181028,0.0,0.0,0.2607645149657411
KET,Paramedian lobule,1025,121.7807048845422,150.84211044638002,184.63351504710812,14.363950827051545,71.74634640787349,139.0678449828942,0.000288496213487198,0.15048683736025964,0.36703930760908765
KET,Posterior auditory area,1027,159.59147188919184,188.9425311248899,207.02736968156796,25.590905963443824,134.59925247566255,166.6397213023036,0.0,0.009628561125135233,0.4703570140641904
KET,Posterior limiting nucleus of the thalamus,1029,124.94853159330906,152.05933518354055,203.78108723170305,16.247816193362286,93.90365842409042,157.33242575848274,0.0,0.05738369996393797,0.2802380093761269
KET,Copula pyramidis,1033,116.55498083967511,149.17933849723522,210.88933102374514,12.6310441131946,83.71287971853636,181.37748692204636,0.0,0.0014250510878711384,0.0898858894441296
KET,Postsubiculum,1037,126.52062385157437,152.48358009542721,189.17645073730367,14.511721393431731,84.69106130561872,129.27627968214102,0.0,0.007104219257122251,0.20753696357735305
KET,Paraflocculus,1041,75.6128907078827,113.47410922063365,186.5728803976478,8.002666943836768,52.31436318799528,147.718717274744,0.0,0.0576631806707537,0.29397764154345474
KET,Flocculus,1049,108.46923743013976,175.17748555122137,191.5333591033044,18.159140646715368,108.9594061393778,161.6067763220157,0.0010277677605481429,0.040732059141723766,0.428777497295348
KET,Gustatory areas,1057,141.4012824993473,171.6334936452135,208.13456124564846,22.209476559758464,111.6955984363081,169.03994287731248,0.0,0.0,0.33873061666065635
KET,Parapyramidal nucleus,1069,153.76548159970366,177.943061877953,211.3899730566809,25.57230101552599,125.8379689140603,184.38828729902227,0.0,0.3301117922827263,0.42775573987258025
KET,Presubiculum,1084,144.51058880350558,158.03510713624297,211.3923688168071,19.593807626715762,90.94817728226758,184.35640560157196,0.01885357099926159,0.14803461954561847,0.46096405818006975
KET,Medullary reticular nucleus dorsal part,1098,105.92295772384706,158.95123697891785,204.09296281580168,18.34039644697182,93.21763656752644,158.1845671405978,0.0,0.09830508474576272,0.2829065993508835
KET,Intercalated amygdalar nucleus,1105,73.57995261949299,123.05963810455982,167.63068850221345,7.106703493235508,55.53803231672278,104.29780075428319,0.0019834114677244863,0.1153984853948792,0.18521456905878111
KET,Medullary reticular nucleus ventral part,1107,103.28634901692104,152.98086925050828,189.99495636451135,9.337937667817096,78.54755994741511,156.6503442500366,0.0,0.10227190768121168,0.18665705012621708
KET,Parastrial nucleus,1109,97.03293429605722,126.00327184449301,189.58808313650673,8.50882982699845,52.50254176971775,156.37938377762413,0.0,0.013342949873782907,0.10959249909844933
KET,Interanteromedial nucleus of the thalamus,1120,161.56832681481887,185.23134932565824,208.29491596760994,24.547569935007196,140.02034075686933,172.89483841884777,0.0,0.0031914893617021275,0.38092318788315904
KET,Tuberomammillary nucleus dorsal part,1126,103.23497913803087,130.26118961606463,197.2664918973303,11.249736466021108,52.15777948734646,172.71258376477238,7.21240533717995e-05,0.03520855872100009,0.4550126217093401
KET,Median eminence,10671,139.30542831285203,160.57203655049602,199.1930295443819,15.514169214155022,93.04361044815128,144.8318977291009,0.027984132708258204,0.201803101334295,0.3279120086548864
SAL,Tuberomammillary nucleus ventral part,1,149.04052715285016,181.0461822994635,199.52322973416244,23.71446986214137,116.74603259694135,165.60832837428583,0.0,0.0,0.4051568698160837
SAL,Inferior colliculus,4,127.90260597419245,169.4094060003747,199.52636139251933,21.83833941163745,101.57305001457394,156.7474365372725,0.0,0.12831019353287657,0.2867652362062748
SAL,Principal sensory nucleus of the trigeminal,7,82.28695489084588,118.28137679743463,192.08206418236512,8.190246126085649,59.29161607528009,152.35836710267318,0.0,0.058095924990984496,0.28531914893616983
SAL,Interfascicular nucleus raphe,12,126.82949485829022,146.51724338479562,200.6519419188968,15.37207762073489,73.21770721380679,164.89313023345682,0.0,0.16810313739632168,0.31139560043274433
SAL,Induseum griseum,19,143.9020356959156,163.93405943457537,190.67715325819256,17.918644081426304,97.1862721292267,130.37158716782403,0.0,0.06505589614136315,0.3837360259646592
SAL,Anterior amygdalar area,23,78.60165498644113,110.5614814969415,187.30317932789245,7.134480154967476,62.09749456982132,134.62281260819793,0.0,1.2020675561966582e-05,0.3578434908041832
SAL,Intergeniculate leaflet of the lateral geniculate complex,27,76.8244800270848,134.6711590098616,186.86556803319047,7.683720797206864,69.87140674652201,128.12461955658472,0.0,0.0,0.16577713667508115
SAL,Periventricular hypothalamic nucleus anterior part,30,154.90584008196618,186.6175646974462,201.63248878673235,23.91574741771026,123.1188680504153,167.54393449114235,0.0,0.007897583844212045,0.40055896141363145
SAL,Paraventricular hypothalamic nucleus,38,155.28492524190045,186.32259285283288,201.0448636074201,22.955318754079332,122.8274736032194,165.9568837545428,0.0,0.005319148936170213,0.4733141002524342
SAL,Anterior cingulate area dorsal part,39,133.38763737202328,160.26553798613503,195.34892466482347,17.468888290751227,94.10459037486595,146.21813287256657,0.0,0.004147133068878471,0.26822935448972235
SAL,Infralimbic area,44,147.33977594269263,170.0129967479212,199.47028423650045,17.394205007396824,98.73487506870784,156.1599303284543,0.0,0.22078975838442122,0.3951316263974035
SAL,Anterior cingulate area ventral part,48,155.01706368314984,185.4228841206494,200.1406962837002,22.484099105319373,120.78781898689736,163.68587455557514,0.0,0.0,0.4164082221420844
SAL,Nucleus accumbens,56,131.5360697351227,158.78552750062119,198.38377585669932,16.699482965047867,96.16133001238914,156.28041138920514,0.0,0.0,0.4040028849621349
SAL,Paraventricular hypothalamic nucleus descending division,63,153.70445223856723,186.36076040304744,201.54087351416058,23.910559072143936,122.35400523202185,168.30547989359653,0.0,0.005517490082942661,0.4732059141723765
SAL,Lateral terminal nucleus of the accessory optic tract,66,81.68409135063663,118.40078061042892,173.7095804984972,7.5784278373822955,54.35919794943544,99.5972274478231,0.0,0.05693292463036423,0.4164082221420844
SAL,Anterodorsal preoptic nucleus,72,151.60843807003954,171.74147166543224,192.26217014789145,14.567473684915432,101.86008184290245,142.1213260786536,0.0,0.3321312657771367,0.3948431301839163
SAL,Dorsal terminal nucleus of the accessory optic tract,75,96.92113411059567,137.4926381977658,185.50615314159916,10.050843084089289,71.06516556552405,133.68631568771784,0.0,0.16909484313018391,0.31821132347637937
SAL,Inferior olivary complex,83,113.37668348779572,154.3912719830945,198.08929784819324,12.74972235182878,79.57385522969355,150.8919467334093,0.0,0.1581319870176704,0.4394157951676884
SAL,Anterior hypothalamic nucleus,88,104.61245130430271,144.8065631021025,188.90165287188373,12.711502242578062,78.7320675755626,124.8775172036594,0.0,0.05109989181391994,0.2437071763433105
SAL,Interposed nucleus,91,111.5790568155015,153.8024268626449,199.51352573844474,12.643711335525738,79.04642119187783,156.57440374501957,0.0,0.18131987017670392,0.47847097006851785
SAL,Dorsal cochlear nucleus,96,154.12256193690752,186.50316572212216,201.61698129032123,23.888932447058867,122.80289218611182,168.16299213132706,0.0,0.006274792643346556,0.4849621348719798
SAL,Interpeduncular nucleus,100,144.54677728761908,171.27184693586418,196.07973016504388,21.689923358118474,115.35049382392124,148.11619536111814,0.0,3.0051688904916458e-05,0.24908041831950956
SAL,Ventral cochlear nucleus,101,78.13904398945951,129.7615304788314,187.85134984084775,7.533742423523309,69.84695908320177,135.1392231369103,0.0,0.05510277677605482,0.38369996393797334
SAL,Agranular insular area dorsal part,104,154.08056667548854,186.5898034333142,200.7426059336156,23.80541763671414,123.15175967327585,167.82477184307461,0.0,0.0014184397163120531,0.46083663901911287
SAL,Inferior salivatory nucleus,106,132.84256809112463,176.08279151761874,189.97726147810445,20.270340168309257,112.36306711656212,148.29747400670854,0.0,0.01853588171655247,0.2851063829787234
SAL,Agranular insular area posterior part,111,137.4667792791447,163.3092446487846,195.8739641086097,15.027289579100147,98.45184759739682,144.3204686676676,0.026613775694194014,0.29365308330328166,0.4160836639019113
SAL,Trochlear nucleus,115,133.20508927861783,176.19585858156915,190.46679902730347,20.170117509753116,111.73652713069751,149.69639615942154,0.0,0.1439235485034259,0.32080778939776416
SAL,Periventricular hypothalamic nucleus intermediate part,118,114.26539222714639,138.73377120966143,189.43740053469438,9.950702459933401,69.88134132466496,137.45126762291474,0.0,0.18907320591417237,0.33415073927154704
SAL,Agranular insular area ventral part,119,147.83858139837213,182.7187886902621,201.4157927732627,20.967162800562612,113.65622877162804,166.9235276076439,0.0,0.028113354970549346,0.39332852506310856
SAL,Periventricular hypothalamic nucleus posterior part,126,142.93106324571755,174.5292764561899,195.35205959286327,21.7735507325591,119.00920203398022,148.25011323138577,0.0,0.014785430941218897,0.2757302560403895
SAL,Anteromedial nucleus,127,139.72084780587895,177.43650034161615,194.17470045490234,21.589087312442818,118.94614364952349,152.56634233160267,0.0,0.1306449092438993,0.4076451496574108
SAL,Midbrain reticular nucleus,128,139.8363292420147,172.23260765896833,198.76037749313065,22.813993219608435,103.81875648324002,164.87582369443433,0.0,0.27836278398846015,0.4595384060584205
SAL,Nucleus ambiguus,135,110.53873876595628,152.1157700354043,185.76347751767366,12.266307641829687,68.58535386943734,132.68162915364462,0.0,0.03584565452578435,0.28827984132708256
SAL,Intermediate reticular nucleus,136,125.17606076504569,172.3010869767137,192.8451872747998,20.530127856763823,109.84466349457011,136.46927140125848,0.0,0.0012681812717874749,0.2444644789037144
SAL,Pontine reticular nucleus,146,152.05252717140752,173.32434019721012,196.1200576281072,21.852605336056737,117.35663560647751,148.6321260114726,0.0,7.512922226229115e-05,0.2726289217454021
SAL,Locus ceruleus,147,154.01452483926374,174.5116419436082,196.16311170972023,21.89155035366304,118.01784375577267,149.14871800782862,0.0,3.0051688904916458e-05,0.1289938694554634
SAL,Paraventricular nucleus of the thalamus,149,153.9619931599615,177.41439225740805,196.37797156167085,21.925205243539605,119.36120694594706,152.51451206663245,0.0,0.0516985214569059,0.4
SAL,Accessory olfactory bulb,151,144.17014767321328,182.2980504109039,199.05891991024208,21.721222838601975,117.00764235877396,165.58319290276987,0.0,0.03937973314100252,0.43710782545979093
SAL,Lateral dorsal nucleus of thalamus,155,130.50643280406425,175.48263641354424,190.2986568045868,20.218077102444134,113.1110801848557,144.09672029918636,0.0,0.02437793003966823,0.4434186801298233
SAL,Anterior olfactory nucleus,159,153.79216281197364,183.84787973288147,200.19355927492538,22.985066816372534,119.68587688229954,163.6372181863242,0.0,0.004886404615939416,0.34691669671835557
SAL,Nucleus prepositus,169,136.816312507992,176.67682077745582,193.2076334397162,21.43220186709356,116.71292911007423,151.13122859394485,0.0,0.03764875586007934,0.2729174179588893
SAL,Dorsal part of the lateral geniculate complex,170,129.32665957445175,175.15804933402057,189.24274677840555,19.89058000885919,110.71024583418901,136.533092516306,0.0,0.0,0.4549945906959971
SAL,Retrochiasmatic area,173,91.70408992598156,146.4676906153277,198.96004261023734,6.500391587337998,66.88462329459256,157.6740471690301,0.002307969707897584,0.19563649477100614,0.4816083663901911
SAL,Nucleus of Roller,177,81.74785235259992,116.1415360722587,173.38541462005674,7.60705861760292,54.12605048445329,99.64108542966082,0.018860439956725567,0.11153984853948792,0.40638297872340423
SAL,Ventral part of the lateral geniculate complex,178,129.42335080337358,170.52730106135039,189.7878466025182,18.961978131434606,109.79931171987317,136.60821339764163,0.0,0.12553191489361704,0.44467484072604885
SAL,Nucleus of reuniens,181,128.47125033850367,173.51688288309956,190.8677791330211,20.009726302665133,110.00871432152522,135.71135265374795,0.0,0.01835557158312297,0.26170212765957446
SAL,Frontal pole cerebral cortex,184,122.93307876058289,154.8268469689687,167.79344084047187,12.913731788935138,76.80243403122603,111.30614664415111,0.0024882798413270826,0.17544175982690227,0.29203029210241616
SAL,Lateral habenula,186,83.33067074862723,116.129543768725,186.62651250038277,6.990381230132285,49.29332684157541,134.0397574181212,0.0003846616179829306,0.028416877028489003,0.15207356653443924
SAL,Rhomboid nucleus,189,153.7793765745647,186.4405021095673,201.40300752388623,23.866938489699074,122.99912341492342,168.1756482355188,0.0,0.003311696117321793,0.3417958889289578
SAL,Lateral hypothalamic area,194,153.94940075031985,184.42729273636624,201.23713275851844,23.27829334152628,120.01891710478768,166.5211980911703,3.606202668589975e-05,0.029029931482149298,0.47576631806707537
SAL,Rostral linear nucleus raphe,197,138.0821730320561,163.7375366577667,199.04990422920483,17.07417463824773,96.99514089348338,157.8921419246206,0.0,0.07630724846736386,0.40553191489361706
SAL,Medial vestibular nucleus,202,102.6331056019676,155.7037749109623,182.98808454846443,12.544839880510422,82.89216260823713,118.75372613446189,0.0,0.004471691309051569,0.2305445366029571
SAL,Linear nucleus of the medulla,203,130.95605948710067,158.28067390837964,199.3434931615199,16.690629767337466,97.20482156645896,158.1394609976646,0.0,0.20692390912369274,0.4870176703930761
SAL,Nucleus raphe magnus,206,129.71218432243705,174.09485085442645,190.3442243001765,19.99918592122929,110.71314003154654,136.61904619350872,0.0,0.014641182834475297,0.4384421204471691
SAL,Area postrema,207,135.4950036535697,160.10777689114394,186.13332850403245,15.16459083175643,79.00014270824212,133.46050118455264,0.0,0.0717634331049405,0.34940497655968267
SAL,Lateral vestibular nucleus,209,151.84823845240035,181.00274733500873,199.12865206501047,22.853278289382846,116.80825920250592,159.26686914878246,0.003840605842048323,0.21168409664623153,0.3985298713787715
SAL,Lateral mammillary nucleus,210,137.35704690653995,177.24625955951566,193.37670982493768,21.465329459940396,117.60728112125615,152.0008623185727,0.0,0.00425531914893617,0.1445558360379851
SAL,Red nucleus,214,82.77705429178326,140.10201398718908,189.82541873567817,8.044453995447165,72.66359690507421,135.6590992561999,0.0,0.08449332852506311,0.4430580598629643
SAL,Anterior pretectal nucleus,215,94.0709378976245,142.1327885783678,189.98506274911801,7.84945277393532,79.10695695771177,136.16947621383957,0.0,0.11831950955643707,0.36548864046159396
SAL,Superior vestibular nucleus,217,139.44548807929147,168.53845541963597,185.74063499001178,15.734186315746904,96.27242248253017,126.89873642354402,0.0,0.14505950234403173,0.3394518571943743
SAL,Lateral posterior nucleus of the thalamus,218,118.37576541522778,142.0313704902096,194.6081503357438,16.94563006932271,71.60796231142304,157.4314057426222,0.0,0.07904796249549224,0.3757783387426374
SAL,Lateral preoptic area,226,84.01811740156572,121.45081580629645,173.2505671285901,7.67590731047272,54.01567875773608,99.62793912850407,0.0,0.072304363505229,0.41666065632888566
SAL,Nucleus raphe pallidus,230,91.72204936420499,139.19431555052495,177.6723032726233,8.574774322495694,73.01647619107312,114.95798241209901,0.0,0.07270104579877389,0.2857194374323837
SAL,Anterior tegmental nucleus,231,82.0346442711335,120.85328407185209,167.53261217332175,5.970913266881663,42.522030999109276,96.29676586048787,0.0030292102416155787,0.07457627118644068,0.34172376487558603
SAL,Lateral reticular nucleus,235,132.58612304882695,159.6455955302842,199.19151888162565,16.766598172616728,97.08128378032984,158.15617216347272,0.0,0.012693833393436712,0.4716312056737583
SAL,Nucleus raphe pontis,238,98.64644280879868,128.52826765143743,172.14927015331634,7.773067843503307,59.66347218295179,97.04711579894209,0.0,0.08283447529751171,0.35182113234763795
SAL,Midbrain reticular nucleus retrorubral area,246,89.49463914070144,137.49781811092612,155.45381545555097,8.889830521244727,58.66446024459324,81.04671168506081,0.0029210241615578794,0.10944825099170573,0.2736747205192932
SAL,Lateral septal nucleus caudal (caudodorsal) part,250,153.81843387589595,183.39424644770452,196.8715792018843,23.040029712831025,121.83111863864217,159.96605264204825,0.0,3.606202668589975e-05,0.4357314581079456
SAL,Lateral septal nucleus rostral (rostroventral) part,258,95.93102785502889,122.78023774150958,199.26687482218136,11.075046669420791,63.390740211214215,161.159384112583,0.0,0.12506310854670033,0.4157230436350523
SAL,Reticular nucleus of the thalamus,262,81.83482728116232,123.05818598123494,179.22177357025382,7.590284543371681,65.26204254821943,112.30603841561106,0.0,0.023656689505950235,0.3799134511359538
SAL,Anteroventral preoptic nucleus,263,107.51291182460815,130.11225656532213,200.3447093214563,13.309777683220185,60.38486491794809,167.32325778549225,0.0,0.12001442481067437,0.26148575549945907
SAL,Anteroventral periventricular nucleus,272,84.18919761780285,131.3157368522716,199.5323670787501,7.439323995775742,63.58636400628859,166.3106266910608,0.0,0.01687702848900108,0.4548503425892535
SAL,Barrington's nucleus,280,87.40488256677742,137.48148643829978,176.28811143017933,9.55532928375579,71.29277688100001,121.82303096218818,0.059610530111792286,0.23429498737829066,0.3695997115037865
SAL,Suprachiasmatic nucleus,286,80.39936031855754,110.08958364229305,174.12036804893415,7.311377032577067,53.90027963019758,98.64685886485219,0.0,0.005265055896141363,0.4109267940858276
SAL,Bed nucleus of the anterior commissure,287,129.98602491199108,150.43443785441326,193.31570084274318,18.21348070172335,67.15456000586086,148.27312820279732,0.0,0.09884601514605121,0.27178146411828347
SAL,Bed nucleus of the accessory olfactory tract,292,87.63507111736746,144.2284245358759,197.6434577921097,6.542482314805989,66.19981996923153,149.29106289994823,0.0,0.023476379372520735,0.43379011900468806
SAL,Superior colliculus motor related,294,122.94362723324254,167.58478434277558,199.47415234534637,21.258028157164578,99.96159868423814,157.93837065174725,5.409304002884962e-05,0.1874864767399928,0.48124774612333215
SAL,Basolateral amygdalar nucleus,295,143.09275434734045,168.0169587348761,200.3457898572821,17.519403357025734,98.85577652855014,164.3466501367242,0.0,0.13180670753696358,0.4304002884962135
SAL,Magnocellular nucleus,298,124.92981075075497,154.9887406495477,171.53780036606332,12.952889079467923,76.6656661422584,117.80610866267165,0.0,0.017922827262892176,0.2425171294626758
SAL,Superior colliculus sensory related,302,148.67669175919042,170.25695132423402,199.13543426541327,17.22275913687788,99.33348053432147,154.46598594550187,0.0,0.27839884601514603,0.4579516768842409
SAL,Basomedial amygdalar nucleus,319,81.97200161962894,129.20365887443117,194.1139640698431,7.642389529050946,63.225962329610454,156.73040703959876,0.0,0.09794446447890372,0.26321673278038227
SAL,Suprageniculate nucleus,325,116.97595799495392,152.3773897474207,176.15011451583445,11.679676456959024,77.21933524833946,95.21286334672577,0.00714028128380815,0.162585647313379,0.27587450414713305
SAL,Primary somatosensory area barrel field,329,138.4004426732892,163.9583424260668,195.6422930521366,17.76015408326333,94.21367277794789,147.36863266775032,0.04803461954561846,0.27857915614857554,0.36624594302199787
SAL,Accessory supraoptic group,332,135.74884213539153,175.9080885766072,196.31092584547144,19.812010753118354,110.10748431574791,160.15045418281815,0.0,0.08478182473855031,0.4234403173458348
SAL,Septohippocampal nucleus,333,122.0436401605474,149.95207853647383,182.19779485476812,11.151503761226454,68.1198220104223,130.64384693479093,0.002163721601153985,0.15023440317345835,0.32170934006491164
SAL,Primary somatosensory area lower limb,337,131.80613243891958,159.01646818511023,196.37797156167085,17.326307870968936,94.61907508055178,149.13255572748633,1.4424810674359899e-05,0.05985575189325646,0.2565813198701767
SAL,Subfornical organ,338,151.708701223295,168.440676442555,196.37797156167085,19.31949588573287,101.91067419483889,149.13255572748298,1.4424810674359899e-05,0.12152799958786265,0.37901190046880634
SAL,Primary somatosensory area mouth,345,130.94291097668292,168.25538648798425,199.40748755452137,21.92531869933489,100.60937481948972,156.30897856750585,0.0,0.1999278759466282,0.39073205914172376
SAL,Subparaventricular zone,347,86.28224710402273,125.02766560458934,158.9587145331089,9.51610156601195,52.19883288794705,80.23140104428538,0.008943382618103138,0.07610890732059142,0.2756220699603318
SAL,Subceruleus nucleus,350,153.36386106038975,169.53038823452306,199.13678338103233,19.55224079254738,104.03251550238923,158.05515765475752,0.0,0.23035821613174662,0.39459069599711505
SAL,Bed nuclei of the stria terminalis,351,143.91104928008585,176.93887765237105,200.36559753080707,22.616397340044927,109.74739955441387,167.40495465482275,0.0,0.0,0.46501983411467723
SAL,Primary somatosensory area nose,353,153.6944067288611,185.74370971986775,201.530526794396,23.62268149694642,121.58588471972058,167.14545662053754,0.0,0.26768842408943383,0.4625315542733502
SAL,Preparasubthalamic nucleus,356,154.01018157333942,181.73684558314253,196.14125892908726,22.805686301384128,122.06940581307711,158.31890426483736,0.0,3.0051688904916458e-05,0.4055174900829427
SAL,Sublaterodorsal nucleus,358,134.41230537051536,160.8736090427701,191.99416715555026,16.69875480465148,91.37119557825578,133.63100227080608,0.0,0.24886404615939417,0.29473494410385864
SAL,Primary somatosensory area trunk,361,100.71820145623036,153.7205948834286,186.80331078829363,6.202937792098911,70.63561099228043,119.61754042973564,0.0,0.16105301117922827,0.3758745041471331
SAL,Mediodorsal nucleus of thalamus,362,142.01753949021244,165.4124316390072,185.26724358747546,16.05794512656652,92.18739128048813,129.61679727138932,0.0,0.10472412549585287,0.39170573386224306
SAL,Parasubthalamic nucleus,364,152.22427244188094,176.41375945072986,195.9405674337152,21.891471724341173,119.53492454712362,151.33789510443515,0.0,0.008763072484673638,0.390299314821493
SAL,Submedial nucleus of the thalamus,366,151.85375525407517,184.48951383002958,199.7769500565164,22.59038429194123,121.15200099506089,166.26409298595922,0.0,0.20537324197619905,0.3828164442841688
SAL,Primary somatosensory area upper limb,369,108.83743455428782,131.6985334056799,191.15011180445867,13.205611531470185,52.5014555708683,151.0971953131223,0.0,0.11673278038225748,0.3295347998557519
SAL,Infracerebellar nucleus,372,144.7461627969008,170.1208809951612,194.25685851147523,14.915381761926453,99.62410506353324,144.91331674490718,0.0,0.01871619184998197,0.4060944825099171
SAL,Substantia nigra compact part,374,149.0833304018036,170.4462227227167,193.64925360924457,18.37888225938525,104.04002140711832,144.09043748236354,0.0,0.008645870897944465,0.3993869455463397
SAL,Supplemental somatosensory area,378,154.03465814636968,184.8087098150113,200.6757491236209,22.99884451355669,120.18280925075504,164.82551134689504,0.0,0.0,0.4392354850342589
SAL,Field CA1,382,94.06118556942106,120.54144983837007,178.33826222525857,10.21733315232575,52.477155277849064,119.40507204419939,0.0,0.062206996033177066,0.2654886404615939
SAL,Primary visual area,385,154.12355296459376,174.9378124165973,199.23529724088635,19.972238530554765,109.04201944507184,157.89377096432423,0.0,0.0576992426974396,0.3983772087991345
SAL,Supraoptic nucleus,390,121.42065707097002,148.18393245785495,196.87034546453862,10.426790387457066,61.32988434527298,147.45339022970597,0.0,0.1410385863685539,0.4151821132347638
SAL,Anteromedial visual area,394,124.47238433050777,153.25658002553575,191.54593328877814,14.870483336765881,82.84628437554665,132.4066013194528,0.0,0.0717994951316264,0.29437432383699963
SAL,Medullary reticular nucleus,395,135.46817738280356,166.18600902914432,197.91729685797873,19.910941637772456,102.2065247809112,155.02291266686612,0.0,0.0421925712225027,0.40414713306887845
SAL,Superior olivary complex,398,126.74628586444152,166.6521729620476,199.4070875246034,21.893974649151566,99.28960954005908,155.71393537585874,0.0,0.2006491164803462,0.46141363144608727
SAL,Anterolateral visual area,402,91.8447199951782,140.7540082326556,175.7411453109916,11.9527248139707,76.18117077315881,94.49231416719768,0.029679047962495493,0.11972592859718717,0.2756941940137036
SAL,Medial amygdalar nucleus,403,133.0590916272348,166.50140063758369,198.07051127496482,21.886523057623524,92.19363849031001,164.06241934784308,0.0,0.13166245943021998,0.4574468085106383
SAL,Lateral visual area,409,153.71298726914455,171.88777329451045,196.49261131593326,21.718389188652086,115.41128749381078,150.50191562929604,0.005012621709340065,0.23342949873782906,0.3789397764154345
SAL,Field CA2,423,154.38906555402576,176.7302053921431,197.14789455649185,21.87119488478619,117.86631007252596,152.7344127987462,0.00016227912008654887,0.2562441399206632,0.40887125856473133
SAL,Posterolateral visual area,425,128.51471584206,156.79903558392874,200.74696012573378,17.645579334212176,70.28419805957766,167.77169989328672,0.0,0.2127659574468085,0.4717634331049405
SAL,Spinal nucleus of the trigeminal oral part,445,149.5798757308309,170.3080963014604,199.01023900784327,17.20380020883407,99.93698824947532,153.58556023599365,0.0,0.0570501262170934,0.3594662820050487
SAL,Field CA3,463,83.73843678682252,142.824959254906,188.56146363511454,7.832479283430378,69.81106649040058,135.8902470991378,0.0,0.005842048323115759,0.4014064190407501
SAL,Medial geniculate complex,475,152.8921054967811,172.0944848930995,194.17241136189958,19.03219759763801,104.39724228678989,144.17159613957347,0.0,0.012441399206635412,0.3318427695636495
SAL,Medial mammillary nucleus,491,86.02538920856699,142.1269022790125,183.86493803333872,6.533696423856436,65.86668896657358,119.4870068024597,0.0,0.009051568698160836,0.10674359899026326
SAL,Subiculum,502,140.2832619069245,161.27059606838472,185.54810520292716,15.673881679432322,90.16116901787773,132.63428424882562,0.0,0.09116480346195456,0.29156148575549945
SAL,Main olfactory bulb,507,154.01514054750572,180.34877545946603,199.0941084436219,20.341255489164197,113.07571645048318,161.21807651701255,0.0,0.0019834114677244863,0.42426974395961053
SAL,Medial preoptic nucleus,515,155.3941862964964,184.86113529316304,198.73467531399865,23.393468761833056,120.95660954504454,164.44910932687813,0.0,0.013306887847097007,0.4126217093400649
SAL,Medial preoptic area,523,149.83982242215555,182.60321145589927,201.1378739613549,20.84046704371631,116.65922664129144,165.44887455743662,0.0,0.2858636855391273,0.4596465921384782
SAL,Medial pretectal area,531,153.81452261282737,182.26548965123817,198.75164298538456,22.464290294092258,116.3084989216908,160.3846262872777,0.0,0.0351785070320952,0.4160476018752254
SAL,posteromedial visual area,533,125.20787357998447,167.61908951412903,199.34873794228804,21.154234604123932,99.94523196994433,157.90198420192914,0.0,0.0033357374684457267,0.24724125495852867
SAL,Central amygdalar nucleus,536,149.93652652513987,182.82382585407115,201.304259218527,22.829138172716043,118.76106206453073,168.281802988444,0.0,0.33826181031373964,0.4685899747565813
SAL,Temporal association areas,541,104.08372652535184,151.1639677604009,199.36171073294975,12.334120547109288,75.81373726792965,155.0530005151252,0.0,0.03624233681932924,0.1930219978362784
SAL,Medial septal nucleus,564,138.17593609517448,169.73292357455128,198.98216035464276,22.43979350134535,101.38970395100388,159.8265575453557,0.0,0.11689505950234402,0.44835917778579154
SAL,Postpiriform transition area,566,138.5582165544906,169.5711043757239,198.4852658406672,22.717355075175032,101.4867704297179,163.42167360687984,0.0,0.0007392715470609448,0.32495492246664265
SAL,Tegmental reticular nucleus,574,107.70518966364122,131.0499595390885,194.99249648937257,14.4268932455303,59.001130563373096,157.95514395164236,0.0,0.06667868734222863,0.2515326361341507
SAL,Central lateral nucleus of the thalamus,575,123.14152530840944,144.05135162737508,195.8781057817056,17.29651087226277,71.73442931313237,159.1795957659458,0.0,0.0855391272989542,0.24781824738550307
SAL,Accessory facial motor nucleus,576,104.80323068025577,124.94343577280902,197.8122319324657,11.297518783343545,65.75042221357208,158.44628223371657,0.08045438153624233,0.1825820411107104,0.42138478182473854
SAL,Taenia tecta,589,145.63269604284136,166.37119228102742,196.48275368032603,18.6361969627829,96.10716916893927,150.36710282632296,0.0,0.1706094482509917,0.329138117562207
SAL,Central linear nucleus raphe,591,79.50555274617662,132.81832714731152,197.5202121689053,7.670430976511684,71.62190866413287,157.54715478467492,0.0,0.004652001442481068,0.4183195095564371
SAL,Diagonal band nucleus,596,80.2057255054402,139.05130823108914,188.2637086627018,8.963311586338278,71.16388059840625,136.8153177103745,0.02473855030652723,0.17967904796249548,0.3417598269022719
SAL,Central medial nucleus of the thalamus,599,141.3934945233914,160.51753245722395,199.83061029913947,17.035256462080476,89.58633601063762,162.97640826959758,0.13245582401730976,0.24846736386584925,0.44572664983772087
SAL,Subparafascicular area,609,108.3139478559032,133.87678669434524,200.26106155659238,14.04016304964328,60.753445568869246,163.93567524461506,0.0,0.15858276235124413,0.29704291381175624
SAL,Nucleus of the lateral lemniscus,612,123.2764054416458,147.9709693759846,199.75766245269847,17.239225183795156,71.09955890107958,166.39483990697417,0.00043274432023079695,0.1711143166245943,0.45099170573386227
SAL,Tuberal nucleus,614,107.56627822371516,129.63677757015265,194.4220100096333,13.968545383148767,54.33808564004427,157.1780763426618,0.0,0.0569419401370357,0.2558600793364587
SAL,Cuneiform nucleus,616,115.75714541492803,139.52899167495073,186.51005511373268,13.469880116449572,59.969653982598516,141.63878948192323,0.0,0.126974395961053,0.30457987738910924
SAL,Nucleus of the lateral olfactory tract,619,104.11773856382477,129.30516873195546,196.55323777890578,12.769940161894993,56.34615581520269,160.23042293853544,0.005070320952037493,0.1287053732419762,0.4107104219257122
SAL,Motor nucleus of trigeminal,621,123.13689009267816,155.46248612830914,187.650987571777,13.366459088772276,86.87406585803248,123.15739129652285,0.0,0.024810674359899025,0.4141002524341868
SAL,Cortical amygdalar area anterior part,639,155.31130401307715,186.49518922925978,201.40934856999408,24.040741649624685,123.04574091605869,168.33440547396611,0.0,0.1533597788195696,0.44807068157230434
SAL,Nucleus of the trapezoid body,642,153.74505865356969,183.73153344784126,200.54551482306363,23.01131958973291,119.48957897486196,164.64999293780713,0.0,0.004435629282365669,0.4163360980887126
SAL,Cortical amygdalar area posterior part,647,140.2835060671417,165.2813225115002,183.43156090362967,12.864008210168524,91.61864782686973,131.8215070685132,0.0,0.25640100973674723,0.4124774612333213
SAL,Nucleus of the solitary tract,651,138.57070557330957,171.03924785222733,199.12222058895367,22.462352406905705,102.72388518232756,161.1683854845455,0.0,0.001694915254237288,0.4429498737829066
SAL,Abducens nucleus,653,152.36906612052766,179.52280595123693,198.82146272521274,20.265900358600206,112.66527263152852,160.3768312974038,0.0,0.002019473494410386,0.3823296069239091
SAL,Facial motor nucleus,661,124.23142982358152,171.2705793019186,194.80299752952092,21.175177757478725,111.65282974603525,143.8611294732443,0.0,0.19747565813198703,0.3427695636494771
SAL,Caudoputamen,672,118.10692141321378,150.08815198544377,186.05828000118154,7.735752731293226,61.123113698907694,140.24986600678557,0.0,0.1277316985214569,0.37742517129462677
SAL,Visceral area,677,154.89763037687226,172.1093067695358,196.15142422544062,16.060522197200214,104.45168581643495,145.1817028596164,0.0,0.3142084385142445,0.4157230436350523
SAL,Superior central nucleus raphe,679,85.04736477531809,117.7713855413026,188.44539773431734,6.93748433921177,48.995802409513615,135.70425765639496,0.00284890010818608,0.04370717634331049,0.3995311936530833
SAL,Ventral medial nucleus of the thalamus,685,122.73027262685112,155.01944201456047,195.81339166415574,18.93698354198082,71.45419072878693,159.20879321297934,9.015506671474937e-06,0.16620988099531195,0.3761630003606203
SAL,Ventrolateral preoptic nucleus,689,129.71363678269566,162.23850848148706,199.5242625668606,20.49801147768537,92.43332251675099,157.29005403367128,0.0,0.009231878831590335,0.4390551749008294
SAL,Ventromedial hypothalamic nucleus,693,137.84158844680792,160.45381379305567,195.05901379035535,14.126224742800984,89.01856899211909,145.0486547708537,0.0,0.005337179949513163,0.260800576992427
SAL,Olivary pretectal nucleus,706,139.38090709755403,175.53895572284074,199.27433151866632,21.60322355413704,108.3048027114603,158.18152499235384,0.007609087630724847,0.3062387306166607,0.49145329967544177
SAL,Cuneate nucleus,711,143.12584061932927,181.1737626268805,200.5922447472098,20.986429023582936,114.85821457259993,167.44391304323267,0.0,0.00010818608005769924,0.4108186080057699
SAL,Ventral posterolateral nucleus of the thalamus,718,129.71363678269563,154.1783203286338,196.0135549277776,18.34620525471885,69.56279990413444,148.2211667564179,0.0,0.001676884240894338,0.22091597547782185
SAL,Dentate gyrus,726,154.47365266125567,186.60677491286702,201.31168689492955,24.081956249370737,123.22415491483761,168.28320247302167,0.0,0.23976439475898584,0.44630364226469527
SAL,Orbital area medial part,731,122.62997245388215,155.49123346540043,187.58647107519263,13.351259061527768,86.74117302503552,123.19686759159303,0.0,0.009610530111792283,0.25928597187161917
SAL,Ventral posteromedial nucleus of the thalamus,733,137.97760035917895,165.03501647446416,200.9559072052017,19.152980716188562,89.09021274061598,168.01960992165354,0.007717273710782546,0.24522178146411827,0.487053732419762
SAL,Orbital area ventrolateral part,746,143.41907370062125,166.68938491107278,199.24395102676675,17.25500603016393,99.09282691336526,161.282117024133,0.0,0.020952037504507755,0.37767760548142804
SAL,Ventral tegmental area,749,137.906533449576,180.73101401887243,196.0057176116629,21.09840807935983,114.57705545635736,159.22658167182195,0.00429138117562207,0.1136314460872701,0.44053371799495133
SAL,Olfactory tubercle,754,136.73197264113747,160.43535987511345,200.11707238219262,12.189464466402878,88.2710242886621,163.68082486131382,0.0022358456545257845,0.17966101694915254,0.426253155427335
SAL,Ventral tegmental nucleus,757,153.99806126470156,175.05619763834588,196.31071665360815,21.90674643605175,118.13376025065963,149.2842787593073,0.0,0.003137396321673278,0.3679528789517971
SAL,Vascular organ of the lamina terminalis,763,121.60431037720419,143.23065936148151,189.96818614812742,10.200278635248289,65.60038490341941,136.10504304656274,0.0,0.04096646231518211,0.12522538766678687
SAL,Nucleus x,765,140.2529415412734,179.7769703253468,200.34470932145626,20.71962587178644,113.0815510671438,167.32325778548847,0.0,0.13418680129823296,0.41684096646231517
SAL,Hypoglossal nucleus,773,127.17271456858612,158.42753190724437,183.86946889673732,14.379547414515208,81.84672612615176,129.44343628160038,0.0,0.06134150739271547,0.39347277316985213
SAL,Posterior amygdalar nucleus,780,141.17796891908435,160.74933526098582,185.5757270858902,15.596891498050963,95.5777966152682,133.62757377854257,0.0,0.03407861521817526,0.27583844212044717
SAL,Nucleus y,781,79.4097010979976,140.04954239164687,189.98797485655302,7.9007781780568225,69.76915800439156,136.40523385332543,0.0,0.04264334655607645,0.4215109989181392
SAL,Piriform-amygdalar area,788,148.96656266735408,181.08542861283243,199.52540004208083,23.743486711274176,116.82547406608793,165.85887303049742,9.015506671474937e-06,0.22225027046520016,0.4555715831229715
SAL,Periaqueductal gray,795,154.90671454058412,186.59039368102924,201.48156040318946,24.052005294074196,123.09651213955964,168.18592101645405,0.0,0.07454020915975478,0.4721961774251713
SAL,Zona incerta,797,114.76967165994533,139.43515951837458,188.26918667157003,9.931790002309526,69.9144568602715,136.81543002097925,0.0,0.14652001442481066,0.33736025964659216
SAL,Dorsal peduncular area,814,139.64714274513693,172.5904298371554,195.4964530070309,21.721965444970664,117.86490154732952,146.0095429439907,0.0,0.10233201105902144,0.31824738550306525
SAL,Dorsomedial nucleus of the hypothalamus,830,155.07864085069338,172.3147964548607,198.34160519017206,16.728317026186378,105.17291714028751,151.64028467449245,0.003714388748647674,0.315109989181392,0.4421204471691309
SAL,Dorsal motor nucleus of the vagus nerve,839,153.7024267842894,186.3612716170908,201.5872794241349,23.939272592028882,122.35400523202185,168.13708396635167,0.0,0.026505589614136314,0.4753335737468446
SAL,Parasubiculum,843,153.95020930114293,180.3805124497096,198.2808959307415,21.34763882579517,113.23299173601478,159.3643868218734,0.0,0.316191849981969,0.4243779300396682
SAL,Dentate nucleus,846,96.54720632467462,142.27512316459377,186.48368483497643,12.519969380397775,76.654337583205,118.4845009217851,0.0,0.007500901550667147,0.21752614496934727
SAL,Parvicellular reticular nucleus,852,148.9541176488398,181.5466938203133,200.64032325863815,20.66273950227625,115.20006188103972,164.99913229222076,0.0,0.0,0.281668469768001
SAL,Parasolitary nucleus,859,153.9619931599615,171.37544726089754,196.37797156167085,19.452738831862096,104.63663266115833,149.13255572748508,1.4424810674359899e-05,0.1270815516974912,0.3984132708258204
SAL,Parabrachial nucleus,867,137.0699896705159,171.95529961767602,199.52997670393478,21.97594172050205,103.13729871493564,156.4097185653746,0.0,0.0,0.3734583483591778
SAL,Dorsal nucleus raphe,872,82.49530171144652,118.30971709598315,165.72577739708024,7.23388514560437,54.51074352274566,79.18148976254616,0.0,0.0033537684817886767,0.13353768481788678
SAL,Parabigeminal nucleus,874,119.07516374893338,143.36380759177462,185.79511033923615,12.582209623278768,63.718520969138694,123.05511864208637,0.003389830508474576,0.13562928236566896,0.3418319509556437
SAL,Retrosplenial area dorsal part,879,104.26034179344593,123.4740822436922,199.54000900205432,11.433386945835595,64.75574975057253,162.22577275298997,0.0,0.1156148575549946,0.4433104940497656
SAL,Dorsal tegmental nucleus,880,77.95923891943559,139.31972311961812,173.89754037925746,8.343684200866033,71.14022100499106,119.84545574724959,0.0,0.031121529029931483,0.34760187522538766
SAL,Retrosplenial area ventral part,886,149.7063840219246,169.53733014270364,190.78325384263826,14.240901945672999,101.7133294385258,139.30876091760248,0.0,0.0,0.39776415434547424
SAL,Retrosplenial area lateral agranular part,894,123.473023649839,153.6549725720102,194.37099468213992,18.787750866126373,71.61168102161238,157.02810525782616,0.0,0.10317345834835918,0.36477942060343793
SAL,Ectorhinal area,895,143.67574242620495,175.2624475305242,201.46872757954822,19.61362383991802,102.24433661750851,166.8665035408468,0.0,0.0012741916095684559,0.44940497655968353
SAL,External cuneate nucleus,903,130.91609700281816,154.48380605904032,196.1074399799907,13.208422516574457,66.6226088898471,144.72444515211072,0.0,0.08827984132708258,0.2695636494771006
SAL,Paracentral nucleus,907,131.84156406582912,175.7465405874413,189.9870271808768,19.980452684998117,111.74881853095465,146.93878894362564,0.001586729174179589,0.19893617021276597,0.26988820771727373
SAL,Lingula (I),912,125.43076078180763,154.6919512682103,194.2840125250272,19.062489587589837,71.87325878633439,152.64438631894242,0.0,0.1212946267580238,0.3976920302921024
SAL,Entorhinal area lateral part,918,151.4097508210436,181.76289472983993,199.4117549919699,23.40087286815881,117.51692919916732,163.42167360687984,0.0,0.10173097728092319,0.4043635052289939
SAL,Central lobule,920,154.00172441911715,184.81608288631259,198.22628897939774,22.926751313519436,122.84198968360666,163.42167360687984,0.0,0.0,0.34655006611371564
SAL,Perirhinal area,922,147.4891709942865,181.7072612994436,201.6325177284661,21.40131931626607,115.8240920708987,168.01949126141977,0.0030292102416155787,0.3287414352686621,0.48012982329606924
SAL,Entorhinal area medial part dorsal zone,926,133.53275275720392,165.10680231924394,199.98162347517467,11.884048782418194,87.31174908111313,166.96386828882567,0.0,0.1459430219978363,0.4710061305445366
SAL,Culmen,928,152.32981307409312,183.36828356150514,200.59866942045485,23.800898356560808,118.88803418362781,167.5334253619485,0.0,0.0,0.3145329967544176
SAL,Parafascicular nucleus,930,126.4852687129068,165.89720681144863,198.8220256953189,21.854621967000636,94.01686945154259,156.47276691940746,0.0,0.0425531914893617,0.36505589614136313
SAL,Pontine gray,931,125.67238613864791,163.8764119586789,196.98477907333307,21.626336849446833,87.95798494543314,159.16957032106887,0.0,0.1298232960692391,0.2316985214569059
SAL,Declive (VI),936,154.53704046874816,186.44117369157664,201.56183501405022,23.84002780144281,123.00132551662966,166.56942009940877,0.0,0.05445366029570862,0.4146411828344753
SAL,Folium-tuber vermis (VII),944,94.15756571591466,126.0118705909631,161.59519387658153,8.410066048258871,50.463213797585375,76.17621710140207,0.00032455824017309774,0.11063829787234043,0.2709700685178507
SAL,Posterior hypothalamic nucleus,946,93.39341746749528,144.83066411249038,198.5083214681908,6.557811196008573,66.6017776328113,152.34511622560296,0.0,0.028957807428777498,0.4403173458348359
SAL,Pyramus (VIII),951,154.0012271801699,186.07918128124078,201.48247218337468,21.426042851186743,120.44443849533755,167.30714510132427,0.000144248106743599,0.008186080057699243,0.4133429498737829
SAL,Uvula (IX),957,143.94320258543945,177.19490063429708,199.34063396617415,23.284822787361474,110.42382624303325,165.50256490997802,0.0,0.17940858276235125,0.4511720158672917
SAL,Piriform area,961,150.2588672314721,180.5726984786088,199.22390442158226,22.880129975210643,116.17638944138044,159.163201027115,1.2020675561966582e-05,0.01676884240894338,0.40613054453660297
SAL,Nodulus (X),968,122.73694105568643,151.51086320042674,196.9540986261245,18.46342284562148,71.43871999811105,160.83208621749816,0.0,0.0,0.2580238009376127
SAL,Paragigantocellular reticular nucleus dorsal part,970,155.3706293759659,186.5571138392583,201.41210647598936,23.291952596502068,122.7952061536475,166.9288734848378,0.0,3.606202668589975e-05,0.41932924630364227
SAL,Prelimbic area,972,153.6961198919787,184.00577406268246,200.6371159369245,23.037130799162078,119.68983929316445,165.02793657337492,0.0,0.08989361702127659,0.43389830508474575
SAL,Edinger-Westphal nucleus,975,154.0328366913381,181.99963262204398,197.45711403356913,22.847561781671924,121.02187773036681,158.34308605295553,0.002061116549035772,0.3671114316624594,0.45315542733501624
SAL,Paragigantocellular reticular nucleus lateral part,978,154.82215080651548,186.40784114431386,201.40243166599151,23.705060870700258,122.67197647458178,167.12554286984587,0.0,0.03126577713667508,0.4694554633970429
SAL,Dorsal premammillary nucleus,980,154.57060451267256,184.96296374015435,201.15304061911442,23.70576427180089,121.30804571013964,168.1752692559385,0.012549585286693112,0.40196538045438157,0.4885683375405698
SAL,Fasciola cinerea,982,137.72384633025598,161.99407582063662,198.58461049206596,18.254121513835397,92.15026477659057,156.7517513258778,0.0,0.14597908402452217,0.4717994951316264
SAL,Primary motor area,985,150.94540793602997,182.48558379964825,200.19557233727477,23.78534548405553,118.29606905356546,166.7998233690569,0.0,0.19506250751292226,0.4642625315542733
SAL,Fastigial nucleus,989,124.08268706188336,143.23065936148146,189.90684550442194,10.759753059615692,70.94378471864208,136.58805675576198,0.008077893977641543,0.09159754778218536,0.4487558600793365
SAL,Secondary motor area,993,154.04533077593743,184.5823487265707,200.48383518007336,22.99004301002825,120.48138674598988,164.28599984495605,0.0,0.21833754056978003,0.47490082942661377
SAL,Fundus of striatum,998,148.85127384313637,164.2240799371005,197.27165408137034,18.787088697699538,96.1217958966028,152.5766155751894,0.0,0.15409304002884963,0.27497295347998557
SAL,Primary auditory area,1002,153.6345919405671,183.6122363369991,198.76151119811666,18.620835013660926,113.34781115995193,160.34249896410026,0.0,0.01294626758023801,0.41366750811395603
SAL,Ventral premammillary nucleus,1004,153.7721396462781,184.18557718372705,200.48383518007336,23.03314813068594,120.11018539471667,164.2859998449566,0.0016768842408943383,0.22199783627839884,0.4145329967544176
SAL,Simple lobule,1007,153.74714925902353,185.4622465448132,201.4857789308993,23.586940944370006,121.09395260442767,167.40968416733318,0.0,0.006815723043635056,0.4529510758504624
SAL,fiber tracts,1009,147.80019913853377,180.37980403331517,199.53157157346578,23.709509281005918,116.07259624229066,165.37279482514083,0.0,0.005301117922827263,0.4689866570501262
SAL,Dorsal auditory area,1011,103.47723514891177,126.71759725497702,195.68834287189858,11.175446646085346,65.4313915230995,148.5835965705865,0.0,0.12470248827984133,0.4151821132347638
SAL,Ansiform lobule,1017,123.92344259106105,172.35461889145273,198.4439995774507,20.919185264900346,107.67719986816508,155.70101205347834,0.0,0.0428416877028489,0.2560403894698882
SAL,Ventral auditory area,1018,106.34047243459551,124.73474487592844,200.84238760159053,12.813542384777994,54.760486845271046,165.5261852000205,0.004471691309051569,0.12978723404255318,0.4719798052650559
SAL,Posterior complex of the thalamus,1020,82.25399863671501,113.05531249492348,160.6996095455341,8.578107806009069,43.09897455812549,81.36901980301286,0.0,0.019401370357014065,0.14038946988820772
SAL,Paramedian lobule,1025,154.76269073585348,186.52661901407532,201.58321648269606,23.862075271796428,123.1162919493942,167.67395160591903,0.0,0.23992066354129102,0.4836999639379733
SAL,Posterior auditory area,1027,154.86368616691087,186.53771654824016,201.24988444658146,24.066332090217013,123.13539941321302,168.19704142429285,0.0,0.011792282726289217,0.4718836398605596
SAL,Posterior limiting nucleus of the thalamus,1029,154.00078043330052,184.90046061144943,201.52592921489014,23.06702566737752,120.75820352473121,167.29816070750005,0.0,0.03732419761990624,0.41056617381896865
SAL,Copula pyramidis,1033,145.51708362513546,167.12710823522997,197.52058331131303,18.434416338917664,95.79970180343037,153.5521471525641,0.0,0.2729895420122611,0.4253204368656947
SAL,Postsubiculum,1037,151.90678801153632,183.86173537628048,200.34575508519993,19.500876707973813,114.21313076154752,164.3461985414998,0.0,0.00843851424450054,0.4275694194013704
SAL,Paraflocculus,1041,154.40880312016037,185.67651630026336,199.0464786841069,23.452507923673192,122.29120113589681,165.53972898286122,0.0,0.031139560043274433,0.41741795888928956
SAL,Flocculus,1049,140.3422629174811,174.1795003578738,199.47020451436322,22.564224759412767,107.04267450760901,159.96075292124524,0.0,0.23124774612333213,0.3436711143166246
SAL,Gustatory areas,1057,138.33475439285738,180.68772193034434,193.98778555311404,20.82161565234335,116.33278509213588,156.20701483707822,0.0,0.019040750090155066,0.4145690587811035
SAL,Parapyramidal nucleus,1069,154.01135370932832,184.87564944199897,201.52695326245788,22.724083932892107,120.95542003345918,168.23487341115307,0.0,0.017850703209520376,0.30620266858997475
SAL,Presubiculum,1084,92.75754291883602,138.68026862876664,197.8148586926879,10.514021319110897,74.27908792510512,153.9538693831152,0.0,0.004940497655968265,0.14612333213126577
SAL,Medullary reticular nucleus dorsal part,1098,153.9619931599615,185.9785857018203,199.78405982320814,23.171283623171966,122.92656692436991,166.2434447085073,1.4424810674359899e-05,0.05985575189325646,0.44900829426613775
SAL,Intercalated amygdalar nucleus,1105,135.72194530384147,155.1680068687204,199.53188046497738,14.186060766222216,73.24754308468785,156.9080534847684,0.0,0.012441399206635412,0.44592499098449334
SAL,Medullary reticular nucleus ventral part,1107,135.64145244523502,166.09876190124754,197.92464726021961,19.878676270325332,101.86662377816621,155.0607526180961,0.0,0.0027767760548142806,0.4044716913090516
SAL,Parastrial nucleus,1109,154.76529322105995,171.97879201897405,196.05070440759735,20.827671743825213,109.7930130887415,148.1294744897158,0.0,0.03198701767039308,0.3605481428056257
SAL,Interanteromedial nucleus of the thalamus,1120,136.6475709523313,159.17140504175188,184.29885729181376,14.784943891345675,83.05325004350769,132.80817825447699,0.026505589614136314,0.2137035701406419,0.3279120086548864
SAL,Tuberomammillary nucleus dorsal part,1126,123.72320089761844,146.17657217924216,201.40946538482368,16.35041831763323,70.57782838180827,168.3372864979707,0.0,0.15761509796850576,0.4731698521456906
SAL,Median eminence,10671,154.58196141448138,176.09296325470018,197.18167702580325,21.833646968602864,117.35591820430037,152.80336364323264,7.21240533717995e-05,0.09810674359899021,0.40638297872340423
