,Tuberomammillary nucleus ventral part,Inferior colliculus,Principal sensory nucleus of the trigeminal,Interfascicular nucleus raphe,Induseum griseum,Anterior amygdalar area,Intergeniculate leaflet of the lateral geniculate complex,Periventricular hypothalamic nucleus anterior part,Paraventricular hypothalamic nucleus,Anterior cingulate area dorsal part,Infralimbic area,Anterior cingulate area ventral part,Nucleus accumbens,Paraventricular hypothalamic nucleus descending division,Lateral terminal nucleus of the accessory optic tract,Anterodorsal preoptic nucleus,Dorsal terminal nucleus of the accessory optic tract,Inferior olivary complex,Anterior hypothalamic nucleus,Interposed nucleus,Dorsal cochlear nucleus,Interpeduncular nucleus,Ventral cochlear nucleus,Agranular insular area dorsal part,Inferior salivatory nucleus,Agranular insular area posterior part,Trochlear nucleus,Periventricular hypothalamic nucleus intermediate part,Agranular insular area ventral part,Periventricular hypothalamic nucleus posterior part,Anteromedial nucleus,Midbrain reticular nucleus,Nucleus ambiguus,Intermediate reticular nucleus,Pontine reticular nucleus,Locus ceruleus,Paraventricular nucleus of the thalamus,Accessory olfactory bulb,Lateral dorsal nucleus of thalamus,Anterior olfactory nucleus,Nucleus prepositus,Dorsal part of the lateral geniculate complex,Retrochiasmatic area,Nucleus of Roller,Ventral part of the lateral geniculate complex,Nucleus of reuniens,Frontal pole cerebral cortex,Lateral habenula,Rhomboid nucleus,Lateral hypothalamic area,Rostral linear nucleus raphe,Medial vestibular nucleus,Linear nucleus of the medulla,Nucleus raphe magnus,Area postrema,Lateral vestibular nucleus,Lateral mammillary nucleus,Red nucleus,Anterior pretectal nucleus,Superior vestibular nucleus,Lateral posterior nucleus of the thalamus,Lateral preoptic area,Nucleus raphe pallidus,Anterior tegmental nucleus,Lateral reticular nucleus,Nucleus raphe pontis,Midbrain reticular nucleus retrorubral area,Lateral septal nucleus caudal (caudodorsal) part,Lateral septal nucleus rostral (rostroventral) part,Reticular nucleus of the thalamus,Anteroventral preoptic nucleus,Anteroventral periventricular nucleus,Barrington's nucleus,Suprachiasmatic nucleus,Bed nucleus of the anterior commissure,Bed nucleus of the accessory olfactory tract,Superior colliculus motor related,Basolateral amygdalar nucleus,Magnocellular nucleus,Superior colliculus sensory related,Basomedial amygdalar nucleus,Suprageniculate nucleus,Primary somatosensory area barrel field,Accessory supraoptic group,Septohippocampal nucleus,Primary somatosensory area lower limb,Subfornical organ,Primary somatosensory area mouth,Subparaventricular zone,Subceruleus nucleus,Bed nuclei of the stria terminalis,Primary somatosensory area nose,Preparasubthalamic nucleus,Sublaterodorsal nucleus,Primary somatosensory area trunk,Mediodorsal nucleus of thalamus,Parasubthalamic nucleus,Submedial nucleus of the thalamus,Primary somatosensory area upper limb,Infracerebellar nucleus,Substantia nigra compact part,Supplemental somatosensory area,Field CA1,Primary visual area,Supraoptic nucleus,Anteromedial visual area,Medullary reticular nucleus,Superior olivary complex,Anterolateral visual area,Medial amygdalar nucleus,Lateral visual area,Field CA2,Posterolateral visual area,Spinal nucleus of the trigeminal oral part,Field CA3,Medial geniculate complex,Medial mammillary nucleus,Subiculum,Main olfactory bulb,Medial preoptic nucleus,Medial preoptic area,Medial pretectal area,posteromedial visual area,Central amygdalar nucleus,Temporal association areas,Medial septal nucleus,Postpiriform transition area,Tegmental reticular nucleus,Central lateral nucleus of the thalamus,Accessory facial motor nucleus,Taenia tecta,Central linear nucleus raphe,Diagonal band nucleus,Central medial nucleus of the thalamus,Subparafascicular area,Nucleus of the lateral lemniscus,Tuberal nucleus,Cuneiform nucleus,Nucleus of the lateral olfactory tract,Motor nucleus of trigeminal,Cortical amygdalar area anterior part,Nucleus of the trapezoid body,Cortical amygdalar area posterior part,Nucleus of the solitary tract,Abducens nucleus,Facial motor nucleus,Caudoputamen,Visceral area,Superior central nucleus raphe,Ventral medial nucleus of the thalamus,Ventrolateral preoptic nucleus,Ventromedial hypothalamic nucleus,Olivary pretectal nucleus,Cuneate nucleus,Ventral posterolateral nucleus of the thalamus,Dentate gyrus,Orbital area medial part,Ventral posteromedial nucleus of the thalamus,Orbital area ventrolateral part,Ventral tegmental area,Olfactory tubercle,Ventral tegmental nucleus,Vascular organ of the lamina terminalis,Nucleus x,Hypoglossal nucleus,Posterior amygdalar nucleus,Nucleus y,Piriform-amygdalar area,Periaqueductal gray,Zona incerta,Dorsal peduncular area,Dorsomedial nucleus of the hypothalamus,Dorsal motor nucleus of the vagus nerve,Parasubiculum,Dentate nucleus,Parvicellular reticular nucleus,Parasolitary nucleus,Parabrachial nucleus,Dorsal nucleus raphe,Parabigeminal nucleus,Retrosplenial area dorsal part,Dorsal tegmental nucleus,Retrosplenial area ventral part,Retrosplenial area lateral agranular part,Ectorhinal area,External cuneate nucleus,Paracentral nucleus,Lingula (I),Entorhinal area lateral part,Central lobule,Perirhinal area,Entorhinal area medial part dorsal zone,Culmen,Parafascicular nucleus,Pontine gray,Declive (VI),Folium-tuber vermis (VII),Posterior hypothalamic nucleus,Pyramus (VIII),Uvula (IX),Piriform area,Nodulus (X),Paragigantocellular reticular nucleus dorsal part,Prelimbic area,Edinger-Westphal nucleus,Paragigantocellular reticular nucleus lateral part,Dorsal premammillary nucleus,Fasciola cinerea,Primary motor area,Fastigial nucleus,Secondary motor area,Fundus of striatum,Primary auditory area,Ventral premammillary nucleus,Simple lobule,fiber tracts,Dorsal auditory area,Ansiform lobule,Ventral auditory area,Posterior complex of the thalamus,Paramedian lobule,Posterior auditory area,Posterior limiting nucleus of the thalamus,Copula pyramidis,Postsubiculum,Paraflocculus,Flocculus,Gustatory areas,Parapyramidal nucleus,Presubiculum,Medullary reticular nucleus dorsal part,Intercalated amygdalar nucleus,Medullary reticular nucleus ventral part,Parastrial nucleus,Interanteromedial nucleus of the thalamus,Tuberomammillary nucleus dorsal part,Median eminence
Tuberomammillary nucleus ventral part,1.000000,0.981377,0.270227,0.803678,0.859767,-0.060885,0.095119,0.973793,0.958681,0.626404,0.780546,0.940791,0.645621,0.952051,0.069112,0.818963,0.429927,0.550786,0.357203,0.503130,0.962665,0.944085,-0.073945,0.973240,0.892364,0.733976,-0.887277,0.575942,0.965153,0.946466,0.937429,0.990624,0.571040,0.906755,0.950863,0.954033,0.961010,0.912348,0.893907,0.917422,0.926861,0.871680,-0.353159,0.064067,0.840686,0.890940,0.451587,0.155125,0.952460,0.914255,0.706176,0.576187,0.662721,0.888061,0.723936,0.993514,0.928841,-0.217477,-0.353686,0.780285,0.803881,0.117464,0.220691,-0.132391,0.670369,0.335570,-0.192799,0.968857,0.452973,-0.029108,0.710224,0.035354,-0.329259,0.040285,0.886026,0.286249,0.968749,0.893736,0.471929,0.789397,-0.120176,0.416185,0.669051,0.862968,0.437880,0.624200,0.775035,0.983976,0.065171,0.811733,0.992093,0.940677,0.961142,0.605755,0.468341,0.791629,0.955337,0.936949,0.583221,0.781583,-0.746813,0.931498,0.428900,0.848491,0.686860,0.500305,0.930625,0.980095,0.262906,0.971488,0.949707,0.966891,0.899428,0.794652,-0.205708,0.777350,-0.255892,0.767793,0.846144,0.989436,0.863802,0.897858,0.963124,0.993384,0.444185,0.988304,0.986801,0.695381,0.833737,0.517229,0.729152,0.162820,0.260395,0.857926,0.724934,0.850201,0.643435,0.756200,0.554378,0.663203,0.983560,0.911085,0.715196,0.990302,0.832209,0.924388,0.456029,0.810136,0.174568,0.910519,0.954502,0.796871,0.985314,0.887118,0.912949,0.975172,0.659745,-0.946296,0.866636,-0.901632,0.685543,0.956453,0.559762,0.871410,-0.685476,0.639208,0.143293,0.999968,0.979286,0.574649,0.943695,0.822521,0.953891,0.861938,0.305693,0.844545,0.793997,0.988107,0.139050,0.750669,0.518093,0.125248,0.784754,0.904902,0.946239,0.810648,0.872736,0.914420,0.998932,0.958592,0.978234,0.699167,0.998074,0.976756,0.962564,0.963186,0.421713,0.377965,0.977743,0.997156,0.995094,0.885055,0.968429,0.915910,0.975861,0.962615,0.994479,0.903799,0.999134,0.641375,0.928499,0.897954,0.923864,0.921304,0.934324,0.999806,0.502100,0.961660,0.645275,0.047276,0.966907,0.981341,0.916411,0.737876,0.946725,0.981321,0.994390,0.918236,0.921915,0.259220,0.955067,0.850501,0.929995,0.928266,0.591006,-0.826999,0.965861
Inferior colliculus,0.981377,1.000000,0.354730,0.781811,0.901419,-0.148934,0.052312,0.915040,0.886336,0.469857,0.646613,0.858226,0.487935,0.890999,-0.102346,0.723799,0.397196,0.382520,0.175614,0.328114,0.901696,0.961324,0.014801,0.926834,0.879930,0.598132,-0.870431,0.527014,0.918482,0.948594,0.925806,0.986111,0.640620,0.926324,0.960387,0.959545,0.957576,0.864049,0.891206,0.828777,0.914878,0.876646,-0.525793,-0.110360,0.840534,0.905240,0.312672,0.243388,0.894003,0.833393,0.557435,0.428742,0.506542,0.898714,0.776427,0.985789,0.915479,-0.145864,-0.272905,0.843407,0.853329,-0.058748,0.035756,-0.318743,0.515483,0.198840,-0.031110,0.942996,0.469649,-0.029185,0.744375,0.111725,-0.291179,-0.120537,0.941805,0.464968,0.997739,0.848448,0.334680,0.658498,-0.202109,0.253312,0.519142,0.818669,0.320275,0.465799,0.645883,0.998546,-0.112846,0.685011,0.973811,0.868873,0.940121,0.450947,0.621875,0.845523,0.953555,0.888845,0.661876,0.711184,-0.624507,0.848451,0.539838,0.731456,0.812198,0.330942,0.973214,0.998826,0.081346,0.977861,0.965825,0.969168,0.904351,0.665315,-0.117832,0.656332,-0.436666,0.818218,0.744404,0.963503,0.776597,0.799789,0.995401,0.959017,0.264404,0.992466,0.986363,0.753908,0.875511,0.516931,0.589232,0.206648,0.268037,0.814888,0.711634,0.871415,0.707363,0.838065,0.617985,0.526637,0.934428,0.823604,0.601732,0.992784,0.728472,0.946923,0.395275,0.692516,0.251841,0.940840,0.993967,0.885843,0.996320,0.826553,0.963196,0.923911,0.522533,-0.938605,0.815171,-0.864204,0.586082,0.960723,0.580564,0.810666,-0.754019,0.503903,0.070911,0.980474,0.927205,0.521102,0.953170,0.702110,0.891981,0.757747,0.121508,0.751613,0.669773,0.999226,0.255534,0.846933,0.528139,0.132044,0.691175,0.940923,0.909504,0.903428,0.857256,0.956768,0.982022,0.923546,0.938917,0.627521,0.967739,0.994619,0.979847,0.897560,0.559516,0.548769,0.922723,0.985160,0.987364,0.915515,0.902926,0.829760,0.958892,0.894433,0.955835,0.963983,0.972900,0.663491,0.843681,0.954946,0.845618,0.835072,0.860515,0.981807,0.493587,0.986054,0.650085,0.230481,0.903030,0.933078,0.840623,0.597748,0.881782,0.948733,0.994532,0.890734,0.855960,0.068977,0.910596,0.935685,0.973010,0.959550,0.457695,-0.834861,0.970485
Principal sensory nucleus of the trigeminal,0.270227,0.354730,1.000000,0.700832,0.024198,0.511538,0.745223,0.094025,0.108763,-0.348151,-0.022780,0.082872,-0.255127,-0.022012,-0.007768,0.360397,0.809035,-0.115338,-0.502757,-0.217841,0.027736,0.107600,-0.555665,0.045736,-0.128473,0.102586,0.149581,0.730944,0.372185,0.045916,-0.024726,0.399029,-0.246479,0.016276,0.091143,0.083370,0.070638,-0.145831,-0.097245,-0.043551,-0.052142,-0.115267,-0.471250,-0.043030,-0.186314,-0.042068,-0.681880,-0.466859,-0.025779,-0.103073,-0.184994,0.162493,-0.178927,-0.062520,-0.148332,0.211303,-0.051083,-0.661873,-0.633226,-0.002753,0.787383,-0.047830,-0.164068,-0.386453,-0.191780,0.323931,0.781619,0.037070,0.926284,0.832721,0.862356,0.967638,-0.794492,0.086957,0.643015,0.517935,0.342409,0.528438,-0.668180,0.019494,-0.987182,-0.616028,-0.322014,-0.242552,-0.733111,-0.324731,-0.242953,0.387552,-0.736158,-0.101571,0.374293,-0.035730,0.019994,-0.414966,0.301898,-0.037082,0.058151,-0.083113,0.935335,0.540668,0.357675,-0.012021,0.958669,-0.057032,0.609728,-0.451664,0.235628,0.395397,-0.603337,0.490356,0.120457,0.114781,0.651369,0.032870,-0.589101,-0.298525,-0.552919,-0.094564,-0.223694,0.131547,-0.227031,-0.056265,0.328419,0.297153,-0.233479,0.403734,0.421640,0.879293,0.755782,0.882263,-0.268845,0.963106,0.912217,0.582412,0.776676,0.732323,0.910388,0.793263,0.950867,0.195289,0.121163,-0.082901,0.342441,0.391026,-0.250824,0.076286,-0.717437,0.174357,-0.508024,0.640656,0.387201,0.239713,0.273320,-0.204602,0.586522,0.066021,0.192394,-0.548673,0.539212,0.159373,-0.506373,0.086016,-0.457499,-0.236784,0.116555,-0.482862,0.645240,0.273661,0.098443,0.714685,0.068459,0.098190,-0.012006,-0.162681,-0.525499,-0.257219,-0.229704,0.343075,0.977112,0.746090,0.903162,0.890853,0.411252,0.646316,0.468617,0.620448,-0.173551,0.611328,0.235843,-0.010441,0.361460,-0.498002,0.250001,0.438659,0.513770,0.057649,0.886246,0.532045,0.246839,0.341975,0.226539,0.686832,0.118771,-0.070231,0.082717,0.079043,0.214856,0.305012,0.261975,-0.372891,-0.013759,0.240017,0.281246,-0.043300,-0.054578,0.288063,0.866263,0.224827,0.854546,0.696838,0.074306,0.097856,-0.112491,-0.234084,0.315828,0.081033,0.349247,-0.107612,-0.115691,-0.408164,-0.027235,0.467939,0.236856,0.138930,-0.554338,-0.742433,0.121451
Interfascicular nucleus raphe,0.803678,0.781811,0.700832,1.000000,0.434795,0.492583,0.661629,0.740460,0.767914,0.413564,0.689119,0.758716,0.492418,0.650446,0.359846,0.907906,0.880951,0.556260,0.196536,0.469263,0.691497,0.588648,-0.602924,0.682661,0.448630,0.754230,-0.439180,0.941000,0.908658,0.575211,0.546279,0.862297,0.024120,0.498268,0.595603,0.599568,0.611600,0.516003,0.453069,0.667617,0.521526,0.412967,-0.208698,0.337705,0.354681,0.457995,0.043793,-0.407037,0.643101,0.609049,0.559880,0.727314,0.553166,0.448829,0.214097,0.737701,0.526032,-0.728228,-0.804131,0.329121,0.925801,0.368562,0.362807,0.004688,0.546068,0.681771,0.132837,0.635030,0.883173,0.570447,0.953578,0.557736,-0.822682,0.389793,0.859463,0.191403,0.746153,0.974936,0.062044,0.718283,-0.609975,0.115234,0.444038,0.411687,-0.040690,0.432322,0.521626,0.814148,-0.143543,0.637902,0.871833,0.654607,0.609345,0.351225,0.192095,0.328985,0.596383,0.574068,0.847190,0.966412,-0.411443,0.687357,0.713209,0.672162,0.588904,0.292043,0.623031,0.809539,0.071082,0.894969,0.603089,0.635283,0.969609,0.727785,-0.700984,0.468346,-0.194629,0.281269,0.524272,0.713667,0.504538,0.665232,0.726803,0.848718,0.433222,0.847809,0.868297,0.910682,0.935335,0.921476,0.497294,0.689951,0.779124,0.988031,0.991720,0.967328,0.892341,0.840876,0.870034,0.780068,0.746980,0.634003,0.870019,0.843191,0.500880,0.545139,-0.127043,0.814255,-0.403969,0.920266,0.749623,0.460603,0.741143,0.483265,0.845686,0.707293,0.777253,-0.948222,0.978597,-0.479632,0.227844,0.605190,-0.038610,0.451839,-0.183815,0.285669,0.675097,0.807734,0.734088,0.937555,0.575561,0.773002,0.660194,0.581066,0.155665,0.482994,0.532572,0.791726,0.548207,0.777095,0.917080,0.687578,0.920987,0.910192,0.946863,0.729777,0.411287,0.879019,0.775567,0.613031,0.894700,0.188830,0.810531,0.839761,0.885617,0.721725,0.607007,0.269366,0.843402,0.840045,0.749368,0.937845,0.767617,0.643196,0.654385,0.741332,0.799444,0.623058,0.811803,0.065710,0.687758,0.579913,0.880605,0.665458,0.641451,0.814956,0.917043,0.667877,0.966225,0.170948,0.732302,0.727613,0.594026,0.527238,0.892951,0.685994,0.820537,0.506882,0.576288,0.223037,0.617039,0.659691,0.622724,0.574943,0.203639,-0.986389,0.634939
Induseum griseum,0.859767,0.901419,0.024198,0.434795,1.000000,-0.556769,-0.384037,0.808365,0.747953,0.393500,0.457039,0.713850,0.364798,0.836253,-0.396036,0.415934,-0.038203,0.168156,0.119461,0.150112,0.823162,0.979888,0.439625,0.865458,0.960007,0.341699,-0.952906,0.107882,0.696196,0.971026,0.958388,0.825657,0.908316,0.992131,0.973795,0.969871,0.958770,0.890649,0.973094,0.734724,0.959813,0.979843,-0.612639,-0.392181,0.968251,0.989735,0.423267,0.633793,0.845672,0.782035,0.418220,0.115724,0.349421,0.986724,0.972698,0.911896,0.957566,0.294767,0.163812,0.989374,0.588867,-0.339020,-0.198304,-0.461605,0.367265,-0.185046,-0.139430,0.921686,0.064347,-0.438960,0.412255,-0.227419,0.150848,-0.443296,0.762815,0.536671,0.922821,0.548847,0.442363,0.453894,0.133180,0.288080,0.443458,0.897560,0.492746,0.374611,0.572424,0.876877,-0.060996,0.548074,0.801422,0.801515,0.935334,0.409504,0.763313,0.992645,0.963522,0.886100,0.366437,0.356690,-0.618076,0.749361,0.282815,0.591254,0.762775,0.277393,0.972836,0.880435,0.070461,0.790868,0.976364,0.958980,0.632715,0.457119,0.316128,0.624482,-0.493492,0.986409,0.712639,0.896632,0.772712,0.694604,0.932859,0.796321,0.083151,0.844810,0.821795,0.455559,0.614398,0.106265,0.507599,-0.181758,-0.154586,0.491201,0.339006,0.586487,0.400970,0.625459,0.287297,0.220393,0.831731,0.750613,0.266079,0.848503,0.705907,0.989267,0.660492,0.436142,0.644018,0.719454,0.914821,0.958929,0.924485,0.859377,0.803388,0.844162,0.216429,-0.697265,0.498279,-0.916032,0.689946,0.967680,0.865766,0.858276,-0.961166,0.531398,-0.366141,0.855651,0.830295,0.101791,0.977304,0.478740,0.830904,0.692453,0.069715,0.751658,0.599279,0.893500,-0.013435,0.682456,0.125391,-0.287471,0.359659,0.726509,0.656517,0.797074,0.953246,0.771013,0.880231,0.908990,0.735348,0.776624,0.835437,0.853343,0.800104,0.796219,0.384785,0.603675,0.747821,0.839855,0.906058,0.670619,0.772053,0.753100,0.931086,0.778093,0.826048,0.959248,0.841959,0.913054,0.742210,0.976237,0.610791,0.745295,0.798610,0.852536,0.075711,0.960435,0.267542,0.211903,0.796745,0.843240,0.802870,0.499084,0.654306,0.894616,0.866817,0.935299,0.837251,-0.052998,0.887605,0.892545,0.972749,0.986677,0.521638,-0.520562,0.961093
Anterior amygdalar area,-0.060885,-0.148934,0.511538,0.492583,-0.556769,1.000000,0.952490,-0.035129,0.054370,0.138045,0.299785,0.085735,0.232874,-0.135932,0.812422,0.492536,0.823202,0.473403,0.217710,0.420199,-0.088803,-0.384982,-0.990858,-0.146802,-0.462765,0.461099,0.460792,0.757898,0.200439,-0.375738,-0.377654,0.008293,-0.853149,-0.476024,-0.366922,-0.356551,-0.328563,-0.311741,-0.478978,-0.006487,-0.400007,-0.526219,0.516548,0.792374,-0.561802,-0.504165,-0.223125,-0.995360,-0.152940,-0.106154,0.235603,0.650406,0.297853,-0.506268,-0.732185,-0.173934,-0.392922,-0.954562,-0.910519,-0.656858,0.229419,0.772880,0.649165,0.577147,0.274615,0.871641,0.101714,-0.255915,0.690964,0.886489,0.424860,0.620518,-0.878453,0.871591,0.010714,-0.468557,-0.207782,0.388652,-0.225907,0.325208,-0.576382,-0.019719,0.113899,-0.411464,-0.376609,0.172771,0.047542,-0.095530,0.082721,0.167746,0.050020,-0.092004,-0.294476,0.068359,-0.649702,-0.652028,-0.347381,-0.257669,0.336044,0.575056,0.094424,-0.007342,0.267731,0.150345,-0.282368,0.148140,-0.370604,-0.106256,0.153257,0.058416,-0.368389,-0.313171,0.265961,0.329189,-0.964072,-0.052114,0.428804,-0.684691,-0.099324,-0.165458,-0.182656,0.035480,-0.236306,0.048363,0.453184,-0.028808,0.013459,0.328156,0.221312,0.700956,0.093852,0.721570,0.805135,0.449739,0.564017,0.291536,0.356654,0.095561,0.439599,0.592820,-0.058666,-0.050766,0.609824,-0.034674,-0.111789,-0.435500,-0.650184,0.412692,-0.992495,0.123862,-0.206555,-0.538052,-0.198245,-0.301502,-0.032850,-0.102280,0.594494,-0.200371,0.442439,0.375205,-0.336982,-0.348670,-0.827525,-0.327508,0.761710,-0.114239,0.973330,-0.052947,-0.065997,0.764328,-0.387340,0.341237,-0.121982,-0.030068,0.229232,-0.177494,0.028705,-0.126858,0.386134,-0.022944,0.671172,0.845947,0.552949,0.103965,0.260541,-0.163633,-0.486359,0.031724,-0.104983,-0.255690,0.146991,-0.472169,-0.023145,-0.055112,0.032740,-0.034552,0.061603,-0.454540,0.104903,-0.017272,-0.158615,0.182724,0.026657,-0.046193,-0.255220,0.000824,-0.017207,-0.373421,-0.031397,-0.780940,0.000930,-0.423201,0.279760,-0.019891,-0.099052,-0.045191,0.731541,-0.305206,0.590617,-0.198810,-0.027380,-0.086460,-0.142148,0.127532,0.240041,-0.181871,-0.068669,-0.377421,-0.196700,0.402651,-0.225002,-0.303306,-0.371155,-0.414903,-0.178049,-0.378524,-0.317367
Intergeniculate leaflet of the lateral geniculate complex,0.095119,0.052312,0.745223,0.661629,-0.384037,0.952490,1.000000,0.056362,0.130927,0.029270,0.271662,0.146211,0.135521,-0.062265,0.641846,0.551080,0.937255,0.365711,0.026781,0.287624,-0.008251,-0.216686,-0.967095,-0.047517,-0.358064,0.437315,0.363692,0.868214,0.332617,-0.229443,-0.254553,0.191282,-0.722074,-0.320388,-0.207458,-0.201649,-0.183363,-0.243564,-0.360551,0.030863,-0.281724,-0.404912,0.233835,0.614228,-0.457904,-0.362526,-0.374242,-0.929059,-0.076886,-0.067367,0.163927,0.597542,0.212618,-0.371031,-0.586221,-0.013648,-0.275683,-0.981071,-0.944429,-0.476125,0.482440,0.600210,0.470292,0.321439,0.190508,0.811619,0.325297,-0.136629,0.872596,0.969776,0.655943,0.807712,-0.970554,0.717906,0.267267,-0.184388,0.001188,0.528221,-0.370841,0.306020,-0.783946,-0.194253,0.021114,-0.356535,-0.512773,0.064191,0.000451,0.105299,-0.171986,0.143485,0.216175,-0.032737,-0.173042,-0.048663,-0.387915,-0.482923,-0.202595,-0.179067,0.602828,0.673064,0.150558,0.041272,0.548146,0.146344,0.014379,-0.003530,-0.164211,0.099195,-0.062100,0.259628,-0.199090,-0.156466,0.471998,0.313822,-0.964124,-0.096178,0.143261,-0.528784,-0.105162,-0.033274,-0.170995,0.058725,-0.026187,0.189707,0.305291,0.163439,0.202542,0.584418,0.467347,0.869593,0.025987,0.892888,0.947477,0.592083,0.738452,0.515948,0.614216,0.376205,0.687983,0.567625,0.047214,-0.017269,0.632009,0.154767,-0.124627,-0.267841,-0.722370,0.426789,-0.939199,0.357055,0.016026,-0.302231,-0.012983,-0.256094,0.215913,-0.005671,0.567809,-0.389256,0.572674,0.298622,-0.393808,-0.194437,-0.771506,-0.287986,0.601213,-0.213019,0.986368,0.102501,0.033768,0.867896,-0.231369,0.346212,-0.047892,-0.029733,0.025608,-0.177853,-0.009031,0.066275,0.631673,0.267031,0.852992,0.965271,0.613477,0.342910,0.410513,0.118285,-0.392487,0.275024,0.049043,-0.152552,0.287681,-0.496920,0.118157,0.153490,0.246552,0.044339,0.361531,-0.163700,0.216978,0.152820,0.003501,0.417177,0.112882,-0.009255,-0.120766,0.079199,0.111148,-0.145207,0.115625,-0.702632,0.047062,-0.206038,0.363158,0.020589,-0.044806,0.113318,0.887649,-0.114478,0.780534,0.073744,0.055646,0.017553,-0.098711,0.064391,0.344402,-0.063182,0.114520,-0.282530,-0.142471,0.198184,-0.134041,-0.039549,-0.164278,-0.230899,-0.289351,-0.586576,-0.157649
Periventricular hypothalamic nucleus anterior part,0.973793,0.915040,0.094025,0.740460,0.808365,-0.035129,0.056362,1.000000,0.995337,0.785959,0.885949,0.989079,0.796612,0.992103,0.216195,0.852358,0.371026,0.698428,0.557786,0.667496,0.997537,0.904080,-0.093844,0.993643,0.902129,0.829274,-0.903010,0.536486,0.953452,0.925546,0.935491,0.939628,0.526975,0.874400,0.919022,0.926365,0.942189,0.954359,0.892178,0.983864,0.928120,0.865493,-0.152504,0.217286,0.846438,0.869158,0.631850,0.123296,0.990650,0.979973,0.841576,0.677922,0.804579,0.871490,0.682456,0.963897,0.931148,-0.209889,-0.354734,0.714328,0.670759,0.271876,0.392572,0.068238,0.812276,0.415737,-0.406526,0.972531,0.339595,-0.111386,0.584234,-0.127036,-0.277946,0.169252,0.760555,0.076748,0.894920,0.866407,0.649086,0.887854,0.050238,0.611037,0.819649,0.911915,0.605131,0.783054,0.898304,0.917821,0.290371,0.918293,0.955367,0.991509,0.962471,0.770776,0.299173,0.736843,0.936425,0.972179,0.413672,0.776343,-0.876038,0.989779,0.231652,0.941734,0.507967,0.683103,0.856310,0.909642,0.474912,0.902348,0.909301,0.938682,0.816632,0.890356,-0.219514,0.899117,-0.041613,0.722071,0.942846,0.983462,0.948072,0.973964,0.887948,0.978134,0.615107,0.929419,0.930114,0.546983,0.709895,0.421832,0.864954,0.026895,0.159135,0.823847,0.648022,0.746111,0.488100,0.595362,0.396662,0.750991,0.998650,0.980537,0.767698,0.934093,0.933538,0.883247,0.572579,0.881466,0.155980,0.806789,0.867435,0.684336,0.933558,0.945902,0.797436,0.997702,0.748428,-0.883834,0.843962,-0.935809,0.810856,0.929552,0.578775,0.933789,-0.627629,0.793702,0.139158,0.974169,0.999235,0.540799,0.914261,0.903630,0.993658,0.954438,0.511558,0.937034,0.911422,0.929277,-0.060351,0.582230,0.411714,0.028914,0.812255,0.795795,0.916701,0.656774,0.889901,0.803209,0.974688,0.975041,0.961078,0.799530,0.983974,0.902800,0.881856,0.999078,0.208683,0.172457,0.985488,0.958164,0.963944,0.777005,0.998059,0.982883,0.967246,0.998587,0.991071,0.807873,0.980303,0.649596,0.988519,0.811323,0.948977,0.985588,0.988851,0.971292,0.415586,0.903581,0.546277,-0.180199,0.999584,0.998034,0.978672,0.870267,0.956614,0.986215,0.944283,0.938480,0.975958,0.459339,0.981341,0.717707,0.855202,0.873317,0.751632,-0.733736,0.934989
Paraventricular hypothalamic nucleus,0.958681,0.886336,0.108763,0.767914,0.747953,0.054370,0.130927,0.995337,1.000000,0.818698,0.923185,0.998316,0.835990,0.981124,0.307711,0.894652,0.429499,0.758329,0.605233,0.725731,0.989708,0.859564,-0.180867,0.978576,0.858985,0.878959,-0.860987,0.591545,0.963041,0.884753,0.897521,0.926631,0.444154,0.823532,0.877265,0.886117,0.905652,0.928943,0.845868,0.988192,0.888804,0.814601,-0.075423,0.308073,0.794544,0.817621,0.638060,0.032699,0.977932,0.975719,0.878421,0.745651,0.847979,0.820596,0.609437,0.938668,0.892586,-0.288728,-0.430358,0.643609,0.664995,0.360873,0.473128,0.149178,0.853658,0.500386,-0.429769,0.945611,0.378250,-0.048440,0.596766,-0.099502,-0.342889,0.263176,0.736866,0.002780,0.860120,0.890028,0.654459,0.926130,0.028202,0.637032,0.848696,0.879370,0.596339,0.818655,0.916853,0.893677,0.331843,0.944280,0.948120,0.986004,0.931950,0.798547,0.214942,0.668195,0.898305,0.950176,0.412654,0.819913,-0.883583,0.992688,0.221442,0.963965,0.452231,0.721036,0.807793,0.883943,0.519190,0.890926,0.866102,0.901970,0.821198,0.928514,-0.302540,0.908934,0.029531,0.652182,0.944363,0.962633,0.940467,0.983474,0.850544,0.974058,0.677511,0.912055,0.916698,0.547904,0.704699,0.463739,0.889654,0.066377,0.210518,0.851838,0.679905,0.749852,0.490681,0.574194,0.406461,0.811148,0.990207,0.981596,0.823544,0.916632,0.934791,0.834368,0.532545,0.922876,0.067559,0.795952,0.830777,0.616437,0.902885,0.924100,0.771418,0.986744,0.808887,-0.885681,0.873042,-0.903842,0.797500,0.890081,0.507953,0.910420,-0.549792,0.804098,0.220565,0.959796,0.990943,0.597281,0.871180,0.940395,0.983812,0.961111,0.561105,0.931252,0.927352,0.903574,-0.059108,0.549828,0.449382,0.085328,0.858984,0.782465,0.928762,0.614290,0.846008,0.783346,0.956130,0.950176,0.965195,0.770726,0.973958,0.880935,0.866512,0.996024,0.178522,0.099760,0.989873,0.944806,0.939773,0.770663,0.999218,0.983920,0.938445,0.998561,0.983235,0.755934,0.968847,0.580593,0.992420,0.756615,0.971254,0.988418,0.983354,0.957161,0.461560,0.862961,0.577479,-0.232570,0.996622,0.987485,0.970806,0.897256,0.973022,0.965716,0.924847,0.904072,0.962143,0.523040,0.960629,0.666352,0.806567,0.824035,0.757826,-0.746695,0.897514
Anterior cingulate area dorsal part,0.626404,0.469857,-0.348151,0.413564,0.393500,0.138045,0.029270,0.785959,0.818698,1.000000,0.944637,0.847861,0.994135,0.807168,0.621115,0.748937,0.190429,0.937542,0.951469,0.954293,0.801917,0.508883,-0.214612,0.755420,0.631307,0.892560,-0.647870,0.354642,0.674943,0.575556,0.632591,0.543024,0.181913,0.498995,0.542896,0.560178,0.597579,0.768372,0.592281,0.883182,0.633583,0.556799,0.468624,0.636168,0.571167,0.520416,0.909158,-0.090120,0.799586,0.868960,0.985663,0.818597,0.981987,0.535638,0.312248,0.599496,0.639206,-0.222233,-0.345126,0.277839,0.153901,0.676768,0.797960,0.633313,0.985441,0.594002,-0.846715,0.685684,0.011508,-0.212614,0.129043,-0.460536,-0.148678,0.545175,0.217882,-0.541930,0.429994,0.589000,0.913114,0.930116,0.430600,0.952052,0.998334,0.746582,0.840953,0.999372,0.976579,0.477434,0.810915,0.958382,0.595974,0.839361,0.668576,0.996829,-0.292663,0.323975,0.591391,0.768485,-0.117143,0.600176,-0.962702,0.865834,-0.327800,0.938482,-0.132884,0.988183,0.385365,0.459186,0.915756,0.473108,0.513169,0.571764,0.395167,0.925037,-0.286494,0.963696,0.576044,0.334121,0.924582,0.676745,0.887608,0.905542,0.418697,0.668849,0.936999,0.511325,0.521655,0.033894,0.205785,0.119106,0.990033,-0.270237,-0.075606,0.546376,0.317692,0.290659,-0.024088,0.013735,-0.088307,0.828944,0.753423,0.884496,0.749546,0.521191,0.928891,0.486062,0.657694,0.862321,-0.031390,0.319310,0.375404,0.144738,0.516940,0.807493,0.266548,0.768200,0.829619,-0.490929,0.590241,-0.728300,0.882297,0.565249,0.388014,0.805767,-0.226782,0.968155,0.182190,0.628507,0.765959,0.373148,0.543867,0.897258,0.808867,0.928458,0.933206,0.901826,0.968817,0.502013,-0.532481,-0.027075,0.080015,-0.152507,0.710276,0.295314,0.607169,0.051598,0.639767,0.288210,0.628015,0.721206,0.660949,0.795444,0.669265,0.449901,0.425392,0.810894,-0.405630,-0.461135,0.740181,0.585591,0.596946,0.292085,0.799484,0.880086,0.649536,0.814126,0.703139,0.293223,0.653356,0.415002,0.870305,0.315470,0.776375,0.877452,0.846517,0.620016,0.140954,0.468469,0.188708,-0.748648,0.803463,0.754556,0.855470,0.988077,0.737940,0.705822,0.541378,0.693267,0.826637,0.896993,0.754580,0.137746,0.383253,0.444461,0.947940,-0.318600,0.561679
Infralimbic area,0.780546,0.646613,-0.022780,0.689119,0.457039,0.299785,0.271662,0.885949,0.923185,0.944637,1.000000,0.943725,0.969246,0.869550,0.635062,0.924086,0.474986,0.950588,0.831060,0.932492,0.880572,0.605922,-0.399416,0.839436,0.653021,0.984061,-0.662937,0.625873,0.860482,0.654500,0.689767,0.735834,0.139186,0.564772,0.635777,0.651119,0.685625,0.788463,0.623203,0.938337,0.681489,0.580045,0.308871,0.638948,0.570429,0.567230,0.736307,-0.231461,0.860643,0.904761,0.986233,0.918823,0.981988,0.576108,0.311823,0.734032,0.687672,-0.448894,-0.572770,0.326058,0.451683,0.681821,0.774326,0.516102,0.981858,0.727513,-0.626529,0.765296,0.330940,0.045734,0.444898,-0.160794,-0.422167,0.586042,0.475718,-0.372572,0.601329,0.818410,0.745824,0.999095,0.119324,0.798994,0.953608,0.732786,0.649700,0.951306,0.962409,0.664904,0.597322,0.990757,0.782087,0.897407,0.741993,0.919047,-0.176679,0.362865,0.675032,0.809853,0.209816,0.827444,-0.910271,0.931428,-0.006294,0.986636,0.096198,0.892704,0.519787,0.648561,0.757452,0.692420,0.614688,0.673624,0.659987,0.998451,-0.490705,0.931757,0.397965,0.353645,0.919434,0.787306,0.881637,0.956024,0.585051,0.832025,0.906601,0.704857,0.720995,0.352372,0.496251,0.430324,0.965361,0.039017,0.226871,0.790058,0.610990,0.576314,0.300192,0.307892,0.242558,0.944636,0.861912,0.926836,0.913228,0.711001,0.914444,0.571604,0.468720,0.980231,-0.183524,0.579814,0.559057,0.268137,0.669031,0.808318,0.508940,0.859020,0.944213,-0.727706,0.821586,-0.742686,0.777635,0.657267,0.281858,0.795469,-0.232571,0.870109,0.398629,0.783780,0.867253,0.639521,0.629171,0.992392,0.874562,0.943630,0.802341,0.885489,0.959750,0.676096,-0.225410,0.250977,0.397123,0.134105,0.898877,0.556816,0.820887,0.294710,0.646253,0.538995,0.771218,0.785887,0.843531,0.692442,0.817748,0.652631,0.650673,0.899253,-0.109082,-0.280555,0.887962,0.761519,0.736354,0.565273,0.907302,0.926627,0.743293,0.909308,0.840953,0.446306,0.805376,0.340790,0.935271,0.448051,0.932806,0.932787,0.898372,0.779679,0.446693,0.602873,0.499672,-0.540009,0.897165,0.855547,0.888130,0.974883,0.905841,0.800487,0.718566,0.724296,0.858004,0.800043,0.814410,0.336421,0.517987,0.549259,0.824116,-0.606736,0.665395
Anterior cingulate area ventral part,0.940791,0.858226,0.082872,0.758716,0.713850,0.085735,0.146211,0.989079,0.998316,0.847861,0.943725,1.000000,0.865608,0.975364,0.357617,0.904988,0.433703,0.794426,0.647750,0.764410,0.983974,0.831229,-0.209322,0.968299,0.839390,0.902054,-0.842715,0.596448,0.955141,0.860519,0.877209,0.905548,0.407182,0.794851,0.850980,0.860912,0.882887,0.919547,0.823499,0.991488,0.868691,0.790365,-0.017476,0.358775,0.772179,0.790554,0.664180,-0.000822,0.971355,0.976367,0.904263,0.776610,0.877199,0.794570,0.574388,0.917278,0.872845,-0.309076,-0.449848,0.604865,0.634843,0.410736,0.522270,0.206234,0.882214,0.535222,-0.468647,0.929195,0.367727,-0.042345,0.574071,-0.117221,-0.351154,0.311209,0.701807,-0.055014,0.829124,0.884515,0.679651,0.945802,0.049612,0.671692,0.874949,0.869394,0.616050,0.848583,0.934679,0.866935,0.379158,0.961354,0.930993,0.983685,0.914160,0.827278,0.158762,0.631728,0.875104,0.940502,0.380213,0.824880,-0.899322,0.994144,0.183311,0.977475,0.401011,0.756583,0.772974,0.856094,0.563434,0.867629,0.838046,0.877617,0.801188,0.947669,-0.327622,0.923893,0.086954,0.616994,0.952253,0.946325,0.943507,0.990024,0.818610,0.961254,0.719014,0.888445,0.894629,0.518342,0.675905,0.456430,0.911719,0.055225,0.207489,0.846896,0.670598,0.726692,0.461001,0.535509,0.379385,0.836841,0.980975,0.984449,0.841902,0.893397,0.943460,0.804733,0.534756,0.939014,0.036597,0.767937,0.797269,0.571034,0.876451,0.918661,0.736985,0.978013,0.834843,-0.867635,0.870145,-0.891350,0.806944,0.865206,0.484621,0.905226,-0.511077,0.825670,0.242910,0.942191,0.982564,0.603505,0.844945,0.956573,0.978329,0.969731,0.605560,0.936311,0.943298,0.877483,-0.091478,0.506639,0.439067,0.085828,0.870032,0.752909,0.918961,0.569831,0.827537,0.751418,0.937530,0.936484,0.954679,0.771492,0.959519,0.853710,0.840300,0.991873,0.132007,0.042128,0.983370,0.925450,0.918442,0.743544,0.995289,0.986331,0.919463,0.995333,0.971166,0.716931,0.953221,0.555348,0.994473,0.718306,0.973334,0.990890,0.981679,0.939202,0.457008,0.832776,0.565221,-0.284539,0.991956,0.977898,0.969809,0.919386,0.970735,0.951296,0.901946,0.888500,0.958022,0.571246,0.949760,0.622201,0.771644,0.792065,0.779555,-0.728211,0.872522
Nucleus accumbens,0.645621,0.487935,-0.255127,0.492418,0.364798,0.232874,0.135521,0.796612,0.835990,0.994135,0.969246,0.865608,1.000000,0.804362,0.674907,0.808466,0.294394,0.966547,0.939938,0.973556,0.805150,0.496956,-0.312410,0.755930,0.600354,0.934626,-0.615803,0.450973,0.716982,0.560736,0.613540,0.574096,0.115911,0.475544,0.531275,0.548824,0.587403,0.746566,0.562053,0.887431,0.611407,0.522245,0.473095,0.686582,0.529962,0.491650,0.859000,-0.181355,0.795445,0.863199,0.996186,0.875363,0.996632,0.505543,0.261039,0.607826,0.617573,-0.324818,-0.444228,0.240362,0.220306,0.726036,0.833220,0.648357,0.997876,0.672730,-0.796864,0.678453,0.113608,-0.106699,0.211915,-0.363991,-0.254678,0.608061,0.262229,-0.541087,0.443380,0.651843,0.863713,0.958889,0.335194,0.918821,0.992699,0.712276,0.777618,0.997123,0.971901,0.500936,0.774854,0.970009,0.628403,0.838586,0.657761,0.982382,-0.314706,0.284946,0.579213,0.754027,-0.036966,0.675162,-0.941869,0.871937,-0.252011,0.951788,-0.111364,0.976089,0.381595,0.482397,0.893485,0.512557,0.503116,0.565171,0.456966,0.954877,-0.385460,0.949275,0.570813,0.289464,0.911852,0.681049,0.869318,0.911686,0.429355,0.696772,0.957087,0.540195,0.554329,0.111226,0.270083,0.219855,0.986579,-0.166277,0.031734,0.616059,0.404983,0.358386,0.056497,0.071256,-0.000624,0.884457,0.764146,0.883522,0.814991,0.548963,0.913679,0.468854,0.577314,0.905881,-0.124635,0.371192,0.391318,0.129088,0.527140,0.782811,0.305000,0.772826,0.885050,-0.542895,0.657043,-0.701442,0.836462,0.554586,0.311566,0.777405,-0.175136,0.938023,0.284485,0.648445,0.774867,0.468965,0.529546,0.931842,0.807569,0.923912,0.920736,0.882003,0.963798,0.520937,-0.450077,0.019876,0.179996,-0.044746,0.776436,0.346160,0.658540,0.082544,0.604527,0.332358,0.642346,0.711197,0.698945,0.741260,0.689807,0.478936,0.464412,0.819425,-0.347656,-0.457843,0.768847,0.611766,0.607170,0.350295,0.815592,0.880176,0.645012,0.826212,0.722038,0.293018,0.674044,0.347103,0.876832,0.308218,0.818141,0.880860,0.844151,0.641288,0.242693,0.468647,0.281582,-0.721626,0.813448,0.762094,0.846809,0.988901,0.779234,0.706093,0.564550,0.669348,0.814230,0.902322,0.745613,0.151063,0.379511,0.432222,0.909132,-0.392473,0.555182
Paraventricular hypothalamic nucleus descending division,0.952051,0.890999,-0.022012,0.650446,0.836253,-0.135932,-0.062265,0.992103,0.981124,0.807168,0.869550,0.975364,0.804362,1.000000,0.170746,0.791798,0.253593,0.680625,0.588354,0.661667,0.998439,0.914869,0.010505,0.996251,0.937856,0.792970,-0.940462,0.429251,0.908147,0.941149,0.957335,0.902833,0.595599,0.898318,0.930201,0.937624,0.952954,0.983002,0.926116,0.986360,0.953623,0.903706,-0.140312,0.176035,0.892874,0.899750,0.702718,0.219799,0.999835,0.993271,0.842991,0.625995,0.802022,0.903977,0.735459,0.953668,0.956154,-0.098142,-0.247717,0.750358,0.588150,0.232048,0.369629,0.069261,0.812133,0.337736,-0.479620,0.982075,0.219455,-0.233631,0.484235,-0.246020,-0.158825,0.112302,0.702683,0.057916,0.875300,0.797044,0.718889,0.866340,0.168567,0.664750,0.839885,0.954669,0.689150,0.800273,0.915261,0.887909,0.349314,0.916137,0.918348,0.998127,0.975690,0.801753,0.308977,0.775553,0.949347,0.992287,0.312610,0.695568,-0.911017,0.989567,0.132714,0.936640,0.469927,0.712930,0.855222,0.879665,0.518007,0.854840,0.918027,0.944743,0.743560,0.867449,-0.113551,0.926525,-0.017555,0.767650,0.966324,0.979667,0.976525,0.975219,0.871165,0.947886,0.608870,0.894320,0.891074,0.451020,0.630428,0.304823,0.881614,-0.097646,0.034095,0.746416,0.547538,0.664670,0.387924,0.519908,0.288444,0.699328,0.989718,0.988958,0.702238,0.900424,0.960095,0.899643,0.670697,0.841551,0.255850,0.742671,0.843892,0.692615,0.919350,0.979100,0.746873,0.996029,0.696927,-0.823284,0.770669,-0.969238,0.872554,0.940132,0.664241,0.971274,-0.679620,0.840836,0.027921,0.951679,0.992693,0.434611,0.928573,0.874334,0.999896,0.968683,0.543535,0.967843,0.928264,0.904983,-0.167071,0.517581,0.294580,-0.096345,0.743932,0.732323,0.859677,0.610862,0.930903,0.746840,0.958421,0.988705,0.919705,0.868133,0.961849,0.866188,0.833790,0.994317,0.127700,0.151445,0.956423,0.927744,0.951526,0.705602,0.984530,0.989939,0.972785,0.989972,0.971660,0.800986,0.957606,0.724952,0.987994,0.812892,0.907129,0.988814,0.997511,0.947117,0.298258,0.899671,0.437686,-0.229367,0.992968,0.992698,0.994819,0.881994,0.913980,0.987738,0.916149,0.967522,0.995461,0.471421,0.994727,0.692837,0.854040,0.883115,0.808655,-0.646535,0.940711
Lateral terminal nucleus of the accessory optic tract,0.069112,-0.102346,-0.007768,0.359846,-0.396036,0.812422,0.641846,0.216195,0.307711,0.621115,0.635062,0.357617,0.674907,0.170746,1.000000,0.606459,0.553686,0.831676,0.736255,0.824892,0.195341,-0.221675,-0.815167,0.116746,-0.164424,0.723451,0.148786,0.579734,0.297607,-0.166057,-0.121237,0.057304,-0.654692,-0.278190,-0.186142,-0.167168,-0.122340,0.035142,-0.205455,0.329257,-0.132037,-0.256571,0.834203,0.999367,-0.259045,-0.275715,0.367736,-0.807133,0.153219,0.251262,0.648608,0.854651,0.704239,-0.264678,-0.528681,-0.026416,-0.123657,-0.744295,-0.757406,-0.523112,-0.016172,0.997280,0.966275,0.920153,0.688124,0.924347,-0.497336,-0.009036,0.320059,0.459390,0.133070,0.067137,-0.596482,0.993915,-0.147831,-0.832272,-0.168183,0.387951,0.361476,0.638416,-0.028796,0.552413,0.587926,-0.031943,0.215992,0.645283,0.487843,-0.060913,0.643025,0.543495,0.125241,0.229211,-0.045601,0.578311,-0.834815,-0.489192,-0.137872,0.063502,-0.067289,0.564739,-0.390082,0.310558,-0.217021,0.503349,-0.541108,0.664562,-0.299822,-0.080600,0.699095,0.046048,-0.209083,-0.133296,0.155916,0.635439,-0.803377,0.408889,0.819691,-0.495412,0.322293,0.038953,0.230912,0.381930,-0.194239,0.178428,0.855763,0.008829,0.046162,0.000469,0.006521,0.384682,0.546280,0.233714,0.402300,0.410747,0.365170,0.112628,-0.004852,-0.196310,0.035888,0.791558,0.172053,0.302118,0.724819,0.011499,0.321990,-0.266434,-0.116193,0.640054,-0.768010,-0.002690,-0.203253,-0.547569,-0.102227,0.080671,-0.150851,0.156233,0.794459,-0.165999,0.435578,0.034709,0.185120,-0.158814,-0.478080,0.067169,0.599367,0.419315,0.753785,0.076156,0.177983,0.598529,-0.196851,0.612794,0.180941,0.367080,0.748983,0.252080,0.462245,-0.065433,-0.185244,-0.306381,0.334529,0.421166,0.631195,-0.032373,0.294733,-0.365438,-0.167200,-0.090750,0.040425,0.021522,0.245672,0.022082,0.127947,-0.051258,-0.004246,0.239158,-0.414499,-0.794922,0.276517,0.069400,-0.018382,0.026429,0.270725,0.300207,-0.038257,0.266086,0.158787,-0.361375,0.109937,-0.455182,0.320680,-0.376729,0.443204,0.314346,0.232039,0.075157,0.427559,-0.203605,0.315141,-0.716414,0.237156,0.154618,0.215625,0.564796,0.378801,0.052465,0.001860,-0.068548,0.154504,0.857577,0.068957,-0.410932,-0.301562,-0.284963,0.377652,-0.201725,-0.143389
Anterodorsal preoptic nucleus,0.818963,0.723799,0.360397,0.907906,0.415934,0.492536,0.551080,0.852358,0.894652,0.748937,0.924086,0.904988,0.808466,0.791798,0.606459,1.000000,0.758867,0.849204,0.589371,0.793360,0.821558,0.588903,-0.600572,0.788554,0.543566,0.959855,-0.545030,0.867829,0.937497,0.611393,0.617984,0.826863,0.014574,0.514815,0.610947,0.622556,0.650541,0.666527,0.527033,0.851025,0.599646,0.479224,0.126580,0.596544,0.443258,0.494878,0.423850,-0.412851,0.781713,0.795383,0.850004,0.926787,0.850025,0.495512,0.213512,0.751214,0.605945,-0.684314,-0.787062,0.282223,0.713010,0.633866,0.673248,0.350923,0.844544,0.815383,-0.289101,0.713844,0.665168,0.372602,0.739668,0.223961,-0.706233,0.597582,0.676161,-0.166980,0.675800,0.961201,0.437601,0.939480,-0.268251,0.511582,0.766164,0.576792,0.320758,0.764661,0.801511,0.754232,0.283893,0.882960,0.861673,0.813714,0.684971,0.698822,-0.070291,0.303762,0.635646,0.710825,0.546768,0.979182,-0.707270,0.856199,0.353730,0.895034,0.305106,0.663194,0.556725,0.741714,0.482619,0.821671,0.602185,0.656090,0.856565,0.943908,-0.696485,0.750022,0.176500,0.273225,0.764821,0.771384,0.726366,0.863858,0.654830,0.879443,0.764595,0.798940,0.821597,0.657713,0.742367,0.741122,0.796005,0.409745,0.566968,0.956510,0.865530,0.809678,0.621696,0.578590,0.585588,0.961104,0.839463,0.824721,0.986602,0.799788,0.749899,0.544291,0.151714,0.981346,-0.383591,0.774618,0.653221,0.321037,0.713253,0.663569,0.684911,0.815332,0.959695,-0.879618,0.969577,-0.617496,0.523379,0.629428,0.069619,0.639155,-0.151127,0.623619,0.632267,0.823432,0.835851,0.874647,0.595946,0.962636,0.800490,0.811505,0.554793,0.718979,0.803402,0.747373,0.161263,0.505395,0.717294,0.474511,0.997049,0.754894,0.937984,0.495779,0.520101,0.723580,0.796496,0.715426,0.916418,0.443992,0.846955,0.762778,0.790982,0.851307,0.226448,-0.076369,0.914215,0.828937,0.759379,0.779765,0.882886,0.829308,0.710296,0.869434,0.855654,0.514225,0.839693,0.156448,0.859341,0.490590,0.973118,0.845619,0.807488,0.825146,0.751216,0.631348,0.791989,-0.248568,0.855694,0.824253,0.775560,0.818503,0.959806,0.764557,0.790495,0.619454,0.745039,0.600552,0.736463,0.474454,0.555497,0.547219,0.553097,-0.843907,0.650819
Dorsal terminal nucleus of the accessory optic tract,0.429927,0.397196,0.809035,0.880951,-0.038203,0.823202,0.937255,0.371026,0.429499,0.190429,0.474986,0.433703,0.294394,0.253593,0.553686,0.758867,1.000000,0.469139,0.085357,0.378356,0.306973,0.136448,-0.883444,0.279702,-0.021998,0.610313,0.030500,0.981807,0.626177,0.120234,0.089157,0.520008,-0.439851,0.028924,0.144580,0.149613,0.165705,0.077589,-0.020317,0.317386,0.060368,-0.066150,0.030862,0.525496,-0.127477,-0.017182,-0.235262,-0.768695,0.241212,0.228735,0.344789,0.698419,0.371755,-0.027289,-0.267632,0.331529,0.066126,-0.952423,-0.963061,-0.143027,0.741437,0.530622,0.444171,0.183611,0.354559,0.814967,0.288627,0.203502,0.966012,0.881160,0.862829,0.781623,-0.993584,0.617278,0.574568,-0.006626,0.349449,0.781521,-0.224449,0.510723,-0.791345,-0.090623,0.200156,-0.042074,-0.359870,0.221104,0.225468,0.445378,-0.198013,0.370600,0.538552,0.272977,0.169045,0.112203,-0.139001,-0.148566,0.146630,0.145525,0.785350,0.866660,-0.079232,0.333838,0.692591,0.389470,0.297105,0.111753,0.188908,0.439878,-0.029241,0.579981,0.154189,0.194491,0.749512,0.520279,-0.927012,0.140326,-0.021302,-0.200260,0.162870,0.305655,0.113643,0.332847,0.323483,0.509012,0.372341,0.496662,0.530458,0.800491,0.735284,0.979704,0.229131,0.892944,0.964435,0.828510,0.927091,0.778461,0.811649,0.638565,0.848252,0.705127,0.369414,0.271345,0.790587,0.488797,0.139412,0.084420,-0.526162,0.633640,-0.775099,0.656679,0.361803,0.031695,0.335874,0.052946,0.534817,0.317129,0.703862,-0.685379,0.810743,-0.027071,-0.157688,0.156649,-0.506398,0.018087,0.289185,-0.020316,0.931127,0.436393,0.354525,0.979436,0.120083,0.562920,0.267144,0.236849,0.065384,0.098601,0.225108,0.409737,0.670141,0.541359,0.968390,0.933319,0.804836,0.643725,0.694670,0.424352,-0.061561,0.586880,0.387808,0.182048,0.592031,-0.237912,0.446305,0.488311,0.568689,0.353852,0.528019,0.041616,0.521344,0.484302,0.347841,0.703100,0.418725,0.280864,0.223657,0.384793,0.435682,0.203207,0.445791,-0.414143,0.337489,0.144132,0.628718,0.310147,0.258960,0.446805,0.988126,0.239045,0.944342,0.148794,0.366159,0.341684,0.202465,0.267401,0.624142,0.272990,0.452408,0.051152,0.167628,0.205649,0.194514,0.290519,0.188777,0.122809,-0.106597,-0.830576,0.193870
Inferior olivary complex,0.550786,0.382520,-0.115338,0.556260,0.168156,0.473403,0.365711,0.698428,0.758329,0.937542,0.950588,0.794426,0.966547,0.680625,0.831676,0.849204,0.469139,1.000000,0.916472,0.994513,0.693030,0.331906,-0.540451,0.632178,0.409784,0.961146,-0.424800,0.593024,0.684880,0.393407,0.442249,0.502334,-0.128992,0.290032,0.368155,0.386991,0.429723,0.583418,0.370031,0.791935,0.434915,0.321752,0.582798,0.837569,0.320866,0.298332,0.725709,-0.427507,0.667992,0.744109,0.961693,0.959653,0.979432,0.310790,0.031559,0.487062,0.442383,-0.537951,-0.633073,0.029710,0.236439,0.867459,0.931994,0.753675,0.974403,0.835928,-0.707573,0.532543,0.266768,0.128080,0.281621,-0.180827,-0.449698,0.785660,0.216839,-0.631467,0.326552,0.674787,0.728700,0.947164,0.168162,0.834329,0.928634,0.527772,0.611435,0.949250,0.888876,0.408132,0.738427,0.916572,0.563358,0.723989,0.503746,0.909533,-0.473521,0.071964,0.417505,0.603326,0.032076,0.747720,-0.825704,0.776863,-0.179914,0.893995,-0.198231,0.927544,0.228903,0.388309,0.860021,0.458617,0.341673,0.412812,0.462343,0.944281,-0.597077,0.842363,0.647918,0.068616,0.793287,0.557351,0.731944,0.825813,0.306439,0.626376,0.989593,0.461466,0.485424,0.163945,0.279600,0.365840,0.915843,0.024315,0.226261,0.658335,0.495911,0.378966,0.122122,0.065468,0.093200,0.950518,0.661953,0.777217,0.888630,0.468044,0.792265,0.293575,0.355040,0.919578,-0.374754,0.346074,0.278997,-0.043848,0.406212,0.620522,0.244546,0.659163,0.951610,-0.523841,0.694239,-0.525681,0.667972,0.394272,0.059594,0.609388,0.054463,0.820645,0.507750,0.555435,0.670178,0.611414,0.361578,0.925042,0.687102,0.821632,0.903291,0.745678,0.875917,0.418573,-0.324003,-0.012293,0.321202,0.170142,0.836011,0.317940,0.646576,0.008010,0.408289,0.286377,0.536529,0.563345,0.654061,0.544628,0.601507,0.398257,0.407657,0.720110,-0.321080,-0.553637,0.708245,0.530572,0.490310,0.342533,0.731994,0.775117,0.501437,0.735457,0.633070,0.146827,0.584731,0.101771,0.783618,0.148433,0.800419,0.782285,0.727568,0.550773,0.395352,0.325391,0.390757,-0.722353,0.716267,0.653029,0.719635,0.926303,0.753400,0.576686,0.473708,0.494765,0.675282,0.931982,0.603248,0.034673,0.226848,0.264688,0.779136,-0.433581,0.402500
Anterior hypothalamic nucleus,0.357203,0.175614,-0.502757,0.196536,0.119461,0.217710,0.026781,0.557786,0.605233,0.951469,0.831060,0.647750,0.939938,0.588354,0.736255,0.589371,0.085357,0.916472,1.000000,0.953168,0.579435,0.229292,-0.256461,0.518329,0.392453,0.791963,-0.414166,0.222309,0.436219,0.307920,0.379160,0.263770,-0.029655,0.229193,0.267659,0.287296,0.329915,0.552250,0.344971,0.695982,0.383742,0.309937,0.708923,0.755495,0.337902,0.259915,0.900022,-0.196940,0.578670,0.677295,0.906590,0.770585,0.920855,0.279060,0.069971,0.324311,0.389876,-0.209068,-0.301315,0.009594,-0.120183,0.782582,0.883130,0.821398,0.921312,0.603026,-0.929253,0.433825,-0.140237,-0.214872,-0.107730,-0.542501,-0.076210,0.658868,-0.082382,-0.768827,0.131319,0.367251,0.896796,0.811148,0.540954,0.970797,0.932311,0.542388,0.819599,0.952617,0.863571,0.185227,0.941469,0.831399,0.327413,0.632338,0.415299,0.953566,-0.548154,0.060216,0.324179,0.544524,-0.354114,0.429408,-0.853684,0.669901,-0.547102,0.793037,-0.431417,0.986360,0.088063,0.164706,0.991972,0.189534,0.232718,0.297418,0.130911,0.803201,-0.290295,0.844360,0.796480,0.080489,0.769902,0.417983,0.716623,0.731375,0.119199,0.413507,0.956334,0.225861,0.239993,-0.218040,-0.070257,-0.036794,0.898658,-0.362373,-0.166092,0.332225,0.115073,0.026415,-0.266083,-0.272468,-0.305588,0.747591,0.514627,0.698655,0.633650,0.236643,0.780025,0.208235,0.586482,0.725178,-0.134528,0.032167,0.071948,-0.151475,0.228589,0.608802,-0.036218,0.534119,0.749777,-0.224712,0.380799,-0.506831,0.774419,0.292629,0.220504,0.612026,0.017696,0.901074,0.190637,0.359955,0.530959,0.245003,0.270965,0.759788,0.590084,0.770502,0.998502,0.741111,0.846461,0.211914,-0.675090,-0.322422,-0.084500,-0.204166,0.558420,0.005205,0.364746,-0.256255,0.409371,-0.009087,0.358204,0.480024,0.412928,0.661834,0.410041,0.156494,0.135474,0.591541,-0.643068,-0.707721,0.506051,0.311090,0.321130,0.011391,0.577795,0.691689,0.388167,0.596668,0.451879,-0.011225,0.390469,0.222515,0.676623,0.015981,0.575128,0.687269,0.643084,0.350157,-0.004062,0.176865,-0.006752,-0.914305,0.581486,0.515994,0.659341,0.893980,0.519418,0.455188,0.258044,0.458708,0.621295,0.978593,0.521987,-0.173407,0.085778,0.157900,0.893712,-0.071203,0.285698
Interposed nucleus,0.503130,0.328114,-0.217841,0.469263,0.150112,0.420199,0.287624,0.667496,0.725731,0.954293,0.932492,0.764410,0.973556,0.661667,0.824892,0.793360,0.378356,0.994513,0.953168,1.000000,0.668880,0.302947,-0.480116,0.606539,0.404432,0.931351,-0.421505,0.506570,0.626693,0.370035,0.425637,0.442471,-0.113165,0.271049,0.340432,0.359838,0.403384,0.578114,0.361872,0.774828,0.421247,0.316117,0.630808,0.834310,0.322781,0.285318,0.780007,-0.380647,0.649496,0.733308,0.960793,0.926581,0.978521,0.299751,0.033894,0.445831,0.428519,-0.464737,-0.559685,0.016723,0.143342,0.863553,0.937361,0.788299,0.974675,0.791864,-0.776195,0.508601,0.165563,0.045244,0.182327,-0.275704,-0.362182,0.770346,0.136795,-0.682601,0.274006,0.602421,0.781281,0.924767,0.266485,0.881871,0.942156,0.533283,0.671907,0.963632,0.893117,0.350240,0.804448,0.906008,0.505447,0.706243,0.481843,0.933451,-0.507550,0.061857,0.392590,0.591256,-0.070394,0.675456,-0.842246,0.756519,-0.280483,0.878587,-0.268464,0.956712,0.188302,0.329859,0.908671,0.390380,0.311274,0.382141,0.379360,0.920496,-0.530799,0.852419,0.701878,0.064617,0.795172,0.523533,0.734336,0.810030,0.255524,0.575586,0.997648,0.401491,0.423520,0.064129,0.188797,0.267152,0.923203,-0.073820,0.129974,0.581356,0.403194,0.289442,0.020420,-0.026100,-0.010794,0.912821,0.628455,0.764220,0.835991,0.409242,0.797073,0.268336,0.415631,0.881735,-0.324554,0.264860,0.222625,-0.080521,0.359607,0.621165,0.169425,0.631279,0.914249,-0.449757,0.621109,-0.522339,0.701454,0.366761,0.095024,0.613561,0.053967,0.851401,0.437651,0.507404,0.638935,0.526448,0.336268,0.894481,0.667073,0.817003,0.943197,0.751271,0.878632,0.364930,-0.420447,-0.098506,0.220776,0.078657,0.775811,0.236477,0.579465,-0.066937,0.407734,0.208457,0.492400,0.544035,0.596953,0.578003,0.555493,0.335508,0.337646,0.692785,-0.413282,-0.608296,0.662062,0.476025,0.447521,0.257206,0.698447,0.760803,0.473104,0.705908,0.590347,0.100446,0.537644,0.127148,0.763445,0.108564,0.751024,0.765162,0.711765,0.501357,0.298271,0.284598,0.292480,-0.786487,0.687262,0.621942,0.709917,0.930000,0.700565,0.547850,0.418925,0.486265,0.666131,0.960841,0.585351,-0.026065,0.186153,0.233413,0.818084,-0.343025,0.371265
Dorsal cochlear nucleus,0.962665,0.901696,0.027736,0.691497,0.823162,-0.088803,-0.008251,0.997537,0.989708,0.801917,0.880572,0.983974,0.805150,0.998439,0.195341,0.821558,0.306973,0.693030,0.579435,0.668880,1.000000,0.910053,-0.038284,0.996691,0.922639,0.812895,-0.924585,0.478556,0.929955,0.934566,0.948309,0.919802,0.563513,0.887572,0.925407,0.932896,0.948674,0.971852,0.911454,0.987883,0.942970,0.886935,-0.141582,0.198830,0.872551,0.886153,0.674802,0.174624,0.997635,0.989781,0.846407,0.653106,0.807376,0.889625,0.710835,0.958872,0.945758,-0.149865,-0.297623,0.733062,0.624111,0.254277,0.384595,0.073415,0.816382,0.376097,-0.451165,0.978905,0.272815,-0.179130,0.528292,-0.194861,-0.213047,0.141746,0.727492,0.061964,0.883760,0.829513,0.691415,0.879571,0.117801,0.645069,0.834920,0.937104,0.654829,0.796847,0.911287,0.901327,0.327521,0.920641,0.935762,0.997401,0.970757,0.792093,0.300969,0.757298,0.944061,0.984949,0.355968,0.733705,-0.898822,0.992164,0.174247,0.942228,0.484059,0.704100,0.855060,0.893006,0.503459,0.876304,0.914161,0.942420,0.776428,0.881264,-0.163097,0.917687,-0.023868,0.746408,0.958787,0.982456,0.966413,0.977523,0.878275,0.962684,0.616358,0.910314,0.908940,0.492660,0.665194,0.357241,0.878021,-0.043135,0.089779,0.782411,0.593007,0.700839,0.431284,0.551844,0.335357,0.726088,0.995377,0.987807,0.734595,0.915823,0.951229,0.892185,0.628673,0.862664,0.209458,0.770914,0.853833,0.687053,0.925855,0.966215,0.768574,0.998501,0.723629,-0.850905,0.805033,-0.955677,0.847844,0.935739,0.625861,0.956475,-0.655028,0.823498,0.079403,0.962649,0.997358,0.483564,0.922380,0.890788,0.999097,0.965331,0.534030,0.956815,0.924226,0.915984,-0.122339,0.544336,0.346795,-0.040603,0.777099,0.760133,0.886453,0.629376,0.913402,0.771328,0.966550,0.983924,0.939581,0.839653,0.972926,0.882508,0.855226,0.998520,0.160549,0.156705,0.971205,0.942061,0.957707,0.737079,0.992642,0.989366,0.971181,0.995958,0.981734,0.802957,0.968836,0.691085,0.990774,0.811170,0.928169,0.989953,0.995921,0.958800,0.351017,0.901238,0.486280,-0.212012,0.997956,0.996731,0.989933,0.880610,0.935047,0.988319,0.929140,0.955676,0.988834,0.470918,0.990304,0.702177,0.853900,0.878382,0.786835,-0.685597,0.938480
Interpeduncular nucleus,0.944085,0.961324,0.107600,0.588648,0.979888,-0.384982,-0.216686,0.904080,0.859564,0.508883,0.605922,0.831229,0.496956,0.914869,-0.221675,0.588903,0.136448,0.331906,0.229292,0.302947,0.910053,1.000000,0.257054,0.940723,0.970563,0.512034,-0.964384,0.289316,0.824935,0.996453,0.986040,0.916503,0.809452,0.994153,0.999197,0.998145,0.994197,0.935223,0.978903,0.837113,0.983125,0.974445,-0.521825,-0.220676,0.955778,0.987234,0.462464,0.471092,0.921044,0.866717,0.554044,0.304291,0.492871,0.984521,0.910485,0.975371,0.982493,0.109188,-0.029285,0.941359,0.684437,-0.165353,-0.032592,-0.338306,0.507462,0.013927,-0.179963,0.974572,0.208472,-0.303344,0.533635,-0.146031,-0.024724,-0.264861,0.830091,0.445889,0.969912,0.700215,0.482539,0.606796,0.052445,0.361630,0.557278,0.921209,0.501630,0.495661,0.680334,0.946322,0.000848,0.677411,0.902240,0.888569,0.980348,0.511758,0.666654,0.948632,0.995109,0.941253,0.451848,0.533186,-0.699676,0.851517,0.335974,0.718814,0.749724,0.386195,0.987845,0.946852,0.161817,0.885182,0.999836,0.995949,0.753300,0.610733,0.126178,0.715092,-0.405699,0.936017,0.797363,0.965476,0.842501,0.804070,0.974205,0.900893,0.237020,0.927564,0.912118,0.554632,0.713228,0.261798,0.621240,-0.065350,-0.007671,0.648349,0.494889,0.702716,0.498538,0.688049,0.389922,0.405118,0.922318,0.845251,0.452500,0.930927,0.787927,0.998462,0.614575,0.601317,0.486163,0.812725,0.958293,0.924654,0.978899,0.906266,0.867618,0.927717,0.401262,-0.814866,0.657109,-0.947121,0.722727,0.997699,0.781706,0.899751,-0.887026,0.603449,-0.184075,0.941415,0.920072,0.285232,0.998895,0.634557,0.912067,0.789977,0.177371,0.821919,0.704752,0.959265,0.030956,0.722589,0.273852,-0.146057,0.538607,0.814795,0.790530,0.821475,0.959109,0.847354,0.957164,0.963221,0.855142,0.782808,0.928304,0.927646,0.886975,0.892741,0.398660,0.525186,0.864814,0.929112,0.972063,0.770758,0.878556,0.848559,0.982553,0.880699,0.921533,0.967161,0.932641,0.843227,0.845816,0.976640,0.755858,0.845356,0.884484,0.939132,0.236651,0.992819,0.416070,0.140746,0.894295,0.929086,0.880905,0.618805,0.792000,0.961789,0.944874,0.965121,0.904890,0.079010,0.948588,0.900572,0.987513,0.997309,0.578954,-0.651515,0.996747
Ventral cochlear nucleus,-0.073945,0.014801,-0.555665,-0.602924,0.439625,-0.990858,-0.967095,-0.093844,-0.180867,-0.214612,-0.399416,-0.209322,-0.312410,0.010505,-0.815167,-0.600572,-0.883444,-0.540451,-0.256461,-0.480116,-0.038284,0.257054,1.000000,0.017659,0.344002,-0.554985,-0.342978,-0.836772,-0.330000,0.248350,0.252328,-0.142996,0.774973,0.353445,0.238454,0.227845,0.199318,0.191735,0.359495,-0.113145,0.276241,0.409513,-0.460395,-0.794165,0.449782,0.384180,0.170913,0.973348,0.027376,-0.013072,-0.323934,-0.722942,-0.380096,0.386903,0.633670,0.039835,0.268938,0.984120,0.957886,0.549699,-0.342892,-0.781752,-0.671028,-0.550513,-0.357873,-0.913021,-0.085578,0.126623,-0.756718,-0.886438,-0.525524,-0.632647,0.924908,-0.871307,-0.134788,0.420942,0.075009,-0.509399,0.170836,-0.426339,0.600203,-0.027137,-0.196566,0.298386,0.325667,-0.249080,-0.145593,-0.038951,-0.081311,-0.271473,-0.184284,-0.031425,0.166115,-0.141909,0.579592,0.543855,0.218893,0.134061,-0.421680,-0.679848,-0.000434,-0.114539,-0.333976,-0.259582,0.182555,-0.206808,0.242930,-0.027898,-0.178881,-0.191386,0.239690,0.182715,-0.389946,-0.431147,0.991096,-0.046299,-0.385025,0.580116,-0.009405,0.032966,0.071020,-0.152068,0.104228,-0.181833,-0.504933,-0.105934,-0.147909,-0.427829,-0.338357,-0.774490,-0.185214,-0.749562,-0.844621,-0.566013,-0.664461,-0.409904,-0.449701,-0.203887,-0.520863,-0.677606,-0.072108,-0.067877,-0.703149,-0.100214,0.005133,0.310162,0.594577,-0.517829,0.968480,-0.250250,0.075090,0.426561,0.064250,0.185621,-0.094368,-0.027032,-0.678778,0.329695,-0.559362,-0.256289,0.251044,0.219674,0.753691,0.213893,-0.667604,0.035773,-0.992820,-0.081862,-0.063986,-0.842778,0.259941,-0.447578,-0.003707,-0.080971,-0.260862,0.068802,-0.129551,-0.007840,-0.413752,-0.084967,-0.745312,-0.867154,-0.656688,-0.229840,-0.388385,0.048383,0.370557,-0.158956,-0.029609,0.128344,-0.278537,0.383308,-0.110888,-0.078761,-0.165033,-0.092567,-0.127565,0.394844,-0.235256,-0.117760,0.024233,-0.305911,-0.154769,-0.073207,0.124438,-0.127869,-0.115866,0.248360,-0.102990,0.695704,-0.122332,0.299348,-0.402157,-0.100355,-0.023361,-0.089720,-0.802658,0.174104,-0.681412,0.182285,-0.100383,-0.043941,0.022484,-0.220218,-0.366173,0.050955,-0.066485,0.255659,0.075939,-0.428355,0.098564,0.183699,0.243543,0.288423,0.106311,0.493317,0.186929
Agranular insular area dorsal part,0.973240,0.926834,0.045736,0.682661,0.865458,-0.146802,-0.047517,0.993643,0.978576,0.755420,0.839436,0.968299,0.755930,0.996251,0.116746,0.788554,0.279702,0.632178,0.518329,0.606539,0.996691,0.940723,0.017659,1.000000,0.944812,0.765940,-0.945157,0.449909,0.923411,0.959985,0.969067,0.933011,0.618981,0.920983,0.953110,0.959023,0.971151,0.978193,0.937340,0.972393,0.964070,0.916350,-0.218721,0.119727,0.900783,0.918353,0.641567,0.233988,0.996789,0.979602,0.801002,0.594652,0.757111,0.920626,0.759562,0.976117,0.966233,-0.102798,-0.250781,0.784086,0.646326,0.175927,0.308333,-0.006644,0.767307,0.311437,-0.403074,0.992017,0.266010,-0.204213,0.538574,-0.186136,-0.180942,0.064614,0.759127,0.138788,0.913793,0.817125,0.659119,0.838872,0.104720,0.597675,0.791946,0.946801,0.632743,0.748734,0.878664,0.923672,0.266947,0.886043,0.943252,0.990242,0.986435,0.747798,0.377185,0.805287,0.967525,0.990224,0.381617,0.706090,-0.871995,0.978773,0.210211,0.911892,0.543984,0.651154,0.893567,0.916975,0.442729,0.891457,0.944083,0.966460,0.784248,0.841054,-0.110174,0.890575,-0.099813,0.793789,0.940440,0.993343,0.955485,0.957435,0.910110,0.964885,0.550625,0.927407,0.923305,0.513518,0.685530,0.345477,0.839836,-0.046127,0.073892,0.768535,0.583851,0.712628,0.452365,0.587849,0.352685,0.674167,0.995486,0.973838,0.690677,0.932550,0.932354,0.925724,0.633383,0.824269,0.265377,0.791302,0.887104,0.743633,0.949887,0.967808,0.799983,0.998986,0.671395,-0.857054,0.788686,-0.967237,0.834433,0.961271,0.664211,0.958493,-0.709338,0.791271,0.030439,0.972713,0.996625,0.453181,0.950526,0.853635,0.996264,0.944484,0.470962,0.943548,0.894053,0.938113,-0.092188,0.588341,0.339315,-0.059944,0.742429,0.782886,0.881262,0.677033,0.934919,0.798337,0.978904,0.993817,0.937167,0.839462,0.978526,0.904718,0.874589,0.992163,0.211072,0.231887,0.964724,0.953588,0.974548,0.755494,0.984704,0.975786,0.987340,0.987758,0.984348,0.846994,0.976046,0.729808,0.976518,0.855439,0.908288,0.975697,0.988195,0.969144,0.335442,0.932340,0.481213,-0.144791,0.992037,0.997868,0.982474,0.841551,0.921043,0.997323,0.946094,0.970853,0.986247,0.400317,0.996155,0.751785,0.892555,0.914320,0.756317,-0.690176,0.963402
Inferior salivatory nucleus,0.892364,0.879930,-0.128473,0.448630,0.960007,-0.462765,-0.358064,0.902129,0.858985,0.631307,0.653021,0.839390,0.600354,0.937856,-0.164424,0.543566,-0.021998,0.409784,0.392453,0.404432,0.922639,0.970563,0.344002,0.944812,1.000000,0.533725,-0.999657,0.152172,0.761158,0.984768,0.993546,0.833394,0.837282,0.983028,0.975684,0.977550,0.979151,0.979902,0.998672,0.873606,0.996471,0.995507,-0.367058,-0.155111,0.993343,0.989994,0.648901,0.539361,0.943971,0.913077,0.639841,0.317520,0.579889,0.992728,0.923205,0.932384,0.996063,0.224035,0.076824,0.920230,0.503216,-0.098289,0.061351,-0.197069,0.596724,-0.009573,-0.394961,0.973793,0.009519,-0.476642,0.341920,-0.372367,0.128804,-0.230746,0.676744,0.279526,0.887732,0.603566,0.665551,0.644094,0.284786,0.542199,0.672037,0.984800,0.691826,0.613814,0.771725,0.859408,0.211882,0.738522,0.828754,0.917924,0.981562,0.647559,0.553180,0.937632,0.982133,0.972774,0.230664,0.442323,-0.812769,0.879605,0.099673,0.767448,0.580997,0.534527,0.923534,0.856958,0.346051,0.779549,0.968078,0.969846,0.614726,0.644730,0.220569,0.815406,-0.231431,0.938148,0.875726,0.945019,0.916806,0.846304,0.893878,0.848695,0.343399,0.840658,0.822983,0.351489,0.541036,0.077430,0.721592,-0.280357,-0.200467,0.539786,0.336416,0.542067,0.287245,0.495138,0.170440,0.407850,0.911574,0.889568,0.417007,0.847211,0.872608,0.973853,0.782999,0.602026,0.566545,0.668108,0.863405,0.844617,0.916925,0.967207,0.727790,0.929158,0.404812,-0.701702,0.560265,-0.991102,0.859444,0.976954,0.869343,0.967474,-0.887971,0.746994,-0.295096,0.889262,0.915024,0.152976,0.980131,0.652011,0.933247,0.856410,0.346188,0.904400,0.791754,0.882727,-0.210549,0.534827,0.081769,-0.333925,0.482219,0.667155,0.703475,0.660912,0.998951,0.704928,0.912046,0.975334,0.791187,0.908720,0.884604,0.829033,0.772934,0.900613,0.168713,0.358319,0.829828,0.860304,0.925904,0.616521,0.873655,0.889799,0.969369,0.884949,0.887857,0.882724,0.885113,0.912699,0.874846,0.906782,0.721341,0.881006,0.918424,0.883495,0.058308,0.936624,0.235618,-0.063959,0.898125,0.922915,0.927573,0.711974,0.745924,0.954025,0.870609,0.995073,0.949020,0.225438,0.967267,0.774169,0.922809,0.956808,0.736805,-0.493137,0.968495
Agranular insular area posterior part,0.733976,0.598132,0.102586,0.754230,0.341699,0.461099,0.437315,0.829274,0.878959,0.892560,0.984061,0.902054,0.934626,0.792970,0.723451,0.959855,0.610313,0.961146,0.791963,0.931351,0.812895,0.512034,-0.554985,0.765940,0.533725,1.000000,-0.542423,0.738118,0.854599,0.556382,0.586100,0.708534,-0.014840,0.455128,0.542170,0.557858,0.594085,0.683827,0.504552,0.876981,0.573625,0.455845,0.350849,0.722407,0.438142,0.450470,0.625769,-0.394369,0.781769,0.827190,0.954014,0.971304,0.960124,0.457581,0.170381,0.669966,0.580587,-0.600235,-0.708203,0.201908,0.493767,0.759324,0.821513,0.558402,0.955779,0.833815,-0.537695,0.678815,0.459422,0.218816,0.521502,-0.011020,-0.568881,0.690917,0.475538,-0.400989,0.545845,0.851613,0.634845,0.989052,-0.021742,0.719513,0.898288,0.611696,0.518110,0.905308,0.899476,0.625133,0.541393,0.951143,0.757427,0.825435,0.650137,0.854676,-0.255229,0.235703,0.580641,0.715131,0.290191,0.890047,-0.823216,0.871729,0.077763,0.946454,0.071943,0.840987,0.439062,0.608453,0.708420,0.679682,0.523429,0.587168,0.688993,0.989654,-0.637801,0.852599,0.417013,0.219419,0.836819,0.717816,0.788074,0.899645,0.525473,0.800663,0.911606,0.673832,0.696412,0.420201,0.532914,0.552292,0.908439,0.192106,0.379256,0.837003,0.695522,0.618065,0.377114,0.338050,0.337915,0.987832,0.804189,0.857506,0.967418,0.678118,0.829000,0.470525,0.305882,0.991863,-0.350743,0.590914,0.508334,0.176823,0.607853,0.701525,0.497372,0.792210,0.987574,-0.737703,0.863550,-0.630296,0.654122,0.564982,0.113880,0.683980,-0.092775,0.777022,0.555347,0.738411,0.807059,0.751230,0.531772,0.988696,0.800304,0.873078,0.765870,0.791198,0.894581,0.628761,-0.108212,0.263932,0.517359,0.297790,0.947952,0.566451,0.831125,0.277301,0.521706,0.536823,0.716783,0.696107,0.829801,0.553250,0.773947,0.622214,0.637493,0.840270,-0.054297,-0.311882,0.859871,0.726119,0.675220,0.588567,0.860122,0.858579,0.660263,0.856208,0.795127,0.372709,0.761560,0.180150,0.876564,0.363678,0.931017,0.869672,0.824414,0.736412,0.571780,0.526833,0.598700,-0.507678,0.840164,0.792826,0.805504,0.924187,0.900953,0.725404,0.678040,0.614936,0.768503,0.796165,0.726974,0.287774,0.437340,0.455528,0.720733,-0.660765,0.579076
Trochlear nucleus,-0.887277,-0.870431,0.149581,-0.439180,-0.952906,0.460792,0.363692,-0.903010,-0.860987,-0.647870,-0.662937,-0.842715,-0.615803,-0.940462,0.148786,-0.545030,0.030500,-0.424800,-0.414166,-0.421505,-0.924585,-0.964384,-0.342978,-0.945157,-0.999657,-0.542423,1.000000,-0.145625,-0.757508,-0.980736,-0.991687,-0.825443,-0.831963,-0.977896,-0.970396,-0.972716,-0.975274,-0.983007,-0.997041,-0.879139,-0.995021,-0.993470,0.344108,0.138745,-0.992765,-0.986124,-0.668582,-0.536490,-0.946383,-0.918642,-0.653387,-0.327088,-0.594195,-0.989458,-0.917714,-0.927047,-0.994721,-0.226399,-0.078460,-0.911761,-0.486128,0.081883,-0.079644,0.174669,-0.611044,0.002163,0.418868,-0.972370,0.005063,0.486858,-0.325634,0.391514,-0.136285,0.217161,-0.660581,-0.255668,-0.877476,-0.598098,-0.684839,-0.653176,-0.304981,-0.563391,-0.687518,-0.988906,-0.710228,-0.630265,-0.783950,-0.849867,-0.237169,-0.748643,-0.822372,-0.921729,-0.979931,-0.664861,-0.533689,-0.930399,-0.978279,-0.974998,-0.209816,-0.439402,0.825883,-0.884183,-0.076096,-0.775998,-0.559531,-0.553988,-0.913481,-0.846950,-0.369334,-0.769530,-0.961824,-0.964876,-0.603093,-0.653484,-0.220494,-0.827562,0.207054,-0.932030,-0.884943,-0.942360,-0.924666,-0.852929,-0.883512,-0.844745,-0.361308,-0.831858,-0.814390,-0.332801,-0.524943,-0.064734,-0.735287,0.296893,0.213378,-0.533566,-0.325509,-0.528101,-0.267853,-0.475159,-0.150884,-0.415710,-0.911200,-0.895503,-0.420736,-0.838716,-0.882393,-0.967643,-0.795911,-0.607894,-0.565129,-0.654232,-0.851677,-0.830706,-0.909122,-0.972256,-0.712743,-0.929692,-0.412778,0.692342,-0.555326,0.993411,-0.872510,-0.972193,-0.871168,-0.972993,0.880742,-0.763228,0.296928,-0.884213,-0.915217,-0.147061,-0.975154,-0.659038,-0.935802,-0.865042,-0.368601,-0.913228,-0.803295,-0.874041,0.233865,-0.514127,-0.067860,0.346027,-0.483025,-0.652703,-0.697781,-0.641883,-0.999515,-0.690295,-0.907231,-0.975381,-0.786948,-0.919075,-0.880852,-0.818580,-0.761651,-0.902614,-0.143587,-0.334698,-0.828458,-0.853727,-0.920372,-0.602148,-0.874869,-0.895437,-0.966537,-0.886922,-0.885317,-0.870284,-0.880832,-0.913073,-0.879619,-0.895462,-0.721867,-0.886300,-0.922669,-0.878129,-0.046619,-0.928272,-0.222354,0.089623,-0.899745,-0.922757,-0.932780,-0.725227,-0.744718,-0.952633,-0.862834,-0.995769,-0.953343,-0.247114,-0.968402,-0.757592,-0.912703,-0.949003,-0.753907,0.480354,-0.963230
Periventricular hypothalamic nucleus intermediate part,0.575942,0.527014,0.730944,0.941000,0.107882,0.757898,0.868214,0.536486,0.591545,0.354642,0.625873,0.596448,0.450973,0.429251,0.579734,0.867829,0.981807,0.593024,0.222309,0.506570,0.478556,0.289316,-0.836772,0.449909,0.152172,0.738118,-0.145625,1.000000,0.755948,0.282033,0.258837,0.647906,-0.314589,0.185929,0.301194,0.308019,0.327540,0.260066,0.149661,0.491567,0.231482,0.101473,0.037697,0.555090,0.043541,0.144396,-0.063407,-0.692076,0.417197,0.408886,0.503025,0.792019,0.522136,0.136499,-0.125768,0.482622,0.237567,-0.917160,-0.956010,-0.009396,0.785813,0.570370,0.516734,0.220399,0.507732,0.845892,0.148921,0.372424,0.934165,0.776467,0.882823,0.666458,-0.959721,0.626102,0.650260,-0.031337,0.477727,0.879873,-0.050758,0.657894,-0.688433,0.068897,0.368291,0.142928,-0.185918,0.382267,0.401342,0.572037,-0.085094,0.535882,0.670702,0.449071,0.338280,0.280620,-0.103777,-0.008130,0.308830,0.324842,0.770804,0.945596,-0.263312,0.506320,0.645526,0.555202,0.336310,0.266995,0.322183,0.564600,0.103050,0.692757,0.306599,0.351660,0.830400,0.666663,-0.899589,0.322641,0.013117,-0.056909,0.346960,0.466930,0.300164,0.505795,0.452190,0.651822,0.492355,0.622935,0.654670,0.814001,0.789297,0.965764,0.400792,0.803320,0.900878,0.913905,0.963498,0.839737,0.811846,0.671365,0.827878,0.809383,0.532635,0.449021,0.884713,0.617069,0.324430,0.237149,-0.355147,0.764969,-0.689292,0.738901,0.481418,0.137330,0.476694,0.238907,0.622441,0.485618,0.807900,-0.787785,0.903477,-0.208454,0.031611,0.315261,-0.354237,0.205130,0.159131,0.160670,0.884785,0.582058,0.519928,0.999692,0.278145,0.705755,0.441996,0.416624,0.196137,0.285755,0.402381,0.542703,0.569174,0.577738,0.951326,0.848469,0.901547,0.723847,0.808819,0.486624,0.114754,0.672393,0.537616,0.355525,0.724845,-0.049294,0.595278,0.607335,0.676267,0.522301,0.486321,0.032039,0.668955,0.620739,0.497392,0.775286,0.580786,0.457779,0.387693,0.550776,0.588845,0.322119,0.593212,-0.257757,0.509781,0.270019,0.764429,0.484804,0.436334,0.590607,0.974039,0.380470,0.955985,0.060079,0.533144,0.507233,0.383743,0.436466,0.758764,0.439368,0.586574,0.228538,0.349522,0.314608,0.370083,0.378644,0.321762,0.268077,0.074255,-0.887543,0.349883
Agranular insular area ventral part,0.965153,0.918482,0.372185,0.908658,0.696196,0.200439,0.332617,0.953452,0.963041,0.674943,0.860482,0.955141,0.716982,0.908147,0.297607,0.937497,0.626177,0.684880,0.436219,0.626693,0.929955,0.824935,-0.330000,0.923411,0.761158,0.854599,-0.757508,0.755948,1.000000,0.832379,0.825702,0.970139,0.336902,0.765905,0.837410,0.843790,0.859108,0.824208,0.756873,0.911053,0.810016,0.722226,-0.186428,0.288370,0.684283,0.744622,0.413076,-0.107334,0.903918,0.882247,0.775073,0.748767,0.749193,0.741991,0.518854,0.929260,0.813934,-0.458067,-0.582095,0.590170,0.831316,0.336108,0.408475,0.046476,0.750764,0.565584,-0.194240,0.888696,0.607138,0.187152,0.790297,0.170895,-0.542335,0.281827,0.857140,0.131609,0.889872,0.975770,0.431945,0.874730,-0.241929,0.432521,0.709452,0.750984,0.358322,0.681587,0.792858,0.934777,0.117571,0.857457,0.984335,0.909766,0.870866,0.637506,0.270145,0.604175,0.848679,0.861340,0.636237,0.916359,-0.729481,0.923527,0.462811,0.887277,0.578189,0.556707,0.810472,0.927587,0.328468,0.961573,0.834672,0.867507,0.941954,0.880533,-0.451978,0.769340,-0.111244,0.573618,0.821370,0.930799,0.815587,0.903945,0.876821,0.988249,0.578065,0.957203,0.966888,0.747658,0.859955,0.675534,0.761363,0.326110,0.448579,0.955231,0.847514,0.897013,0.702841,0.746051,0.636114,0.817661,0.955437,0.893878,0.868173,0.958047,0.805112,0.792412,0.298720,0.913730,-0.085565,0.913407,0.874270,0.630344,0.911783,0.804393,0.873887,0.937046,0.814814,-0.974166,0.963562,-0.796247,0.606334,0.848306,0.341388,0.782766,-0.471071,0.622063,0.390342,0.967217,0.950041,0.757126,0.825456,0.908978,0.913499,0.854097,0.389218,0.799127,0.805856,0.931848,0.207532,0.709099,0.667170,0.326704,0.918483,0.902000,0.994259,0.734115,0.736834,0.892526,0.953062,0.880473,0.998379,0.581480,0.974674,0.936929,0.944543,0.944540,0.400566,0.226074,0.990650,0.971722,0.934529,0.902829,0.964520,0.899448,0.894014,0.953071,0.974187,0.780251,0.972924,0.432156,0.922945,0.763045,0.984971,0.911126,0.902230,0.968661,0.669759,0.860135,0.772760,-0.036989,0.949586,0.946346,0.874636,0.778110,0.995108,0.920149,0.954217,0.810034,0.864877,0.387161,0.886284,0.740509,0.809643,0.799545,0.559104,-0.898046,0.865036
Periventricular hypothalamic nucleus posterior part,0.946466,0.948594,0.045916,0.575211,0.971026,-0.375738,-0.229443,0.925546,0.884753,0.575556,0.654500,0.860519,0.560736,0.941149,-0.166057,0.611393,0.120234,0.393407,0.307920,0.370035,0.934566,0.996453,0.248350,0.959985,0.984768,0.556382,-0.980736,0.282033,0.832379,1.000000,0.996499,0.909631,0.799677,0.992943,0.998760,0.999295,0.998718,0.961667,0.988866,0.872795,0.994628,0.982469,-0.451633,-0.162859,0.967828,0.989732,0.534518,0.460745,0.946632,0.902048,0.612789,0.349196,0.553508,0.988911,0.903571,0.976361,0.994411,0.108932,-0.034365,0.926106,0.645021,-0.106457,0.033960,-0.265425,0.568199,0.048041,-0.261320,0.987543,0.172323,-0.333735,0.495813,-0.205399,-0.010123,-0.216268,0.794402,0.371637,0.954231,0.701098,0.553689,0.652922,0.113775,0.438744,0.621141,0.949577,0.568634,0.562062,0.735340,0.933714,0.084987,0.726734,0.900684,0.918718,0.992340,0.580171,0.609445,0.937651,0.999518,0.965510,0.396333,0.540967,-0.756480,0.884350,0.268314,0.763647,0.691728,0.459944,0.971449,0.932603,0.243500,0.871389,0.996216,0.997074,0.733676,0.655906,0.118145,0.769526,-0.329329,0.928085,0.843334,0.975167,0.884049,0.843110,0.957944,0.907297,0.305834,0.917728,0.903097,0.508297,0.677604,0.233083,0.680348,-0.113339,-0.041616,0.646329,0.475465,0.674630,0.449021,0.637743,0.338483,0.445890,0.939779,0.881949,0.480855,0.922104,0.835436,0.994234,0.662918,0.637698,0.480951,0.785426,0.937543,0.892424,0.971589,0.938615,0.835919,0.947809,0.442324,-0.803303,0.659410,-0.970509,0.777232,0.999166,0.795141,0.933227,-0.873579,0.668290,-0.183431,0.943950,0.939276,0.280010,0.999253,0.674674,0.938270,0.834617,0.257335,0.866277,0.757817,0.949403,-0.040955,0.669351,0.241071,-0.179797,0.558530,0.785430,0.791173,0.774287,0.975804,0.817294,0.960238,0.980793,0.860702,0.828187,0.935157,0.912084,0.868782,0.917662,0.324981,0.453527,0.879561,0.926749,0.972512,0.741580,0.901251,0.884401,0.991061,0.905658,0.932301,0.942443,0.937753,0.853679,0.879260,0.955269,0.776458,0.880280,0.915920,0.940664,0.211053,0.982834,0.387523,0.057074,0.918074,0.947100,0.914966,0.676772,0.807226,0.975394,0.938341,0.983554,0.935953,0.156364,0.969766,0.861601,0.970932,0.988029,0.645451,-0.627193,0.996873
Anteromedial nucleus,0.937429,0.925806,-0.024726,0.546279,0.958388,-0.377654,-0.254553,0.935491,0.897521,0.632591,0.689767,0.877209,0.613540,0.957335,-0.121237,0.617984,0.089157,0.442249,0.379160,0.425637,0.948309,0.986040,0.252328,0.969067,0.993546,0.586100,-0.991687,0.258837,0.825702,0.996499,1.000000,0.890692,0.793140,0.986384,0.991143,0.993093,0.995450,0.980579,0.993603,0.897213,0.999560,0.986106,-0.383704,-0.115554,0.976264,0.987382,0.603300,0.460366,0.962327,0.927335,0.659825,0.379140,0.602213,0.988502,0.896591,0.967358,0.999648,0.122617,-0.024344,0.909263,0.593384,-0.058496,0.089744,-0.198218,0.617186,0.067556,-0.341046,0.991717,0.122720,-0.374084,0.444580,-0.272181,0.018783,-0.178781,0.748061,0.299916,0.929360,0.686538,0.621358,0.685345,0.183013,0.510576,0.675154,0.972180,0.634381,0.618445,0.780050,0.910384,0.166844,0.763928,0.886516,0.938368,0.996092,0.640013,0.554599,0.924860,0.996432,0.981311,0.330108,0.532416,-0.805000,0.905774,0.192697,0.796139,0.629102,0.525423,0.948257,0.907815,0.319683,0.845209,0.985467,0.990179,0.700118,0.687270,0.124071,0.814819,-0.255401,0.919001,0.879943,0.974761,0.917034,0.870605,0.932904,0.901045,0.363476,0.896311,0.882006,0.449927,0.629467,0.189971,0.729144,-0.171553,-0.088045,0.628594,0.440691,0.632955,0.387781,0.577443,0.275431,0.471353,0.945903,0.907979,0.493145,0.901737,0.873889,0.983980,0.713137,0.659147,0.485406,0.745788,0.907792,0.857099,0.954724,0.963580,0.793733,0.957166,0.468098,-0.777963,0.645950,-0.987265,0.827083,0.993157,0.811507,0.959812,-0.860921,0.726338,-0.196053,0.934973,0.947270,0.258802,0.992754,0.700532,0.954191,0.868890,0.330391,0.902227,0.800591,0.929124,-0.118686,0.607607,0.194261,-0.224868,0.562269,0.744042,0.777255,0.719496,0.987573,0.775954,0.952425,0.989664,0.852627,0.870403,0.930142,0.885426,0.838642,0.931163,0.245910,0.383105,0.881121,0.912514,0.962771,0.699685,0.911751,0.909467,0.990709,0.918785,0.931150,0.911341,0.931092,0.865538,0.901231,0.928151,0.782417,0.904056,0.937010,0.930600,0.170861,0.964865,0.344333,-0.024307,0.930310,0.954130,0.939392,0.723929,0.808039,0.979173,0.920606,0.995210,0.957978,0.225336,0.981900,0.816149,0.947571,0.972464,0.706485,-0.588510,0.989046
Midbrain reticular nucleus,0.990624,0.986111,0.399029,0.862297,0.825657,0.008293,0.191282,0.939628,0.926631,0.543024,0.735834,0.905548,0.574096,0.902833,0.057304,0.826863,0.520008,0.502334,0.263770,0.442471,0.919802,0.916503,-0.142996,0.933011,0.833394,0.708534,-0.825443,0.647906,0.970139,0.909631,0.890692,1.000000,0.514161,0.868433,0.920369,0.922149,0.926662,0.848494,0.839588,0.865606,0.876824,0.816239,-0.409415,0.047514,0.776672,0.845091,0.331116,0.087791,0.902820,0.854749,0.641917,0.565672,0.600952,0.839371,0.672803,0.976820,0.878797,-0.295323,-0.420967,0.747051,0.877538,0.097733,0.179886,-0.187686,0.606542,0.358705,-0.069438,0.928546,0.560298,0.086643,0.797785,0.170079,-0.421704,0.043281,0.936373,0.352245,0.972825,0.923516,0.352484,0.750224,-0.253959,0.305320,0.587609,0.788256,0.311938,0.544057,0.700532,0.992923,-0.046835,0.755088,0.997393,0.889618,0.919051,0.514215,0.495219,0.752752,0.919605,0.880598,0.688581,0.817058,-0.658139,0.883619,0.545944,0.796716,0.744807,0.407896,0.922372,0.990480,0.159962,0.994768,0.923585,0.938592,0.948061,0.757146,-0.273373,0.695465,-0.328173,0.721953,0.772252,0.961163,0.789287,0.844772,0.965681,0.987314,0.383860,0.998816,0.999639,0.787026,0.901349,0.614819,0.652711,0.289660,0.374185,0.896859,0.797952,0.912928,0.741965,0.834277,0.662524,0.653700,0.953104,0.854203,0.724560,0.998902,0.755137,0.893637,0.333926,0.791883,0.100203,0.958297,0.965847,0.797341,0.978345,0.815798,0.954058,0.937428,0.649974,-0.978119,0.898862,-0.836887,0.580246,0.924767,0.472244,0.796378,-0.641176,0.537672,0.222209,0.991027,0.945772,0.644234,0.910409,0.793112,0.905926,0.795599,0.211373,0.766509,0.720667,0.990601,0.272114,0.823153,0.618973,0.242239,0.801275,0.953966,0.965779,0.862973,0.808334,0.958522,0.984957,0.911815,0.981474,0.595627,0.985489,0.993201,0.989952,0.924203,0.530321,0.441360,0.964561,0.998063,0.980421,0.940347,0.937611,0.860607,0.941896,0.926485,0.976862,0.907083,0.988327,0.561814,0.880440,0.892433,0.916844,0.869452,0.880876,0.992917,0.597819,0.949700,0.733432,0.148971,0.930121,0.947822,0.855737,0.665804,0.944001,0.946185,0.996959,0.860284,0.860984,0.182878,0.905727,0.879713,0.921958,0.906333,0.481939,-0.891584,0.938630
Nucleus ambiguus,0.571040,0.640620,-0.246479,0.024120,0.908316,-0.853149,-0.722074,0.526975,0.444154,0.181913,0.139186,0.407182,0.115911,0.595599,-0.654692,0.014574,-0.439851,-0.128992,-0.029655,-0.113165,0.563513,0.809452,0.774973,0.618981,0.837282,-0.014840,-0.831963,-0.314589,0.336902,0.799677,0.793140,0.514161,1.000000,0.863170,0.796721,0.789130,0.768266,0.718379,0.853406,0.467175,0.805365,0.881329,-0.640769,-0.642028,0.892231,0.876081,0.382955,0.899137,0.610043,0.547102,0.147782,-0.252183,0.073306,0.875368,0.979679,0.660671,0.800410,0.666203,0.561421,0.951670,0.251889,-0.598734,-0.447493,-0.576238,0.096234,-0.553329,-0.144025,0.708893,-0.310046,-0.724445,0.042537,-0.459344,0.538367,-0.714648,0.471627,0.568597,0.683533,0.149063,0.396297,0.124244,0.378016,0.195837,0.225292,0.773094,0.503631,0.152529,0.339200,0.598296,-0.074668,0.262967,0.478244,0.551882,0.736838,0.227195,0.803362,0.951562,0.780727,0.688134,0.057380,-0.065166,-0.439535,0.476621,0.038491,0.298582,0.617871,0.104324,0.796960,0.605833,-0.027771,0.466606,0.798872,0.760426,0.262281,0.124203,0.683923,0.422089,-0.521300,0.964297,0.500733,0.647362,0.580189,0.421032,0.704177,0.476380,-0.171750,0.544702,0.508994,0.117935,0.272255,-0.288271,0.275393,-0.480853,-0.504997,0.081876,-0.072442,0.219810,0.069073,0.341640,-0.044268,-0.157662,0.553263,0.499535,-0.138313,0.550043,0.502882,0.840759,0.745701,0.068387,0.904444,0.387899,0.677567,0.871596,0.680304,0.693945,0.519325,0.583218,-0.160978,-0.336402,0.090276,-0.766113,0.606773,0.783802,0.961826,0.706429,-0.986896,0.395569,-0.720481,0.564463,0.556166,-0.321525,0.809265,0.131396,0.585203,0.453066,-0.066633,0.564537,0.365442,0.624701,-0.207582,0.436982,-0.261504,-0.609044,-0.051390,0.402227,0.281255,0.580277,0.845082,0.466548,0.606163,0.701095,0.388316,0.728777,0.537019,0.562955,0.485067,0.519272,0.206048,0.603798,0.417945,0.536250,0.649249,0.327435,0.473103,0.498739,0.714166,0.490059,0.528376,0.789314,0.545165,0.967874,0.467999,0.825286,0.244105,0.480523,0.553690,0.558533,-0.322683,0.756621,-0.131327,0.228014,0.515916,0.574535,0.578250,0.252999,0.291120,0.654614,0.578826,0.779021,0.627151,-0.231289,0.672423,0.711168,0.797171,0.828432,0.421696,-0.134794,0.763805
Intermediate reticular nucleus,0.906755,0.926324,0.016276,0.498268,0.992131,-0.476024,-0.320388,0.874400,0.823532,0.498995,0.564772,0.794851,0.475544,0.898318,-0.278190,0.514815,0.028924,0.290032,0.229193,0.271049,0.887572,0.994153,0.353445,0.920983,0.983028,0.455128,-0.977896,0.185929,0.765905,0.992943,0.986384,0.868433,0.863170,1.000000,0.992745,0.991284,0.985873,0.937763,0.990887,0.813840,0.986624,0.991136,-0.523667,-0.273961,0.979238,0.998296,0.498319,0.556971,0.905817,0.853198,0.527296,0.236085,0.462840,0.996811,0.946893,0.948763,0.985405,0.212384,0.073363,0.963935,0.607599,-0.218588,-0.074660,-0.354633,0.479418,-0.070391,-0.219797,0.962761,0.103484,-0.403379,0.442536,-0.236518,0.082987,-0.329218,0.772822,0.444078,0.939853,0.622794,0.517336,0.561600,0.143297,0.381491,0.546537,0.936635,0.550768,0.482335,0.667212,0.906024,0.029570,0.648181,0.852521,0.870041,0.972201,0.510446,0.682574,0.972248,0.988830,0.936362,0.366750,0.445716,-0.702586,0.826358,0.258700,0.687539,0.719524,0.384260,0.975117,0.907004,0.173674,0.829776,0.992077,0.984249,0.677979,0.564463,0.226111,0.711375,-0.400336,0.965336,0.791225,0.942327,0.841665,0.779135,0.946921,0.855038,0.205319,0.881837,0.862696,0.469660,0.637650,0.156485,0.607550,-0.166041,-0.114264,0.565154,0.398172,0.623076,0.411575,0.621320,0.297870,0.336744,0.892622,0.827084,0.374284,0.886165,0.784357,0.998125,0.680935,0.542014,0.573322,0.747228,0.926353,0.926820,0.951122,0.911711,0.815311,0.903915,0.333014,-0.747704,0.576283,-0.954920,0.751071,0.990108,0.844372,0.908977,-0.924955,0.616879,-0.285633,0.903380,0.892108,0.182245,0.995140,0.583479,0.894029,0.775714,0.179061,0.822759,0.691719,0.923155,-0.047066,0.666348,0.169503,-0.250553,0.458899,0.750524,0.723232,0.779230,0.975937,0.789420,0.924535,0.954017,0.799885,0.819501,0.889468,0.882309,0.832406,0.865108,0.339086,0.519150,0.818047,0.885389,0.943627,0.699730,0.843633,0.829325,0.968255,0.849638,0.884123,0.951971,0.893746,0.896288,0.820267,0.968175,0.697093,0.822868,0.867537,0.899869,0.130482,0.975324,0.315974,0.118638,0.865253,0.902476,0.870222,0.600884,0.733578,0.942459,0.904347,0.970060,0.897899,0.064518,0.938233,0.874140,0.974780,0.992393,0.601568,-0.566149,0.985033
Pontine reticular nucleus,0.950863,0.960387,0.091143,0.595603,0.973795,-0.366922,-0.207458,0.919022,0.877265,0.542896,0.635777,0.850980,0.531275,0.930201,-0.186142,0.610947,0.144580,0.368155,0.267659,0.340432,0.925407,0.999197,0.238454,0.953110,0.975684,0.542170,-0.970396,0.301194,0.837410,0.998760,0.991143,0.920369,0.796721,0.992745,1.000000,0.999783,0.997697,0.947790,0.982028,0.858027,0.988266,0.975922,-0.487352,-0.184552,0.958208,0.986857,0.492279,0.453269,0.935841,0.886008,0.586707,0.336372,0.526943,0.984883,0.901735,0.979873,0.987924,0.093684,-0.047067,0.930607,0.676710,-0.128707,0.006130,-0.300353,0.541287,0.043133,-0.213705,0.982711,0.206509,-0.303266,0.528803,-0.161497,-0.033664,-0.231587,0.821272,0.409977,0.966800,0.712226,0.512071,0.636059,0.068808,0.396291,0.590050,0.932792,0.527003,0.530053,0.709149,0.946233,0.037593,0.705856,0.908943,0.906080,0.987463,0.545341,0.636421,0.939808,0.998249,0.953861,0.437489,0.550050,-0.726979,0.871324,0.314521,0.745377,0.725988,0.422466,0.981801,0.945896,0.199888,0.886765,0.999282,0.998296,0.755001,0.639691,0.107369,0.742228,-0.369282,0.927829,0.820738,0.973705,0.862931,0.826868,0.970397,0.910901,0.275314,0.929635,0.915137,0.544736,0.707163,0.263511,0.652137,-0.073742,-0.008332,0.659803,0.499864,0.700932,0.487385,0.673505,0.378584,0.435215,0.935310,0.865900,0.478012,0.933349,0.811668,0.996505,0.628288,0.627931,0.470654,0.809222,0.952989,0.908666,0.979529,0.921277,0.860006,0.941113,0.431481,-0.819285,0.670316,-0.957414,0.745118,0.999601,0.778957,0.914748,-0.874863,0.633097,-0.168630,0.948373,0.933655,0.298055,0.999683,0.661768,0.927583,0.813914,0.216120,0.843468,0.732608,0.959892,0.007525,0.705053,0.273440,-0.146938,0.560234,0.810102,0.800920,0.804808,0.964793,0.841379,0.963579,0.973214,0.866138,0.799508,0.937486,0.926867,0.886287,0.909062,0.371636,0.491172,0.879025,0.934529,0.976574,0.767161,0.894877,0.868950,0.988887,0.897548,0.932411,0.957425,0.940983,0.840459,0.865979,0.967534,0.774705,0.865784,0.902387,0.945783,0.240011,0.990613,0.417096,0.103250,0.910268,0.941887,0.899154,0.649776,0.808178,0.971357,0.947782,0.973425,0.921129,0.118894,0.960510,0.885559,0.981380,0.993571,0.608039,-0.652418,0.998609
Locus ceruleus,0.954033,0.959545,0.083370,0.599568,0.969871,-0.356551,-0.201649,0.926365,0.886117,0.560178,0.651119,0.860912,0.548824,0.937624,-0.167168,0.622556,0.149613,0.386991,0.287296,0.359838,0.932896,0.998145,0.227845,0.959023,0.977550,0.557858,-0.972716,0.308019,0.843790,0.999295,0.993093,0.922149,0.789130,0.991284,0.999783,1.000000,0.998890,0.953607,0.982862,0.868442,0.990211,0.975869,-0.469193,-0.165302,0.958601,0.985887,0.507030,0.443005,0.942973,0.895480,0.603408,0.353305,0.544441,0.984286,0.896278,0.981755,0.990024,0.084716,-0.057110,0.924216,0.672918,-0.109226,0.026493,-0.280399,0.558631,0.058921,-0.230643,0.986341,0.206262,-0.302150,0.526732,-0.168591,-0.039192,-0.213680,0.816647,0.391159,0.964787,0.718612,0.526673,0.651129,0.076427,0.413751,0.606666,0.937999,0.539322,0.547569,0.723659,0.945885,0.056300,0.720318,0.912210,0.914664,0.990530,0.562325,0.620227,0.934398,0.999239,0.959761,0.430509,0.559141,-0.740557,0.881174,0.303892,0.758857,0.713488,0.440928,0.978114,0.945097,0.219314,0.887452,0.998376,0.998923,0.756014,0.654611,0.096713,0.755767,-0.350261,0.922706,0.832301,0.977486,0.872898,0.838291,0.967998,0.915842,0.295181,0.930462,0.916495,0.539986,0.704199,0.265127,0.667767,-0.077153,-0.007744,0.665986,0.502928,0.700219,0.482042,0.666106,0.373265,0.451055,0.941634,0.876128,0.491540,0.934345,0.823404,0.994811,0.634364,0.641760,0.461562,0.807424,0.949870,0.899762,0.979421,0.928351,0.855936,0.947592,0.447386,-0.821586,0.677378,-0.962005,0.755926,0.999961,0.776458,0.921785,-0.867648,0.647860,-0.159655,0.951644,0.940272,0.305367,0.999435,0.675812,0.935115,0.825842,0.235974,0.854012,0.746607,0.959868,-0.003908,0.695997,0.273943,-0.146386,0.571712,0.807678,0.806319,0.796011,0.966919,0.838216,0.966513,0.977786,0.871701,0.807266,0.941920,0.926220,0.885795,0.917106,0.357937,0.473316,0.886166,0.937063,0.978479,0.765391,0.902995,0.879052,0.991602,0.905904,0.937713,0.951869,0.944982,0.837990,0.876020,0.962238,0.784417,0.875935,0.911161,0.948909,0.242501,0.988943,0.418206,0.084001,0.918145,0.948083,0.908055,0.665483,0.816485,0.975799,0.948983,0.977002,0.928943,0.139541,0.966098,0.877423,0.977647,0.990999,0.622449,-0.653175,0.998985
Paraventricular nucleus of the thalamus,0.961010,0.957576,0.070638,0.611600,0.958770,-0.328563,-0.183363,0.942189,0.905652,0.597579,0.685625,0.882887,0.587403,0.952954,-0.122340,0.650541,0.165705,0.429723,0.329915,0.403384,0.948674,0.994197,0.199318,0.971151,0.979151,0.594085,-0.975274,0.327540,0.859108,0.998718,0.995450,0.926662,0.768266,0.985873,0.997697,0.998890,1.000000,0.964432,0.982210,0.890815,0.992406,0.973045,-0.428277,-0.120030,0.956456,0.981307,0.536710,0.415342,0.957587,0.915246,0.640282,0.393220,0.583344,0.980468,0.880756,0.985317,0.992589,0.059735,-0.084154,0.907270,0.667086,-0.063558,0.073288,-0.235184,0.597068,0.097685,-0.265464,0.993004,0.210515,-0.294167,0.525670,-0.179387,-0.056597,-0.170722,0.807738,0.349126,0.959990,0.735093,0.556037,0.685240,0.088534,0.450355,0.642557,0.946877,0.562935,0.585681,0.754814,0.945291,0.095897,0.752167,0.920095,0.932686,0.995765,0.598643,0.582644,0.919537,0.999799,0.971122,0.418541,0.582374,-0.768836,0.902374,0.283762,0.788575,0.686128,0.480762,0.968752,0.943488,0.261011,0.889993,0.994842,0.998954,0.760506,0.688437,0.068158,0.784258,-0.308039,0.908218,0.856421,0.985060,0.893168,0.863022,0.962208,0.927205,0.339854,0.932747,0.920158,0.532705,0.700062,0.273377,0.701518,-0.079526,-0.001165,0.682410,0.513477,0.701238,0.473666,0.651858,0.365404,0.488390,0.955192,0.897823,0.524199,0.936949,0.847795,0.989186,0.643218,0.673859,0.436377,0.805153,0.942761,0.878347,0.978669,0.941842,0.847925,0.961185,0.484864,-0.828381,0.695594,-0.969857,0.776828,0.999201,0.766368,0.935024,-0.848241,0.678403,-0.134596,0.958882,0.954388,0.325944,0.997150,0.707909,0.950765,0.851179,0.279081,0.875504,0.776587,0.959752,-0.025177,0.677527,0.279681,-0.139725,0.599783,0.803969,0.819962,0.777226,0.968898,0.832511,0.972713,0.986408,0.884982,0.820952,0.951775,0.925254,0.885704,0.934390,0.330078,0.433448,0.902469,0.942989,0.982186,0.763537,0.920827,0.900517,0.996367,0.924062,0.949411,0.938570,0.953875,0.828325,0.897669,0.949159,0.807162,0.897676,0.929532,0.955892,0.252758,0.984231,0.424791,0.042615,0.935128,0.961191,0.926401,0.699616,0.836062,0.984639,0.951799,0.982739,0.944679,0.185378,0.977031,0.859154,0.968185,0.983678,0.651810,-0.657801,0.998466
Accessory olfactory bulb,0.912348,0.864049,-0.145831,0.516003,0.890649,-0.311741,-0.243564,0.954359,0.928943,0.768372,0.788463,0.919547,0.746566,0.983002,0.035142,0.666527,0.077589,0.583418,0.552250,0.578114,0.971852,0.935223,0.191735,0.978193,0.979902,0.683827,-0.983007,0.260066,0.824208,0.961667,0.980579,0.848494,0.718379,0.937763,0.947790,0.953607,0.964432,1.000000,0.969852,0.950252,0.981757,0.956621,-0.196469,0.044938,0.954955,0.946142,0.739953,0.389614,0.985711,0.975318,0.780192,0.490760,0.730683,0.951422,0.829215,0.934432,0.983016,0.086220,-0.065683,0.825237,0.494266,0.102043,0.258892,-0.008500,0.744646,0.171729,-0.510699,0.982304,0.060747,-0.401447,0.360135,-0.376902,0.021585,-0.034504,0.645302,0.107679,0.858864,0.680800,0.755332,0.779505,0.296343,0.668288,0.802501,0.992838,0.753547,0.755213,0.882020,0.851168,0.354251,0.857618,0.857832,0.974813,0.983044,0.777149,0.386975,0.850154,0.964501,0.997600,0.206260,0.553168,-0.905491,0.952101,0.043333,0.878146,0.469802,0.680745,0.870100,0.844615,0.499295,0.790471,0.935060,0.952184,0.643613,0.779356,0.069778,0.911093,-0.061077,0.850249,0.953580,0.961511,0.976773,0.933430,0.860034,0.889809,0.522838,0.846014,0.835399,0.342877,0.537530,0.143056,0.843462,-0.250271,-0.134824,0.620122,0.402519,0.560267,0.276398,0.449754,0.165910,0.568927,0.954635,0.961494,0.562639,0.853359,0.950756,0.929990,0.778647,0.735073,0.425568,0.665818,0.826562,0.740375,0.902650,0.997172,0.697120,0.970021,0.566480,-0.735064,0.646448,-0.997459,0.913565,0.954648,0.789377,0.995186,-0.778903,0.846664,-0.155925,0.910581,0.959642,0.264896,0.950457,0.781223,0.980250,0.942188,0.508358,0.968923,0.896929,0.874476,-0.264218,0.468407,0.137048,-0.265667,0.608744,0.658798,0.763919,0.585815,0.978930,0.685744,0.926969,0.990695,0.844272,0.930452,0.916635,0.821663,0.773322,0.957970,0.074433,0.194666,0.891199,0.878958,0.929278,0.618854,0.936188,0.961160,0.971292,0.947244,0.926636,0.815449,0.913353,0.836611,0.949351,0.837618,0.814560,0.954729,0.976159,0.904341,0.132581,0.902859,0.289409,-0.218886,0.954812,0.962927,0.982937,0.836964,0.825957,0.974063,0.875679,0.993920,0.992367,0.406435,0.992328,0.693368,0.868999,0.908125,0.829001,-0.528580,0.948691
Lateral dorsal nucleus of thalamus,0.893907,0.891206,-0.097245,0.453069,0.973094,-0.478978,-0.360551,0.892178,0.845868,0.592281,0.623203,0.823499,0.562053,0.926116,-0.205455,0.527033,-0.020317,0.370031,0.344971,0.361872,0.911454,0.978903,0.359495,0.937340,0.998672,0.504552,-0.997041,0.149661,0.756873,0.988866,0.993603,0.839588,0.853406,0.990887,0.982028,0.982862,0.982210,0.969852,1.000000,0.854909,0.996131,0.998422,-0.414420,-0.197226,0.994213,0.995949,0.610183,0.556386,0.932818,0.895641,0.604592,0.285641,0.542771,0.997593,0.936715,0.935932,0.995410,0.233872,0.088701,0.937941,0.525653,-0.140705,0.016014,-0.246145,0.559813,-0.038053,-0.348916,0.971155,0.024319,-0.468397,0.361126,-0.344192,0.128886,-0.268367,0.699524,0.328597,0.901333,0.600946,0.627438,0.615458,0.254800,0.498270,0.635009,0.974576,0.657666,0.574571,0.740827,0.870049,0.161951,0.709747,0.831398,0.903426,0.979889,0.608212,0.594634,0.952820,0.985445,0.963481,0.260872,0.433425,-0.782270,0.862616,0.137359,0.741568,0.619491,0.490967,0.939203,0.868665,0.297255,0.789212,0.976296,0.974740,0.625419,0.616621,0.235082,0.785910,-0.281246,0.951847,0.851839,0.943380,0.896436,0.825151,0.908109,0.846705,0.299342,0.848976,0.830370,0.376671,0.561411,0.087924,0.687695,-0.259623,-0.188613,0.538130,0.343413,0.557323,0.313864,0.525263,0.197095,0.379201,0.904239,0.870734,0.395555,0.855004,0.847924,0.983085,0.762711,0.578202,0.580582,0.684830,0.879924,0.871025,0.925567,0.953537,0.748763,0.920730,0.375967,-0.708490,0.556181,-0.983491,0.832736,0.982002,0.871596,0.953386,-0.905529,0.711760,-0.305530,0.890631,0.906738,0.149188,0.986212,0.626794,0.921408,0.832600,0.297685,0.882287,0.762235,0.892106,-0.172303,0.567918,0.094961,-0.322936,0.466464,0.685284,0.702483,0.692103,0.996374,0.724257,0.913652,0.969979,0.788604,0.888822,0.883125,0.840954,0.785423,0.888612,0.212101,0.405934,0.822322,0.864150,0.929609,0.633656,0.862314,0.871428,0.969347,0.872546,0.884017,0.903227,0.884743,0.916386,0.857404,0.925847,0.708423,0.862904,0.903235,0.885367,0.066619,0.947917,0.247484,-0.012804,0.886723,0.915547,0.911268,0.678405,0.736624,0.950253,0.877435,0.990421,0.935063,0.176504,0.959468,0.802136,0.938590,0.968783,0.701173,-0.505210,0.974015
Anterior olfactory nucleus,0.917422,0.828777,-0.043551,0.667617,0.734724,-0.006487,0.030863,0.983864,0.988192,0.883182,0.938337,0.991488,0.887431,0.986360,0.329257,0.851025,0.317386,0.791935,0.695982,0.774828,0.987883,0.837113,-0.113145,0.972393,0.873606,0.876981,-0.879139,0.491567,0.911053,0.872795,0.897213,0.865606,0.467175,0.813840,0.858027,0.868442,0.890815,0.950252,0.854909,1.000000,0.892451,0.825366,0.013747,0.334963,0.816089,0.816857,0.748274,0.086728,0.983379,0.994965,0.918583,0.737538,0.888433,0.823166,0.619893,0.904402,0.896240,-0.203202,-0.349217,0.631999,0.543866,0.388359,0.517438,0.226874,0.895719,0.469615,-0.558203,0.938174,0.243527,-0.165305,0.467478,-0.244978,-0.234029,0.270275,0.634802,-0.093320,0.803103,0.816308,0.762433,0.934922,0.177570,0.741099,0.908463,0.914060,0.711240,0.880085,0.962399,0.831984,0.456580,0.969456,0.892237,0.994537,0.926367,0.872324,0.151257,0.662470,0.885053,0.962510,0.268404,0.748147,-0.944577,0.999307,0.070845,0.981500,0.347496,0.802325,0.764342,0.820662,0.624594,0.815849,0.841950,0.880202,0.724066,0.935208,-0.229283,0.961288,0.130629,0.655089,0.983477,0.941812,0.978185,0.998323,0.795125,0.930964,0.729712,0.849328,0.852022,0.413355,0.588778,0.336910,0.940401,-0.075213,0.079937,0.770457,0.568344,0.639636,0.351393,0.448563,0.262018,0.796622,0.973697,0.998828,0.785240,0.855884,0.978037,0.815784,0.638234,0.908175,0.128602,0.697179,0.766270,0.567516,0.857672,0.955299,0.677817,0.978289,0.794864,-0.804256,0.798708,-0.925792,0.876956,0.872171,0.566622,0.946251,-0.554044,0.884863,0.137881,0.918160,0.978009,0.500156,0.855176,0.936668,0.987736,0.991859,0.655651,0.974016,0.970331,0.848528,-0.211365,0.429108,0.318353,-0.041398,0.808207,0.682234,0.862119,0.511319,0.867443,0.687211,0.919501,0.950589,0.913749,0.845549,0.936976,0.811698,0.786867,0.990558,0.034879,0.002130,0.956447,0.892674,0.903357,0.665524,0.985117,0.999183,0.923472,0.990402,0.952222,0.700741,0.929677,0.626759,0.999514,0.710978,0.936114,0.999876,0.994815,0.913320,0.338062,0.823067,0.453215,-0.353035,0.988581,0.974157,0.990747,0.943095,0.931278,0.952848,0.870232,0.917449,0.981308,0.602089,0.964567,0.585519,0.762896,0.795562,0.848661,-0.636809,0.874529
Nucleus prepositus,0.926861,0.914878,-0.052142,0.521526,0.959813,-0.400007,-0.281724,0.928120,0.888804,0.633583,0.681489,0.868691,0.611407,0.953623,-0.132037,0.599646,0.060368,0.434915,0.383742,0.421247,0.942970,0.983125,0.276241,0.964070,0.996471,0.573625,-0.995021,0.231482,0.810016,0.994628,0.999560,0.876824,0.805365,0.986624,0.988266,0.990211,0.992406,0.981757,0.996131,0.892451,1.000000,0.989729,-0.379197,-0.125388,0.981897,0.989200,0.616431,0.481221,0.958904,0.925022,0.655940,0.364044,0.597675,0.990756,0.904427,0.959421,0.999964,0.148979,0.001743,0.912992,0.570382,-0.068317,0.083109,-0.197483,0.613147,0.047998,-0.356115,0.988325,0.093258,-0.401305,0.418194,-0.298936,0.047387,-0.191979,0.730144,0.294308,0.919507,0.665869,0.634137,0.675875,0.210095,0.520034,0.675695,0.976804,0.650564,0.618553,0.779283,0.898121,0.179444,0.758673,0.872571,0.934420,0.993574,0.643312,0.554341,0.929112,0.993905,0.980437,0.304263,0.509794,-0.808439,0.900334,0.168246,0.790031,0.616849,0.529044,0.942791,0.895565,0.327606,0.829064,0.982055,0.986054,0.678653,0.677460,0.149092,0.816390,-0.248798,0.924922,0.880269,0.968264,0.918393,0.865663,0.923723,0.888588,0.359323,0.882847,0.867662,0.424562,0.606990,0.160824,0.728556,-0.200319,-0.117525,0.606324,0.414050,0.609915,0.361774,0.556358,0.248127,0.455838,0.938258,0.904581,0.474274,0.888580,0.874981,0.982439,0.732451,0.645455,0.506890,0.726299,0.897155,0.854551,0.945966,0.965905,0.777293,0.951192,0.452637,-0.759021,0.624547,-0.989590,0.836885,0.990107,0.827505,0.963187,-0.868770,0.733092,-0.221881,0.924236,0.940181,0.231683,0.990619,0.689145,0.950096,0.867054,0.335578,0.904216,0.799697,0.918091,-0.143229,0.588992,0.165095,-0.253630,0.542388,0.724737,0.759064,0.704734,0.991788,0.758194,0.943092,0.987241,0.837757,0.881711,0.919484,0.871706,0.822437,0.924546,0.225557,0.376479,0.868991,0.900027,0.954334,0.678708,0.903140,0.905738,0.986392,0.911304,0.921109,0.904750,0.920306,0.878810,0.895734,0.923484,0.767699,0.899439,0.933552,0.919489,0.141718,0.958566,0.316352,-0.035349,0.923259,0.947305,0.937711,0.722186,0.793032,0.973904,0.908662,0.996471,0.957031,0.226321,0.979423,0.805865,0.942092,0.969434,0.715731,-0.564294,0.984855
Dorsal part of the lateral geniculate complex,0.871680,0.876646,-0.115267,0.412967,0.979843,-0.526219,-0.404912,0.865493,0.814601,0.556799,0.580045,0.790365,0.522245,0.903706,-0.256571,0.479224,-0.066150,0.321752,0.309937,0.316117,0.886935,0.974445,0.409513,0.916350,0.995507,0.455845,-0.993470,0.101473,0.722226,0.982469,0.986106,0.816239,0.881329,0.991136,0.975922,0.975869,0.973045,0.956621,0.998422,0.825366,0.989729,1.000000,-0.444262,-0.247727,0.997399,0.997148,0.594823,0.601317,0.911336,0.870918,0.564194,0.231831,0.500140,0.998575,0.954626,0.919445,0.988542,0.283996,0.141096,0.952638,0.503178,-0.191826,-0.033412,-0.284805,0.518062,-0.094107,-0.332334,0.956669,-0.011815,-0.503011,0.331473,-0.362016,0.175161,-0.320111,0.684515,0.358665,0.890443,0.560576,0.611892,0.571391,0.272242,0.473218,0.600183,0.966839,0.650865,0.537571,0.708310,0.852898,0.139298,0.671856,0.804972,0.878448,0.967599,0.576147,0.625232,0.966140,0.977324,0.947558,0.242115,0.385671,-0.756732,0.833348,0.128077,0.704505,0.627665,0.456669,0.937025,0.852446,0.266936,0.765397,0.970937,0.965402,0.594843,0.572433,0.286949,0.758123,-0.310630,0.966661,0.826299,0.924819,0.875268,0.793438,0.898812,0.818701,0.253139,0.828026,0.807311,0.353651,0.537808,0.048223,0.653300,-0.287639,-0.225811,0.496371,0.303124,0.528486,0.291437,0.512455,0.173364,0.326793,0.879234,0.843214,0.343606,0.834074,0.822996,0.981617,0.772090,0.531516,0.623852,0.662205,0.870361,0.883214,0.912114,0.939242,0.734318,0.897437,0.323506,-0.678189,0.513667,-0.974121,0.820539,0.974515,0.893857,0.940465,-0.927102,0.688157,-0.354788,0.868000,0.881825,0.100310,0.981077,0.582389,0.898314,0.803698,0.263105,0.860778,0.730531,0.875761,-0.179136,0.561398,0.057464,-0.358763,0.417190,0.664151,0.666872,0.689464,0.994289,0.706417,0.893375,0.954796,0.756524,0.884486,0.858263,0.822690,0.763928,0.861455,0.213882,0.432560,0.790350,0.840917,0.912475,0.609283,0.832614,0.843750,0.955567,0.843738,0.858167,0.903539,0.860597,0.935067,0.827698,0.927952,0.668389,0.834048,0.878480,0.862581,0.025221,0.940603,0.209769,0.012426,0.859371,0.891785,0.888437,0.642451,0.698985,0.931862,0.857529,0.981758,0.915264,0.135475,0.942198,0.803383,0.936491,0.967286,0.681406,-0.472101,0.965104
Retrochiasmatic area,-0.353159,-0.525793,-0.471250,-0.208698,-0.612639,0.516548,0.233835,-0.152504,-0.075423,0.468624,0.308871,-0.017476,0.473095,-0.140312,0.834203,0.126580,0.030862,0.582798,0.708923,0.630808,-0.141582,-0.521825,-0.460395,-0.218721,-0.367058,0.350849,0.344108,0.037697,-0.186428,-0.451633,-0.383704,-0.409415,-0.640769,-0.523667,-0.487352,-0.469193,-0.428277,-0.196469,-0.414420,0.013747,-0.379197,-0.444262,1.000000,0.848660,-0.409715,-0.494434,0.433812,-0.558195,-0.153946,-0.029089,0.405228,0.488654,0.463778,-0.476339,-0.617996,-0.410146,-0.373069,-0.315127,-0.295121,-0.686145,-0.562340,0.832205,0.818161,0.972726,0.452573,0.560927,-0.662311,-0.321306,-0.220138,0.083325,-0.434718,-0.322453,-0.104009,0.801825,-0.644966,-0.995463,-0.573326,-0.146873,0.416966,0.292884,0.388810,0.577115,0.417184,-0.201543,0.328195,0.480985,0.268963,-0.503778,0.808651,0.251188,-0.342519,-0.081721,-0.343589,0.463974,-0.971585,-0.647648,-0.435007,-0.203795,-0.594101,0.033863,-0.238054,-0.018562,-0.682955,0.188623,-0.906027,0.584093,-0.633085,-0.522354,0.744718,-0.447902,-0.517727,-0.456259,-0.393315,0.283624,-0.396872,0.222109,0.988686,-0.623678,0.098494,-0.322756,0.016396,0.069550,-0.588472,-0.268173,0.681308,-0.451821,-0.426350,-0.549641,-0.540178,-0.168124,0.342836,-0.218101,-0.085131,-0.136938,-0.208723,-0.445858,-0.549972,-0.703429,-0.503135,0.395465,-0.203501,0.007564,0.266412,-0.445319,0.112883,-0.541964,0.033390,0.228852,-0.515161,-0.527890,-0.615894,-0.804528,-0.495883,-0.127455,-0.634333,-0.193382,0.400111,0.360069,-0.101996,0.247551,0.138911,-0.463827,-0.406283,-0.121846,0.678485,0.343949,0.352488,-0.348452,-0.188466,0.060318,-0.485623,0.230809,-0.136002,0.108546,0.744364,0.051901,0.236227,-0.491959,-0.573297,-0.777589,-0.219117,-0.019130,0.138864,-0.553618,-0.219782,-0.798598,-0.346178,-0.592999,-0.364184,-0.273973,-0.230664,-0.007498,-0.294693,-0.512792,-0.496947,-0.115785,-0.821504,-0.997345,-0.160532,-0.379377,-0.409591,-0.512789,-0.113784,-0.000386,-0.365782,-0.100802,-0.253894,-0.703715,-0.314939,-0.444231,-0.008343,-0.690229,-0.014872,-0.000262,-0.070163,-0.354742,-0.120793,-0.556526,-0.256431,-0.890996,-0.124989,-0.208798,-0.056550,0.342679,-0.090028,-0.289477,-0.438879,-0.301261,-0.109144,0.806600,-0.226039,-0.791584,-0.634841,-0.582834,0.350566,0.366575,-0.467088
Nucleus of Roller,0.064067,-0.110360,-0.043030,0.337705,-0.392181,0.792374,0.614228,0.217286,0.308073,0.636168,0.638948,0.358775,0.686582,0.176035,0.999367,0.596544,0.525496,0.837569,0.755495,0.834310,0.198830,-0.220676,-0.794165,0.119727,-0.155111,0.722407,0.138745,0.555090,0.288370,-0.162859,-0.115554,0.047514,-0.642028,-0.273961,-0.184552,-0.165302,-0.120030,0.044938,-0.197226,0.334963,-0.125388,-0.247727,0.848660,1.000000,-0.247750,-0.269432,0.394462,-0.788262,0.158670,0.259230,0.658048,0.850471,0.713172,-0.257674,-0.519014,-0.029215,-0.117049,-0.720203,-0.735018,-0.518502,-0.041007,0.998355,0.972153,0.932488,0.697585,0.912982,-0.526272,-0.005601,0.287984,0.428186,0.104840,0.031806,-0.568274,0.989680,-0.166811,-0.848771,-0.175725,0.372529,0.387809,0.640794,0.006783,0.576322,0.602275,-0.018766,0.244717,0.659437,0.499947,-0.070167,0.669484,0.550535,0.116277,0.234872,-0.041533,0.595762,-0.842505,-0.483312,-0.135114,0.071088,-0.098565,0.548093,-0.406368,0.315203,-0.249723,0.508990,-0.559357,0.682728,-0.303478,-0.090136,0.721597,0.032834,-0.208543,-0.132559,0.136315,0.637357,-0.781817,0.423137,0.837637,-0.487539,0.334251,0.038971,0.243194,0.387940,-0.201264,0.172227,0.865424,-0.001084,0.035539,-0.028287,-0.017039,0.354455,0.559032,0.198968,0.369687,0.393143,0.339857,0.089875,-0.034996,-0.221369,0.003772,0.786685,0.172254,0.309268,0.714901,0.002057,0.334873,-0.264330,-0.087534,0.636863,-0.747586,-0.021646,-0.212461,-0.551723,-0.107242,0.092436,-0.167626,0.158432,0.789672,-0.150375,0.419568,0.024383,0.206806,-0.157044,-0.457969,0.080052,0.590963,0.439617,0.729924,0.070977,0.178987,0.574450,-0.194453,0.612486,0.185860,0.376826,0.768784,0.265345,0.473989,-0.073034,-0.220092,-0.329602,0.303603,0.388644,0.619219,-0.051526,0.281878,-0.383690,-0.156330,-0.108501,0.036670,0.026607,0.236958,0.043733,0.123559,-0.062431,-0.018298,0.241499,-0.444338,-0.811532,0.271958,0.061715,-0.021742,0.005621,0.270815,0.306919,-0.036422,0.267608,0.155629,-0.367625,0.105139,-0.437794,0.325362,-0.380610,0.436910,0.320081,0.238355,0.069451,0.397789,-0.206833,0.286647,-0.740787,0.238909,0.155683,0.223993,0.576295,0.371434,0.054274,-0.006020,-0.059992,0.163093,0.872718,0.074580,-0.423347,-0.305263,-0.285109,0.400385,-0.178375,-0.142889
Ventral part of the lateral geniculate complex,0.840686,0.840534,-0.186314,0.354681,0.968251,-0.561802,-0.457904,0.846438,0.794544,0.571167,0.570429,0.772179,0.529962,0.892874,-0.259045,0.443258,-0.127477,0.320866,0.337902,0.322781,0.872551,0.955778,0.449782,0.900783,0.993343,0.438142,-0.992765,0.043541,0.684283,0.967828,0.976264,0.776672,0.892231,0.979238,0.958208,0.958601,0.956456,0.954955,0.994213,0.816089,0.981897,0.997399,-0.409715,-0.247750,1.000000,0.989392,0.634510,0.632682,0.900791,0.865874,0.566461,0.211777,0.502423,0.992216,0.956698,0.892724,0.980596,0.333102,0.190003,0.944139,0.439834,-0.192190,-0.027142,-0.258952,0.521153,-0.122212,-0.381744,0.942011,-0.080868,-0.559975,0.263913,-0.428083,0.234331,-0.328620,0.630189,0.321796,0.855464,0.512765,0.650410,0.558797,0.340615,0.508500,0.612317,0.972482,0.694514,0.550331,0.713976,0.814443,0.186925,0.667376,0.766916,0.868562,0.954271,0.595387,0.600700,0.959749,0.961684,0.941279,0.171639,0.338064,-0.770724,0.821800,0.058280,0.696635,0.578932,0.479533,0.910030,0.813552,0.302971,0.719915,0.951304,0.945775,0.539136,0.558874,0.331110,0.767689,-0.271748,0.964473,0.830121,0.903407,0.879290,0.785154,0.864905,0.785735,0.261536,0.788274,0.766286,0.285415,0.476179,-0.018795,0.661171,-0.355356,-0.291668,0.445308,0.240683,0.468011,0.221760,0.449696,0.101979,0.303561,0.858314,0.836737,0.309906,0.795150,0.828830,0.965413,0.815159,0.508178,0.657675,0.607422,0.832604,0.858151,0.881461,0.941773,0.683483,0.880388,0.300507,-0.628821,0.465366,-0.973656,0.845800,0.957020,0.918805,0.945400,-0.927657,0.711910,-0.401858,0.836760,0.862485,0.043455,0.965011,0.564107,0.886760,0.803098,0.293229,0.867039,0.735117,0.840274,-0.246609,0.502135,-0.010873,-0.421518,0.378159,0.609119,0.622648,0.638076,0.995428,0.653757,0.864783,0.943416,0.719253,0.909357,0.828537,0.780847,0.717081,0.844946,0.149497,0.393504,0.760776,0.805104,0.884686,0.551633,0.811837,0.836359,0.937794,0.825731,0.830798,0.872318,0.830086,0.953215,0.816284,0.901235,0.636809,0.824737,0.869944,0.830371,-0.040617,0.913745,0.143166,-0.033795,0.841693,0.872508,0.884079,0.647820,0.664915,0.913941,0.821402,0.977653,0.911185,0.158012,0.931898,0.761912,0.909425,0.946834,0.710691,-0.411043,0.945060
Nucleus of reuniens,0.890940,0.905240,-0.042068,0.457995,0.989735,-0.504165,-0.362526,0.869158,0.817621,0.520416,0.567230,0.790554,0.491650,0.899750,-0.275715,0.494878,-0.017182,0.298332,0.259915,0.285318,0.886153,0.987234,0.384180,0.918353,0.989994,0.450470,-0.986124,0.144396,0.744622,0.989732,0.987382,0.845091,0.876081,0.998296,0.986857,0.985887,0.981307,0.946142,0.995949,0.816857,0.989200,0.997148,-0.494434,-0.269432,0.989392,1.000000,0.538709,0.582500,0.907433,0.859526,0.539250,0.228237,0.474562,0.999730,0.954309,0.936189,0.987936,0.249482,0.108794,0.962868,0.561516,-0.213794,-0.063177,-0.330212,0.491855,-0.087455,-0.266316,0.960381,0.050065,-0.450961,0.392407,-0.292775,0.128138,-0.332269,0.734866,0.412142,0.919356,0.592604,0.556910,0.561600,0.200788,0.418426,0.566359,0.950524,0.593836,0.502442,0.682201,0.883112,0.073764,0.655038,0.830758,0.872393,0.970743,0.535678,0.663184,0.973247,0.984961,0.941139,0.311988,0.415197,-0.724067,0.827496,0.202305,0.691710,0.682749,0.411829,0.960582,0.883595,0.210200,0.801093,0.984433,0.977087,0.640152,0.563676,0.258846,0.729441,-0.366394,0.969678,0.804740,0.934534,0.855185,0.783004,0.927187,0.837879,0.220575,0.858122,0.838014,0.418278,0.593448,0.105750,0.624177,-0.221721,-0.166655,0.531874,0.353506,0.580455,0.358381,0.574538,0.242419,0.326838,0.885707,0.832340,0.355656,0.863196,0.799455,0.992944,0.722410,0.532989,0.601325,0.709701,0.903177,0.911570,0.934781,0.923612,0.780635,0.900183,0.323284,-0.715873,0.545569,-0.963948,0.780812,0.984572,0.869941,0.922730,-0.930383,0.645737,-0.321727,0.887380,0.886530,0.141698,0.990553,0.578834,0.894898,0.785761,0.211145,0.838085,0.705880,0.902824,-0.104410,0.622092,0.117448,-0.301633,0.436056,0.712607,0.696328,0.742162,0.985528,0.753421,0.910666,0.954469,0.779118,0.848420,0.874953,0.856439,0.802258,0.862034,0.286511,0.486449,0.804022,0.865395,0.930181,0.659576,0.837061,0.833838,0.963154,0.845373,0.871719,0.933273,0.878496,0.916956,0.821528,0.953234,0.681414,0.825839,0.870995,0.883028,0.080769,0.961607,0.266685,0.076563,0.861204,0.896884,0.877025,0.615521,0.715748,0.937640,0.883792,0.976000,0.904763,0.089995,0.939761,0.845859,0.960170,0.983523,0.634516,-0.523125,0.977462
Frontal pole cerebral cortex,0.451587,0.312672,-0.681880,0.043793,0.423267,-0.223125,-0.374242,0.631850,0.638060,0.909158,0.736307,0.664180,0.859000,0.702718,0.367736,0.423850,-0.235262,0.725709,0.900022,0.780007,0.674802,0.462464,0.170913,0.641567,0.648901,0.625769,-0.668582,-0.063407,0.413076,0.534518,0.603300,0.331116,0.382955,0.498319,0.492279,0.507030,0.536710,0.739953,0.610183,0.748274,0.616431,0.594823,0.433812,0.394462,0.634510,0.538709,1.000000,0.248807,0.700695,0.772668,0.830586,0.511316,0.814167,0.557837,0.439630,0.467742,0.619474,0.189436,0.070585,0.353731,-0.148926,0.433257,0.591547,0.534224,0.825177,0.235520,-0.955225,0.606441,-0.394312,-0.589076,-0.228184,-0.785903,0.275899,0.265446,-0.012184,-0.517545,0.294130,0.260204,0.999729,0.706940,0.758639,0.978293,0.904481,0.769133,0.987048,0.895221,0.875199,0.299289,0.877696,0.795691,0.374739,0.725402,0.604461,0.939340,-0.212442,0.401397,0.538775,0.711348,-0.438038,0.231243,-0.924155,0.724633,-0.607396,0.769130,-0.239422,0.928257,0.319036,0.283779,0.912228,0.236523,0.459120,0.499261,0.085297,0.697999,0.116137,0.899527,0.563691,0.432996,0.853519,0.554107,0.839252,0.762850,0.294198,0.458571,0.764159,0.310256,0.305667,-0.294355,-0.094893,-0.293634,0.885486,-0.645140,-0.483736,0.197374,-0.071726,-0.030405,-0.357094,-0.242328,-0.437918,0.520853,0.601102,0.769295,0.407919,0.323327,0.867487,0.462191,0.880856,0.588271,0.309340,0.051817,0.235200,0.148900,0.385184,0.788055,0.053163,0.637889,0.521964,-0.207628,0.248044,-0.722457,0.946599,0.508995,0.612290,0.801023,-0.364618,0.969611,-0.221257,0.450839,0.619643,-0.044382,0.503626,0.653239,0.698564,0.825729,0.889469,0.859093,0.868303,0.338769,-0.805002,-0.240211,-0.326814,-0.548880,0.365367,0.033881,0.316893,-0.111314,0.673725,0.051799,0.471344,0.650060,0.414559,0.897018,0.486223,0.253693,0.194663,0.663291,-0.612268,-0.457187,0.522334,0.388219,0.458245,0.004519,0.624258,0.761012,0.562685,0.653044,0.523733,0.222326,0.470969,0.600902,0.727330,0.269398,0.509714,0.745926,0.738266,0.438057,-0.276392,0.379183,-0.207045,-0.792685,0.650827,0.614139,0.770940,0.867264,0.474853,0.596352,0.358849,0.678350,0.758055,0.792259,0.677100,0.031601,0.317017,0.405151,0.985921,0.026340,0.489673
Lateral habenula,0.155125,0.243388,-0.466859,-0.407037,0.633793,-0.995360,-0.929059,0.123296,0.032699,-0.090120,-0.231461,-0.000822,-0.181355,0.219799,-0.807133,-0.412851,-0.768695,-0.427507,-0.196940,-0.380647,0.174624,0.471092,0.973348,0.233988,0.539361,-0.394369,-0.536490,-0.692076,-0.107334,0.460745,0.460366,0.087791,0.899137,0.556971,0.453269,0.443005,0.415342,0.389614,0.556386,0.086728,0.481221,0.601317,-0.558195,-0.788262,0.632682,0.582500,0.248807,1.000000,0.236777,0.184935,-0.177243,-0.596520,-0.243260,0.583917,0.793679,0.266443,0.474329,0.922075,0.866553,0.726361,-0.141806,-0.764130,-0.633646,-0.597517,-0.219598,-0.835800,-0.102291,0.342618,-0.631827,-0.872140,-0.344103,-0.597391,0.833205,-0.866893,0.081284,0.505236,0.300906,-0.298707,0.253681,-0.255226,0.545302,0.043499,-0.061628,0.483001,0.400118,-0.124573,0.015835,0.190866,-0.092622,-0.098225,0.045635,0.174538,0.380166,-0.023620,0.698059,0.721803,0.433409,0.339003,-0.264904,-0.494925,-0.152988,0.089497,-0.209693,-0.076615,0.356279,-0.113572,0.458225,0.201424,-0.142908,0.037869,0.455256,0.401393,-0.172808,-0.258462,0.934176,0.114598,-0.463505,0.751166,0.169519,0.255909,0.254409,0.042727,0.328659,0.045773,-0.419206,0.124816,0.082761,-0.248274,-0.131722,-0.637075,-0.035121,-0.687346,-0.763424,-0.361868,-0.483888,-0.201043,-0.280732,-0.011933,-0.370765,-0.530495,0.148291,0.129649,-0.539794,0.130594,0.180186,0.519246,0.675853,-0.337665,0.997981,-0.029839,0.299367,0.614063,0.291363,0.375890,0.126068,0.190030,-0.532537,0.105194,-0.354706,-0.451895,0.387173,0.435388,0.868023,0.399846,-0.820500,0.160648,-0.947773,0.147250,0.154769,-0.698970,0.472589,-0.266670,0.206212,0.102896,-0.213510,0.246900,0.036645,0.221643,-0.353442,0.105179,-0.606748,-0.816678,-0.475262,-0.010303,-0.167115,0.248626,0.560283,0.062097,0.198436,0.340478,-0.052912,0.523852,0.116755,0.150859,0.063273,0.121009,-0.005568,0.499620,-0.013263,0.112745,0.251574,-0.090023,0.061509,0.125768,0.343509,0.086007,0.109749,0.460141,0.125361,0.830412,0.080917,0.508068,-0.192299,0.100492,0.180630,0.139778,-0.669362,0.395291,-0.515907,0.217919,0.114513,0.175418,0.220950,-0.067320,-0.149793,0.270547,0.164094,0.456679,0.275965,-0.388695,0.309097,0.388707,0.458746,0.500303,0.218730,0.289940,0.405643
Rhomboid nucleus,0.952460,0.894003,-0.025779,0.643101,0.845672,-0.152940,-0.076886,0.990650,0.977932,0.799586,0.860643,0.971355,0.795445,0.999835,0.153219,0.781713,0.241212,0.667992,0.578670,0.649496,0.997635,0.921044,0.027376,0.996789,0.943971,0.781769,-0.946383,0.417197,0.903918,0.946632,0.962327,0.902820,0.610043,0.905817,0.935841,0.942973,0.957587,0.985711,0.932818,0.983379,0.958904,0.911336,-0.153946,0.158670,0.900791,0.907433,0.700695,0.236777,1.000000,0.991946,0.834387,0.611724,0.792275,0.911551,0.747648,0.956032,0.961288,-0.082448,-0.232320,0.761930,0.587079,0.214898,0.353875,0.054343,0.802755,0.320771,-0.475011,0.984875,0.210741,-0.245781,0.479890,-0.251648,-0.145459,0.094356,0.704866,0.071103,0.879495,0.790270,0.716972,0.857200,0.173359,0.659035,0.832894,0.958880,0.690022,0.792145,0.909985,0.890031,0.341533,0.909316,0.917249,0.996955,0.979198,0.795185,0.323751,0.786716,0.954297,0.994269,0.311113,0.685270,-0.907934,0.986811,0.133319,0.930430,0.478674,0.704695,0.862146,0.882088,0.509181,0.854544,0.923934,0.949380,0.740348,0.858314,-0.097114,0.922919,-0.030266,0.779123,0.964105,0.981231,0.975996,0.971306,0.875872,0.946208,0.596053,0.895140,0.891142,0.448907,0.629189,0.295354,0.875288,-0.105841,0.023426,0.738880,0.539514,0.661704,0.385609,0.521871,0.284957,0.686277,0.988950,0.986625,0.689833,0.901261,0.957969,0.906703,0.677450,0.831716,0.272382,0.742358,0.848459,0.703532,0.922746,0.981203,0.749454,0.995776,0.683828,-0.820511,0.762919,-0.973220,0.873631,0.945327,0.676504,0.973722,-0.692805,0.837508,0.011921,0.951947,0.991914,0.422295,0.934490,0.865377,0.999508,0.965428,0.533582,0.967024,0.923436,0.907406,-0.167959,0.521704,0.285906,-0.107641,0.733070,0.732495,0.854991,0.616798,0.937221,0.748240,0.959498,0.991155,0.916486,0.872107,0.961302,0.867878,0.834252,0.992596,0.132132,0.164169,0.953193,0.927804,0.953680,0.704481,0.981976,0.987596,0.975911,0.987670,0.970719,0.808599,0.957326,0.736649,0.985059,0.821067,0.900620,0.986108,0.996358,0.947334,0.288058,0.905026,0.429954,-0.219771,0.991215,0.992343,0.994178,0.875201,0.908520,0.989275,0.917365,0.971911,0.995936,0.458854,0.996404,0.700412,0.860987,0.890222,0.806262,-0.641872,0.945494
Lateral hypothalamic area,0.914255,0.833393,-0.103073,0.609049,0.782035,-0.106154,-0.067367,0.979973,0.975719,0.868960,0.904761,0.976367,0.863199,0.993271,0.251262,0.795383,0.228735,0.744109,0.677295,0.733308,0.989781,0.866717,-0.013072,0.979602,0.913077,0.827190,-0.918642,0.408886,0.882247,0.902048,0.927335,0.854749,0.547102,0.853198,0.886008,0.895480,0.915246,0.975318,0.895641,0.994965,0.925022,0.870918,-0.029089,0.259230,0.865874,0.859526,0.772668,0.184935,0.991946,1.000000,0.893068,0.670170,0.857203,0.866235,0.686386,0.912600,0.928112,-0.104708,-0.254287,0.689634,0.509667,0.314178,0.455428,0.176042,0.866774,0.381264,-0.573588,0.955912,0.166316,-0.257189,0.414561,-0.313076,-0.140892,0.185977,0.622237,-0.055042,0.813533,0.768605,0.786836,0.898485,0.242184,0.745710,0.896035,0.949836,0.750840,0.862352,0.954910,0.831190,0.454783,0.948988,0.877603,0.997449,0.947991,0.865488,0.207558,0.719873,0.911430,0.981692,0.224160,0.683267,-0.951854,0.993981,0.033936,0.962056,0.364535,0.788888,0.791525,0.820849,0.613577,0.799518,0.869818,0.902733,0.686955,0.898236,-0.130604,0.963798,0.096259,0.716280,0.989379,0.949935,0.991961,0.989520,0.808441,0.917165,0.685567,0.841988,0.840495,0.369623,0.555438,0.258712,0.929021,-0.153764,-0.006787,0.716675,0.502797,0.599687,0.305005,0.427414,0.207933,0.733890,0.971749,0.998414,0.719235,0.849204,0.985462,0.850622,0.703709,0.861869,0.226772,0.673664,0.776280,0.611540,0.867695,0.980075,0.669737,0.981052,0.732021,-0.774014,0.745950,-0.957111,0.909128,0.898417,0.646048,0.973900,-0.623329,0.895853,0.038230,0.914204,0.976991,0.417014,0.885355,0.897783,0.993214,0.990499,0.636405,0.987693,0.964399,0.851094,-0.257840,0.419734,0.242810,-0.130942,0.746567,0.660607,0.826839,0.516105,0.909698,0.672733,0.920858,0.968795,0.890057,0.890471,0.930395,0.806638,0.772841,0.987004,0.018350,0.038340,0.937797,0.884722,0.909946,0.636144,0.975139,0.998188,0.940692,0.983283,0.945410,0.727754,0.923772,0.700447,0.993433,0.743362,0.900809,0.996094,0.998609,0.908497,0.257184,0.843894,0.384960,-0.340540,0.984170,0.975086,0.999290,0.928131,0.899310,0.963041,0.867143,0.948411,0.995054,0.565540,0.980013,0.604739,0.790125,0.827851,0.866698,-0.588613,0.897408
Rostral linear nucleus raphe,0.706176,0.557435,-0.184994,0.559880,0.418220,0.235603,0.163927,0.841576,0.878421,0.985663,0.986233,0.904263,0.996186,0.842991,0.648608,0.850004,0.344789,0.961693,0.906590,0.960793,0.846407,0.554044,-0.323934,0.801002,0.639841,0.954014,-0.653387,0.503025,0.775073,0.612789,0.659825,0.641917,0.147782,0.527296,0.586707,0.603408,0.640282,0.780192,0.604592,0.918583,0.655940,0.564194,0.405228,0.658048,0.566461,0.539250,0.830586,-0.177243,0.834387,0.893068,1.000000,0.886922,0.997126,0.551516,0.302058,0.667487,0.662016,-0.351240,-0.475048,0.292197,0.303672,0.699805,0.806109,0.593237,0.998464,0.680154,-0.746781,0.726485,0.178594,-0.073832,0.290810,-0.308955,-0.298253,0.585998,0.345043,-0.473759,0.513497,0.712873,0.837223,0.978612,0.273927,0.887128,0.988696,0.739998,0.750046,0.989182,0.980326,0.571229,0.717115,0.986626,0.692901,0.874192,0.705518,0.970362,-0.251076,0.334365,0.631564,0.791572,0.045950,0.726460,-0.945251,0.906098,-0.170673,0.973853,-0.028388,0.954492,0.447643,0.553529,0.851026,0.585027,0.560837,0.621171,0.532047,0.975700,-0.405447,0.956930,0.503281,0.334655,0.929548,0.734055,0.890315,0.939655,0.499166,0.755373,0.939755,0.609587,0.623587,0.194250,0.352388,0.283470,0.989660,-0.110343,0.084447,0.677824,0.472916,0.437037,0.139006,0.157955,0.078818,0.903828,0.812407,0.912915,0.847168,0.617645,0.929176,0.524526,0.561163,0.935388,-0.123099,0.450801,0.464346,0.196280,0.592168,0.810563,0.385941,0.818000,0.904008,-0.614019,0.716026,-0.735822,0.834422,0.609192,0.325700,0.802970,-0.218217,0.928326,0.306185,0.708990,0.821455,0.519479,0.583655,0.958372,0.846560,0.944537,0.883290,0.899750,0.974619,0.589014,-0.382266,0.106822,0.246307,-0.000170,0.818550,0.426692,0.721337,0.166852,0.640592,0.413037,0.701720,0.755139,0.758552,0.745086,0.747402,0.551530,0.539264,0.861141,-0.265049,-0.386474,0.820978,0.676281,0.667543,0.430496,0.860131,0.910576,0.696835,0.868341,0.776556,0.363561,0.732898,0.369253,0.910458,0.375217,0.864849,0.912643,0.878298,0.702678,0.303432,0.532739,0.351670,-0.658702,0.856350,0.809426,0.877278,0.993842,0.830871,0.755435,0.631316,0.708455,0.846555,0.866234,0.787048,0.229853,0.445650,0.492198,0.894291,-0.468015,0.611808
Medial vestibular nucleus,0.576187,0.428742,0.162493,0.727314,0.115724,0.650406,0.597542,0.677922,0.745651,0.818597,0.918823,0.776610,0.875363,0.625995,0.854651,0.926787,0.698419,0.959653,0.770585,0.926581,0.653106,0.304291,-0.722942,0.594652,0.317520,0.971304,-0.327088,0.792019,0.748767,0.349196,0.379140,0.565672,-0.252183,0.236085,0.336372,0.353305,0.393220,0.490760,0.285641,0.737538,0.364044,0.231831,0.488654,0.850471,0.211777,0.228237,0.511316,-0.596520,0.611724,0.670170,0.886922,1.000000,0.910485,0.235182,-0.067728,0.492772,0.371956,-0.741501,-0.821003,-0.029885,0.421907,0.875912,0.899707,0.674567,0.900793,0.939061,-0.482162,0.489060,0.522331,0.387184,0.498640,0.102810,-0.681580,0.837836,0.351568,-0.519846,0.367950,0.791096,0.517006,0.927395,-0.115353,0.646592,0.814003,0.407564,0.378372,0.837996,0.788591,0.465036,0.537709,0.857304,0.621341,0.667674,0.454624,0.770908,-0.435470,0.002660,0.377206,0.528506,0.271745,0.879021,-0.690519,0.730378,0.070851,0.844562,-0.073590,0.786558,0.237295,0.447157,0.688832,0.549468,0.317880,0.388602,0.607615,0.928053,-0.781671,0.723360,0.523981,-0.016389,0.689859,0.541811,0.623892,0.770315,0.343291,0.663222,0.921266,0.524902,0.555280,0.382897,0.454799,0.606793,0.812230,0.304357,0.490845,0.793128,0.693748,0.549457,0.352934,0.250077,0.342036,0.993785,0.647572,0.710849,0.970189,0.527722,0.681653,0.256577,0.115888,0.944096,-0.555780,0.482969,0.333300,-0.034004,0.428352,0.513370,0.361123,0.628625,0.994306,-0.636686,0.816605,-0.427618,0.486651,0.361470,-0.119684,0.493286,0.144345,0.655620,0.710841,0.582050,0.649549,0.806262,0.323234,0.925747,0.635598,0.736512,0.753983,0.630468,0.777712,0.462077,-0.050725,0.155592,0.566773,0.436557,0.931132,0.455944,0.739704,0.133997,0.303826,0.411894,0.551076,0.507397,0.712562,0.360254,0.622800,0.470826,0.504406,0.690201,-0.096892,-0.441912,0.734071,0.577173,0.500632,0.495234,0.720630,0.712138,0.470094,0.712636,0.645159,0.175265,0.608950,-0.056595,0.737087,0.157697,0.844192,0.727311,0.666165,0.581590,0.633707,0.331686,0.614412,-0.541575,0.690975,0.631432,0.641777,0.832933,0.804158,0.547185,0.520629,0.409963,0.594400,0.822825,0.543955,0.112404,0.235585,0.245298,0.594637,-0.610925,0.380009
Linear nucleus of the medulla,0.662721,0.506542,-0.178927,0.553166,0.349421,0.297853,0.212618,0.804579,0.847979,0.981987,0.981988,0.877199,0.996632,0.802022,0.704239,0.850025,0.371755,0.979432,0.920855,0.978521,0.807376,0.492871,-0.380096,0.757111,0.579889,0.960124,-0.594195,0.522136,0.749193,0.553508,0.602213,0.600952,0.073306,0.462840,0.526943,0.544441,0.583344,0.730683,0.542771,0.888433,0.597675,0.500140,0.463778,0.713172,0.502423,0.474562,0.814167,-0.243260,0.792275,0.857203,0.997126,0.910485,1.000000,0.487210,0.228992,0.617465,0.604166,-0.397770,-0.514511,0.219507,0.276395,0.751863,0.848399,0.646924,0.999704,0.724041,-0.749755,0.675166,0.192891,-0.027552,0.278960,-0.286611,-0.332817,0.644781,0.302547,-0.527658,0.459103,0.699434,0.819636,0.974980,0.257969,0.884953,0.981324,0.687105,0.724261,0.987551,0.963015,0.523348,0.736496,0.973628,0.655381,0.837019,0.652077,0.963843,-0.319334,0.262371,0.573742,0.743751,0.030469,0.729759,-0.921230,0.874747,-0.186358,0.957443,-0.084370,0.957947,0.385216,0.504847,0.865996,0.546320,0.500383,0.564191,0.507076,0.971890,-0.454595,0.933639,0.554085,0.262357,0.899010,0.686470,0.853333,0.913413,0.443229,0.719334,0.962129,0.565961,0.582636,0.175658,0.324211,0.297270,0.977725,-0.084971,0.113589,0.668775,0.472295,0.413804,0.123513,0.122626,0.071333,0.919694,0.772833,0.880665,0.859375,0.573806,0.898795,0.461085,0.514985,0.933987,-0.188684,0.415583,0.409561,0.126322,0.539370,0.763874,0.340651,0.776778,0.920169,-0.585007,0.707087,-0.682446,0.798363,0.550649,0.257915,0.755642,-0.143658,0.909151,0.356879,0.666028,0.781986,0.539437,0.523161,0.953098,0.806308,0.917098,0.900578,0.864421,0.955054,0.539714,-0.380252,0.064255,0.257515,0.036838,0.822925,0.390126,0.698309,0.114953,0.580578,0.371762,0.655897,0.705190,0.728663,0.698780,0.707126,0.505676,0.498531,0.825314,-0.293610,-0.442737,0.790554,0.634495,0.618233,0.399331,0.827180,0.878221,0.644359,0.834593,0.737571,0.300352,0.691745,0.300256,0.879832,0.310047,0.847924,0.881405,0.841236,0.659966,0.320253,0.474156,0.353941,-0.689253,0.820554,0.768445,0.838983,0.983271,0.809622,0.708029,0.585813,0.653265,0.804265,0.894906,0.739756,0.169939,0.383179,0.428758,0.873709,-0.451527,0.554422
Nucleus raphe magnus,0.888061,0.898714,-0.062520,0.448829,0.986724,-0.506268,-0.371031,0.871490,0.820596,0.535638,0.576108,0.794570,0.505543,0.903977,-0.264678,0.495512,-0.027289,0.310790,0.279060,0.299751,0.889625,0.984521,0.386903,0.920626,0.992728,0.457581,-0.989458,0.136499,0.741991,0.988911,0.988502,0.839371,0.875368,0.996811,0.984883,0.984286,0.980468,0.951422,0.997593,0.823166,0.990756,0.998575,-0.476339,-0.257674,0.992216,0.999730,0.557837,0.583917,0.911551,0.866235,0.551516,0.235182,0.487210,1.000000,0.953207,0.933504,0.989564,0.254896,0.113191,0.958895,0.546505,-0.201850,-0.048925,-0.312520,0.504615,-0.083627,-0.288396,0.961476,0.035044,-0.463508,0.377239,-0.312223,0.137685,-0.323337,0.721628,0.392956,0.912355,0.587530,0.575726,0.569648,0.220885,0.438087,0.580764,0.957007,0.612379,0.517429,0.694094,0.876349,0.096197,0.664645,0.826288,0.877511,0.971787,0.551797,0.648859,0.970380,0.984205,0.945462,0.292884,0.411537,-0.737252,0.832973,0.180793,0.700029,0.665581,0.429426,0.954325,0.876450,0.230859,0.793303,0.981598,0.975219,0.630027,0.571423,0.262127,0.741653,-0.346549,0.967897,0.814597,0.934210,0.864167,0.790104,0.920188,0.835596,0.235547,0.851779,0.831694,0.401302,0.579402,0.092474,0.637145,-0.239028,-0.180890,0.525842,0.342651,0.568072,0.340592,0.557373,0.224040,0.332597,0.887017,0.839168,0.357726,0.857151,0.809848,0.990365,0.737096,0.537857,0.604062,0.698120,0.894834,0.902296,0.929968,0.930560,0.768601,0.902459,0.329127,-0.708099,0.540725,-0.968741,0.794784,0.983011,0.875516,0.930174,-0.927780,0.661637,-0.326842,0.884504,0.888370,0.134340,0.988925,0.585028,0.899029,0.794855,0.230798,0.847887,0.717260,0.896952,-0.126555,0.604721,0.103198,-0.315493,0.435823,0.700578,0.691611,0.726907,0.989136,0.741516,0.908195,0.956866,0.776181,0.860494,0.873124,0.848697,0.793421,0.865352,0.264379,0.467554,0.803813,0.861011,0.927266,0.647290,0.839450,0.840390,0.962995,0.848531,0.870949,0.924849,0.876225,0.921173,0.827144,0.945993,0.682164,0.831990,0.876525,0.879840,0.068258,0.956672,0.253503,0.054393,0.864159,0.898490,0.883554,0.627979,0.715131,0.938501,0.878526,0.979380,0.910714,0.108265,0.943011,0.833386,0.953867,0.979443,0.651366,-0.511439,0.975344
Area postrema,0.723936,0.776427,-0.148332,0.214097,0.972698,-0.732185,-0.586221,0.682456,0.609437,0.312248,0.311823,0.574388,0.261039,0.735459,-0.528681,0.213512,-0.267632,0.031559,0.069971,0.033894,0.710835,0.910485,0.633670,0.759562,0.923205,0.170381,-0.917714,-0.125768,0.518854,0.903571,0.896591,0.672803,0.979679,0.946893,0.901735,0.896278,0.880756,0.829215,0.936715,0.619893,0.904427,0.954626,-0.617996,-0.519014,0.956698,0.954309,0.439630,0.793679,0.747648,0.686386,0.302058,-0.067728,0.228992,0.953207,1.000000,0.797687,0.900779,0.508104,0.386295,0.989233,0.403225,-0.469479,-0.316265,-0.509762,0.250165,-0.380858,-0.176567,0.833550,-0.154814,-0.620224,0.204368,-0.384368,0.374864,-0.586897,0.608585,0.540553,0.809186,0.342663,0.455711,0.301136,0.295492,0.274004,0.358839,0.863494,0.537386,0.286943,0.479568,0.741434,-0.038282,0.423700,0.643471,0.696289,0.855104,0.345542,0.784227,0.992342,0.889859,0.809496,0.184179,0.135760,-0.557384,0.630969,0.129531,0.462148,0.681031,0.217029,0.895360,0.746666,0.048974,0.627393,0.902934,0.875230,0.437242,0.302279,0.525074,0.549864,-0.493135,0.997594,0.631910,0.786396,0.702640,0.576639,0.825142,0.643044,-0.029571,0.697647,0.667300,0.263363,0.428019,-0.120100,0.415126,-0.370336,-0.365506,0.277092,0.113043,0.388644,0.209273,0.466082,0.092010,0.032563,0.706546,0.645708,0.060189,0.702735,0.630495,0.931991,0.743676,0.258126,0.803405,0.544907,0.800174,0.924070,0.811362,0.803129,0.655702,0.730005,0.028961,-0.511874,0.286730,-0.866487,0.683081,0.892413,0.947214,0.809944,-0.996056,0.495068,-0.571784,0.718407,0.708133,-0.131708,0.910639,0.314577,0.727144,0.595471,0.026464,0.685077,0.506067,0.764957,-0.148503,0.544712,-0.097775,-0.485916,0.149394,0.555392,0.466697,0.680565,0.925265,0.611790,0.753323,0.824970,0.565126,0.788168,0.695288,0.709615,0.640312,0.673754,0.268243,0.592738,0.590911,0.693458,0.788397,0.487616,0.635920,0.646120,0.839226,0.649022,0.687546,0.881540,0.702223,0.971817,0.623044,0.910757,0.432060,0.631996,0.696403,0.713270,-0.152424,0.869598,0.043165,0.194759,0.671713,0.723976,0.713005,0.398270,0.476640,0.790939,0.728202,0.880873,0.755205,-0.123737,0.800347,0.801311,0.895365,0.922027,0.505532,-0.311816,0.877720
Lateral vestibular nucleus,0.993514,0.985789,0.211303,0.737701,0.911896,-0.173934,-0.013648,0.963897,0.938668,0.599496,0.734032,0.917278,0.607826,0.953668,-0.026416,0.751214,0.331529,0.487062,0.324311,0.445831,0.958872,0.975371,0.039835,0.976117,0.932384,0.669966,-0.927047,0.482622,0.929260,0.976361,0.967358,0.976820,0.660671,0.948763,0.979873,0.981755,0.985317,0.934432,0.935932,0.904402,0.959421,0.919445,-0.410146,-0.029215,0.892724,0.936189,0.467742,0.266443,0.956032,0.912600,0.667487,0.492772,0.617465,0.933504,0.797687,1.000000,0.960552,-0.106278,-0.245462,0.845106,0.768897,0.025637,0.141192,-0.199304,0.627643,0.230726,-0.198212,0.984447,0.370146,-0.127964,0.654241,-0.032914,-0.225860,-0.061264,0.874599,0.338858,0.980135,0.837726,0.488169,0.739989,-0.055875,0.409512,0.644439,0.896938,0.471851,0.593393,0.756931,0.982290,0.051233,0.779752,0.973301,0.937292,0.981252,0.586951,0.538334,0.855564,0.981859,0.952667,0.539778,0.705614,-0.745112,0.918513,0.395791,0.818193,0.712308,0.473617,0.961022,0.979749,0.238445,0.952554,0.979039,0.989522,0.858160,0.744764,-0.093246,0.770546,-0.304487,0.835617,0.844153,0.994633,0.871224,0.880189,0.977847,0.974415,0.383851,0.978869,0.972555,0.650940,0.799110,0.432088,0.706223,0.080895,0.167077,0.795589,0.652162,0.807058,0.596591,0.737513,0.499391,0.585345,0.976380,0.903129,0.635262,0.981462,0.831750,0.961697,0.521615,0.750955,0.285078,0.885563,0.966160,0.848737,0.995031,0.908117,0.905932,0.972936,0.581731,-0.911495,0.804822,-0.931193,0.712276,0.983236,0.645619,0.895519,-0.763373,0.640832,0.030934,0.992575,0.972918,0.480526,0.975083,0.771117,0.953905,0.851938,0.272119,0.851515,0.777863,0.989800,0.096545,0.745629,0.436498,0.029087,0.710718,0.882368,0.904077,0.820507,0.915585,0.899986,0.997433,0.974091,0.948314,0.741455,0.987135,0.970710,0.946854,0.953213,0.412348,0.427651,0.952202,0.985967,0.999845,0.853841,0.951540,0.907408,0.991475,0.948635,0.982743,0.935236,0.989194,0.720993,0.914588,0.934970,0.878944,0.909787,0.931767,0.991578,0.413554,0.983944,0.570943,0.072870,0.956121,0.977319,0.918867,0.711060,0.906242,0.988318,0.989252,0.948044,0.930618,0.206703,0.966973,0.875316,0.960471,0.963408,0.600438,-0.774130,0.989026
Lateral mammillary nucleus,0.928841,0.915479,-0.051083,0.526032,0.957566,-0.392922,-0.275683,0.931148,0.892586,0.639206,0.687672,0.872845,0.617573,0.956154,-0.123657,0.605945,0.066126,0.442383,0.389876,0.428519,0.945758,0.982493,0.268938,0.966233,0.996063,0.580587,-0.994721,0.237567,0.813934,0.994411,0.999648,0.878797,0.800410,0.985405,0.987924,0.990024,0.992589,0.983016,0.995410,0.896240,0.999964,0.988542,-0.373069,-0.117049,0.980596,0.987936,0.619474,0.474329,0.961288,0.928112,0.662016,0.371956,0.604166,0.989564,0.900779,0.960552,1.000000,0.142009,-0.005475,0.909573,0.571836,-0.059935,0.091263,-0.190310,0.619504,0.056333,-0.359846,0.989432,0.097198,-0.396856,0.420835,-0.297560,0.041405,-0.183609,0.730486,0.288154,0.919537,0.670577,0.637163,0.682130,0.208921,0.524621,0.681113,0.977370,0.652289,0.624392,0.784060,0.899096,0.184270,0.764070,0.875091,0.937413,0.994354,0.648501,0.548209,0.925961,0.993942,0.982012,0.305148,0.515846,-0.812278,0.904010,0.167723,0.795173,0.613662,0.534794,0.941597,0.896378,0.333239,0.830995,0.981545,0.986189,0.681540,0.683708,0.141703,0.820470,-0.242740,0.921646,0.883771,0.969870,0.921155,0.869857,0.923518,0.891489,0.366769,0.884420,0.869557,0.426099,0.608643,0.165342,0.733743,-0.197411,-0.113142,0.611222,0.418568,0.612449,0.363229,0.556264,0.249848,0.463356,0.940953,0.908107,0.481418,0.890167,0.878443,0.981387,0.731452,0.651873,0.500313,0.727873,0.896913,0.851144,0.946508,0.967465,0.777597,0.953701,0.460173,-0.761965,0.629627,-0.990245,0.838830,0.989994,0.823834,0.964590,-0.864515,0.736946,-0.214934,0.926277,0.942902,0.237910,0.990161,0.695290,0.952723,0.870996,0.341738,0.907106,0.804294,0.918997,-0.143817,0.587940,0.169213,-0.249269,0.548892,0.726063,0.763012,0.703162,0.991297,0.759019,0.944805,0.988551,0.841250,0.882326,0.921934,0.872794,0.823958,0.927723,0.223328,0.370755,0.872648,0.902063,0.955546,0.680532,0.906635,0.909264,0.987301,0.914722,0.923782,0.903069,0.922617,0.875493,0.899490,0.921616,0.772703,0.903110,0.936546,0.921533,0.146560,0.958199,0.320422,-0.040682,0.926437,0.949834,0.940500,0.727565,0.797556,0.975572,0.910140,0.996907,0.959317,0.233422,0.981109,0.803840,0.940884,0.968283,0.719125,-0.567549,0.984910
Red nucleus,-0.217477,-0.145864,-0.661873,-0.728228,0.294767,-0.954562,-0.981071,-0.209889,-0.288728,-0.222233,-0.448894,-0.309076,-0.324818,-0.098142,-0.744295,-0.684314,-0.952423,-0.537951,-0.209068,-0.464737,-0.149865,0.109188,0.984120,-0.102798,0.224035,-0.600235,-0.226399,-0.917160,-0.458067,0.108932,0.122617,-0.295323,0.666203,0.212384,0.093684,0.084716,0.059735,0.086220,0.233872,-0.203202,0.148979,0.283996,-0.315127,-0.720203,0.333102,0.249482,0.189436,0.922075,-0.082448,-0.104708,-0.351240,-0.741501,-0.397770,0.254896,0.508104,-0.106278,0.142009,1.000000,0.988411,0.406992,-0.504142,-0.714557,-0.611518,-0.433098,-0.376914,-0.906156,-0.155043,-0.002629,-0.855484,-0.904904,-0.668049,-0.700107,0.976384,-0.803846,-0.306983,0.281234,-0.088368,-0.632030,0.185254,-0.479680,0.683105,0.005993,-0.214204,0.200785,0.337547,-0.256149,-0.190515,-0.198981,0.013092,-0.326714,-0.329671,-0.132990,0.036169,-0.145532,0.431240,0.404783,0.079695,0.023178,-0.568731,-0.774744,0.040488,-0.210130,-0.474489,-0.325923,0.007402,-0.187300,0.081593,-0.189537,-0.115091,-0.348554,0.091186,0.038388,-0.540382,-0.486350,0.995632,-0.093867,-0.247795,0.447700,-0.078055,-0.101812,-0.006937,-0.234509,-0.059498,-0.317733,-0.478343,-0.262136,-0.302216,-0.580135,-0.499462,-0.873380,-0.217713,-0.820058,-0.910843,-0.685986,-0.784453,-0.563080,-0.597869,-0.373641,-0.657077,-0.714789,-0.194836,-0.156489,-0.762752,-0.255568,-0.059818,0.163513,0.576650,-0.584649,0.920683,-0.413951,-0.092373,0.262672,-0.091181,0.091138,-0.266321,-0.146038,-0.715077,0.478186,-0.675454,-0.147581,0.212308,0.076706,0.675264,0.122648,-0.539192,0.019976,-0.997133,-0.225074,-0.184087,-0.920362,0.116852,-0.512803,-0.112489,-0.152422,-0.204162,-0.002847,-0.179901,-0.165631,-0.515373,-0.259407,-0.849765,-0.912809,-0.737606,-0.395564,-0.521017,-0.129683,0.256097,-0.328081,-0.172855,0.006198,-0.411667,0.329282,-0.248079,-0.240688,-0.326681,-0.202849,-0.277702,0.245184,-0.357799,-0.265956,-0.122522,-0.467248,-0.267536,-0.163491,-0.011259,-0.237448,-0.247667,0.080739,-0.242591,0.602523,-0.216608,0.135849,-0.506903,-0.192116,-0.122548,-0.234005,-0.895054,0.017125,-0.800506,0.070218,-0.212481,-0.166121,-0.071595,-0.254833,-0.481435,-0.078137,-0.220191,0.138462,-0.023477,-0.365271,-0.018178,0.007594,0.082063,0.135386,0.098512,0.637124,0.041465
Anterior pretectal nucleus,-0.353686,-0.272905,-0.633226,-0.804131,0.163812,-0.910519,-0.944429,-0.354734,-0.430358,-0.345126,-0.572770,-0.449848,-0.444228,-0.247717,-0.757406,-0.787062,-0.963061,-0.633073,-0.301315,-0.559685,-0.297623,-0.029285,0.957886,-0.250781,0.076824,-0.708203,-0.078460,-0.956010,-0.582095,-0.034365,-0.024344,-0.420967,0.561421,0.073363,-0.047067,-0.057110,-0.084154,-0.065683,0.088701,-0.349217,0.001743,0.141096,-0.295121,-0.735018,0.190003,0.108794,0.070585,0.866553,-0.232320,-0.254287,-0.475048,-0.821003,-0.514511,0.113191,0.386295,-0.245462,-0.005475,0.988411,1.000000,0.286701,-0.573277,-0.737991,-0.659112,-0.441519,-0.495718,-0.937065,-0.069066,-0.150313,-0.860994,-0.842479,-0.717638,-0.637442,0.972509,-0.805791,-0.398806,0.274899,-0.214198,-0.734120,0.064225,-0.601953,0.632151,-0.103059,-0.341808,0.049842,0.217487,-0.377092,-0.328800,-0.324186,-0.050144,-0.460819,-0.457414,-0.281877,-0.111455,-0.269857,0.381415,0.280247,-0.064167,-0.128168,-0.593098,-0.858896,0.182309,-0.356070,-0.472991,-0.462515,-0.055146,-0.298012,-0.045614,-0.313550,-0.199737,-0.464765,-0.047275,-0.103279,-0.634254,-0.608489,0.987461,-0.236287,-0.248615,0.322818,-0.225708,-0.246111,-0.157398,-0.378482,-0.185395,-0.451217,-0.565306,-0.386999,-0.425651,-0.625982,-0.575500,-0.892085,-0.350814,-0.777795,-0.887620,-0.778754,-0.842797,-0.643523,-0.633453,-0.434632,-0.676063,-0.805361,-0.339201,-0.304247,-0.850885,-0.381642,-0.207224,0.025969,0.455491,-0.699216,0.859168,-0.510008,-0.212767,0.156961,-0.224577,-0.061081,-0.366302,-0.292963,-0.805322,0.586594,-0.772667,0.003486,0.069879,-0.065324,0.557018,-0.029379,-0.425721,-0.114037,-0.975226,-0.361048,-0.329403,-0.960193,-0.024367,-0.634615,-0.261663,-0.298304,-0.290046,-0.152488,-0.320145,-0.294607,-0.467663,-0.322665,-0.867037,-0.870160,-0.831503,-0.490296,-0.635302,-0.211003,0.108756,-0.426650,-0.311271,-0.143302,-0.538386,0.185629,-0.385524,-0.361185,-0.439762,-0.348657,-0.279836,0.225546,-0.492587,-0.396662,-0.260891,-0.556150,-0.409903,-0.311100,-0.156755,-0.381708,-0.387091,-0.037298,-0.379322,0.477543,-0.362224,0.014162,-0.631210,-0.338688,-0.271784,-0.368935,-0.912619,-0.115836,-0.840904,0.113369,-0.357688,-0.311754,-0.222108,-0.386868,-0.606730,-0.224766,-0.349829,-0.011466,-0.174957,-0.435866,-0.168403,-0.090587,-0.044956,0.001694,-0.032989,0.713418,-0.099553
Superior vestibular nucleus,0.780285,0.843407,-0.002753,0.329121,0.989374,-0.656858,-0.476125,0.714328,0.643609,0.277839,0.326058,0.604865,0.240362,0.750358,-0.523112,0.282223,-0.143027,0.029710,0.009594,0.016723,0.733062,0.941359,0.549699,0.784086,0.920230,0.201908,-0.911761,-0.009396,0.590170,0.926106,0.909263,0.747051,0.951670,0.963935,0.930607,0.924216,0.907270,0.825237,0.937941,0.631999,0.912992,0.952638,-0.686145,-0.518502,0.944139,0.962868,0.353731,0.726361,0.761930,0.689634,0.292197,-0.029885,0.219507,0.958895,0.989233,0.845106,0.909573,0.406992,0.286701,1.000000,0.528397,-0.468697,-0.330163,-0.561549,0.238921,-0.324225,-0.072689,0.856093,-0.014557,-0.501027,0.339225,-0.247150,0.253880,-0.568542,0.714192,0.614084,0.873849,0.435185,0.372071,0.321499,0.154210,0.197742,0.328694,0.844650,0.443206,0.255923,0.461910,0.813307,-0.137259,0.426906,0.714632,0.709371,0.874906,0.301124,0.830597,0.998664,0.914429,0.814942,0.325945,0.228952,-0.522540,0.647665,0.271002,0.472065,0.776247,0.166021,0.943592,0.819466,-0.027455,0.714094,0.935788,0.908004,0.545913,0.324603,0.434097,0.523997,-0.571116,0.995363,0.617340,0.822868,0.687422,0.586890,0.887593,0.703657,-0.049833,0.772254,0.744603,0.399618,0.549401,0.015463,0.393317,-0.230567,-0.230237,0.376694,0.237361,0.507594,0.348945,0.590250,0.236005,0.076241,0.742173,0.652014,0.125153,0.775602,0.611855,0.957861,0.650226,0.300671,0.730852,0.651409,0.870697,0.969136,0.866954,0.790672,0.753822,0.757633,0.072186,-0.606984,0.380541,-0.860031,0.625093,0.920812,0.890254,0.792601,-0.988689,0.440829,-0.474292,0.775276,0.740518,-0.017546,0.936131,0.346473,0.743541,0.590017,-0.037969,0.665379,0.490476,0.830617,-0.009461,0.661543,0.040474,-0.355975,0.224784,0.662429,0.551233,0.780464,0.915576,0.713756,0.804656,0.840806,0.634885,0.730719,0.749074,0.788605,0.729877,0.700438,0.398319,0.670103,0.644693,0.759858,0.838032,0.600319,0.671475,0.654286,0.868162,0.678854,0.736487,0.938725,0.757616,0.928355,0.639496,0.958604,0.490624,0.644127,0.706732,0.772159,-0.019153,0.917389,0.176744,0.289819,0.700798,0.756188,0.714772,0.381612,0.540132,0.820228,0.795209,0.881818,0.756288,-0.171896,0.814013,0.880208,0.943750,0.956685,0.440141,-0.432257,0.911360
Lateral posterior nucleus of the thalamus,0.803881,0.853329,0.787383,0.925801,0.588867,0.229419,0.482440,0.670759,0.664995,0.153901,0.451683,0.634843,0.220306,0.588150,-0.016172,0.713010,0.741437,0.236439,-0.120183,0.143342,0.624111,0.684437,-0.342892,0.646326,0.503216,0.493767,-0.486128,0.785813,0.831316,0.645021,0.593384,0.877538,0.251889,0.607599,0.676710,0.672918,0.667086,0.494266,0.525653,0.543866,0.570382,0.503178,-0.562340,-0.041007,0.439834,0.561516,-0.148926,-0.141806,0.587079,0.509667,0.303672,0.421907,0.276395,0.546505,0.403225,0.768897,0.571836,-0.504142,-0.573277,0.528397,1.000000,-0.009557,-0.012869,-0.373388,0.274318,0.362592,0.383473,0.645212,0.841192,0.466546,0.977547,0.612573,-0.665504,0.023773,0.971511,0.547919,0.841336,0.876287,-0.127114,0.483113,-0.681154,-0.141555,0.199165,0.406972,-0.180692,0.165507,0.321286,0.872823,-0.445641,0.428475,0.859517,0.569172,0.631822,0.102044,0.532423,0.512728,0.656650,0.546952,0.951962,0.801933,-0.238242,0.573288,0.875560,0.481635,0.845168,0.007025,0.758697,0.876242,-0.240348,0.921908,0.695231,0.698553,0.968298,0.494858,-0.448648,0.293084,-0.549191,0.462509,0.387983,0.713705,0.402369,0.520569,0.830596,0.810056,0.094186,0.881638,0.889577,0.985804,0.998514,0.851831,0.272688,0.682330,0.704348,0.885140,0.921482,0.988774,0.971830,0.983045,0.937220,0.501406,0.696139,0.517171,0.628780,0.874976,0.362411,0.655078,-0.140898,0.591339,-0.156760,0.977692,0.861625,0.689156,0.805907,0.439475,0.954305,0.657808,0.497248,-0.934822,0.862844,-0.482975,0.119118,0.675630,0.105343,0.410401,-0.401972,0.090734,0.445787,0.805575,0.679127,0.773960,0.658790,0.554084,0.594901,0.433054,-0.167912,0.370306,0.343014,0.848441,0.699030,0.956694,0.868004,0.603430,0.720868,0.979214,0.878492,0.921413,0.463116,0.967116,0.783702,0.607771,0.836031,0.142092,0.786955,0.899002,0.933348,0.640353,0.837530,0.613369,0.763678,0.846055,0.778810,0.988049,0.679455,0.528147,0.679341,0.651609,0.761367,0.787474,0.795986,0.208364,0.569731,0.744705,0.740901,0.547344,0.553373,0.814361,0.829912,0.766627,0.920906,0.497799,0.653072,0.681389,0.507261,0.298580,0.780384,0.676753,0.852507,0.527275,0.512240,-0.131820,0.592559,0.855974,0.759143,0.697031,0.018266,-0.975113,0.702547
Lateral preoptic area,0.117464,-0.058748,-0.047830,0.368562,-0.339020,0.772880,0.600210,0.271876,0.360873,0.676768,0.681821,0.410736,0.726036,0.232048,0.997280,0.633866,0.530622,0.867459,0.782582,0.863553,0.254277,-0.165353,-0.781752,0.175927,-0.098289,0.759324,0.081883,0.570370,0.336108,-0.106457,-0.058496,0.097733,-0.598734,-0.218588,-0.128707,-0.109226,-0.063558,0.102043,-0.140705,0.388359,-0.068317,-0.191826,0.832205,0.998355,-0.192190,-0.213794,0.433257,-0.764130,0.214898,0.314178,0.699805,0.875912,0.751863,-0.201850,-0.469479,0.025637,-0.059935,-0.714557,-0.737991,-0.468697,-0.009557,1.000000,0.982569,0.926845,0.737102,0.920287,-0.550934,0.051320,0.293513,0.406107,0.128201,0.013234,-0.567442,0.983935,-0.126615,-0.837286,-0.124188,0.412173,0.427567,0.683287,0.020474,0.610458,0.645076,0.037852,0.284733,0.699262,0.548036,-0.019351,0.684675,0.597494,0.166669,0.290124,0.015518,0.636803,-0.815649,-0.432330,-0.078619,0.128164,-0.083012,0.579685,-0.455800,0.368896,-0.242887,0.557460,-0.527811,0.717715,-0.251137,-0.039590,0.745416,0.080075,-0.153234,-0.076591,0.175201,0.679902,-0.776617,0.473029,0.828769,-0.436731,0.387220,0.094833,0.297865,0.440102,-0.149603,0.223972,0.891291,0.049207,0.085128,-0.005320,0.016705,0.364317,0.604561,0.187015,0.363531,0.429383,0.364409,0.124414,-0.015736,-0.191732,0.016627,0.817018,0.227138,0.363283,0.745673,0.052716,0.387582,-0.209238,-0.044653,0.677340,-0.721685,0.019134,-0.162486,-0.505849,-0.053693,0.148980,-0.124627,0.214071,0.819842,-0.194134,0.457071,-0.032812,0.257008,-0.100932,-0.412054,0.136421,0.543932,0.485081,0.720152,0.124256,0.234054,0.589874,-0.138492,0.655467,0.241708,0.429173,0.793202,0.319367,0.523091,-0.021012,-0.231088,-0.298607,0.313399,0.374775,0.653284,-0.011011,0.326490,-0.346122,-0.099715,-0.066316,0.090906,0.083717,0.286029,0.095608,0.176891,-0.013175,0.028243,0.296073,-0.435158,-0.795123,0.323201,0.113440,0.032835,0.043734,0.324221,0.360968,0.020146,0.321529,0.209286,-0.317941,0.158398,-0.388940,0.378847,-0.329815,0.483168,0.373797,0.293606,0.122425,0.406813,-0.153032,0.305149,-0.747999,0.293368,0.211033,0.279494,0.621498,0.418738,0.110625,0.045818,-0.002677,0.219377,0.891225,0.131530,-0.379927,-0.252975,-0.230980,0.444742,-0.210756,-0.087058
Nucleus raphe pallidus,0.220691,0.035756,-0.164068,0.362807,-0.198304,0.649165,0.470292,0.392572,0.473128,0.797960,0.774326,0.522270,0.833220,0.369629,0.966275,0.673248,0.444171,0.931994,0.883130,0.937361,0.384595,-0.032592,-0.671028,0.308333,0.061351,0.821513,-0.079644,0.516734,0.408475,0.033960,0.089744,0.179886,-0.447493,-0.074660,0.006130,0.026493,0.073288,0.258892,0.016014,0.517438,0.083109,-0.033412,0.818161,0.972153,-0.027142,-0.063177,0.591547,-0.633646,0.353875,0.455428,0.806109,0.899707,0.848399,-0.048925,-0.316265,0.141192,0.091263,-0.611518,-0.659112,-0.330163,-0.012869,0.982569,1.000000,0.928648,0.837473,0.880091,-0.680915,0.189777,0.202038,0.251781,0.092891,-0.135995,-0.466502,0.934064,-0.089513,-0.840576,-0.026832,0.445612,0.586997,0.770340,0.158540,0.745325,0.769916,0.205373,0.455463,0.815430,0.680478,0.068635,0.782389,0.710867,0.250030,0.425682,0.157059,0.767217,-0.757937,-0.288173,0.060001,0.277633,-0.140106,0.587041,-0.606182,0.495919,-0.320194,0.671018,-0.498362,0.834555,-0.137117,0.047427,0.849300,0.145554,-0.022189,0.054676,0.200080,0.765766,-0.680723,0.617877,0.842584,-0.286843,0.534238,0.219504,0.451910,0.566031,-0.049782,0.317353,0.957484,0.132338,0.163644,-0.039855,0.021814,0.286537,0.731763,0.050348,0.242166,0.448077,0.334849,0.131136,-0.062632,-0.195394,-0.051568,0.851278,0.346908,0.498740,0.767430,0.138021,0.536795,-0.072594,0.140429,0.743136,-0.583524,0.054077,-0.072774,-0.401806,0.054147,0.309357,-0.074545,0.341908,0.853918,-0.241637,0.482773,-0.193159,0.430299,0.034376,-0.236925,0.300082,0.398405,0.637857,0.608299,0.226640,0.356498,0.537795,-0.000710,0.736196,0.377562,0.567073,0.889124,0.474384,0.657361,0.074749,-0.355680,-0.291021,0.234603,0.235887,0.678566,0.023473,0.381060,-0.307432,0.064192,-0.022457,0.200581,0.226796,0.364226,0.276537,0.280501,0.065320,0.090864,0.419918,-0.493794,-0.788590,0.417975,0.204989,0.145896,0.066423,0.437926,0.495238,0.153732,0.440793,0.316559,-0.216162,0.261055,-0.215921,0.505268,-0.218067,0.557467,0.504048,0.431053,0.222571,0.327471,-0.036799,0.253682,-0.819734,0.415241,0.334867,0.424054,0.743763,0.493750,0.241432,0.138686,0.153462,0.367853,0.957245,0.274702,-0.309488,-0.139167,-0.102789,0.603330,-0.208663,0.043441
Anterior tegmental nucleus,-0.132391,-0.318743,-0.386453,0.004688,-0.461605,0.577147,0.321439,0.068238,0.149178,0.633313,0.516102,0.206234,0.648357,0.069261,0.920153,0.350923,0.183611,0.753675,0.821398,0.788299,0.073415,-0.338306,-0.550513,-0.006644,-0.197069,0.558402,0.174669,0.220399,0.046476,-0.265425,-0.198218,-0.187686,-0.576238,-0.354633,-0.300353,-0.280399,-0.235184,-0.008500,-0.246145,0.226874,-0.197483,-0.284805,0.972726,0.932488,-0.258952,-0.330212,0.534224,-0.597517,0.054343,0.176042,0.593237,0.674567,0.646924,-0.312520,-0.509762,-0.199304,-0.190310,-0.433098,-0.441519,-0.561549,-0.373388,0.926845,0.928648,1.000000,0.635777,0.706524,-0.715312,-0.119425,-0.075953,0.134550,-0.252336,-0.282056,-0.238476,0.884108,-0.452599,-0.980601,-0.373990,0.082227,0.521558,0.503430,0.332959,0.685348,0.589120,-0.031480,0.413367,0.647635,0.458055,-0.292256,0.846903,0.456031,-0.116328,0.129285,-0.146436,0.619348,-0.925346,-0.519259,-0.244574,-0.006845,-0.450385,0.252695,-0.410912,0.197068,-0.581396,0.399525,-0.784283,0.722664,-0.454242,-0.312824,0.831984,-0.228297,-0.331760,-0.261443,-0.176107,0.495439,-0.514516,0.404392,0.978212,-0.502368,0.291046,-0.110395,0.205960,0.282020,-0.392584,-0.040144,0.828305,-0.233918,-0.205557,-0.379373,-0.344310,-0.007222,0.525829,-0.139372,0.024508,0.087928,-0.009116,-0.239633,-0.389980,-0.537155,-0.357554,0.595896,0.016893,0.216276,0.477155,-0.227180,0.301724,-0.366669,0.098939,0.448345,-0.548831,-0.320077,-0.420732,-0.671167,-0.290381,0.056823,-0.438233,0.022524,0.599947,0.135387,0.125204,0.067222,0.279974,-0.273853,-0.337570,0.057257,0.582397,0.492881,0.455230,-0.127084,0.030803,0.243626,-0.301545,0.448697,0.074977,0.309377,0.846379,0.238100,0.427810,-0.281200,-0.529186,-0.621744,-0.061028,0.063140,0.359353,-0.348940,0.011797,-0.638189,-0.181784,-0.391554,-0.146700,-0.073418,0.000918,0.124935,-0.070690,-0.300586,-0.282126,0.103339,-0.737733,-0.960319,0.069820,-0.157086,-0.197400,-0.306833,0.110479,0.209562,-0.163211,0.120761,-0.029449,-0.532846,-0.091659,-0.354436,0.207340,-0.523574,0.217250,0.212609,0.139176,-0.133060,0.039575,-0.364636,-0.074708,-0.912284,0.095251,0.009203,0.146196,0.529830,0.143231,-0.079306,-0.221801,-0.118400,0.090264,0.910173,-0.023301,-0.630604,-0.456218,-0.406236,0.484399,0.158481,-0.273016
Lateral reticular nucleus,0.670369,0.515483,-0.191780,0.546068,0.367265,0.274615,0.190508,0.812276,0.853658,0.985441,0.981858,0.882214,0.997876,0.812133,0.688124,0.844544,0.354559,0.974403,0.921312,0.974675,0.816382,0.507462,-0.357873,0.767307,0.596724,0.955779,-0.611044,0.507732,0.750764,0.568199,0.617186,0.606542,0.096234,0.479418,0.541287,0.558631,0.597068,0.744646,0.559813,0.895719,0.613147,0.518062,0.452573,0.697585,0.521153,0.491855,0.825177,-0.219598,0.802755,0.866774,0.998464,0.900793,0.999704,0.504615,0.250165,0.627643,0.619504,-0.376914,-0.495718,0.238921,0.274318,0.737102,0.837473,0.635777,1.000000,0.707271,-0.756749,0.687607,0.178067,-0.049635,0.271831,-0.303341,-0.313787,0.626815,0.306218,-0.518151,0.469210,0.695912,0.830797,0.974210,0.273235,0.891229,0.985482,0.703166,0.738543,0.990172,0.968991,0.531068,0.738536,0.976793,0.660234,0.846203,0.665326,0.968865,-0.303776,0.281923,0.587865,0.756516,0.023878,0.721506,-0.930410,0.882019,-0.192821,0.961047,-0.076049,0.960693,0.398846,0.512723,0.867503,0.550333,0.514620,0.577450,0.505574,0.971019,-0.433775,0.941922,0.545778,0.282652,0.908455,0.696794,0.864637,0.919746,0.453941,0.724571,0.957227,0.572274,0.587991,0.170327,0.322666,0.282923,0.982516,-0.102787,0.095022,0.663489,0.462799,0.411046,0.117065,0.122908,0.062329,0.911699,0.780967,0.888986,0.850778,0.580310,0.908509,0.476701,0.534950,0.930897,-0.164752,0.417128,0.419337,0.142356,0.549712,0.777695,0.345669,0.785986,0.912127,-0.585658,0.702207,-0.697690,0.812712,0.564683,0.281162,0.770019,-0.165006,0.918474,0.335148,0.673497,0.790338,0.524963,0.537970,0.951904,0.816103,0.924973,0.900508,0.875606,0.961502,0.548304,-0.391426,0.067135,0.243693,0.016503,0.815720,0.392012,0.698078,0.121730,0.597947,0.375357,0.664593,0.717758,0.731477,0.715970,0.714073,0.512287,0.502900,0.833078,-0.295578,-0.432884,0.794733,0.640909,0.628042,0.399271,0.833458,0.886429,0.656638,0.841532,0.744524,0.313531,0.698817,0.322793,0.886919,0.324489,0.847954,0.888995,0.850599,0.667211,0.305233,0.486727,0.342952,-0.687884,0.828126,0.777235,0.849350,0.987284,0.810489,0.718851,0.593230,0.668453,0.815808,0.890408,0.751741,0.180557,0.396810,0.443706,0.884290,-0.446763,0.567730
Nucleus raphe pontis,0.335570,0.198840,0.323931,0.681771,-0.185046,0.871641,0.811619,0.415737,0.500386,0.594002,0.727513,0.535222,0.672730,0.337736,0.924347,0.815383,0.814967,0.835928,0.603026,0.791864,0.376097,0.013927,-0.913021,0.311437,-0.009573,0.833815,0.002163,0.845892,0.565584,0.048041,0.067556,0.358705,-0.553329,-0.070391,0.043133,0.058921,0.097685,0.171729,-0.038053,0.469615,0.047998,-0.094107,0.560927,0.912982,-0.122212,-0.087455,0.235520,-0.835800,0.320771,0.381264,0.680154,0.939061,0.724041,-0.083627,-0.380858,0.230726,0.056333,-0.906156,-0.937065,-0.324225,0.362592,0.920287,0.880091,0.706524,0.707271,1.000000,-0.275035,0.193344,0.638805,0.644829,0.501155,0.336948,-0.830119,0.939403,0.218539,-0.559413,0.132826,0.677340,0.237626,0.744061,-0.324123,0.415399,0.579383,0.073883,0.080068,0.622132,0.530901,0.246290,0.395452,0.628206,0.414143,0.385051,0.153700,0.532298,-0.585768,-0.300553,0.078918,0.219890,0.313442,0.819974,-0.404232,0.464080,0.152767,0.611184,-0.189034,0.580023,-0.024519,0.229730,0.522558,0.370009,0.030102,0.101101,0.500784,0.746095,-0.937560,0.443853,0.544209,-0.326899,0.399165,0.267447,0.318307,0.510306,0.104046,0.441531,0.804064,0.315302,0.354057,0.381881,0.380428,0.698262,0.567997,0.512918,0.671950,0.706066,0.692142,0.474026,0.375401,0.190370,0.406246,0.907753,0.384905,0.432665,0.897956,0.314605,0.388604,-0.039515,-0.215234,0.792651,-0.807677,0.355213,0.110436,-0.275952,0.177121,0.191990,0.205413,0.353497,0.908916,-0.490726,0.718458,-0.102089,0.163745,0.067759,-0.452927,0.167627,0.444154,0.374911,0.895554,0.342948,0.383166,0.858279,0.025643,0.749063,0.350184,0.460109,0.598159,0.325446,0.514956,0.230629,0.129665,0.075701,0.658452,0.656555,0.845331,0.328580,0.586002,-0.001254,-0.028499,0.267455,0.299626,0.206020,0.517780,0.019928,0.383282,0.267869,0.328838,0.424504,-0.049031,-0.503291,0.514014,0.355194,0.242602,0.389589,0.471327,0.435390,0.180726,0.454913,0.400966,-0.066738,0.370376,-0.392417,0.472246,-0.099956,0.665091,0.456840,0.381145,0.346003,0.729972,0.066443,0.652366,-0.451161,0.428036,0.362079,0.346544,0.596274,0.620415,0.264153,0.295013,0.088849,0.290947,0.720695,0.243962,-0.077261,-0.025890,-0.038270,0.307515,-0.553585,0.093536
Midbrain reticular nucleus retrorubral area,-0.192799,-0.031110,0.781619,0.132837,-0.139430,0.101714,0.325297,-0.406526,-0.429769,-0.846715,-0.626529,-0.468647,-0.796864,-0.479620,-0.497336,-0.289101,0.288627,-0.707573,-0.929253,-0.776195,-0.451165,-0.179963,-0.085578,-0.403074,-0.394961,-0.537695,0.418868,0.148921,-0.194240,-0.261320,-0.341046,-0.069438,-0.144025,-0.219797,-0.213705,-0.230643,-0.265464,-0.510699,-0.348916,-0.558203,-0.356115,-0.332334,-0.662311,-0.526272,-0.381744,-0.266316,-0.955225,-0.102291,-0.475011,-0.573588,-0.746781,-0.482162,-0.749755,-0.288396,-0.176567,-0.198212,-0.359846,-0.155043,-0.069066,-0.072689,0.383473,-0.550934,-0.680915,-0.715312,-0.756749,-0.275035,1.000000,-0.350789,0.491427,0.537003,0.418336,0.812291,-0.296230,-0.399036,0.283584,0.729573,-0.006506,-0.068993,-0.948330,-0.594161,-0.813402,-0.968163,-0.825264,-0.545600,-0.924913,-0.836262,-0.751308,-0.022239,-0.976048,-0.666461,-0.123387,-0.514281,-0.345911,-0.877851,0.466410,-0.123350,-0.267071,-0.478092,0.626571,-0.095077,0.796434,-0.527243,0.778315,-0.623125,0.515812,-0.908078,-0.024952,-0.004621,-0.963443,0.024364,-0.176647,-0.223629,0.145052,-0.583034,-0.067922,-0.764942,-0.766905,-0.161870,-0.686090,-0.297510,-0.653825,-0.586016,-0.004593,-0.216879,-0.780745,-0.041906,-0.042714,0.500652,0.333015,0.396788,-0.782930,0.680162,0.517987,-0.017377,0.229106,0.256530,0.551464,0.491135,0.604131,-0.458731,-0.365958,-0.577979,-0.318252,-0.055203,-0.704414,-0.179115,-0.764558,-0.465983,-0.164659,0.204519,0.055122,0.146862,-0.104886,-0.573753,0.224140,-0.404145,-0.461255,-0.030617,-0.070638,0.486084,-0.808829,-0.233133,-0.408248,-0.589737,0.100299,-0.877830,0.165606,-0.193003,-0.387125,0.126332,-0.225981,-0.525823,-0.476208,-0.659069,-0.934678,-0.682666,-0.735310,-0.061216,0.895977,0.502484,0.438173,0.544421,-0.241788,0.225521,-0.099883,0.394463,-0.425767,0.217721,-0.209566,-0.402925,-0.184946,-0.731413,-0.237180,0.021474,0.071962,-0.445143,0.808402,0.688079,-0.300600,-0.128212,-0.189060,0.242157,-0.407684,-0.567798,-0.299617,-0.438418,-0.281158,0.075760,-0.218659,-0.376536,-0.532266,0.027607,-0.325683,-0.552634,-0.529750,-0.179713,0.368822,-0.091475,0.353153,0.930156,-0.430945,-0.377655,-0.566305,-0.764186,-0.274382,-0.345280,-0.089403,-0.431200,-0.543058,-0.862350,-0.438350,0.264412,-0.022807,-0.116578,-0.902595,-0.233545,-0.212635
Lateral septal nucleus caudal (caudodorsal) part,0.968857,0.942996,0.037070,0.635030,0.921686,-0.255915,-0.136629,0.972531,0.945611,0.685684,0.765296,0.929195,0.678453,0.982075,-0.009036,0.713844,0.203502,0.532543,0.433825,0.508601,0.978905,0.974572,0.126623,0.992017,0.973793,0.678815,-0.972370,0.372424,0.888696,0.987543,0.991717,0.928546,0.708893,0.962761,0.982711,0.986341,0.993004,0.982304,0.971155,0.938174,0.988325,0.956669,-0.321306,-0.005601,0.942011,0.960381,0.606441,0.342618,0.984875,0.955912,0.726485,0.489060,0.675166,0.961476,0.833550,0.984447,0.989432,-0.002629,-0.150313,0.856093,0.645212,0.051320,0.189777,-0.119425,0.687607,0.193344,-0.350789,1.000000,0.218143,-0.272218,0.517018,-0.205655,-0.098747,-0.061722,0.776955,0.240081,0.938325,0.768631,0.624777,0.763881,0.118985,0.538173,0.726421,0.960149,0.617291,0.675654,0.825660,0.934233,0.194759,0.824630,0.930500,0.968751,0.999181,0.684098,0.482690,0.873493,0.991444,0.990203,0.383578,0.634267,-0.832475,0.946654,0.229666,0.855309,0.610413,0.576189,0.935697,0.929904,0.363388,0.887205,0.976232,0.989226,0.763688,0.766322,-0.003300,0.848217,-0.198880,0.863274,0.908670,0.994312,0.935436,0.916560,0.938056,0.946322,0.448525,0.928996,0.919955,0.508412,0.682140,0.290438,0.779404,-0.085690,0.014348,0.716261,0.534070,0.696225,0.447179,0.609075,0.341208,0.576820,0.979710,0.943461,0.600437,0.933965,0.900833,0.965448,0.659870,0.747418,0.369689,0.790997,0.915438,0.816024,0.967013,0.966661,0.819055,0.985790,0.573689,-0.836771,0.733843,-0.980254,0.822095,0.987520,0.734180,0.959311,-0.791600,0.748710,-0.071291,0.967399,0.980332,0.373501,0.981691,0.781212,0.980696,0.906459,0.384728,0.921031,0.844272,0.949795,-0.079141,0.623989,0.290377,-0.122638,0.663741,0.786224,0.845643,0.722063,0.964631,0.809534,0.978541,0.998416,0.909239,0.847735,0.966928,0.913407,0.876353,0.968493,0.256279,0.328984,0.934233,0.948309,0.981697,0.750778,0.956371,0.945539,0.998536,0.960431,0.969236,0.895893,0.966593,0.796509,0.943119,0.906994,0.855923,0.943388,0.966519,0.963788,0.275056,0.962668,0.436248,-0.062024,0.968454,0.984551,0.963415,0.778439,0.876586,0.997113,0.949246,0.987667,0.974991,0.298639,0.994928,0.804645,0.934886,0.955683,0.719495,-0.662220,0.987358
Lateral septal nucleus rostral (rostroventral) part,0.452973,0.469649,0.926284,0.883173,0.064347,0.690964,0.872596,0.339595,0.378250,0.011508,0.330940,0.367727,0.113608,0.219455,0.320059,0.665168,0.966012,0.266768,-0.140237,0.165563,0.272815,0.208472,-0.756718,0.266010,0.009519,0.459422,0.005063,0.934165,0.607138,0.172323,0.122720,0.560298,-0.310046,0.103484,0.206509,0.206262,0.210515,0.060747,0.024319,0.243527,0.093258,-0.011815,-0.220138,0.287984,-0.080868,0.050065,-0.394312,-0.631827,0.210741,0.166316,0.178594,0.522331,0.192891,0.035044,-0.154814,0.370146,0.097198,-0.855484,-0.860994,-0.014557,0.841192,0.293513,0.202038,-0.075953,0.178067,0.638805,0.491427,0.218143,1.000000,0.867903,0.935433,0.875711,-0.947098,0.395536,0.689422,0.248628,0.435763,0.758460,-0.380314,0.370752,-0.897321,-0.285623,0.032303,-0.054628,-0.489424,0.039173,0.090823,0.511898,-0.430766,0.239277,0.560204,0.223548,0.190220,-0.064465,0.093977,-0.031796,0.193602,0.129371,0.911868,0.802764,0.045820,0.268030,0.855359,0.272869,0.498249,-0.090101,0.293532,0.511846,-0.258352,0.633063,0.224777,0.246900,0.794548,0.382561,-0.807953,0.017840,-0.277316,-0.088745,0.069646,0.319962,0.041517,0.245090,0.414245,0.509539,0.150069,0.548776,0.575873,0.905825,0.826426,0.994186,0.077527,0.948748,0.975984,0.805927,0.935971,0.842332,0.921295,0.780608,0.952202,0.548220,0.351437,0.199313,0.666345,0.538867,0.043070,0.163177,-0.576274,0.510982,-0.651848,0.737610,0.461244,0.193440,0.399125,0.018615,0.644217,0.296534,0.545920,-0.716851,0.777554,-0.024904,-0.252260,0.211670,-0.441770,-0.016869,0.156609,-0.167276,0.829453,0.458184,0.332559,0.925558,0.181884,0.438115,0.231775,0.140212,-0.166195,0.017955,0.098098,0.472316,0.825086,0.703704,0.996946,0.936885,0.710822,0.732173,0.687046,0.586782,-0.034664,0.685075,0.413650,0.184096,0.584010,-0.293375,0.453318,0.558296,0.636078,0.312857,0.728614,0.290540,0.493157,0.515372,0.386320,0.782239,0.377323,0.210752,0.250340,0.339930,0.431493,0.329812,0.458371,-0.344587,0.269096,0.266917,0.565063,0.239829,0.206684,0.470457,0.990663,0.320263,0.973018,0.395192,0.327548,0.325120,0.147315,0.115484,0.579624,0.278361,0.500037,0.062879,0.126425,-0.038398,0.183563,0.446657,0.293940,0.213008,-0.252335,-0.874601,0.249381
Reticular nucleus of the thalamus,-0.029108,-0.029185,0.832721,0.570447,-0.438960,0.886489,0.969776,-0.111386,-0.048440,-0.212614,0.045734,-0.042345,-0.106699,-0.233631,0.459390,0.372602,0.881160,0.128080,-0.214872,0.045244,-0.179130,-0.303344,-0.886438,-0.204213,-0.476642,0.218816,0.486858,0.776467,0.187152,-0.333735,-0.374084,0.086643,-0.724445,-0.403379,-0.303266,-0.302150,-0.294167,-0.401447,-0.468397,-0.165305,-0.401305,-0.503011,0.083325,0.428186,-0.559975,-0.450961,-0.589076,-0.872140,-0.245781,-0.257189,-0.073832,0.387184,-0.027552,-0.463508,-0.620224,-0.127964,-0.396856,-0.904904,-0.842479,-0.501027,0.466546,0.406107,0.251781,0.134550,-0.049635,0.644829,0.537003,-0.272218,0.867903,1.000000,0.637606,0.912681,-0.920030,0.552619,0.243763,-0.018546,-0.068727,0.397370,-0.585857,0.083536,-0.885529,-0.427274,-0.218038,-0.507855,-0.706037,-0.178568,-0.227123,0.020448,-0.384263,-0.081222,0.096569,-0.214181,-0.303383,-0.288589,-0.275448,-0.519615,-0.311477,-0.337526,0.646589,0.529869,0.371671,-0.149788,0.643084,-0.071264,0.083233,-0.247418,-0.219413,0.019272,-0.296228,0.171200,-0.287112,-0.260704,0.395531,0.092760,-0.870406,-0.317547,-0.029266,-0.568148,-0.312353,-0.168222,-0.365529,-0.145205,-0.092572,0.051101,0.064282,0.068038,0.103215,0.593106,0.439222,0.838888,-0.208141,0.950087,0.955107,0.469352,0.667417,0.464281,0.635328,0.398898,0.720237,0.359468,-0.110988,-0.212806,0.446178,0.057018,-0.333137,-0.347883,-0.859395,0.220458,-0.897005,0.304797,-0.040163,-0.294888,-0.105310,-0.425475,0.181884,-0.166866,0.359296,-0.291291,0.438982,0.444669,-0.589524,-0.296390,-0.829020,-0.456801,0.613480,-0.439131,0.917342,-0.022497,-0.127680,0.771074,-0.327145,0.133164,-0.220016,-0.239239,-0.213546,-0.376992,-0.233327,-0.023997,0.765906,0.303465,0.833382,0.986763,0.442160,0.297272,0.280431,0.140266,-0.513384,0.233599,-0.074434,-0.297849,0.147852,-0.665639,-0.018413,0.074466,0.170992,-0.130365,0.482257,-0.015908,0.057525,0.037980,-0.110507,0.369461,-0.060315,-0.203578,-0.246635,-0.097346,-0.034600,-0.177211,-0.016509,-0.765378,-0.145512,-0.242726,0.187353,-0.173561,-0.228175,-0.009675,0.849799,-0.192067,0.739521,0.277197,-0.117165,-0.140266,-0.283926,-0.169817,0.180635,-0.205608,0.012573,-0.418702,-0.318420,-0.038026,-0.289061,-0.034778,-0.218935,-0.300458,-0.510254,-0.524307,-0.259168
Anteroventral preoptic nucleus,0.710224,0.744375,0.862356,0.953578,0.412255,0.424860,0.655943,0.584234,0.596766,0.129043,0.444898,0.574071,0.211915,0.484235,0.133070,0.739668,0.862829,0.281621,-0.107730,0.182327,0.528292,0.533635,-0.525524,0.538574,0.341920,0.521502,-0.325634,0.882823,0.790297,0.495813,0.444580,0.797785,0.042537,0.442536,0.528803,0.526732,0.525670,0.360135,0.361126,0.467478,0.418194,0.331473,-0.434718,0.104840,0.263913,0.392407,-0.228184,-0.344103,0.479890,0.414561,0.290810,0.498640,0.278960,0.377239,0.204368,0.654241,0.420835,-0.668049,-0.717638,0.339225,0.977547,0.128201,0.092891,-0.252336,0.271831,0.501155,0.418336,0.517018,0.935433,0.637606,1.000000,0.727583,-0.805685,0.186619,0.900688,0.434910,0.722201,0.876941,-0.208575,0.480431,-0.780791,-0.179157,0.166198,0.257914,-0.288069,0.147440,0.266949,0.773824,-0.434901,0.393992,0.787610,0.474571,0.496916,0.065619,0.370046,0.323561,0.512117,0.421089,0.967856,0.847312,-0.159199,0.495570,0.891064,0.440804,0.734796,-0.005533,0.611685,0.775513,-0.232416,0.853241,0.547127,0.559572,0.945040,0.492500,-0.615363,0.219580,-0.446235,0.269092,0.299810,0.601033,0.296862,0.453791,0.706489,0.737759,0.144296,0.795000,0.811113,0.991028,0.972083,0.942731,0.230952,0.806165,0.836143,0.900352,0.969299,0.974393,0.986731,0.938974,0.975215,0.560016,0.604315,0.432877,0.686310,0.787061,0.273014,0.496271,-0.301931,0.603574,-0.360086,0.926437,0.743872,0.521175,0.687262,0.309388,0.872994,0.558379,0.556462,-0.895262,0.875969,-0.337627,-0.001091,0.530747,-0.098110,0.276657,-0.200623,0.016781,0.619357,0.713432,0.586264,0.872309,0.507587,0.551712,0.493491,0.356766,-0.149032,0.267373,0.283527,0.743149,0.760851,0.890501,0.953146,0.754089,0.761826,0.924623,0.850443,0.823534,0.298949,0.897986,0.681739,0.480481,0.783754,-0.005012,0.700660,0.808280,0.860508,0.554822,0.814351,0.495512,0.703465,0.760917,0.666940,0.950084,0.605140,0.444324,0.550687,0.572861,0.676514,0.642094,0.708026,0.007069,0.493838,0.590340,0.718427,0.468082,0.457956,0.723705,0.927890,0.629547,0.980288,0.455728,0.568597,0.584456,0.405119,0.262537,0.748449,0.561638,0.757793,0.380123,0.399247,-0.076117,0.471417,0.728262,0.612078,0.541807,-0.063874,-0.979214,0.562847
Anteroventral periventricular nucleus,0.035354,0.111725,0.967638,0.557736,-0.227419,0.620518,0.807712,-0.127036,-0.099502,-0.460536,-0.160794,-0.117221,-0.363991,-0.246020,0.067137,0.223961,0.781623,-0.180827,-0.542501,-0.275704,-0.194861,-0.146031,-0.632647,-0.186136,-0.372367,-0.011020,0.391514,0.666458,0.170895,-0.205399,-0.272181,0.170079,-0.459344,-0.236518,-0.161497,-0.168591,-0.179387,-0.376902,-0.344192,-0.244978,-0.298936,-0.362016,-0.322453,0.031806,-0.428083,-0.292775,-0.785903,-0.597391,-0.251648,-0.313076,-0.308955,0.102810,-0.286611,-0.312223,-0.384368,-0.032914,-0.297560,-0.700107,-0.637442,-0.247150,0.612573,0.013234,-0.135995,-0.282056,-0.303341,0.336948,0.812291,-0.205655,0.875711,0.912681,0.727583,1.000000,-0.795786,0.171964,0.430174,0.387804,0.096036,0.359093,-0.777394,-0.118901,-0.995410,-0.691691,-0.447230,-0.470935,-0.849589,-0.433478,-0.401176,0.148917,-0.719662,-0.258739,0.150366,-0.251969,-0.224796,-0.528546,0.117997,-0.282431,-0.192339,-0.315466,0.816547,0.416281,0.522012,-0.217571,0.865612,-0.225531,0.409290,-0.532118,-0.017220,0.156199,-0.626486,0.268475,-0.132954,-0.136137,0.463573,-0.106636,-0.633123,-0.466646,-0.432840,-0.336585,-0.414391,-0.108485,-0.430738,-0.248366,0.080541,0.075031,-0.274253,0.171051,0.193438,0.736588,0.574433,0.819945,-0.411078,0.978718,0.917092,0.426120,0.656586,0.555810,0.781358,0.613967,0.849430,0.109109,-0.105452,-0.286672,0.242359,0.157629,-0.439032,-0.177674,-0.868644,0.036512,-0.641307,0.435011,0.142781,-0.002335,0.026391,-0.427254,0.364597,-0.161949,0.107246,-0.346327,0.381468,0.394708,-0.679677,-0.165684,-0.658826,-0.457907,0.348326,-0.622011,0.702375,0.039572,-0.127373,0.651675,-0.184193,-0.048043,-0.235171,-0.350990,-0.551956,-0.455226,-0.394576,0.101374,0.960430,0.556289,0.836743,0.930629,0.287535,0.439540,0.275300,0.405577,-0.414405,0.395494,-0.002661,-0.249481,0.151692,-0.689511,0.020324,0.204579,0.290323,-0.159941,0.774098,0.382856,0.035900,0.110439,-0.016780,0.491945,-0.095001,-0.274932,-0.162818,-0.135138,-0.012337,0.055714,0.030799,-0.589527,-0.217681,-0.011587,0.100504,-0.247072,-0.269643,0.054443,0.811132,-0.027300,0.752644,0.643898,-0.143801,-0.130660,-0.326674,-0.375536,0.124638,-0.157539,0.112420,-0.348373,-0.337028,-0.408658,-0.261609,0.233332,-0.015951,-0.115452,-0.687829,-0.580356,-0.129901
Barrington's nucleus,-0.329259,-0.291179,-0.794492,-0.822682,0.150848,-0.878453,-0.970554,-0.277946,-0.342889,-0.148678,-0.422167,-0.351154,-0.254678,-0.158825,-0.596482,-0.706233,-0.993584,-0.449698,-0.076210,-0.362182,-0.213047,-0.024724,0.924908,-0.180942,0.128804,-0.568881,-0.136285,-0.959721,-0.542335,-0.010123,0.018783,-0.421704,0.538367,0.082987,-0.033664,-0.039192,-0.056597,0.021585,0.128886,-0.234029,0.047387,0.175161,-0.104009,-0.568274,0.234331,0.128138,0.275899,0.833205,-0.145459,-0.140892,-0.298253,-0.681580,-0.332817,0.137685,0.374864,-0.225860,0.041405,0.976384,0.972509,0.253880,-0.665504,-0.567442,-0.466502,-0.238476,-0.313787,-0.830119,-0.296230,-0.098747,-0.947098,-0.920030,-0.805685,-0.795786,1.000000,-0.664317,-0.480930,0.071729,-0.241296,-0.712319,0.267396,-0.457753,0.794692,0.117128,-0.152512,0.140744,0.407444,-0.181163,-0.162503,-0.341664,0.183775,-0.308602,-0.443140,-0.182179,-0.063025,-0.069522,0.227201,0.259455,-0.037164,-0.046065,-0.732956,-0.818690,0.012662,-0.248491,-0.649706,-0.322142,-0.204703,-0.084276,-0.076634,-0.335710,0.031573,-0.484560,-0.042685,-0.084860,-0.669857,-0.466792,0.954126,-0.072293,-0.039353,0.309750,-0.084157,-0.202518,-0.028364,-0.254070,-0.214413,-0.414976,-0.363867,-0.396238,-0.432348,-0.738527,-0.656786,-0.956428,-0.173686,-0.901638,-0.970296,-0.765147,-0.878758,-0.703174,-0.755508,-0.558804,-0.804414,-0.676186,-0.273463,-0.186711,-0.754877,-0.388099,-0.061782,0.027901,0.592203,-0.580846,0.840363,-0.567670,-0.254100,0.078526,-0.228209,0.042090,-0.437261,-0.220456,-0.675397,0.599610,-0.747037,-0.074667,0.230199,-0.046428,0.597978,0.076415,-0.395337,0.075656,-0.963344,-0.336136,-0.258993,-0.958193,-0.009061,-0.506262,-0.172842,-0.159604,-0.062110,-0.016017,-0.159000,-0.304676,-0.660507,-0.455938,-0.942808,-0.954435,-0.757918,-0.553912,-0.614185,-0.327567,0.167063,-0.492567,-0.285291,-0.079227,-0.503993,0.319987,-0.348505,-0.386635,-0.472052,-0.262529,-0.474868,0.031318,-0.433184,-0.385040,-0.242636,-0.619010,-0.329348,-0.195803,-0.117360,-0.295212,-0.339295,-0.091783,-0.347150,0.512126,-0.252950,-0.031585,-0.555308,-0.225622,-0.168708,-0.346733,-0.968406,-0.128099,-0.903285,-0.118094,-0.274584,-0.244742,-0.112450,-0.212470,-0.545535,-0.170649,-0.350152,0.053307,-0.073889,-0.214648,-0.094211,-0.184825,-0.076502,-0.010080,0.159898,0.762443,-0.083943
Suprachiasmatic nucleus,0.040285,-0.120537,0.086957,0.389793,-0.443296,0.871591,0.717906,0.169252,0.263176,0.545175,0.586042,0.311209,0.608061,0.112302,0.993915,0.597582,0.617278,0.785660,0.658868,0.770346,0.141746,-0.264861,-0.871307,0.064614,-0.230746,0.690917,0.217161,0.626102,0.281827,-0.216268,-0.178781,0.043281,-0.714648,-0.329218,-0.231587,-0.213680,-0.170722,-0.034504,-0.268367,0.270275,-0.191979,-0.320111,0.801825,0.989680,-0.328620,-0.332269,0.265446,-0.866893,0.094356,0.185977,0.585998,0.837836,0.644781,-0.323337,-0.586897,-0.061264,-0.183609,-0.803846,-0.805791,-0.568542,0.023773,0.983935,0.934064,0.884108,0.626815,0.939403,-0.399036,-0.061722,0.395536,0.552619,0.186619,0.171964,-0.664317,1.000000,-0.128507,-0.790813,-0.186918,0.393527,0.259515,0.593547,-0.130857,0.459262,0.512415,-0.109309,0.109020,0.572033,0.414977,-0.075676,0.557062,0.484043,0.108317,0.169849,-0.099680,0.496244,-0.827913,-0.539123,-0.187284,-0.000686,0.002009,0.578033,-0.306301,0.254259,-0.135921,0.446714,-0.513327,0.584519,-0.327973,-0.094246,0.616159,0.043257,-0.251193,-0.177129,0.175022,0.591744,-0.855504,0.329836,0.772600,-0.550293,0.247582,-0.004551,0.154905,0.322629,-0.214161,0.152838,0.802907,-0.004481,0.034876,0.056917,0.041196,0.451450,0.473173,0.330372,0.487415,0.424362,0.408112,0.143620,0.058085,-0.152708,0.108473,0.773341,0.127590,0.239190,0.719902,-0.003336,0.245097,-0.311875,-0.222106,0.611088,-0.833507,0.014766,-0.216160,-0.567137,-0.129650,0.005952,-0.139347,0.106184,0.776122,-0.170991,0.443877,0.105142,0.088733,-0.205186,-0.560911,-0.010170,0.651731,0.327968,0.815835,0.047703,0.131251,0.643153,-0.244371,0.574713,0.123484,0.298136,0.672086,0.173839,0.389762,-0.085351,-0.085151,-0.267540,0.403615,0.511819,0.629918,-0.013926,0.290727,-0.343935,-0.237351,-0.076661,0.007894,-0.035851,0.228001,-0.073987,0.096928,-0.059959,-0.003866,0.188788,-0.340753,-0.757324,0.246166,0.048673,-0.051648,0.050449,0.226768,0.238398,-0.086273,0.218083,0.124057,-0.380210,0.080202,-0.533470,0.264353,-0.402389,0.419620,0.255182,0.170962,0.048307,0.493395,-0.234882,0.371420,-0.641304,0.188412,0.107728,0.149215,0.494999,0.357775,0.003836,-0.017822,-0.134193,0.087489,0.796249,0.009879,-0.408572,-0.329538,-0.323684,0.281278,-0.235090,-0.186413
Bed nucleus of the anterior commissure,0.886026,0.941805,0.643015,0.859463,0.762815,0.010714,0.267267,0.760555,0.736866,0.217882,0.475718,0.701807,0.262229,0.702683,-0.147831,0.676161,0.574568,0.216839,-0.082382,0.136795,0.727492,0.830091,-0.134788,0.759127,0.676744,0.475538,-0.660581,0.650260,0.857140,0.794402,0.748061,0.936373,0.471627,0.772822,0.821272,0.816647,0.807738,0.645302,0.699524,0.634802,0.730144,0.684515,-0.644966,-0.166811,0.630189,0.734866,-0.012184,0.081284,0.704866,0.622237,0.345043,0.351568,0.302547,0.721628,0.608585,0.874599,0.730486,-0.306983,-0.398806,0.714192,0.971511,-0.126615,-0.089513,-0.452599,0.306218,0.218539,0.283584,0.776955,0.689422,0.243763,0.900688,0.430174,-0.480930,-0.128507,1.000000,0.612210,0.939693,0.850372,0.010886,0.500154,-0.512659,-0.048316,0.269126,0.578370,-0.014797,0.221418,0.406034,0.949715,-0.393004,0.484490,0.913398,0.676261,0.770835,0.181492,0.662575,0.701592,0.801012,0.685896,0.872325,0.732622,-0.354042,0.663096,0.791165,0.540409,0.907747,0.065954,0.890083,0.953955,-0.192115,0.962857,0.837520,0.833492,0.953752,0.510611,-0.254753,0.399653,-0.600955,0.659449,0.502920,0.824146,0.533477,0.603544,0.934450,0.870696,0.077751,0.946206,0.945306,0.922675,0.976820,0.708021,0.347344,0.495023,0.516129,0.840976,0.829290,0.958563,0.896388,0.972457,0.835901,0.446383,0.788639,0.618319,0.563618,0.941780,0.480402,0.810092,0.072150,0.582627,0.071060,0.989348,0.954743,0.836240,0.909884,0.591231,0.997422,0.761513,0.441853,-0.944347,0.824305,-0.644961,0.282847,0.818021,0.337027,0.567775,-0.606143,0.210116,0.239818,0.886077,0.774349,0.638526,0.808035,0.565017,0.706399,0.532618,-0.135049,0.501209,0.431672,0.934738,0.565641,0.969718,0.727642,0.397294,0.666293,0.993274,0.884328,0.974461,0.642544,0.997295,0.876113,0.742425,0.873100,0.329507,0.864138,0.964101,0.975916,0.732050,0.793641,0.682725,0.817334,0.914571,0.880789,0.983451,0.756152,0.627923,0.807864,0.735446,0.840092,0.911104,0.873691,0.432790,0.657988,0.881644,0.756784,0.640915,0.662621,0.892337,0.680772,0.890648,0.810266,0.478805,0.742521,0.780348,0.626959,0.365439,0.802353,0.793397,0.928945,0.686937,0.642039,-0.142619,0.723022,0.949194,0.890463,0.843730,0.149906,-0.927026,0.837556
Bed nucleus of the accessory olfactory tract,0.286249,0.464968,0.517935,0.191403,0.536671,-0.468557,-0.184388,0.076748,0.002780,-0.541930,-0.372572,-0.055014,-0.541087,0.057916,-0.832272,-0.166980,-0.006626,-0.631467,-0.768827,-0.682601,0.061964,0.445889,0.420942,0.138788,0.279526,-0.400989,-0.255668,-0.031337,0.131609,0.371637,0.299916,0.352245,0.568597,0.444078,0.409977,0.391159,0.349126,0.107679,0.328597,-0.093320,0.294308,0.358665,-0.995463,-0.848771,0.321796,0.412142,-0.517545,0.505236,0.071103,-0.055042,-0.473759,-0.519846,-0.527658,0.392956,0.540553,0.338858,0.288154,0.281234,0.274899,0.614084,0.547919,-0.837286,-0.840576,-0.980601,-0.518151,-0.559413,0.729573,0.240081,0.248628,-0.018546,0.434910,0.387804,0.071729,-0.790813,0.612210,1.000000,0.512173,0.109945,-0.501550,-0.354358,-0.447875,-0.651612,-0.492625,0.109673,-0.415618,-0.552255,-0.348868,0.445380,-0.860462,-0.323883,0.284062,-0.000159,0.261525,-0.540542,0.945214,0.572487,0.355340,0.117515,0.608694,-0.058745,0.324389,-0.060175,0.711258,-0.261712,0.884830,-0.653390,0.566628,0.464675,-0.803836,0.398694,0.442313,0.379602,0.362553,-0.344640,0.366565,-0.306777,-0.998406,0.546495,-0.184595,0.246781,-0.105029,-0.147878,0.526604,0.204645,-0.728842,0.394772,0.371002,0.551183,0.521152,0.188520,-0.420097,0.273524,0.129976,0.107082,0.203597,0.424661,0.558138,0.692019,0.522182,-0.432412,0.128431,-0.089577,-0.298101,0.387229,-0.199683,0.465158,-0.124089,-0.281248,0.457965,0.494078,0.558816,0.747826,0.429011,0.037110,0.595263,0.115037,-0.436938,-0.318141,0.068568,-0.158148,-0.232106,0.385840,0.321784,0.030489,-0.605997,-0.429512,-0.313268,0.281845,0.112222,-0.054827,0.407187,-0.289845,0.054235,-0.191355,-0.801302,-0.140806,-0.317058,0.430047,0.628217,0.762420,0.240480,0.074318,-0.172532,0.520438,0.173334,0.768937,0.257159,0.556049,0.294713,0.190562,0.173523,-0.087666,0.227028,0.458682,0.449727,0.038589,0.843682,0.995259,0.095658,0.317745,0.339303,0.484661,0.040688,-0.081173,0.286904,0.025383,0.184336,0.643922,0.247869,0.358802,-0.070171,0.626255,-0.041524,-0.079755,-0.012466,0.289150,0.141737,0.487442,0.263228,0.929711,0.048623,0.132138,-0.028729,-0.418100,0.033537,0.210777,0.377425,0.213766,0.022649,-0.850377,0.142157,0.747402,0.568510,0.509928,-0.437325,-0.348845,0.390902
Superior colliculus motor related,0.968749,0.997739,0.342409,0.746153,0.922821,-0.207782,0.001188,0.894920,0.860120,0.429994,0.601329,0.829124,0.443380,0.875300,-0.168183,0.675800,0.349449,0.326552,0.131319,0.274006,0.883760,0.969912,0.075009,0.913793,0.887732,0.545845,-0.877476,0.477727,0.889872,0.954231,0.929360,0.972825,0.683533,0.939853,0.966800,0.964787,0.959990,0.858864,0.901333,0.803103,0.919507,0.890443,-0.573326,-0.175725,0.855464,0.919356,0.294130,0.300906,0.879495,0.813533,0.513497,0.367950,0.459103,0.912355,0.809186,0.980135,0.919537,-0.088368,-0.214198,0.873849,0.841336,-0.124188,-0.026832,-0.373990,0.469210,0.132826,-0.006506,0.938325,0.435763,-0.068727,0.722201,0.096036,-0.241296,-0.186918,0.939693,0.512173,1.000000,0.812476,0.316289,0.612465,-0.188286,0.222079,0.480942,0.819240,0.312340,0.424093,0.612810,0.993178,-0.146890,0.646481,0.956347,0.849554,0.938083,0.414760,0.670818,0.874078,0.957159,0.880956,0.652638,0.664038,-0.599303,0.823572,0.540922,0.694864,0.837254,0.290047,0.985524,0.994678,0.041113,0.964361,0.973412,0.971764,0.882156,0.619297,-0.057355,0.629063,-0.482796,0.847959,0.721611,0.954498,0.759747,0.770905,0.999560,0.938944,0.208745,0.982317,0.973567,0.740309,0.862243,0.478991,0.552853,0.179451,0.229881,0.776980,0.675149,0.851375,0.694016,0.838055,0.601946,0.469172,0.916842,0.800193,0.546695,0.982596,0.706081,0.958904,0.408855,0.644493,0.307169,0.929114,0.998085,0.915022,0.994966,0.819182,0.961796,0.908038,0.464929,-0.916695,0.776087,-0.863808,0.576333,0.965375,0.614375,0.804629,-0.791241,0.478757,0.013354,0.967344,0.909512,0.470775,0.960582,0.656689,0.875489,0.731237,0.076896,0.733818,0.638132,0.994644,0.255770,0.854711,0.493244,0.093570,0.641141,0.931107,0.880070,0.916222,0.865856,0.951134,0.971676,0.917468,0.913771,0.628300,0.951494,0.988067,0.969420,0.876405,0.574418,0.592905,0.896873,0.971703,0.981000,0.901477,0.878973,0.806306,0.955578,0.871269,0.937989,0.979667,0.957693,0.694421,0.818173,0.972413,0.808711,0.810354,0.841259,0.968578,0.453094,0.992024,0.616384,0.269228,0.881796,0.916915,0.823198,0.559712,0.848587,0.939462,0.985435,0.891881,0.842553,0.016129,0.901618,0.953015,0.985424,0.972008,0.436342,-0.808978,0.973671
Basolateral amygdalar nucleus,0.893736,0.848448,0.528438,0.974936,0.548847,0.388652,0.528221,0.866407,0.890028,0.589000,0.818410,0.884515,0.651843,0.797044,0.387951,0.961201,0.781521,0.674787,0.367251,0.602421,0.829513,0.700215,-0.509399,0.817125,0.603566,0.851613,-0.598098,0.879873,0.975770,0.701098,0.686538,0.923516,0.149063,0.622794,0.712226,0.718612,0.735093,0.680800,0.600946,0.816308,0.665869,0.560576,-0.146873,0.372529,0.512765,0.592604,0.260204,-0.298707,0.790270,0.768605,0.712873,0.791096,0.699434,0.587530,0.342663,0.837726,0.670577,-0.632030,-0.734120,0.435185,0.876287,0.412173,0.445612,0.082227,0.695912,0.677340,-0.068993,0.768631,0.758460,0.397370,0.876941,0.359093,-0.712319,0.393527,0.850372,0.109945,0.812476,1.000000,0.278425,0.839970,-0.418962,0.315548,0.619629,0.588651,0.182085,0.602871,0.694327,0.874892,0.032391,0.786938,0.939616,0.803404,0.744837,0.537092,0.182956,0.444532,0.721437,0.729643,0.733260,0.975387,-0.602714,0.831122,0.569334,0.816481,0.551320,0.471680,0.704240,0.867732,0.248706,0.933868,0.712961,0.750108,0.965677,0.847359,-0.619442,0.651862,-0.101531,0.405403,0.700579,0.831055,0.682638,0.814618,0.794840,0.933895,0.561582,0.906899,0.923987,0.826120,0.897248,0.816534,0.669728,0.513622,0.630590,0.996805,0.939173,0.938350,0.793515,0.780202,0.750287,0.848591,0.867885,0.789657,0.913887,0.905308,0.680890,0.659726,0.089631,0.906206,-0.283440,0.917629,0.803805,0.517346,0.825596,0.657565,0.852444,0.838391,0.845931,-0.973052,0.998198,-0.644588,0.438295,0.724163,0.132259,0.630437,-0.298874,0.488201,0.571733,0.897175,0.859277,0.879989,0.695765,0.882446,0.805108,0.747494,0.323875,0.665018,0.704819,0.862418,0.358584,0.723801,0.807018,0.524125,0.958918,0.905050,0.990744,0.710889,0.572854,0.881722,0.872281,0.755693,0.965145,0.396833,0.905553,0.888785,0.917431,0.854200,0.474187,0.198935,0.938553,0.914499,0.846529,0.922185,0.888431,0.796841,0.778866,0.869634,0.901888,0.684648,0.904150,0.230965,0.831619,0.654160,0.963322,0.814420,0.793357,0.901308,0.813979,0.757484,0.884728,0.018574,0.861761,0.852845,0.755309,0.693889,0.970633,0.813114,0.891941,0.662750,0.738053,0.361385,0.763518,0.678179,0.703554,0.676528,0.413581,-0.953337,0.748036
Magnocellular nucleus,0.471929,0.334680,-0.668180,0.062044,0.442363,-0.225907,-0.370841,0.649086,0.654459,0.913114,0.745824,0.679651,0.863713,0.718889,0.361476,0.437601,-0.224449,0.728700,0.896796,0.781281,0.691415,0.482539,0.170836,0.659119,0.665551,0.634845,-0.684839,-0.050758,0.431945,0.553689,0.621358,0.352484,0.396297,0.517336,0.512071,0.526673,0.556037,0.755332,0.627438,0.762433,0.634137,0.611892,0.416966,0.387809,0.650410,0.556910,0.999729,0.253681,0.716972,0.786836,0.837223,0.517006,0.819636,0.575726,0.455711,0.488169,0.637163,0.185254,0.064225,0.372071,-0.127114,0.427567,0.586997,0.521558,0.830797,0.237626,-0.948330,0.624777,-0.380314,-0.585857,-0.208575,-0.777394,0.267396,0.259515,0.010886,-0.501550,0.316289,0.278425,1.000000,0.716961,0.748103,0.976555,0.909701,0.783263,0.987215,0.899157,0.883813,0.321318,0.867741,0.805789,0.395414,0.740806,0.622779,0.942657,-0.194920,0.419397,0.558005,0.727512,-0.418654,0.246170,-0.931986,0.739464,-0.589550,0.780594,-0.217389,0.928659,0.340551,0.305951,0.906664,0.258409,0.479316,0.519160,0.106419,0.708255,0.113243,0.908294,0.548050,0.450105,0.864854,0.573281,0.851567,0.776143,0.316327,0.478206,0.763976,0.331985,0.327243,-0.273884,-0.072970,-0.279308,0.892589,-0.635553,-0.474042,0.215227,-0.054319,-0.009173,-0.337276,-0.220003,-0.419705,0.528909,0.619083,0.783199,0.418708,0.344963,0.878331,0.481965,0.883977,0.600001,0.313926,0.074236,0.257745,0.169824,0.406561,0.802119,0.076268,0.655356,0.529909,-0.228655,0.265499,-0.738043,0.953542,0.528643,0.622282,0.814619,-0.380789,0.974149,-0.218664,0.471158,0.637304,-0.032038,0.523170,0.664744,0.714778,0.837548,0.884996,0.870633,0.877573,0.360525,-0.792604,-0.217573,-0.311917,-0.542014,0.378739,0.056467,0.336266,-0.088209,0.689643,0.074696,0.491583,0.667567,0.433966,0.905504,0.505915,0.275959,0.216962,0.679845,-0.593705,-0.439651,0.540511,0.409125,0.478773,0.026648,0.641200,0.775129,0.581762,0.669571,0.542824,0.244403,0.490919,0.612965,0.742015,0.290921,0.525945,0.760270,0.753369,0.458504,-0.262806,0.400460,-0.190067,-0.780438,0.667608,0.632008,0.785334,0.874691,0.492287,0.614838,0.380272,0.694943,0.772980,0.787127,0.694042,0.054468,0.338544,0.425676,0.989260,0.006116,0.509686
Superior colliculus sensory related,0.789397,0.658498,0.019494,0.718283,0.453894,0.325208,0.306020,0.887854,0.926130,0.930116,0.999095,0.945802,0.958889,0.866340,0.638416,0.939480,0.510723,0.947164,0.811148,0.924767,0.879571,0.606796,-0.426339,0.838872,0.644094,0.989052,-0.653176,0.657894,0.874730,0.652922,0.685345,0.750224,0.124244,0.561600,0.636059,0.651129,0.685240,0.779505,0.615458,0.934922,0.675875,0.571391,0.292884,0.640794,0.558797,0.561600,0.706940,-0.255226,0.857200,0.898485,0.978612,0.927395,0.974980,0.569648,0.301136,0.739989,0.682130,-0.479680,-0.601953,0.321499,0.483113,0.683287,0.770340,0.503430,0.974210,0.744061,-0.594161,0.763881,0.370752,0.083536,0.480431,-0.118901,-0.457753,0.593547,0.500154,-0.354358,0.612465,0.839970,0.716961,1.000000,0.076998,0.773297,0.939954,0.719546,0.617573,0.937897,0.951449,0.678358,0.567876,0.986000,0.795670,0.893868,0.739722,0.901541,-0.168354,0.356922,0.674065,0.803635,0.248107,0.850567,-0.894068,0.929257,0.032894,0.983531,0.118276,0.874276,0.525920,0.662288,0.733346,0.710765,0.616148,0.675083,0.685927,0.999905,-0.518618,0.918085,0.378099,0.345273,0.908441,0.790090,0.870088,0.952327,0.595499,0.842485,0.898503,0.719268,0.736328,0.388165,0.526314,0.468292,0.953654,0.080973,0.266989,0.814145,0.643688,0.605728,0.337464,0.339019,0.282010,0.954109,0.864785,0.921638,0.928628,0.724868,0.902322,0.571013,0.435917,0.987758,-0.208971,0.604639,0.572032,0.273890,0.677393,0.797080,0.530844,0.859479,0.953583,-0.749112,0.843880,-0.732903,0.754407,0.657417,0.258537,0.782838,-0.223097,0.848951,0.428963,0.792807,0.869182,0.670918,0.628454,0.996490,0.871817,0.935395,0.781655,0.872780,0.949204,0.687601,-0.184412,0.279657,0.435794,0.173790,0.916667,0.581786,0.839342,0.317555,0.635431,0.562200,0.778478,0.782573,0.857073,0.668896,0.825962,0.668350,0.669859,0.899711,-0.073767,-0.261869,0.896682,0.773475,0.742994,0.592282,0.910504,0.921953,0.743712,0.910796,0.847783,0.455274,0.814034,0.320957,0.933074,0.454173,0.943826,0.929313,0.894050,0.789323,0.484185,0.608820,0.535779,-0.512891,0.898323,0.857354,0.881301,0.964720,0.918032,0.801170,0.730581,0.716563,0.850782,0.784986,0.810567,0.352387,0.524168,0.551286,0.799861,-0.637006,0.667104
Basomedial amygdalar nucleus,-0.120176,-0.202109,-0.987182,-0.609975,0.133180,-0.576382,-0.783946,0.050238,0.028202,0.430600,0.119324,0.049612,0.335194,0.168567,-0.028796,-0.268251,-0.791345,0.168162,0.540954,0.266485,0.117801,0.052445,0.600203,0.104720,0.284786,-0.021742,-0.304981,-0.688433,-0.241929,0.113775,0.183013,-0.253959,0.378016,0.143297,0.068808,0.076427,0.088534,0.296343,0.254800,0.177570,0.210095,0.272242,0.388810,0.006783,0.340615,0.200788,0.758639,0.545302,0.173359,0.242184,0.273927,-0.115353,0.257969,0.220885,0.295492,-0.055875,0.208921,0.683105,0.632151,0.154210,-0.681154,0.020474,0.158540,0.332959,0.273235,-0.324123,-0.813402,0.118985,-0.897321,-0.885529,-0.780791,-0.995410,0.794692,-0.130857,-0.512659,-0.447875,-0.188286,-0.418962,0.748103,0.076998,1.000000,0.676136,0.412139,0.391319,0.816537,0.404930,0.352558,-0.237525,0.738874,0.210021,-0.231472,0.178068,0.137101,0.498218,-0.195491,0.189821,0.101240,0.234284,-0.866989,-0.458208,-0.470993,0.148229,-0.908839,0.171963,-0.491686,0.514861,-0.078016,-0.245299,0.631205,-0.350699,0.039491,0.044488,-0.533682,0.064197,0.612797,0.414032,0.489470,0.245542,0.352148,0.022580,0.362832,0.184988,-0.173518,-0.154262,0.271593,-0.256860,-0.277361,-0.794295,-0.644822,-0.844626,0.369030,-0.978103,-0.917924,-0.481514,-0.701189,-0.623057,-0.834514,-0.686289,-0.892626,-0.132066,0.025950,0.218427,-0.272206,-0.243559,0.377886,0.083698,0.819252,-0.079431,0.589023,-0.513228,-0.235102,-0.091983,-0.117520,0.350686,-0.449897,0.082219,-0.129780,0.420674,-0.436745,-0.311927,0.624265,0.073688,0.585335,0.381981,-0.259890,0.581282,-0.678413,-0.124062,0.048404,-0.672777,0.091555,0.002430,0.158057,0.289633,0.555462,0.389833,0.343191,-0.190771,-0.976288,-0.633253,-0.863633,-0.918666,-0.327420,-0.518550,-0.344300,-0.491140,0.328231,-0.478126,-0.083513,0.164854,-0.226260,0.625661,-0.102454,-0.291863,-0.373877,0.084934,-0.825837,-0.449377,-0.109613,-0.194643,-0.071717,-0.566366,0.021233,0.206234,0.074445,0.061486,-0.068271,-0.150958,-0.113766,0.510189,0.149049,-0.084139,-0.161814,0.178655,0.196343,-0.138892,-0.832632,-0.066473,-0.791984,-0.676606,0.068454,0.050464,0.253956,0.333705,-0.190688,0.072712,-0.199349,0.262857,0.261081,0.421724,0.179327,-0.325228,-0.079301,0.020612,0.649193,0.641515,0.037927
Suprageniculate nucleus,0.416185,0.253312,-0.616028,0.115234,0.288080,-0.019719,-0.194253,0.611037,0.637032,0.952052,0.798994,0.671692,0.918821,0.664750,0.552413,0.511582,-0.090623,0.834329,0.970797,0.881871,0.645069,0.361630,-0.027137,0.597675,0.542199,0.719513,-0.563391,0.068897,0.432521,0.438744,0.510576,0.305320,0.195837,0.381491,0.396291,0.413751,0.450355,0.668288,0.498270,0.741099,0.520034,0.473218,0.577115,0.576322,0.508500,0.418426,0.978293,0.043499,0.659035,0.745710,0.887128,0.646592,0.884953,0.438087,0.274004,0.409512,0.524621,0.005993,-0.103059,0.197742,-0.141555,0.610458,0.745325,0.685348,0.891229,0.415399,-0.968163,0.538173,-0.285623,-0.427274,-0.179157,-0.691691,0.117128,0.459262,-0.048316,-0.651612,0.222079,0.315548,0.976555,0.773297,0.676136,1.000000,0.940256,0.679861,0.933001,0.944906,0.891155,0.250476,0.931499,0.831867,0.359622,0.698190,0.528306,0.969776,-0.378854,0.248067,0.448789,0.648752,-0.411665,0.329372,-0.913580,0.715622,-0.596384,0.798883,-0.338952,0.979517,0.215408,0.232179,0.973992,0.217889,0.361393,0.414229,0.106737,0.764572,-0.073083,0.895466,0.690141,0.275211,0.834517,0.501690,0.801296,0.766006,0.216379,0.446788,0.874786,0.275810,0.279988,-0.268027,-0.088095,-0.181092,0.913620,-0.528795,-0.346748,0.264319,0.012981,-0.006633,-0.325339,-0.265298,-0.388483,0.640701,0.573540,0.753996,0.524093,0.288142,0.847076,0.351538,0.763638,0.666886,0.106505,0.041341,0.161388,0.008105,0.318498,0.721771,0.009616,0.603134,0.642362,-0.218699,0.315338,-0.637094,0.888520,0.417361,0.441285,0.730508,-0.191066,0.961483,-0.032110,0.417078,0.591545,0.090182,0.404147,0.719164,0.663272,0.819409,0.964401,0.823933,0.879171,0.284938,-0.765470,-0.287827,-0.222067,-0.400423,0.464684,0.018652,0.345522,-0.185393,0.563996,0.021737,0.427575,0.584224,0.422247,0.807654,0.460403,0.211673,0.169131,0.644456,-0.644610,-0.589525,0.525980,0.359304,0.402752,0.005427,0.616357,0.746101,0.492312,0.641232,0.500990,0.114937,0.442684,0.435721,0.720311,0.153867,0.551951,0.735655,0.710414,0.405368,-0.155990,0.290696,-0.119365,-0.871965,0.632788,0.581395,0.736228,0.901311,0.506187,0.542706,0.317909,0.589843,0.711035,0.901390,0.619088,-0.067243,0.213210,0.296129,0.967131,-0.016938,0.403372
Primary somatosensory area barrel field,0.669051,0.519142,-0.322014,0.444038,0.443458,0.113899,0.021114,0.819649,0.848696,0.998334,0.953608,0.874949,0.992699,0.839885,0.587926,0.766164,0.200156,0.928634,0.932311,0.942156,0.834920,0.557278,-0.196566,0.791946,0.672037,0.898288,-0.687518,0.368291,0.709452,0.621141,0.675154,0.587609,0.225292,0.546537,0.590050,0.606666,0.642557,0.802501,0.635009,0.908463,0.675695,0.600183,0.417184,0.602275,0.612317,0.566359,0.904481,-0.061628,0.832894,0.896035,0.988696,0.814003,0.981324,0.580764,0.358839,0.644439,0.681113,-0.214204,-0.341808,0.328694,0.199165,0.645076,0.769916,0.589120,0.985482,0.579383,-0.825264,0.726421,0.032303,-0.218038,0.166198,-0.447230,-0.152512,0.512415,0.269126,-0.492625,0.480942,0.619629,0.909701,0.939954,0.412139,0.940256,1.000000,0.779663,0.840407,0.997092,0.987367,0.525821,0.779650,0.970764,0.637814,0.869307,0.710056,0.994866,-0.238957,0.373573,0.636509,0.803532,-0.076942,0.620020,-0.974149,0.892830,-0.288227,0.954475,-0.076199,0.978242,0.437900,0.508237,0.892571,0.518655,0.561532,0.618028,0.436177,0.935395,-0.274786,0.976595,0.527924,0.382114,0.944525,0.717997,0.911511,0.927939,0.470144,0.707694,0.921097,0.557625,0.566815,0.075451,0.250997,0.139575,0.996452,-0.257736,-0.065896,0.575508,0.345852,0.332391,0.015980,0.063594,-0.052770,0.830680,0.789500,0.909911,0.757987,0.567289,0.947872,0.534791,0.670057,0.875236,-0.004110,0.366315,0.427687,0.200727,0.565183,0.838082,0.318176,0.803687,0.831066,-0.531991,0.618203,-0.764297,0.896392,0.611576,0.421475,0.835720,-0.274798,0.972278,0.170522,0.670951,0.801312,0.385829,0.590777,0.910539,0.841441,0.948341,0.911137,0.923731,0.981499,0.550078,-0.505704,0.025814,0.102629,-0.149350,0.725957,0.343237,0.642425,0.107224,0.679125,0.338106,0.671142,0.759722,0.697704,0.816080,0.709422,0.498398,0.472724,0.842786,-0.360327,-0.409189,0.774119,0.629169,0.641890,0.337676,0.831359,0.905955,0.692283,0.845343,0.741522,0.347887,0.694380,0.452246,0.896789,0.369487,0.802616,0.903432,0.875823,0.662702,0.159025,0.518666,0.216535,-0.710700,0.835825,0.790824,0.883775,0.994701,0.767944,0.745510,0.587375,0.731925,0.857316,0.870841,0.791000,0.194398,0.435842,0.494940,0.950523,-0.356326,0.608361
Accessory supraoptic group,0.862968,0.818669,-0.242552,0.411687,0.897560,-0.411464,-0.356535,0.911915,0.879370,0.746582,0.732786,0.869394,0.712276,0.954669,-0.031943,0.576792,-0.042074,0.527772,0.542388,0.533283,0.937104,0.921209,0.298386,0.946801,0.984800,0.611696,-0.988906,0.142928,0.750984,0.949577,0.972180,0.788256,0.773094,0.936635,0.932792,0.937999,0.946877,0.992838,0.974576,0.914060,0.976804,0.966839,-0.201543,-0.018766,0.972482,0.950524,0.769133,0.483001,0.958880,0.949836,0.739998,0.407564,0.687105,0.957007,0.863494,0.896938,0.977370,0.200785,0.049842,0.844650,0.406972,0.037852,0.205373,-0.031480,0.703166,0.073883,-0.545600,0.960149,-0.054628,-0.507855,0.257914,-0.470935,0.140744,-0.109309,0.578370,0.109673,0.819240,0.588651,0.783263,0.719546,0.391319,0.679861,0.779663,1.000000,0.797785,0.729711,0.856452,0.799969,0.377850,0.814636,0.795325,0.944083,0.965040,0.764750,0.405343,0.870241,0.949237,0.982303,0.113180,0.450394,-0.897515,0.913974,-0.038863,0.833006,0.436026,0.668094,0.849787,0.794080,0.503022,0.722976,0.918917,0.931185,0.555472,0.718262,0.181349,0.895826,-0.059629,0.876504,0.935819,0.927082,0.965035,0.895298,0.823538,0.830828,0.478571,0.788610,0.773901,0.248204,0.451034,0.026149,0.817306,-0.357497,-0.250523,0.522217,0.292457,0.468550,0.180260,0.374837,0.065127,0.485172,0.912436,0.930845,0.468764,0.796906,0.935785,0.922218,0.843146,0.660368,0.519749,0.588974,0.785438,0.738814,0.864659,0.992887,0.635040,0.934105,0.482867,-0.654749,0.550688,-0.996394,0.934083,0.938194,0.851968,0.995067,-0.815727,0.850393,-0.268112,0.860418,0.919221,0.148029,0.938396,0.715076,0.950284,0.915533,0.500768,0.958936,0.871465,0.827579,-0.344429,0.405244,0.021536,-0.377957,0.513379,0.583518,0.682407,0.536915,0.988544,0.617365,0.882674,0.971080,0.775221,0.960759,0.865243,0.765273,0.707195,0.917555,0.012149,0.191053,0.830636,0.823027,0.889820,0.536344,0.887957,0.929378,0.946747,0.903087,0.876496,0.793388,0.862037,0.888280,0.910772,0.822663,0.740842,0.919427,0.947099,0.852925,0.014598,0.876528,0.177109,-0.236244,0.912925,0.924071,0.960644,0.806213,0.752884,0.943537,0.823621,0.990017,0.974317,0.381785,0.971174,0.660700,0.848702,0.895754,0.843025,-0.430480,0.927770
Septohippocampal nucleus,0.437880,0.320275,-0.733111,-0.040690,0.492746,-0.376609,-0.512773,0.605131,0.596339,0.840953,0.649700,0.616050,0.777618,0.689150,0.215992,0.320758,-0.359870,0.611435,0.819599,0.671907,0.654829,0.501630,0.325667,0.632743,0.691826,0.518110,-0.710228,-0.185918,0.358322,0.568634,0.634381,0.311938,0.503631,0.550768,0.527003,0.539322,0.562935,0.753547,0.657666,0.711240,0.650564,0.650865,0.328195,0.244717,0.694514,0.593836,0.987048,0.400118,0.690022,0.750840,0.750046,0.378372,0.724261,0.612379,0.537386,0.471851,0.652289,0.337547,0.217487,0.443206,-0.180692,0.284733,0.455463,0.413367,0.738543,0.080068,-0.924913,0.617291,-0.489424,-0.706037,-0.288069,-0.849589,0.407444,0.109020,-0.014797,-0.415618,0.312340,0.182085,0.987215,0.617573,0.816537,0.933001,0.840407,0.797785,1.000000,0.821989,0.823300,0.298757,0.821046,0.727848,0.346561,0.703516,0.621764,0.881156,-0.095939,0.487726,0.568004,0.717407,-0.472840,0.124060,-0.893261,0.688872,-0.622424,0.705389,-0.182381,0.857663,0.362874,0.285776,0.841964,0.213758,0.495711,0.524776,0.035907,0.608406,0.269379,0.862828,0.465996,0.523192,0.826724,0.552604,0.826834,0.718231,0.317107,0.426562,0.651504,0.298205,0.286890,-0.335072,-0.128017,-0.395419,0.825541,-0.732543,-0.592941,0.112338,-0.162180,-0.078262,-0.399344,-0.247427,-0.489713,0.396773,0.579743,0.738527,0.286483,0.311598,0.842082,0.509712,0.943976,0.490284,0.457186,0.027421,0.256115,0.228824,0.397345,0.797653,0.054477,0.621918,0.397560,-0.162966,0.161715,-0.747365,0.954607,0.539891,0.717551,0.814291,-0.470963,0.939928,-0.370778,0.435863,0.598589,-0.168879,0.541166,0.563808,0.682900,0.788875,0.807750,0.844887,0.819809,0.341453,-0.829368,-0.225911,-0.422079,-0.661391,0.255254,0.013645,0.256988,-0.080274,0.719349,0.042555,0.463926,0.658757,0.368504,0.929667,0.464617,0.248755,0.178184,0.634956,-0.593138,-0.360668,0.477930,0.370442,0.460296,-0.027204,0.587754,0.729888,0.575550,0.619392,0.499320,0.271402,0.451465,0.698923,0.690082,0.324370,0.437252,0.711205,0.716921,0.422430,-0.384028,0.409270,-0.295125,-0.721281,0.621916,0.596718,0.755115,0.802656,0.410592,0.595495,0.350968,0.705752,0.751825,0.686844,0.679431,0.078560,0.361045,0.452068,0.966015,0.088667,0.516349
Primary somatosensory area lower limb,0.624200,0.465799,-0.324731,0.432322,0.374611,0.172771,0.064191,0.783054,0.818655,0.999372,0.951306,0.848583,0.997123,0.800273,0.645283,0.764661,0.221104,0.949250,0.952617,0.963632,0.796847,0.495661,-0.249080,0.748734,0.613814,0.905308,-0.630265,0.382267,0.681587,0.562062,0.618445,0.544057,0.152529,0.482335,0.530053,0.547569,0.585681,0.755213,0.574571,0.880085,0.618553,0.537571,0.480985,0.659437,0.550331,0.502442,0.895221,-0.124573,0.792145,0.862352,0.989182,0.837996,0.987551,0.517429,0.286943,0.593393,0.624392,-0.256149,-0.377092,0.255923,0.165507,0.699262,0.815430,0.647635,0.990172,0.622132,-0.836262,0.675654,0.039173,-0.178568,0.147440,-0.433478,-0.181163,0.572033,0.221418,-0.552255,0.424093,0.602871,0.899157,0.937897,0.404930,0.944906,0.997092,0.729711,0.821989,1.000000,0.973746,0.475263,0.806758,0.960304,0.598041,0.833697,0.657258,0.993576,-0.310831,0.301872,0.578833,0.757435,-0.100427,0.620067,-0.954671,0.862949,-0.312508,0.940170,-0.137905,0.987296,0.373736,0.456772,0.914343,0.476502,0.500542,0.560701,0.406414,0.933040,-0.320089,0.957372,0.584783,0.310596,0.917307,0.670208,0.877750,0.903648,0.411831,0.670184,0.947353,0.511291,0.523052,0.049573,0.216787,0.146509,0.988491,-0.240531,-0.044102,0.562656,0.339479,0.303521,-0.007136,0.021498,-0.068261,0.846661,0.750022,0.879739,0.768923,0.520863,0.921041,0.471099,0.630592,0.874035,-0.066172,0.326160,0.369973,0.128477,0.510674,0.794195,0.268204,0.763026,0.847370,-0.499173,0.605899,-0.713143,0.865835,0.552894,0.357578,0.791447,-0.200975,0.958723,0.216727,0.626572,0.762150,0.400827,0.530231,0.906120,0.802474,0.923757,0.934643,0.891911,0.965482,0.498498,-0.512672,-0.023274,0.106703,-0.119593,0.728357,0.301631,0.616519,0.049901,0.621223,0.292022,0.624186,0.710794,0.665856,0.774954,0.668024,0.449414,0.428245,0.807716,-0.397152,-0.471166,0.742818,0.585336,0.591433,0.301180,0.798669,0.875565,0.639909,0.812201,0.701777,0.282192,0.651969,0.386486,0.867662,0.302388,0.784719,0.873943,0.840493,0.618442,0.169177,0.458626,0.212198,-0.748635,0.800637,0.750121,0.847691,0.987828,0.745330,0.698370,0.539650,0.678452,0.817175,0.904802,0.744953,0.130401,0.371620,0.430658,0.936094,-0.334230,0.550551
Subfornical organ,0.775035,0.645883,-0.242953,0.521626,0.572424,0.047542,0.000451,0.898304,0.916853,0.976579,0.962409,0.934679,0.971901,0.915261,0.487843,0.801511,0.225468,0.888876,0.863571,0.893117,0.911287,0.680334,-0.145593,0.878664,0.771725,0.899476,-0.783950,0.401342,0.792858,0.735340,0.780050,0.700532,0.339200,0.667212,0.709149,0.723659,0.754814,0.882020,0.740827,0.962399,0.779283,0.708310,0.268963,0.499947,0.713976,0.682201,0.875199,0.015835,0.909985,0.954910,0.980326,0.788591,0.963015,0.694094,0.479568,0.756931,0.784060,-0.190515,-0.328800,0.461910,0.321286,0.548036,0.680478,0.458055,0.968991,0.530901,-0.751308,0.825660,0.090823,-0.227123,0.266949,-0.401176,-0.162503,0.414977,0.406034,-0.348868,0.612810,0.694327,0.883813,0.951449,0.352558,0.891155,0.987367,0.856452,0.823300,0.973746,1.000000,0.650091,0.679809,0.988378,0.742375,0.936618,0.811548,0.972188,-0.087911,0.502540,0.749215,0.885697,0.036274,0.665352,-0.988501,0.951778,-0.173208,0.982310,0.081095,0.933999,0.574519,0.634621,0.813245,0.635564,0.684465,0.734304,0.542479,0.948417,-0.239893,0.995018,0.386731,0.506421,0.982862,0.819022,0.961170,0.973662,0.603510,0.802754,0.862102,0.675725,0.681707,0.189725,0.372046,0.195340,0.996965,-0.216986,-0.036017,0.646987,0.418935,0.442567,0.127252,0.200469,0.047381,0.822331,0.875224,0.964087,0.769478,0.684651,0.983461,0.659050,0.690957,0.896572,0.069004,0.490072,0.564174,0.350651,0.688122,0.907222,0.455182,0.887431,0.821915,-0.636608,0.685684,-0.849498,0.918854,0.728056,0.504604,0.903084,-0.400865,0.966383,0.137588,0.776357,0.884812,0.415913,0.709139,0.932100,0.916428,0.986610,0.834748,0.967669,0.999427,0.672956,-0.421956,0.171446,0.164898,-0.136023,0.757877,0.469889,0.729207,0.258663,0.774841,0.470128,0.778311,0.852245,0.787394,0.857700,0.807906,0.623546,0.595307,0.916071,-0.228699,-0.259565,0.854587,0.738523,0.754465,0.458168,0.904941,0.961466,0.797677,0.916800,0.834558,0.491960,0.795504,0.545399,0.954270,0.511277,0.861729,0.959356,0.941232,0.768938,0.207894,0.647564,0.291024,-0.593873,0.910549,0.876989,0.946178,0.995894,0.837970,0.841694,0.704025,0.825042,0.926615,0.784283,0.877255,0.346817,0.572647,0.624775,0.940602,-0.455219,0.725953
Primary somatosensory area mouth,0.983976,0.998546,0.387552,0.814148,0.876877,-0.095530,0.105299,0.917821,0.893677,0.477434,0.664904,0.866935,0.500936,0.887909,-0.060913,0.754232,0.445378,0.408132,0.185227,0.350240,0.901327,0.946322,-0.038951,0.923672,0.859408,0.625133,-0.849867,0.572037,0.934777,0.933714,0.910384,0.992923,0.598296,0.906024,0.946233,0.945885,0.945291,0.851168,0.870049,0.831984,0.898121,0.852898,-0.503778,-0.070167,0.814443,0.883112,0.299289,0.190866,0.890031,0.831190,0.571229,0.465036,0.523348,0.876349,0.741434,0.982290,0.899096,-0.198981,-0.324186,0.813307,0.872823,-0.019351,0.068635,-0.292256,0.531068,0.246290,-0.022239,0.934233,0.511898,0.020448,0.773824,0.148917,-0.341664,-0.075676,0.949715,0.445380,0.993178,0.874892,0.321318,0.678358,-0.237525,0.250476,0.525821,0.799969,0.298757,0.475263,0.650091,1.000000,-0.112630,0.696281,0.982602,0.867885,0.929273,0.454519,0.592607,0.815516,0.940221,0.879168,0.686719,0.746688,-0.620738,0.851855,0.560714,0.742252,0.804234,0.337912,0.959624,0.999765,0.086721,0.987663,0.951761,0.957942,0.925307,0.685476,-0.170962,0.655176,-0.419170,0.786125,0.741570,0.959957,0.769591,0.804970,0.989290,0.967284,0.287868,0.997415,0.993551,0.778490,0.894535,0.559698,0.595450,0.249464,0.315199,0.844593,0.747705,0.893932,0.733356,0.850608,0.648049,0.560559,0.936212,0.824312,0.637580,0.997370,0.724792,0.929097,0.360051,0.717791,0.199307,0.954575,0.989668,0.863234,0.991913,0.813747,0.968683,0.923132,0.556510,-0.955837,0.844293,-0.847982,0.568904,0.947489,0.538276,0.796291,-0.717554,0.497964,0.124578,0.983496,0.928469,0.566352,0.937821,0.723374,0.889664,0.758841,0.131361,0.744615,0.673181,0.998851,0.281324,0.853172,0.569520,0.180594,0.724824,0.953659,0.929324,0.902057,0.835197,0.965678,0.982183,0.914478,0.952494,0.603593,0.972127,0.998387,0.988445,0.900117,0.569494,0.530352,0.933502,0.990373,0.984736,0.932396,0.908961,0.830794,0.950457,0.898904,0.960307,0.950539,0.976943,0.624390,0.847482,0.938580,0.865240,0.837617,0.859035,0.985304,0.537750,0.975846,0.687626,0.224616,0.906062,0.933310,0.836549,0.605910,0.899683,0.944030,0.997170,0.874767,0.849125,0.088108,0.902973,0.926517,0.959397,0.943146,0.447909,-0.861751,0.959081
Subparaventricular zone,0.065171,-0.112846,-0.736158,-0.143543,-0.060996,0.082721,-0.171986,0.290371,0.331843,0.810915,0.597322,0.379158,0.774854,0.349314,0.643025,0.283893,-0.198013,0.738427,0.941469,0.804448,0.327521,0.000848,-0.081311,0.266947,0.211882,0.541393,-0.237169,-0.085094,0.117571,0.084987,0.166844,-0.046835,-0.074668,0.029570,0.037593,0.056300,0.095897,0.354251,0.161951,0.456580,0.179444,0.139298,0.808651,0.669484,0.186925,0.073764,0.877696,-0.092622,0.341533,0.454783,0.717115,0.537709,0.736496,0.096197,-0.038282,0.051233,0.184270,0.013092,-0.050144,-0.137259,-0.445641,0.684675,0.782389,0.846903,0.738536,0.395452,-0.976048,0.194759,-0.430766,-0.384263,-0.434901,-0.719662,0.183775,0.557062,-0.393004,-0.860462,-0.146890,0.032391,0.867741,0.567876,0.738874,0.931499,0.779650,0.377850,0.821046,0.806758,0.679809,-0.112630,1.000000,0.610582,0.015341,0.393803,0.183825,0.832606,-0.646994,-0.086215,0.094847,0.327795,-0.647395,0.105743,-0.703712,0.423238,-0.795467,0.558966,-0.657785,0.890295,-0.152671,-0.132007,0.976048,-0.131005,-0.000233,0.055381,-0.208009,0.556636,-0.078659,0.675575,0.887687,-0.050005,0.578644,0.154265,0.528790,0.494733,-0.153262,0.110008,0.822057,-0.081204,-0.072641,-0.534166,-0.399342,-0.340409,0.725776,-0.582464,-0.414237,-0.004895,-0.219250,-0.310941,-0.574526,-0.573397,-0.602576,0.493119,0.243713,0.469539,0.346994,-0.068965,0.596730,-0.006687,0.606781,0.450628,-0.030991,-0.295264,-0.207659,-0.341367,-0.047081,0.423263,-0.343553,0.275770,0.496401,0.108946,0.046941,-0.319142,0.680290,0.059953,0.200090,0.436759,0.116540,0.795902,-0.011574,0.066802,0.264450,-0.060806,0.047291,0.497238,0.348117,0.561645,0.955236,0.561368,0.657886,-0.079076,-0.859187,-0.605479,-0.387946,-0.417599,0.250672,-0.319516,0.034595,-0.527950,0.241360,-0.325646,0.074469,0.249076,0.096982,0.575706,0.117306,-0.149006,-0.182952,0.331036,-0.862090,-0.826753,0.207178,0.007604,0.044472,-0.319968,0.303247,0.459420,0.141981,0.330591,0.163544,-0.252418,0.096859,0.166359,0.430188,-0.211630,0.270448,0.448050,0.409043,0.054688,-0.304668,-0.077019,-0.331131,-0.987581,0.317428,0.250908,0.440676,0.711683,0.208404,0.200904,-0.040743,0.260912,0.406604,0.918254,0.291030,-0.425409,-0.154877,-0.067093,0.815472,0.269207,0.043569
Subceruleus nucleus,0.811733,0.685011,-0.101571,0.637902,0.548074,0.167746,0.143485,0.918293,0.944280,0.958382,0.990757,0.961354,0.970009,0.916137,0.543495,0.882960,0.370600,0.916572,0.831399,0.906008,0.920641,0.677411,-0.271473,0.886043,0.738522,0.951143,-0.748643,0.535882,0.857457,0.726734,0.763928,0.755088,0.262967,0.648181,0.705856,0.720318,0.752167,0.857618,0.709747,0.969456,0.758673,0.671856,0.251188,0.550535,0.667376,0.655038,0.795691,-0.098225,0.909316,0.948988,0.986626,0.857304,0.973628,0.664645,0.423700,0.779752,0.764070,-0.326714,-0.460819,0.426906,0.428475,0.597494,0.710867,0.456031,0.976793,0.628206,-0.666461,0.824630,0.239277,-0.081222,0.393992,-0.258739,-0.308602,0.484043,0.484490,-0.323883,0.646481,0.786938,0.805789,0.986000,0.210021,0.831867,0.970764,0.814636,0.727848,0.960304,0.988378,0.696281,0.610582,1.000000,0.797258,0.938937,0.806023,0.942082,-0.095158,0.464482,0.743923,0.871765,0.163092,0.770502,-0.955002,0.962205,-0.050675,0.997804,0.133486,0.904196,0.585574,0.680834,0.765088,0.702693,0.684073,0.737328,0.639422,0.984685,-0.369102,0.970896,0.355825,0.459905,0.964109,0.834165,0.936606,0.982026,0.633719,0.849605,0.874869,0.728197,0.738892,0.311704,0.475820,0.340787,0.985247,-0.066441,0.116280,0.748859,0.546869,0.548943,0.253699,0.298488,0.182501,0.891617,0.896523,0.963986,0.855744,0.735441,0.960883,0.649194,0.578650,0.953307,-0.048841,0.576341,0.602352,0.348931,0.715555,0.877144,0.525199,0.899966,0.890972,-0.719113,0.782727,-0.819223,0.852672,0.725557,0.408268,0.867712,-0.345745,0.917244,0.272391,0.813951,0.903217,0.549203,0.702023,0.976276,0.919311,0.979075,0.800352,0.940101,0.988128,0.712482,-0.293215,0.256437,0.310470,0.015102,0.848242,0.555307,0.807590,0.321892,0.735131,0.547132,0.808442,0.846208,0.847407,0.783314,0.845078,0.677662,0.662973,0.932219,-0.127804,-0.230972,0.899923,0.785547,0.779922,0.552881,0.931631,0.963044,0.801482,0.937561,0.868473,0.509610,0.833357,0.462017,0.965045,0.518761,0.921858,0.965574,0.941047,0.808541,0.353589,0.662386,0.427748,-0.535160,0.928950,0.893961,0.936855,0.990169,0.899239,0.850412,0.748247,0.800158,0.913305,0.773209,0.871543,0.385327,0.583783,0.622823,0.879118,-0.568281,0.729362
Bed nuclei of the stria terminalis,0.992093,0.973811,0.374293,0.871833,0.801422,0.050020,0.216175,0.955367,0.948120,0.595974,0.782087,0.930993,0.628403,0.918348,0.125241,0.861673,0.538552,0.563358,0.327413,0.505447,0.935762,0.902240,-0.184284,0.943252,0.828754,0.757427,-0.822372,0.670702,0.984335,0.900684,0.886516,0.997393,0.478244,0.852521,0.908943,0.912210,0.920095,0.857832,0.831398,0.892237,0.872571,0.804972,-0.342519,0.116277,0.766916,0.830758,0.374739,0.045635,0.917249,0.877603,0.692901,0.621341,0.655381,0.826288,0.643471,0.973301,0.875091,-0.329671,-0.457414,0.714632,0.859517,0.166669,0.250030,-0.116328,0.660234,0.414143,-0.123387,0.930500,0.560204,0.096569,0.787610,0.150366,-0.443140,0.108317,0.913398,0.284062,0.956347,0.939616,0.395414,0.795670,-0.231472,0.359622,0.637814,0.795325,0.346561,0.598041,0.742375,0.982602,0.015341,0.797258,1.000000,0.909383,0.918939,0.565884,0.432963,0.723528,0.912284,0.890359,0.662586,0.844376,-0.696171,0.908245,0.508699,0.835187,0.695409,0.465930,0.899561,0.978619,0.223290,0.989032,0.909868,0.930195,0.945425,0.802074,-0.313499,0.733387,-0.259848,0.693671,0.802692,0.964051,0.813708,0.875207,0.947776,0.995458,0.449100,0.992810,0.995697,0.767421,0.885763,0.620427,0.698984,0.281764,0.379301,0.913009,0.805652,0.905153,0.721030,0.803777,0.642998,0.704599,0.965215,0.879970,0.767436,0.993404,0.786190,0.877071,0.345800,0.833614,0.061794,0.945266,0.945822,0.757224,0.968118,0.829598,0.932400,0.949829,0.701129,-0.978919,0.917807,-0.841813,0.607968,0.915335,0.453522,0.810021,-0.606134,0.580441,0.257349,0.992884,0.958840,0.668703,0.898806,0.834966,0.921884,0.827583,0.276262,0.793049,0.760516,0.981110,0.235503,0.786393,0.620673,0.248679,0.836350,0.938769,0.977284,0.825609,0.804571,0.940300,0.985351,0.916991,0.992482,0.612184,0.991430,0.982219,0.980200,0.942369,0.481546,0.375673,0.980536,0.997733,0.977067,0.928027,0.956387,0.885944,0.940753,0.945928,0.985757,0.878274,0.992756,0.542800,0.905781,0.864203,0.943008,0.895084,0.901284,0.994344,0.606670,0.933767,0.735508,0.083239,0.947745,0.959335,0.876431,0.712482,0.965029,0.951227,0.991877,0.861682,0.877654,0.251973,0.914514,0.843263,0.898997,0.886952,0.523523,-0.889485,0.929380
Primary somatosensory area nose,0.940677,0.868873,-0.035730,0.654607,0.801515,-0.092004,-0.032737,0.991509,0.986004,0.839361,0.897407,0.983685,0.838586,0.998127,0.229211,0.813714,0.272977,0.723989,0.632338,0.706243,0.997401,0.888569,-0.031425,0.990242,0.917924,0.825435,-0.921729,0.449071,0.909766,0.918718,0.938368,0.889618,0.551882,0.870041,0.906080,0.914664,0.932686,0.974813,0.903426,0.994537,0.934420,0.878448,-0.081721,0.234872,0.868562,0.872393,0.725402,0.174538,0.996955,0.997449,0.874192,0.667674,0.837019,0.877511,0.696289,0.937292,0.937413,-0.132990,-0.281877,0.709371,0.569172,0.290124,0.425682,0.129285,0.846203,0.385051,-0.514281,0.968751,0.223548,-0.214181,0.474571,-0.251969,-0.182179,0.169849,0.676261,-0.000159,0.849554,0.803404,0.740806,0.893868,0.178068,0.698190,0.869307,0.944083,0.703516,0.833697,0.936618,0.867885,0.393803,0.938937,0.909383,1.000000,0.960466,0.832327,0.250531,0.736767,0.928353,0.984849,0.291984,0.713726,-0.928064,0.996147,0.104963,0.956153,0.423073,0.750328,0.823208,0.858446,0.561982,0.840309,0.892275,0.923318,0.734890,0.894602,-0.152765,0.943716,0.039728,0.729363,0.976767,0.967999,0.981358,0.986895,0.844084,0.942813,0.656185,0.878216,0.877027,0.433520,0.612721,0.312353,0.907276,-0.095311,0.045669,0.754058,0.552281,0.653271,0.370470,0.490806,0.274151,0.735831,0.986117,0.995993,0.732677,0.884576,0.970965,0.871248,0.664987,0.867394,0.213062,0.724561,0.815812,0.647591,0.897978,0.974508,0.720480,0.992138,0.733674,-0.815616,0.780094,-0.957178,0.879694,0.917610,0.633203,0.966399,-0.636443,0.862222,0.064446,0.940690,0.989720,0.455721,0.904132,0.899148,0.998506,0.980981,0.589156,0.974473,0.947731,0.885073,-0.189403,0.482487,0.298921,-0.081710,0.767256,0.712470,0.860423,0.572729,0.911499,0.723747,0.945697,0.977790,0.918182,0.865352,0.954185,0.846328,0.816163,0.995577,0.089044,0.094269,0.957858,0.915721,0.935456,0.689092,0.986995,0.996676,0.957193,0.992625,0.966214,0.764988,0.948744,0.693397,0.995230,0.776696,0.918798,0.996056,0.999818,0.935929,0.308680,0.873068,0.439723,-0.279262,0.993898,0.988320,0.996950,0.908302,0.921200,0.977469,0.900087,0.952737,0.993929,0.522926,0.986833,0.652990,0.821919,0.852959,0.828889,-0.640617,0.918636
Preparasubthalamic nucleus,0.961142,0.940121,0.019994,0.609345,0.935334,-0.294476,-0.173042,0.962471,0.931950,0.668576,0.741993,0.914160,0.657761,0.975690,-0.045601,0.684971,0.169045,0.503746,0.415299,0.481843,0.970757,0.980348,0.166115,0.986435,0.981562,0.650137,-0.979931,0.338280,0.870866,0.992340,0.996092,0.919051,0.736838,0.972201,0.987463,0.990530,0.995765,0.983044,0.979889,0.926367,0.993574,0.967599,-0.343589,-0.041533,0.954271,0.970743,0.604461,0.380166,0.979198,0.947991,0.705518,0.454624,0.652077,0.971787,0.855104,0.981252,0.994354,0.036169,-0.111455,0.874906,0.631822,0.015518,0.157059,-0.146436,0.665326,0.153700,-0.345911,0.999181,0.190220,-0.303383,0.496916,-0.224796,-0.063025,-0.099680,0.770835,0.261525,0.938083,0.744837,0.622779,0.739722,0.137101,0.528306,0.710056,0.965040,0.621764,0.657258,0.811548,0.929273,0.183825,0.806023,0.918939,0.960466,1.000000,0.669720,0.507851,0.891648,0.994992,0.988810,0.369633,0.603839,-0.823937,0.934983,0.220890,0.837388,0.619390,0.559337,0.942141,0.925533,0.348007,0.876560,0.981322,0.991625,0.746281,0.742039,0.036406,0.837955,-0.219277,0.882659,0.900258,0.990095,0.930422,0.903052,0.939013,0.934138,0.420936,0.921199,0.910481,0.492888,0.668447,0.260870,0.763619,-0.110928,-0.016245,0.690720,0.506926,0.679037,0.431342,0.602214,0.323228,0.544086,0.970796,0.933330,0.567589,0.926287,0.892907,0.973414,0.676241,0.720521,0.406501,0.779584,0.915718,0.831551,0.965534,0.966757,0.814004,0.978410,0.540901,-0.820738,0.708131,-0.983794,0.823664,0.991355,0.759289,0.960464,-0.815219,0.741313,-0.110112,0.959367,0.971594,0.338949,0.987231,0.756620,0.973765,0.895346,0.366155,0.915771,0.830860,0.945765,-0.089246,0.621978,0.262288,-0.153483,0.633104,0.775805,0.826268,0.724349,0.973287,0.801851,0.972469,0.997299,0.893492,0.855130,0.957405,0.907217,0.867154,0.958223,0.255994,0.348767,0.919328,0.939349,0.977944,0.737516,0.943888,0.935257,0.997998,0.948805,0.959189,0.903412,0.957523,0.819278,0.931108,0.916198,0.834343,0.932122,0.958458,0.955544,0.244200,0.965753,0.409639,-0.047782,0.957969,0.976678,0.956962,0.761372,0.856759,0.993276,0.942639,0.991547,0.970831,0.274089,0.992363,0.811204,0.941372,0.963248,0.714881,-0.641603,0.990013
Sublaterodorsal nucleus,0.605755,0.450947,-0.414966,0.351225,0.409504,0.068359,-0.048663,0.770776,0.798547,0.996829,0.919047,0.827278,0.982382,0.801753,0.578311,0.698822,0.112203,0.909533,0.953566,0.933451,0.792093,0.511758,-0.141909,0.747798,0.647559,0.854676,-0.664861,0.280620,0.637506,0.580171,0.640013,0.514215,0.227195,0.510446,0.545341,0.562325,0.598643,0.777149,0.608212,0.872324,0.643312,0.576147,0.463974,0.595762,0.595387,0.535678,0.939340,-0.023620,0.795185,0.865488,0.970362,0.770908,0.963843,0.551797,0.345542,0.586951,0.648501,-0.145532,-0.269857,0.301124,0.102044,0.636803,0.767217,0.619348,0.968865,0.532298,-0.877851,0.684098,-0.064465,-0.288589,0.065619,-0.528546,-0.069522,0.496244,0.181492,-0.540542,0.414760,0.537092,0.942657,0.901541,0.498218,0.969776,0.994866,0.764750,0.881156,0.993576,0.972188,0.454519,0.832606,0.942082,0.565884,0.832327,0.669720,1.000000,-0.276529,0.348106,0.593965,0.771824,-0.176859,0.539718,-0.970255,0.853672,-0.382675,0.920945,-0.150085,0.990027,0.383006,0.436595,0.926183,0.438630,0.514635,0.570335,0.345051,0.895693,-0.212122,0.966469,0.577572,0.362377,0.926111,0.666731,0.893334,0.893245,0.405532,0.641644,0.915839,0.484300,0.491804,-0.024928,0.155086,0.043328,0.984825,-0.345098,-0.154301,0.489828,0.249976,0.236946,-0.084800,-0.030732,-0.153557,0.781831,0.738333,0.877459,0.695451,0.494906,0.932252,0.492974,0.711256,0.823264,0.036195,0.276799,0.358670,0.152775,0.503505,0.818237,0.234105,0.757502,0.782572,-0.447312,0.535528,-0.741011,0.908711,0.566857,0.439831,0.819254,-0.260982,0.982807,0.106157,0.607322,0.752138,0.299405,0.548300,0.864515,0.802337,0.923947,0.936254,0.908655,0.964654,0.482290,-0.590130,-0.063598,0.005006,-0.230654,0.655648,0.253706,0.563357,0.026123,0.659162,0.251493,0.610923,0.721487,0.626493,0.828373,0.647425,0.423125,0.391515,0.797157,-0.447071,-0.462267,0.712101,0.560100,0.583028,0.245190,0.780268,0.872283,0.646149,0.797782,0.682324,0.288849,0.631492,0.460177,0.857820,0.316133,0.738722,0.867226,0.840626,0.597905,0.064385,0.462681,0.117879,-0.764451,0.788694,0.741789,0.854179,0.979731,0.700764,0.698617,0.518325,0.703971,0.828214,0.887411,0.753932,0.124529,0.380886,0.447964,0.969183,-0.260331,0.560239
Primary somatosensory area trunk,0.468341,0.621875,0.301898,0.192095,0.763313,-0.649702,-0.387915,0.299173,0.214942,-0.292663,-0.176679,0.158762,-0.314706,0.308977,-0.834815,-0.070291,-0.139001,-0.473521,-0.548154,-0.507550,0.300969,0.666654,0.579592,0.377185,0.553180,-0.255229,-0.533689,-0.103777,0.270145,0.609445,0.554599,0.495219,0.803362,0.682574,0.636421,0.620227,0.582644,0.386975,0.594634,0.151257,0.554341,0.625232,-0.971585,-0.842505,0.600700,0.663184,-0.212442,0.698059,0.323751,0.207558,-0.251076,-0.435470,-0.319334,0.648859,0.784227,0.538334,0.548209,0.431240,0.381415,0.830597,0.532423,-0.815649,-0.757937,-0.925346,-0.303776,-0.585768,0.466410,0.482690,0.093977,-0.275448,0.370046,0.117997,0.227201,-0.827913,0.662575,0.945214,0.670818,0.182956,-0.194920,-0.168354,-0.195491,-0.378854,-0.238957,0.405343,-0.095939,-0.310831,-0.087911,0.592607,-0.646994,-0.095158,0.432963,0.250531,0.507851,-0.276529,1.000000,0.801033,0.591313,0.384602,0.494305,-0.022567,0.035670,0.179463,0.553290,-0.035245,0.901701,-0.408360,0.748944,0.609087,-0.578097,0.510735,0.660571,0.602246,0.407091,-0.161031,0.500122,-0.027476,-0.925372,0.785443,0.093188,0.466575,0.180409,0.094034,0.688386,0.374793,-0.565405,0.536897,0.506747,0.480611,0.521998,0.061801,-0.165031,0.034506,-0.072812,0.154742,0.161851,0.434114,0.465204,0.666495,0.393451,-0.333276,0.346630,0.165249,-0.226065,0.533460,0.082248,0.690780,0.203416,-0.134277,0.666779,0.548204,0.701695,0.899692,0.610291,0.325633,0.668930,0.347221,-0.337941,-0.404141,0.130325,-0.440123,0.087933,0.614590,0.610091,0.324447,-0.832125,-0.133661,-0.478094,0.462783,0.335686,-0.123370,0.638508,-0.117174,0.302674,0.072033,-0.587850,0.147776,-0.054365,0.591212,0.388535,0.751492,0.109137,-0.158069,-0.099927,0.572151,0.279340,0.811054,0.538678,0.621615,0.487042,0.443419,0.319737,0.237252,0.413075,0.589146,0.553871,0.268151,0.709114,0.959527,0.273912,0.478512,0.534640,0.518230,0.253370,0.171324,0.518918,0.248046,0.378820,0.800737,0.431170,0.643637,0.168950,0.800534,0.108986,0.166104,0.241906,0.465938,0.014677,0.678765,0.179487,0.758562,0.274426,0.356840,0.237948,-0.171148,0.181570,0.442629,0.536925,0.486005,0.293076,-0.685191,0.397826,0.844703,0.750349,0.719020,-0.132614,-0.347305,0.611596
Mediodorsal nucleus of thalamus,0.791629,0.845523,-0.037082,0.328985,0.992645,-0.652028,-0.482923,0.736843,0.668195,0.323975,0.362865,0.631728,0.284946,0.775553,-0.489192,0.303762,-0.148566,0.071964,0.060216,0.061857,0.757298,0.948632,0.543855,0.805287,0.937632,0.235703,-0.930399,-0.008130,0.604175,0.937651,0.924860,0.752752,0.951562,0.972248,0.939808,0.934398,0.919537,0.850154,0.952820,0.662470,0.929112,0.966140,-0.647648,-0.483312,0.959749,0.973247,0.401397,0.721803,0.786716,0.719873,0.334365,0.002660,0.262371,0.970380,0.992342,0.855564,0.925961,0.404783,0.280247,0.998664,0.512728,-0.432330,-0.288173,-0.519259,0.281923,-0.300553,-0.123350,0.873493,-0.031796,-0.519615,0.323561,-0.282431,0.259455,-0.539123,0.701592,0.572487,0.874078,0.444532,0.419397,0.356922,0.189821,0.248067,0.373573,0.870241,0.487726,0.301872,0.502540,0.815516,-0.086215,0.464482,0.723528,0.736767,0.891648,0.348106,0.801033,1.000000,0.926576,0.838787,0.298433,0.241300,-0.563982,0.676568,0.234691,0.507318,0.748340,0.215147,0.943032,0.820655,0.024070,0.715453,0.943071,0.918294,0.543044,0.359507,0.427346,0.564317,-0.527945,0.998292,0.653278,0.838498,0.720894,0.619173,0.887422,0.717334,-0.004252,0.776160,0.748978,0.378717,0.536300,0.003314,0.435945,-0.257778,-0.248076,0.383940,0.232850,0.499164,0.325621,0.567597,0.210637,0.107179,0.762388,0.683035,0.149166,0.780135,0.648577,0.964535,0.683776,0.330452,0.729563,0.644067,0.867747,0.957781,0.872360,0.818875,0.743884,0.779346,0.103263,-0.609414,0.390463,-0.883018,0.664577,0.931207,0.903937,0.821327,-0.987506,0.486022,-0.472587,0.786712,0.761735,-0.015059,0.945740,0.378623,0.768706,0.625306,0.012942,0.700343,0.530133,0.834516,-0.051204,0.637091,0.025900,-0.375036,0.244440,0.653795,0.560970,0.760246,0.934278,0.704807,0.816410,0.860861,0.647897,0.764884,0.763075,0.788969,0.728515,0.724918,0.358352,0.630967,0.663207,0.768327,0.848180,0.591592,0.694667,0.684841,0.882959,0.703348,0.752796,0.932914,0.770585,0.941055,0.668735,0.954745,0.512092,0.674183,0.734837,0.782991,-0.029588,0.920971,0.165976,0.240181,0.724631,0.776715,0.744276,0.423639,0.558613,0.838125,0.801158,0.902001,0.784056,-0.123027,0.836191,0.865323,0.943073,0.960369,0.485855,-0.425843,0.921042
Parasubthalamic nucleus,0.955337,0.953555,0.058151,0.596383,0.963522,-0.347381,-0.202595,0.936425,0.898305,0.591391,0.675032,0.875104,0.579213,0.949347,-0.137872,0.635646,0.146630,0.417505,0.324179,0.392590,0.944061,0.995109,0.218893,0.967525,0.982133,0.580641,-0.978279,0.308830,0.848679,0.999518,0.996432,0.919605,0.780727,0.988830,0.998249,0.999239,0.999799,0.964501,0.985445,0.885053,0.993905,0.977324,-0.435007,-0.135114,0.961684,0.984961,0.538775,0.433409,0.954297,0.911430,0.631564,0.377206,0.573742,0.984205,0.889859,0.981859,0.993942,0.079695,-0.064167,0.914429,0.656650,-0.078619,0.060001,-0.244574,0.587865,0.078918,-0.267071,0.991444,0.193602,-0.311477,0.512117,-0.192339,-0.037164,-0.187284,0.801012,0.355340,0.957159,0.721437,0.558005,0.674065,0.101240,0.448789,0.636509,0.949237,0.568004,0.578833,0.749215,0.940221,0.094847,0.743923,0.912284,0.928353,0.994992,0.593965,0.591313,0.926576,1.000000,0.969949,0.407369,0.565965,-0.766199,0.896498,0.274829,0.780362,0.686177,0.475329,0.969325,0.938632,0.257207,0.882016,0.995393,0.998375,0.748941,0.677138,0.088129,0.780565,-0.313668,0.916088,0.853067,0.981570,0.891252,0.856622,0.959962,0.919512,0.328848,0.926389,0.913002,0.521023,0.689623,0.255917,0.695388,-0.095175,-0.018935,0.667784,0.497348,0.689416,0.461753,0.644210,0.352475,0.472843,0.949769,0.892974,0.507818,0.930702,0.844797,0.991202,0.653233,0.660734,0.454315,0.796169,0.939945,0.882892,0.975640,0.941956,0.841904,0.956694,0.469312,-0.817858,0.681101,-0.971190,0.779278,0.999384,0.778686,0.935762,-0.858102,0.676985,-0.154404,0.953057,0.949156,0.307143,0.998155,0.696125,0.946874,0.846361,0.273492,0.873654,0.771200,0.955292,-0.034457,0.672175,0.262743,-0.157352,0.583924,0.795384,0.808420,0.774255,0.972501,0.825250,0.967909,0.984969,0.875475,0.825815,0.945438,0.919416,0.878233,0.928728,0.325110,0.438791,0.893889,0.936436,0.978415,0.753567,0.913919,0.895535,0.994692,0.917720,0.943031,0.939284,0.947670,0.839145,0.891660,0.950915,0.795638,0.892138,0.925394,0.949907,0.234848,0.983402,0.408587,0.045143,0.929288,0.956327,0.923251,0.692761,0.825086,0.981568,0.946209,0.983942,0.942511,0.176723,0.975065,0.858708,0.968771,0.985208,0.651978,-0.644501,0.997963
Submedial nucleus of the thalamus,0.936949,0.888845,-0.083113,0.574068,0.886100,-0.257669,-0.179067,0.972179,0.950176,0.768485,0.809853,0.940502,0.754027,0.992287,0.063502,0.710825,0.145525,0.603326,0.544524,0.591256,0.984949,0.941253,0.134061,0.990224,0.972774,0.715131,-0.974998,0.324842,0.861340,0.965510,0.981311,0.880598,0.688134,0.936362,0.953861,0.959761,0.971122,0.997600,0.963481,0.962510,0.980437,0.947558,-0.203795,0.071088,0.941279,0.941139,0.711348,0.339003,0.994269,0.981692,0.791572,0.528506,0.743751,0.945462,0.809496,0.952667,0.982012,0.023178,-0.128168,0.814942,0.546952,0.128164,0.277633,-0.006845,0.756516,0.219890,-0.478092,0.990203,0.129371,-0.337526,0.421089,-0.315466,-0.046065,-0.000686,0.685896,0.117515,0.880956,0.729643,0.727512,0.803635,0.234284,0.648752,0.803532,0.982303,0.717407,0.757435,0.885697,0.879168,0.327795,0.871765,0.890359,0.984849,0.988810,0.771824,0.384602,0.838787,0.969949,1.000000,0.265223,0.607104,-0.899186,0.965846,0.098534,0.894106,0.495971,0.674982,0.881675,0.872513,0.483775,0.827737,0.942270,0.961304,0.693432,0.804254,0.009590,0.909134,-0.073230,0.835038,0.954165,0.976690,0.974664,0.946287,0.880494,0.919127,0.535542,0.877014,0.868549,0.401011,0.589105,0.211209,0.846934,-0.183605,-0.065895,0.672704,0.464906,0.613520,0.335972,0.497392,0.228582,0.607418,0.972924,0.970530,0.608569,0.883669,0.949585,0.932708,0.734138,0.768868,0.373664,0.710541,0.850317,0.744349,0.922482,0.992310,0.734330,0.984430,0.604856,-0.779159,0.697141,-0.992179,0.891949,0.961216,0.751148,0.987872,-0.758890,0.832863,-0.094084,0.935592,0.976681,0.329202,0.954790,0.809650,0.990449,0.947882,0.499287,0.965448,0.900806,0.899646,-0.208743,0.509993,0.205062,-0.198332,0.656655,0.702991,0.806765,0.618386,0.968841,0.726191,0.948641,0.996488,0.879351,0.904800,0.941656,0.853027,0.810540,0.974149,0.119540,0.206986,0.920125,0.907948,0.948685,0.667081,0.957042,0.970948,0.981202,0.965496,0.950358,0.829365,0.938603,0.804714,0.963259,0.847078,0.850004,0.966603,0.985081,0.930205,0.200879,0.916694,0.354664,-0.196243,0.971978,0.979278,0.987734,0.843146,0.861829,0.986480,0.903178,0.990952,0.995264,0.407360,0.998418,0.715539,0.880596,0.914181,0.809342,-0.584844,0.957926
Primary somatosensory area upper limb,0.583221,0.661876,0.935335,0.847190,0.366437,0.336044,0.602828,0.413672,0.412654,-0.117143,0.209816,0.380213,-0.036966,0.312610,-0.067289,0.546768,0.785350,0.032076,-0.354114,-0.070394,0.355968,0.451848,-0.421680,0.381617,0.230664,0.290191,-0.209816,0.770804,0.636237,0.396333,0.330108,0.688581,0.057380,0.366750,0.437489,0.430509,0.418541,0.206260,0.260872,0.268404,0.304263,0.242115,-0.594101,-0.098565,0.171639,0.311988,-0.438038,-0.264904,0.311113,0.224160,0.045950,0.271745,0.030469,0.292884,0.184179,0.539778,0.305148,-0.568731,-0.593098,0.325945,0.951962,-0.083012,-0.140106,-0.450385,0.023878,0.313442,0.626571,0.383578,0.911868,0.646589,0.967856,0.816547,-0.732956,0.002009,0.872325,0.608694,0.652638,0.733260,-0.418654,0.248107,-0.866989,-0.411665,-0.076942,0.113180,-0.472840,-0.100427,0.036274,0.686719,-0.647395,0.163092,0.662586,0.291984,0.369633,-0.176859,0.494305,0.298433,0.407369,0.265223,1.000000,0.687585,0.061547,0.301498,0.976345,0.217147,0.805938,-0.253255,0.560774,0.693563,-0.469301,0.758998,0.463563,0.458545,0.858092,0.261460,-0.498506,-0.002593,-0.625857,0.242226,0.092423,0.465963,0.103892,0.246141,0.641131,0.593956,-0.107531,0.695837,0.707065,0.988023,0.934418,0.892823,-0.007065,0.844732,0.823112,0.763452,0.881588,0.911658,0.995631,0.955039,0.993659,0.336194,0.443712,0.235517,0.483905,0.685703,0.064694,0.422345,-0.424608,0.385047,-0.295641,0.866780,0.687948,0.536903,0.595192,0.144024,0.835101,0.395896,0.332268,-0.788335,0.728343,-0.197040,-0.190584,0.432884,-0.138411,0.112558,-0.202868,-0.207855,0.527066,0.585478,0.422645,0.755119,0.416831,0.328168,0.320774,0.145352,-0.392935,0.069827,0.056441,0.651399,0.883801,0.923021,0.914928,0.754548,0.574766,0.872025,0.710286,0.844766,0.186066,0.851225,0.556534,0.337481,0.636476,-0.164633,0.560549,0.726021,0.779665,0.377418,0.930111,0.650592,0.537763,0.642185,0.552408,0.893661,0.427742,0.248031,0.426817,0.392795,0.527195,0.614363,0.572498,-0.039966,0.298086,0.559188,0.532666,0.271305,0.273666,0.597552,0.870263,0.554744,0.922102,0.661635,0.392875,0.424906,0.220125,0.023592,0.575428,0.419599,0.653065,0.249276,0.224696,-0.320980,0.318078,0.735563,0.561722,0.477748,-0.281572,-0.904039,0.464618
Infracerebellar nucleus,0.781583,0.711184,0.540668,0.966412,0.356690,0.575056,0.673064,0.776343,0.819913,0.600176,0.827444,0.824880,0.675162,0.695568,0.564739,0.979182,0.866660,0.747720,0.429408,0.675456,0.733705,0.533186,-0.679848,0.706090,0.442323,0.890047,-0.439402,0.945596,0.916359,0.540967,0.532416,0.817058,-0.065166,0.445716,0.550050,0.559141,0.582374,0.553168,0.433425,0.748147,0.509794,0.385671,0.033863,0.548093,0.338064,0.415197,0.231243,-0.494925,0.685270,0.683267,0.726460,0.879021,0.729759,0.411537,0.135760,0.705614,0.515846,-0.774744,-0.858896,0.228952,0.801933,0.579685,0.587041,0.252695,0.721506,0.819974,-0.095077,0.634267,0.802764,0.529869,0.847312,0.416281,-0.818690,0.578033,0.732622,-0.058745,0.664038,0.975387,0.246170,0.850567,-0.458208,0.329372,0.620020,0.450394,0.124060,0.620067,0.665352,0.746688,0.105743,0.770502,0.844376,0.713726,0.603839,0.539718,-0.022567,0.241300,0.565965,0.607104,0.687585,1.000000,-0.553523,0.759128,0.518322,0.789722,0.386071,0.503185,0.531041,0.736791,0.311868,0.832642,0.548161,0.596787,0.903229,0.857355,-0.771100,0.604972,0.058801,0.201377,0.631791,0.707634,0.594158,0.758361,0.641600,0.844459,0.647770,0.791949,0.817137,0.774653,0.821367,0.861729,0.656716,0.583987,0.716285,0.984188,0.946466,0.878800,0.749861,0.679124,0.728686,0.914324,0.769610,0.715291,0.967469,0.789929,0.612592,0.485468,-0.032160,0.922159,-0.477160,0.823466,0.653090,0.316659,0.683638,0.538932,0.727496,0.735501,0.912538,-0.900718,0.986797,-0.504704,0.351716,0.566052,-0.058222,0.509816,-0.085738,0.453006,0.725673,0.786519,0.761539,0.948570,0.531422,0.887687,0.705794,0.688003,0.394399,0.581621,0.669108,0.730518,0.354713,0.600517,0.843795,0.631022,0.988876,0.806412,0.938363,0.561807,0.411511,0.769066,0.753157,0.626029,0.893667,0.278336,0.803622,0.766005,0.809250,0.768036,0.383578,0.025205,0.867035,0.806470,0.716478,0.839363,0.810566,0.722097,0.640408,0.789674,0.804416,0.507231,0.799321,0.037758,0.761843,0.471358,0.932185,0.742947,0.704125,0.791225,0.868465,0.597393,0.897729,-0.086119,0.775559,0.750427,0.662533,0.684904,0.926061,0.690757,0.772053,0.516890,0.632932,0.464657,0.642344,0.507253,0.530180,0.501479,0.373638,-0.914170,0.593313
Substantia nigra compact part,-0.746813,-0.624507,0.357675,-0.411443,-0.618076,0.094424,0.150558,-0.876038,-0.883583,-0.962702,-0.910271,-0.899322,-0.941869,-0.911017,-0.390082,-0.707270,-0.079232,-0.825704,-0.853684,-0.842246,-0.898822,-0.699676,-0.000434,-0.871995,-0.812769,-0.823216,0.825883,-0.263312,-0.729481,-0.756480,-0.805000,-0.658139,-0.439535,-0.702586,-0.726979,-0.740557,-0.768836,-0.905491,-0.782270,-0.944577,-0.808439,-0.756732,-0.238054,-0.406368,-0.770724,-0.724067,-0.924155,-0.152988,-0.907934,-0.951854,-0.945251,-0.690519,-0.921230,-0.737252,-0.557384,-0.745112,-0.812278,0.040488,0.182309,-0.522540,-0.238242,-0.455800,-0.606182,-0.410912,-0.930410,-0.404232,0.796434,-0.832475,0.045820,0.371671,-0.159199,0.522012,0.012662,-0.306301,-0.354042,0.324389,-0.599303,-0.602714,-0.931986,-0.894068,-0.470993,-0.913580,-0.974149,-0.897515,-0.893261,-0.954671,-0.988501,-0.620738,-0.703712,-0.955002,-0.696171,-0.928064,-0.823937,-0.970255,0.035670,-0.563982,-0.766199,-0.899186,0.061547,-0.553523,1.000000,-0.932233,0.260546,-0.948044,-0.070023,-0.926714,-0.586333,-0.606256,-0.817955,-0.583276,-0.701094,-0.744253,-0.459443,-0.889804,0.092482,-0.997971,-0.367966,-0.575032,-0.986298,-0.810102,-0.974273,-0.951901,-0.594190,-0.760407,-0.809385,-0.637569,-0.637704,-0.092994,-0.290805,-0.058166,-0.982233,0.352490,0.181220,-0.546338,-0.298408,-0.353728,-0.026817,-0.134131,0.062843,-0.727575,-0.854238,-0.953554,-0.664492,-0.647755,-0.989990,-0.686339,-0.792280,-0.820918,-0.207347,-0.424190,-0.548700,-0.385189,-0.676412,-0.932855,-0.410463,-0.874455,-0.727176,0.565224,-0.587772,0.881402,-0.967679,-0.743835,-0.612240,-0.933701,0.481538,-0.988649,0.012202,-0.747028,-0.865880,-0.277926,-0.730643,-0.868304,-0.910006,-0.978539,-0.825740,-0.982037,-0.989106,-0.649362,0.517719,-0.121576,-0.030245,0.282010,-0.654793,-0.406228,-0.654500,-0.230174,-0.821288,-0.416514,-0.757000,-0.861536,-0.730589,-0.921888,-0.776209,-0.587107,-0.545153,-0.895715,0.287909,0.239493,-0.808277,-0.701750,-0.740061,-0.383655,-0.874267,-0.949674,-0.802068,-0.891229,-0.803916,-0.501395,-0.764191,-0.641611,-0.933893,-0.529870,-0.794203,-0.943028,-0.934561,-0.738002,-0.068190,-0.651421,-0.165406,0.604629,-0.888460,-0.860471,-0.947803,-0.975299,-0.772996,-0.837323,-0.673076,-0.854360,-0.934754,-0.750096,-0.883781,-0.341327,-0.584482,-0.646532,-0.974958,0.356080,-0.736105
Supplemental somatosensory area,0.931498,0.848451,-0.012021,0.687357,0.749361,-0.007342,0.041272,0.989779,0.992688,0.865834,0.931428,0.994144,0.871937,0.989567,0.310558,0.856199,0.333838,0.776863,0.669901,0.756519,0.992164,0.851517,-0.114539,0.978773,0.879605,0.871729,-0.884183,0.506320,0.923527,0.884350,0.905774,0.883619,0.476621,0.826358,0.871324,0.881174,0.902374,0.952101,0.862616,0.999307,0.900334,0.833348,-0.018562,0.315203,0.821800,0.827496,0.724633,0.089497,0.986811,0.993981,0.906098,0.730378,0.874747,0.832973,0.630969,0.918513,0.904010,-0.210130,-0.356070,0.647665,0.573288,0.368896,0.495919,0.197068,0.882019,0.464080,-0.527243,0.946654,0.268030,-0.149788,0.495570,-0.217571,-0.248491,0.254259,0.663096,-0.060175,0.823572,0.831122,0.739464,0.929257,0.148229,0.715622,0.892830,0.913974,0.688872,0.862949,0.951778,0.851855,0.423238,0.962205,0.908245,0.996147,0.934983,0.853672,0.179463,0.676568,0.896498,0.965846,0.301498,0.759128,-0.932233,1.000000,0.106316,0.976592,0.380795,0.780172,0.783889,0.841109,0.595561,0.836615,0.856534,0.893309,0.746939,0.930031,-0.232864,0.950552,0.096922,0.667440,0.977094,0.952310,0.973571,0.996111,0.815636,0.943707,0.709918,0.868383,0.870882,0.444352,0.617064,0.359371,0.927569,-0.050152,0.101030,0.786157,0.589624,0.665341,0.383017,0.481223,0.293393,0.792271,0.981319,0.997447,0.786866,0.874530,0.970760,0.829972,0.622768,0.907181,0.129564,0.722830,0.788614,0.590891,0.874982,0.954370,0.704710,0.984529,0.790348,-0.824271,0.812733,-0.928489,0.863680,0.884840,0.566434,0.944516,-0.567108,0.867485,0.143588,0.932204,0.984819,0.514065,0.867957,0.934048,0.991057,0.986536,0.628277,0.967970,0.960726,0.867209,-0.178115,0.462431,0.342388,-0.022298,0.814149,0.708574,0.877337,0.542520,0.872025,0.713703,0.933104,0.957018,0.926991,0.835715,0.949327,0.832834,0.809210,0.994888,0.071918,0.035664,0.965734,0.908831,0.917775,0.691789,0.990683,0.998247,0.933900,0.994846,0.962928,0.723295,0.942730,0.629230,0.999942,0.731872,0.942844,0.999502,0.995770,0.927804,0.359127,0.840702,0.477137,-0.318616,0.993467,0.981409,0.990179,0.930996,0.940417,0.961546,0.887864,0.922433,0.981848,0.575752,0.969575,0.613401,0.782508,0.811970,0.829616,-0.660946,0.888016
Field CA1,0.428900,0.539838,0.958669,0.713209,0.282815,0.267731,0.548146,0.231652,0.221442,-0.327800,-0.006294,0.183311,-0.252011,0.132714,-0.217021,0.353730,0.692591,-0.179914,-0.547102,-0.280483,0.174247,0.335974,-0.333976,0.210211,0.099673,0.077763,-0.076096,0.645526,0.462811,0.268314,0.192697,0.545944,0.038491,0.258700,0.314521,0.303892,0.283762,0.043333,0.137359,0.070845,0.168246,0.128077,-0.682955,-0.249723,0.058280,0.202305,-0.607396,-0.209693,0.133319,0.033936,-0.170673,0.070851,-0.186358,0.180793,0.129531,0.395791,0.167723,-0.474489,-0.472991,0.271002,0.875560,-0.242887,-0.320194,-0.581396,-0.192821,0.152767,0.778315,0.229666,0.855359,0.643084,0.891064,0.865612,-0.649706,-0.135921,0.791165,0.711258,0.540922,0.569334,-0.589550,0.032894,-0.908839,-0.596384,-0.288227,-0.038863,-0.622424,-0.312508,-0.173208,0.560714,-0.795467,-0.050675,0.508699,0.104963,0.220890,-0.382675,0.553290,0.234691,0.274829,0.098534,0.976345,0.518322,0.260546,0.106316,1.000000,0.005888,0.809236,-0.456247,0.466351,0.571426,-0.648482,0.627076,0.345890,0.327244,0.733396,0.046689,-0.393208,-0.205237,-0.733940,0.179413,-0.104509,0.308338,-0.083526,0.043655,0.532998,0.427411,-0.313325,0.560578,0.568085,0.933062,0.847935,0.814029,-0.218859,0.849777,0.785653,0.605780,0.764705,0.806303,0.951914,0.911637,0.961489,0.132022,0.267991,0.040127,0.290228,0.548908,-0.131726,0.313778,-0.530274,0.176489,-0.251716,0.761453,0.586354,0.498692,0.467106,-0.024973,0.746237,0.220070,0.128066,-0.647822,0.562967,-0.044597,-0.361184,0.304896,-0.193807,-0.054151,-0.166333,-0.401672,0.442482,0.430418,0.245296,0.626381,0.295005,0.116313,0.139834,-0.056289,-0.580805,-0.119377,-0.151715,0.522401,0.951445,0.892583,0.844297,0.735056,0.387247,0.772082,0.546719,0.804398,0.055665,0.755472,0.404068,0.177877,0.467377,-0.314399,0.397085,0.603244,0.657684,0.191547,0.977386,0.734016,0.356897,0.493038,0.408064,0.791517,0.240710,0.052959,0.278820,0.204718,0.357733,0.537392,0.412138,-0.106195,0.101881,0.480982,0.339846,0.075188,0.086040,0.443610,0.786954,0.441281,0.830237,0.798936,0.207778,0.250408,0.033843,-0.189874,0.390064,0.258085,0.514168,0.102228,0.045739,-0.508503,0.151390,0.684889,0.467723,0.375255,-0.466533,-0.790836,0.335318
Primary visual area,0.848491,0.731456,-0.057032,0.672162,0.591254,0.150345,0.146344,0.941734,0.963965,0.938482,0.986636,0.977475,0.951788,0.936640,0.503349,0.895034,0.389470,0.893995,0.793037,0.878587,0.942228,0.718814,-0.259582,0.911892,0.767448,0.946454,-0.775998,0.555202,0.887277,0.763647,0.796139,0.796716,0.298582,0.687539,0.745377,0.758857,0.788575,0.878146,0.741568,0.981500,0.790031,0.704505,0.188623,0.508990,0.696635,0.691710,0.769130,-0.076615,0.930430,0.962056,0.973853,0.844562,0.957443,0.700029,0.462148,0.818193,0.795173,-0.325923,-0.462515,0.472065,0.481635,0.557460,0.671018,0.399525,0.961047,0.611184,-0.623125,0.855309,0.272869,-0.071264,0.440804,-0.225531,-0.322142,0.446714,0.540409,-0.261712,0.694864,0.816481,0.780594,0.983531,0.171963,0.798883,0.954475,0.833006,0.705389,0.940170,0.982310,0.742252,0.558966,0.997804,0.835187,0.956153,0.837388,0.920945,-0.035245,0.507318,0.780362,0.894106,0.217147,0.789722,-0.948044,0.976592,0.005888,1.000000,0.198740,0.874963,0.634479,0.727798,0.721830,0.747521,0.725581,0.775966,0.683307,0.982981,-0.362853,0.966199,0.293825,0.500212,0.967804,0.866861,0.944540,0.990816,0.682520,0.882555,0.843827,0.771959,0.781690,0.364244,0.527779,0.371999,0.974421,-0.036572,0.140159,0.778327,0.581293,0.596098,0.306034,0.357989,0.231928,0.885308,0.923087,0.975556,0.859105,0.778691,0.963194,0.690754,0.571228,0.956986,-0.029777,0.626822,0.653398,0.404373,0.759170,0.892885,0.580009,0.924950,0.884333,-0.760266,0.809853,-0.841871,0.847104,0.763914,0.428514,0.882387,-0.387156,0.901320,0.268383,0.850537,0.928584,0.567109,0.740960,0.978715,0.939803,0.983569,0.759095,0.945481,0.984179,0.757159,-0.245983,0.318683,0.344566,0.033378,0.860094,0.607068,0.840450,0.383867,0.761957,0.600362,0.845129,0.873582,0.879408,0.785291,0.878581,0.724860,0.710489,0.953065,-0.065793,-0.167116,0.926475,0.824801,0.818624,0.603047,0.953518,0.975296,0.835245,0.958034,0.899306,0.562801,0.868080,0.486800,0.978855,0.570072,0.941052,0.978367,0.957274,0.845685,0.381973,0.707793,0.464702,-0.478525,0.950593,0.920348,0.951141,0.980084,0.923067,0.880473,0.790513,0.826591,0.930203,0.730248,0.896215,0.444890,0.632786,0.667539,0.860917,-0.611371,0.768635
Supraoptic nucleus,0.686860,0.812198,0.609728,0.588904,0.762775,-0.282368,0.014379,0.507967,0.452231,-0.132884,0.096198,0.401011,-0.111364,0.469927,-0.541108,0.305106,0.297105,-0.198231,-0.431417,-0.268464,0.484059,0.749724,0.182555,0.543984,0.580997,0.071943,-0.559531,0.336310,0.578189,0.691728,0.629102,0.744807,0.617871,0.719524,0.725988,0.713488,0.686128,0.469802,0.619491,0.347496,0.616849,0.627665,-0.906027,-0.559357,0.578932,0.682749,-0.239422,0.356279,0.478674,0.364535,-0.028388,-0.073590,-0.084370,0.665581,0.681031,0.712308,0.613662,0.007402,-0.055146,0.776247,0.845168,-0.527811,-0.498362,-0.784283,-0.076049,-0.189034,0.515812,0.610413,0.498249,0.083233,0.734796,0.409290,-0.204703,-0.513327,0.907747,0.884830,0.837254,0.551320,-0.217389,0.118276,-0.491686,-0.338952,-0.076199,0.436026,-0.182381,-0.137905,0.081095,0.804234,-0.657785,0.133486,0.695409,0.423073,0.619390,-0.150085,0.901701,0.748340,0.686177,0.495971,0.805938,0.386071,-0.070023,0.380795,0.809236,0.198740,1.000000,-0.280355,0.843304,0.816747,-0.511540,0.779976,0.751512,0.715520,0.743498,0.129094,0.080896,0.103764,-0.874516,0.712111,0.228772,0.636765,0.291004,0.299465,0.842771,0.631344,-0.329080,0.773572,0.758914,0.810111,0.836222,0.480426,0.007916,0.388197,0.327330,0.540145,0.571407,0.774374,0.795338,0.923205,0.735448,0.030332,0.551459,0.342024,0.165511,0.767634,0.208514,0.749890,0.028124,0.198224,0.327264,0.837457,0.868679,0.907432,0.778621,0.402158,0.900947,0.531214,0.025271,-0.720850,0.511993,-0.497809,0.086024,0.711283,0.415579,0.386246,-0.712645,-0.067529,-0.065324,0.684271,0.535404,0.317459,0.717837,0.187964,0.469548,0.239315,-0.480130,0.253717,0.113301,0.789751,0.622791,0.962847,0.519241,0.224836,0.292403,0.853745,0.610885,0.978127,0.550797,0.877941,0.687677,0.565508,0.611516,0.192506,0.642664,0.816787,0.814033,0.472167,0.887405,0.925142,0.542790,0.716604,0.715331,0.825464,0.484009,0.351651,0.651739,0.465645,0.607103,0.893280,0.659028,0.489218,0.372338,0.869965,0.428591,0.358610,0.409261,0.691103,0.439320,0.801627,0.586335,0.751328,0.482935,0.549939,0.382351,0.017814,0.495069,0.601725,0.757282,0.550342,0.419715,-0.519580,0.528462,0.961464,0.844472,0.790613,-0.104192,-0.713083,0.723686
Anteromedial visual area,0.500305,0.330942,-0.451664,0.292043,0.277393,0.148140,-0.003530,0.683103,0.721036,0.988183,0.892704,0.756583,0.976089,0.712930,0.664562,0.663194,0.111753,0.927544,0.986360,0.956712,0.704100,0.386195,-0.206808,0.651154,0.534527,0.840987,-0.553988,0.266995,0.556707,0.459944,0.525423,0.407896,0.104324,0.384260,0.422466,0.440928,0.480762,0.680745,0.490967,0.802325,0.529044,0.456669,0.584093,0.682728,0.479533,0.411829,0.928257,-0.113572,0.704695,0.788888,0.954492,0.786558,0.957947,0.429426,0.217029,0.473617,0.534794,-0.187300,-0.298012,0.166021,0.007025,0.717715,0.834555,0.722664,0.960693,0.580023,-0.908078,0.576189,-0.090101,-0.247418,-0.005533,-0.532118,-0.084276,0.584519,0.065954,-0.653390,0.290047,0.471680,0.928659,0.874276,0.514861,0.979517,0.978242,0.668094,0.857663,0.987296,0.933999,0.337912,0.890295,0.904196,0.465930,0.750328,0.559337,0.990027,-0.408360,0.215147,0.475329,0.674982,-0.253255,0.503185,-0.926714,0.780172,-0.456247,0.874963,-0.280355,1.000000,0.250805,0.318521,0.966509,0.332801,0.389554,0.450505,0.256483,0.867487,-0.261180,0.920960,0.686108,0.231817,0.864430,0.560473,0.821152,0.830423,0.279081,0.547014,0.948592,0.373659,0.384722,-0.106988,0.059100,0.016941,0.957338,-0.347068,-0.150899,0.430171,0.199508,0.149244,-0.161823,-0.137431,-0.217188,0.781764,0.645274,0.805855,0.682481,0.384374,0.872246,0.365577,0.654498,0.792910,-0.051977,0.172193,0.231960,0.012052,0.383580,0.729250,0.115664,0.664225,0.783177,-0.355156,0.477507,-0.639318,0.853614,0.445961,0.336077,0.730930,-0.129882,0.954646,0.157097,0.502515,0.660247,0.287785,0.425350,0.830708,0.714206,0.864350,0.976063,0.840769,0.921890,0.365078,-0.628874,-0.179722,-0.026310,-0.210448,0.625799,0.146899,0.483779,-0.101381,0.548312,0.138376,0.503112,0.617870,0.539445,0.756424,0.547833,0.307904,0.281807,0.713033,-0.537932,-0.581811,0.628709,0.454548,0.470180,0.145838,0.698151,0.799889,0.534444,0.716115,0.586239,0.153402,0.530019,0.349049,0.785611,0.180291,0.676699,0.795398,0.759709,0.492934,0.043789,0.336152,0.071020,-0.841182,0.703869,0.647483,0.774055,0.952805,0.629964,0.594832,0.406696,0.596953,0.741768,0.941809,0.655258,-0.010697,0.248583,0.318014,0.942870,-0.183485,0.439534
Medullary reticular nucleus,0.930625,0.973214,0.235628,0.623031,0.972836,-0.370604,-0.164211,0.856310,0.807793,0.385365,0.519787,0.772974,0.381595,0.855222,-0.299822,0.556725,0.188908,0.228903,0.088063,0.188302,0.855060,0.987845,0.242930,0.893567,0.923534,0.439062,-0.913481,0.322183,0.810472,0.971449,0.948257,0.922372,0.796960,0.975117,0.981801,0.978114,0.968752,0.870100,0.939203,0.764342,0.942791,0.937025,-0.633085,-0.303478,0.910030,0.960582,0.319036,0.458225,0.862146,0.791525,0.447643,0.237295,0.385216,0.954325,0.895360,0.961022,0.941597,0.081593,-0.045614,0.943592,0.758697,-0.251137,-0.137117,-0.454242,0.398846,-0.024519,-0.024952,0.935697,0.293532,-0.219413,0.611685,-0.017220,-0.076634,-0.327973,0.890083,0.566628,0.985524,0.704240,0.340551,0.525920,-0.078016,0.215408,0.437900,0.849787,0.362874,0.373736,0.574519,0.959624,-0.152671,0.585574,0.899561,0.823208,0.942141,0.383006,0.748944,0.943032,0.969325,0.881675,0.560774,0.531041,-0.586333,0.783889,0.466351,0.634479,0.843304,0.250805,1.000000,0.962886,0.013612,0.905545,0.988291,0.977217,0.791404,0.531705,0.112587,0.607227,-0.531805,0.923933,0.703189,0.935326,0.753795,0.726532,0.990044,0.883432,0.120627,0.937778,0.922150,0.645533,0.780012,0.332958,0.509604,0.044636,0.078237,0.659896,0.543126,0.757619,0.596582,0.778640,0.494731,0.343354,0.881155,0.769271,0.413857,0.939075,0.690623,0.986142,0.501713,0.541032,0.463748,0.860534,0.983422,0.961857,0.979207,0.830721,0.918685,0.880393,0.339038,-0.835692,0.660374,-0.885758,0.606545,0.977310,0.727161,0.821425,-0.883345,0.475397,-0.156084,0.927917,0.875489,0.314495,0.979448,0.565057,0.852982,0.700304,0.034398,0.728314,0.601807,0.966487,0.174948,0.814966,0.351602,-0.058293,0.513297,0.865848,0.790646,0.897864,0.906883,0.897385,0.941061,0.915914,0.842411,0.679213,0.907756,0.947720,0.914741,0.838674,0.533822,0.640906,0.833789,0.925802,0.959180,0.824053,0.830468,0.774270,0.951900,0.827662,0.893956,0.994809,0.915050,0.795062,0.777336,0.996599,0.719821,0.773542,0.816570,0.927730,0.303104,0.994922,0.482577,0.288994,0.842534,0.886051,0.806927,0.510262,0.764504,0.923947,0.947698,0.912734,0.834726,-0.053421,0.895590,0.957140,0.999997,0.994944,0.446203,-0.702322,0.979742
Superior olivary complex,0.980095,0.998826,0.395397,0.809539,0.880435,-0.106256,0.099195,0.909642,0.883943,0.459186,0.648561,0.856094,0.482397,0.879665,-0.080600,0.741714,0.439878,0.388309,0.164706,0.329859,0.893006,0.946852,-0.027898,0.916975,0.856958,0.608453,-0.846950,0.564600,0.927587,0.932603,0.907815,0.990480,0.605833,0.907004,0.945896,0.945097,0.943488,0.844615,0.868665,0.820662,0.895565,0.852446,-0.522354,-0.090136,0.813552,0.883595,0.283779,0.201424,0.882088,0.820849,0.553529,0.447157,0.504847,0.876450,0.746666,0.979749,0.896378,-0.189537,-0.313550,0.819466,0.876242,-0.039590,0.047427,-0.312824,0.512723,0.229730,-0.004621,0.929904,0.511846,0.019272,0.775513,0.156199,-0.335710,-0.094246,0.953955,0.464675,0.994678,0.867732,0.305951,0.662288,-0.245299,0.232179,0.508237,0.794080,0.285776,0.456772,0.634621,0.999765,-0.132007,0.680834,0.978619,0.858446,0.925533,0.436595,0.609087,0.820655,0.938632,0.872513,0.693563,0.736791,-0.606256,0.841109,0.571426,0.727798,0.816747,0.318521,0.962886,1.000000,0.066477,0.986359,0.952137,0.956721,0.923702,0.669559,-0.159780,0.640713,-0.438691,0.790983,0.729109,0.955455,0.758773,0.792616,0.991194,0.961572,0.267046,0.995960,0.991547,0.782961,0.897082,0.557681,0.578848,0.252858,0.314396,0.837660,0.744072,0.894139,0.738470,0.857790,0.653189,0.543758,0.929080,0.813190,0.623137,0.995740,0.712162,0.930305,0.353524,0.702987,0.208642,0.955874,0.992320,0.871975,0.991434,0.805911,0.972336,0.915848,0.539644,-0.952874,0.836447,-0.842706,0.557332,0.946551,0.540557,0.788503,-0.724627,0.482323,0.115171,0.979509,0.921038,0.558412,0.937521,0.708345,0.881304,0.745991,0.110646,0.733213,0.658229,0.998281,0.293038,0.862076,0.568654,0.179910,0.712460,0.955610,0.923157,0.910663,0.832491,0.968389,0.978549,0.909181,0.946143,0.595171,0.966938,0.998464,0.988366,0.891219,0.583392,0.548596,0.925523,0.987149,0.982170,0.933679,0.899981,0.819799,0.947068,0.889683,0.954224,0.955749,0.972204,0.626586,0.836540,0.943526,0.854628,0.826566,0.849403,0.981468,0.534837,0.977001,0.686059,0.244490,0.897334,0.926314,0.826800,0.589223,0.890511,0.938851,0.995327,0.870529,0.840496,0.066595,0.896628,0.934421,0.962706,0.945258,0.432665,-0.860448,0.958119
Anterolateral visual area,0.262906,0.081346,-0.603337,0.071082,0.070461,0.153257,-0.062100,0.474912,0.519190,0.915756,0.757452,0.563434,0.893485,0.518007,0.699095,0.482619,-0.029241,0.860021,0.991972,0.908671,0.503459,0.161817,-0.178881,0.442729,0.346051,0.708420,-0.369334,0.103050,0.328468,0.243500,0.319683,0.159962,-0.027771,0.173674,0.199888,0.219314,0.261011,0.499295,0.297255,0.624594,0.327606,0.266936,0.744718,0.721597,0.302971,0.210200,0.912228,-0.142908,0.509181,0.613577,0.851026,0.688832,0.865996,0.230859,0.048974,0.238445,0.333239,-0.115091,-0.199737,-0.027455,-0.240348,0.745416,0.849300,0.831984,0.867503,0.522558,-0.963443,0.363388,-0.258352,-0.296228,-0.232416,-0.626486,0.031573,0.616159,-0.192115,-0.803836,0.041113,0.248706,0.906664,0.733346,0.631205,0.973992,0.892571,0.503022,0.841964,0.914343,0.813245,0.086721,0.976048,0.765088,0.223290,0.561982,0.348007,0.926183,-0.578097,0.024070,0.257207,0.483775,-0.469301,0.311868,-0.817955,0.595561,-0.648482,0.721830,-0.511540,0.966509,0.013612,0.066477,1.000000,0.079949,0.163381,0.224846,0.009543,0.724034,-0.201156,0.801030,0.832650,0.050924,0.718487,0.336784,0.667261,0.660660,0.031391,0.313862,0.916220,0.123427,0.134966,-0.338706,-0.190666,-0.157922,0.851733,-0.460385,-0.272310,0.211007,-0.011270,-0.096721,-0.385492,-0.383844,-0.423434,0.659151,0.430302,0.631829,0.531717,0.135023,0.731817,0.146178,0.617246,0.633181,-0.079771,-0.083869,-0.019777,-0.208747,0.140714,0.560926,-0.143103,0.455420,0.661720,-0.108154,0.261694,-0.458037,0.761915,0.223986,0.234648,0.568330,0.036279,0.882160,0.102894,0.265147,0.448599,0.126547,0.205906,0.674067,0.518452,0.711507,0.995517,0.694870,0.794568,0.116913,-0.758777,-0.425917,-0.205747,-0.299811,0.449075,-0.109923,0.250508,-0.351697,0.368127,-0.120088,0.267745,0.413191,0.306854,0.653068,0.315597,0.053986,0.026251,0.511631,-0.731500,-0.751527,0.408388,0.211102,0.233641,-0.107609,0.491470,0.623551,0.314463,0.514158,0.359550,-0.087459,0.295563,0.223267,0.602302,-0.054011,0.472915,0.616080,0.574624,0.254212,-0.124235,0.097959,-0.132262,-0.951098,0.500018,0.434308,0.597420,0.842987,0.414896,0.378250,0.159880,0.405628,0.561267,0.965659,0.455213,-0.257636,0.011328,0.091049,0.885397,0.054078,0.212985
Medial amygdalar nucleus,0.971488,0.977861,0.490356,0.894969,0.790868,0.058416,0.259628,0.902348,0.890926,0.473108,0.692420,0.867629,0.512557,0.854840,0.046048,0.821671,0.579981,0.458617,0.189534,0.390380,0.876304,0.885182,-0.191386,0.891457,0.779549,0.679682,-0.769530,0.692757,0.961573,0.871389,0.845209,0.994768,0.466606,0.829776,0.886765,0.887452,0.889993,0.790471,0.789212,0.815849,0.829064,0.765397,-0.447902,0.032834,0.719915,0.801093,0.236523,0.037869,0.854544,0.799518,0.585027,0.549468,0.546320,0.793303,0.627393,0.952554,0.830995,-0.348554,-0.464765,0.714094,0.921908,0.080075,0.145554,-0.228297,0.550333,0.370009,0.024364,0.887205,0.633063,0.171200,0.853241,0.268475,-0.484560,0.043257,0.962857,0.398694,0.964361,0.933868,0.258409,0.710765,-0.350699,0.217889,0.518655,0.722976,0.213758,0.476502,0.635564,0.987663,-0.131005,0.702693,0.989032,0.840309,0.876560,0.438630,0.510735,0.715453,0.882016,0.827737,0.758998,0.832642,-0.583276,0.836615,0.627076,0.747521,0.779976,0.332801,0.905545,0.986359,0.079949,1.000000,0.893247,0.906314,0.972593,0.718852,-0.319167,0.625186,-0.379584,0.679841,0.707158,0.928330,0.723682,0.794227,0.956214,0.970495,0.332674,0.994531,0.997015,0.845892,0.940877,0.679542,0.586775,0.380428,0.453890,0.914326,0.842143,0.948483,0.806527,0.882785,0.735158,0.637294,0.918505,0.800850,0.721495,0.993184,0.687878,0.860306,0.238925,0.767532,0.044814,0.982344,0.962955,0.788976,0.961453,0.752519,0.973437,0.897606,0.633407,-0.989720,0.911255,-0.778462,0.494276,0.890172,0.402017,0.730587,-0.601374,0.454619,0.277109,0.972198,0.908970,0.687320,0.874861,0.760466,0.858813,0.735784,0.137089,0.698514,0.656374,0.980559,0.368472,0.867814,0.686189,0.325901,0.802786,0.979078,0.968136,0.892205,0.750742,0.979975,0.962505,0.865797,0.971558,0.511068,0.963916,0.993518,0.998396,0.883472,0.605690,0.484720,0.942537,0.986511,0.957607,0.970171,0.902758,0.808358,0.905181,0.887809,0.951583,0.899163,0.968079,0.496399,0.833322,0.878144,0.899707,0.819647,0.829886,0.975599,0.661277,0.929607,0.789796,0.224333,0.890961,0.911031,0.799685,0.602938,0.929854,0.908384,0.986779,0.806705,0.804784,0.122171,0.857786,0.891568,0.905301,0.879463,0.394012,-0.928631,0.907166
Lateral visual area,0.949707,0.965825,0.120457,0.603089,0.976364,-0.368389,-0.199090,0.909301,0.866102,0.513169,0.614688,0.838046,0.503116,0.918027,-0.209083,0.602185,0.154189,0.341673,0.232718,0.311274,0.914161,0.999836,0.239690,0.944083,0.968078,0.523429,-0.961824,0.306599,0.834672,0.996216,0.985467,0.923585,0.798872,0.992077,0.999282,0.998376,0.994842,0.935060,0.976296,0.841950,0.982055,0.970937,-0.517727,-0.208543,0.951304,0.984433,0.459120,0.455256,0.923934,0.869818,0.560837,0.317880,0.500383,0.981598,0.902934,0.979039,0.981545,0.091186,-0.047275,0.935788,0.695231,-0.153234,-0.022189,-0.331760,0.514620,0.030102,-0.176647,0.976232,0.224777,-0.287112,0.547127,-0.132954,-0.042685,-0.251193,0.837520,0.442313,0.973412,0.712961,0.479316,0.616148,0.039491,0.361393,0.561532,0.918917,0.495711,0.500542,0.684465,0.951761,-0.000233,0.684073,0.909868,0.892275,0.981322,0.514635,0.660571,0.943071,0.995393,0.942270,0.463563,0.548161,-0.701094,0.856534,0.345890,0.725581,0.751512,0.389554,0.988291,0.952137,0.163381,0.893247,1.000000,0.997019,0.764678,0.620223,0.108363,0.717533,-0.402681,0.929621,0.799747,0.968957,0.843716,0.809384,0.977193,0.908222,0.245459,0.934091,0.919340,0.566647,0.723951,0.278450,0.625720,-0.050060,0.009234,0.662014,0.510246,0.714502,0.510807,0.696584,0.403094,0.418442,0.927338,0.849242,0.466906,0.937331,0.789947,0.997313,0.604693,0.612667,0.470328,0.821985,0.961896,0.921850,0.982382,0.905903,0.874334,0.931831,0.414581,-0.825142,0.670553,-0.945894,0.719608,0.998072,0.770679,0.898791,-0.878934,0.603514,-0.166263,0.947169,0.924875,0.302545,0.998550,0.644622,0.915482,0.793716,0.180602,0.822995,0.708754,0.964093,0.041113,0.729137,0.290137,-0.129366,0.552794,0.823745,0.801419,0.825777,0.955996,0.855142,0.961990,0.964653,0.864107,0.777760,0.934409,0.933841,0.894688,0.897779,0.405166,0.522381,0.872724,0.935637,0.976026,0.780932,0.884768,0.852692,0.984428,0.886344,0.927580,0.967668,0.938672,0.833664,0.850935,0.976128,0.766228,0.850013,0.887980,0.945054,0.253621,0.994382,0.431670,0.140560,0.899522,0.933589,0.883440,0.623967,0.802025,0.964794,0.950636,0.964141,0.906624,0.085023,0.950402,0.902434,0.987951,0.996721,0.577529,-0.664519,0.997773
Field CA2,0.966891,0.969168,0.114781,0.635283,0.958980,-0.313171,-0.156466,0.938682,0.901970,0.571764,0.673624,0.877617,0.565171,0.944743,-0.133296,0.656090,0.194491,0.412812,0.297418,0.382141,0.942420,0.995949,0.182715,0.966460,0.969846,0.587168,-0.964876,0.351660,0.867507,0.997074,0.990179,0.938592,0.760426,0.984249,0.998296,0.998923,0.998954,0.952184,0.974740,0.880202,0.986054,0.965402,-0.456259,-0.132559,0.945775,0.977087,0.499261,0.401393,0.949380,0.902733,0.621171,0.388602,0.564191,0.975219,0.875230,0.989522,0.986189,0.038388,-0.103279,0.908004,0.698553,-0.076591,0.054676,-0.261443,0.577450,0.101101,-0.223629,0.989226,0.246900,-0.260704,0.559572,-0.136137,-0.084860,-0.177129,0.833492,0.379602,0.971764,0.750108,0.519160,0.675083,0.044488,0.414229,0.618028,0.931185,0.524776,0.560701,0.734304,0.957942,0.055381,0.737328,0.930195,0.923318,0.991625,0.570335,0.602246,0.918294,0.998375,0.961304,0.458545,0.596787,-0.744253,0.893309,0.327244,0.775966,0.715520,0.450505,0.977217,0.956721,0.224846,0.906314,0.997019,1.000000,0.783464,0.678890,0.050666,0.762006,-0.340156,0.904553,0.838071,0.984983,0.875497,0.851404,0.973643,0.933236,0.317921,0.945400,0.933255,0.568817,0.729685,0.306726,0.679495,-0.038913,0.034845,0.699860,0.541017,0.728613,0.511550,0.685705,0.405229,0.485413,0.953317,0.885729,0.528317,0.948983,0.828291,0.990079,0.609060,0.670630,0.420039,0.829177,0.957019,0.890296,0.986524,0.926593,0.870978,0.957004,0.481745,-0.846283,0.710771,-0.957765,0.747905,0.999255,0.747165,0.918535,-0.845106,0.648429,-0.113678,0.964848,0.951440,0.349138,0.996864,0.701412,0.942895,0.835064,0.245712,0.856350,0.756834,0.970397,0.020486,0.710378,0.314490,-0.104106,0.607596,0.828587,0.832899,0.804604,0.957678,0.856074,0.977324,0.980209,0.893348,0.793997,0.956143,0.940179,0.903658,0.929050,0.372313,0.463660,0.905294,0.952156,0.986995,0.789516,0.917923,0.888992,0.994929,0.919426,0.951883,0.950983,0.958968,0.812279,0.888439,0.958797,0.810164,0.887205,0.919312,0.962526,0.285027,0.991044,0.456850,0.081441,0.930547,0.958444,0.913808,0.678939,0.841168,0.982167,0.962002,0.973259,0.932533,0.156520,0.969603,0.879810,0.976728,0.987594,0.619277,-0.684861,0.999925
Posterolateral visual area,0.899428,0.904351,0.651369,0.969609,0.632715,0.265961,0.471998,0.816632,0.821198,0.395167,0.659987,0.801188,0.456966,0.743560,0.155916,0.856565,0.749512,0.462343,0.130911,0.379360,0.776428,0.753300,-0.389946,0.784248,0.614726,0.688993,-0.603093,0.830400,0.941954,0.733676,0.700118,0.948061,0.262281,0.677979,0.755001,0.756014,0.760506,0.643613,0.625419,0.724066,0.678653,0.594843,-0.393315,0.136315,0.539136,0.640152,0.085297,-0.172808,0.740348,0.686955,0.532047,0.607615,0.507076,0.630027,0.437242,0.858160,0.681540,-0.540382,-0.634254,0.545913,0.968298,0.175201,0.200080,-0.176107,0.505574,0.500784,0.145052,0.763688,0.794548,0.395531,0.945040,0.463573,-0.669857,0.175022,0.953752,0.362553,0.882156,0.965677,0.106419,0.685927,-0.533682,0.106737,0.436177,0.555472,0.035907,0.406414,0.542479,0.925307,-0.208009,0.639422,0.945425,0.734890,0.746281,0.345051,0.407091,0.543044,0.748941,0.693432,0.858092,0.903229,-0.459443,0.746939,0.733396,0.683307,0.743498,0.256483,0.791404,0.923702,0.009543,0.972593,0.764678,0.783464,1.000000,0.695602,-0.505280,0.511252,-0.355959,0.498483,0.588389,0.826567,0.590860,0.708902,0.868847,0.917847,0.330176,0.943217,0.953956,0.927034,0.979744,0.831496,0.501756,0.577655,0.648307,0.964377,0.943000,0.993301,0.900146,0.914990,0.853642,0.682671,0.831532,0.698844,0.781012,0.939407,0.565563,0.719457,0.021666,0.770800,-0.171903,0.987004,0.887302,0.663665,0.871298,0.602888,0.949168,0.798921,0.679024,-0.991717,0.954576,-0.621927,0.324455,0.759942,0.178702,0.575054,-0.414142,0.323921,0.476722,0.901673,0.818783,0.824182,0.738271,0.743693,0.750500,0.632392,0.082394,0.564843,0.560286,0.908292,0.521105,0.878131,0.836117,0.536463,0.855324,0.982030,0.969812,0.862467,0.579282,0.967676,0.880313,0.737928,0.941795,0.321407,0.895206,0.943421,0.970756,0.794741,0.674794,0.443597,0.893850,0.929083,0.866990,0.990905,0.829244,0.707986,0.786244,0.806642,0.880112,0.794936,0.899426,0.281680,0.744924,0.759969,0.885168,0.725595,0.721924,0.907829,0.817261,0.820779,0.910716,0.269630,0.804790,0.817633,0.680666,0.525873,0.911334,0.799330,0.923013,0.654120,0.677019,0.110054,0.732785,0.820783,0.791278,0.748271,0.250581,-0.989310,0.784558
Spinal nucleus of the trigeminal oral part,0.794652,0.665315,0.032870,0.727785,0.457119,0.329189,0.313822,0.890356,0.928514,0.925037,0.998451,0.947669,0.954877,0.867449,0.635439,0.943908,0.520279,0.944281,0.803201,0.920496,0.881264,0.610733,-0.431147,0.841054,0.644730,0.989654,-0.653484,0.666663,0.880533,0.655906,0.687270,0.757146,0.124203,0.564463,0.639691,0.654611,0.688437,0.779356,0.616621,0.935208,0.677460,0.572433,0.283624,0.637357,0.558874,0.563676,0.697999,-0.258462,0.858314,0.898236,0.975700,0.928053,0.971890,0.571423,0.302279,0.744764,0.683708,-0.486350,-0.608489,0.324603,0.494858,0.679902,0.765766,0.495439,0.971019,0.746095,-0.583034,0.766322,0.382561,0.092760,0.492500,-0.106636,-0.466792,0.591744,0.510611,-0.344640,0.619297,0.847359,0.708255,0.999905,0.064197,0.764572,0.935395,0.718262,0.608406,0.933040,0.948417,0.685476,0.556636,0.984685,0.802074,0.894602,0.742039,0.895693,-0.161031,0.359507,0.677138,0.804254,0.261460,0.857355,-0.889804,0.930031,0.046689,0.982981,0.129094,0.867487,0.531705,0.669559,0.724034,0.718852,0.620223,0.678890,0.695602,1.000000,-0.524154,0.914584,0.368032,0.347092,0.906296,0.793638,0.868213,0.952251,0.602220,0.847742,0.893820,0.726392,0.743566,0.400820,0.537646,0.479470,0.950022,0.092932,0.277984,0.822085,0.653988,0.616472,0.350430,0.351287,0.295193,0.955551,0.867787,0.921488,0.932261,0.731825,0.899803,0.574644,0.427989,0.989684,-0.212814,0.614677,0.579516,0.280208,0.683175,0.795991,0.540641,0.861806,0.954972,-0.757534,0.851209,-0.732771,0.748733,0.660913,0.255238,0.781346,-0.224783,0.842780,0.435243,0.798085,0.871867,0.679420,0.631814,0.997546,0.873027,0.933929,0.773276,0.870415,0.946457,0.694171,-0.171057,0.291642,0.447393,0.184184,0.921603,0.591976,0.846351,0.328228,0.635458,0.572135,0.783377,0.784293,0.862921,0.663849,0.830777,0.676079,0.678380,0.901657,-0.060319,-0.251899,0.900968,0.779643,0.747944,0.602773,0.913148,0.921981,0.746840,0.912933,0.852047,0.462080,0.819058,0.318836,0.933789,0.460182,0.947942,0.929655,0.894522,0.794789,0.494998,0.614239,0.547068,-0.501709,0.900495,0.860106,0.881044,0.961495,0.922831,0.804014,0.737040,0.717229,0.850679,0.777689,0.811922,0.361324,0.529973,0.555783,0.792803,-0.647564,0.671026
Field CA3,-0.205708,-0.117832,-0.589101,-0.700984,0.316128,-0.964072,-0.964124,-0.219514,-0.302540,-0.286494,-0.490705,-0.327622,-0.385460,-0.113551,-0.803377,-0.696485,-0.927012,-0.597077,-0.290295,-0.530799,-0.163097,0.126178,0.991096,-0.110174,0.220569,-0.637801,-0.220494,-0.899589,-0.451978,0.118145,0.124071,-0.273373,0.683923,0.226111,0.107369,0.096713,0.068158,0.069778,0.235082,-0.229283,0.149092,0.286949,-0.396872,-0.781817,0.331110,0.258846,0.116137,0.934176,-0.097114,-0.130604,-0.405447,-0.781671,-0.454595,0.262127,0.525074,-0.093246,0.141703,0.995632,0.987461,0.434097,-0.448648,-0.776617,-0.680723,-0.514516,-0.433775,-0.937560,-0.067922,-0.003300,-0.807953,-0.870406,-0.615363,-0.633123,0.954126,-0.855504,-0.254753,0.366565,-0.057355,-0.619442,0.113243,-0.518618,0.612797,-0.073083,-0.274786,0.181349,0.269379,-0.320089,-0.239893,-0.170962,-0.078659,-0.369102,-0.313499,-0.152765,0.036406,-0.212122,0.500122,0.427346,0.088129,0.009590,-0.498506,-0.771100,0.092482,-0.232864,-0.393208,-0.362853,0.080896,-0.261180,0.112587,-0.159780,-0.201156,-0.319167,0.108363,0.050666,-0.505280,-0.524154,1.000000,-0.142737,-0.335084,0.466502,-0.116666,-0.098425,-0.040544,-0.264511,-0.027972,-0.310326,-0.547113,-0.237008,-0.277942,-0.518424,-0.447730,-0.833104,-0.272210,-0.763623,-0.868356,-0.670618,-0.751632,-0.519315,-0.533355,-0.307033,-0.591604,-0.749229,-0.199938,-0.183853,-0.782713,-0.231536,-0.100348,0.180890,0.528903,-0.612398,0.927405,-0.370445,-0.055972,0.308934,-0.069147,0.067832,-0.218171,-0.154233,-0.749884,0.451400,-0.664739,-0.134256,0.161582,0.088401,0.667254,0.097830,-0.562766,-0.042475,-0.994239,-0.213463,-0.191185,-0.905073,0.129525,-0.544605,-0.127765,-0.189227,-0.287591,-0.039824,-0.226892,-0.140631,-0.433416,-0.189829,-0.805037,-0.872442,-0.747345,-0.349892,-0.507605,-0.066132,0.249563,-0.281616,-0.161935,0.000301,-0.403394,0.288609,-0.241213,-0.209451,-0.292609,-0.216439,-0.190209,0.329004,-0.359735,-0.248925,-0.108845,-0.421944,-0.278498,-0.189833,-0.006905,-0.251033,-0.245163,0.120519,-0.233801,0.599061,-0.240048,0.171775,-0.515801,-0.217326,-0.143845,-0.221277,-0.858388,0.041598,-0.758733,0.162902,-0.224746,-0.171910,-0.096115,-0.307891,-0.484136,-0.079212,-0.198682,0.130841,-0.044695,-0.446222,-0.028056,0.062436,0.113251,0.158425,0.033435,0.597712,0.054825
Medial geniculate complex,0.777350,0.656332,-0.298525,0.468346,0.624482,-0.052114,-0.096178,0.899117,0.908934,0.963696,0.931757,0.923893,0.949275,0.926525,0.408889,0.750022,0.140326,0.842363,0.844360,0.852419,0.917687,0.715092,-0.046299,0.890575,0.815406,0.852599,-0.827562,0.322641,0.769340,0.769526,0.814819,0.695465,0.422089,0.711375,0.742228,0.755767,0.784258,0.911093,0.785910,0.961288,0.816390,0.758123,0.222109,0.423137,0.767689,0.729441,0.899527,0.114598,0.922919,0.963798,0.956930,0.723360,0.933639,0.741653,0.549864,0.770546,0.820470,-0.093867,-0.236287,0.523997,0.293084,0.473029,0.617877,0.404392,0.941922,0.443853,-0.764942,0.848217,0.017840,-0.317547,0.219580,-0.466646,-0.072293,0.329836,0.399653,-0.306777,0.629063,0.651862,0.908294,0.918085,0.414032,0.895466,0.976595,0.895826,0.862828,0.957372,0.995018,0.655176,0.675575,0.970896,0.733387,0.943716,0.837955,0.966469,-0.027476,0.564317,0.780565,0.909134,-0.002593,0.604972,-0.997971,0.950552,-0.205237,0.966199,0.103764,0.920960,0.607227,0.640713,0.801030,0.625186,0.717533,0.762006,0.511252,0.914584,-0.142737,1.000000,0.348620,0.571727,0.991878,0.832250,0.978253,0.968589,0.622618,0.794337,0.818412,0.674238,0.676026,0.151683,0.344736,0.121484,0.987725,-0.292514,-0.119593,0.598382,0.358486,0.408531,0.086389,0.185329,-0.001557,0.762327,0.878156,0.967498,0.706926,0.683797,0.993862,0.698921,0.756913,0.853846,0.167668,0.472669,0.580100,0.399876,0.703783,0.935670,0.453273,0.894908,0.761771,-0.612195,0.638000,-0.884825,0.952791,0.759379,0.586159,0.934261,-0.473940,0.978676,0.039368,0.777883,0.888586,0.336678,0.744337,0.896689,0.926280,0.988544,0.814652,0.984454,0.996161,0.681310,-0.464952,0.168071,0.093818,-0.223154,0.700327,0.454399,0.699382,0.269485,0.821095,0.461816,0.785092,0.875055,0.769093,0.904683,0.806671,0.624450,0.587315,0.917046,-0.240321,-0.219106,0.840984,0.736228,0.766509,0.434861,0.899637,0.964355,0.819907,0.914228,0.832941,0.524628,0.795003,0.621805,0.952257,0.549136,0.831089,0.959537,0.949128,0.769635,0.131187,0.673916,0.227749,-0.578403,0.910731,0.882747,0.958605,0.983181,0.810950,0.856802,0.706685,0.860272,0.944342,0.746829,0.897184,0.371924,0.605403,0.662304,0.959574,-0.412737,0.754029
Medial mammillary nucleus,-0.255892,-0.436666,-0.552919,-0.194629,-0.493492,0.428804,0.143261,-0.041613,0.029531,0.576044,0.397965,0.086954,0.570813,-0.017555,0.819691,0.176500,-0.021302,0.647918,0.796480,0.701878,-0.023868,-0.405699,-0.385025,-0.099813,-0.231431,0.417013,0.207054,0.013117,-0.111244,-0.329329,-0.255401,-0.328173,-0.521300,-0.400336,-0.369282,-0.350261,-0.308039,-0.061077,-0.281246,0.130629,-0.248798,-0.310630,0.988686,0.837637,-0.271748,-0.366394,0.563691,-0.463505,-0.030266,0.096259,0.503281,0.523981,0.554085,-0.346549,-0.493135,-0.304487,-0.242740,-0.247795,-0.248615,-0.571116,-0.549191,0.828769,0.842584,0.978212,0.545778,0.544209,-0.766905,-0.198880,-0.277316,-0.029266,-0.446235,-0.432840,-0.039353,0.772600,-0.600955,-0.998406,-0.482796,-0.101531,0.548050,0.378099,0.489470,0.690141,0.527924,-0.059629,0.465996,0.584783,0.386731,-0.419170,0.887687,0.355825,-0.259848,0.039728,-0.219277,0.577572,-0.925372,-0.527945,-0.313668,-0.073230,-0.625857,0.058801,-0.367966,0.096922,-0.733940,0.293825,-0.874516,0.686108,-0.531805,-0.438691,0.832650,-0.379584,-0.402681,-0.340156,-0.355959,0.368032,-0.335084,0.348620,1.000000,-0.500202,0.227341,-0.209884,0.150174,0.184078,-0.496400,-0.177596,0.745757,-0.370248,-0.347984,-0.561838,-0.519981,-0.213332,0.456216,-0.315381,-0.167825,-0.103154,-0.213955,-0.423358,-0.572467,-0.692793,-0.543001,0.439858,-0.093434,0.128891,0.301989,-0.362062,0.243095,-0.423648,0.179846,0.298593,-0.414065,-0.483952,-0.531615,-0.715141,-0.396707,0.010414,-0.580113,-0.077563,0.444321,0.304806,-0.062620,0.110264,0.283252,-0.345094,-0.267883,0.018072,0.560642,0.473758,0.277182,-0.251763,-0.076441,0.037014,-0.365570,0.311757,-0.014426,0.231212,0.827545,0.186183,0.355545,-0.401490,-0.665080,-0.759457,-0.265435,-0.117435,0.177753,-0.510352,-0.158295,-0.756469,-0.207766,-0.542963,-0.262326,-0.148069,-0.151245,0.141628,-0.196746,-0.435350,-0.431308,-0.002578,-0.860116,-0.990874,-0.068503,-0.290894,-0.305707,-0.478299,-0.007826,0.120135,-0.247074,0.009165,-0.153053,-0.612563,-0.217816,-0.305643,0.106705,-0.591851,0.062014,0.117463,0.052596,-0.259737,-0.167151,-0.452280,-0.279967,-0.948944,-0.013199,-0.095864,0.071054,0.452673,-0.012633,-0.172078,-0.349957,-0.167042,0.021049,0.867310,-0.099788,-0.725270,-0.533745,-0.470898,0.483471,0.350468,-0.351654
Subiculum,0.767793,0.818218,-0.094564,0.281269,0.986409,-0.684691,-0.528784,0.722071,0.652182,0.334121,0.353645,0.616994,0.289464,0.767650,-0.495412,0.273225,-0.200260,0.068616,0.080489,0.064617,0.746408,0.936017,0.580116,0.793789,0.938148,0.219419,-0.932030,-0.056909,0.573618,0.928085,0.919001,0.721953,0.964297,0.965336,0.927829,0.922706,0.908218,0.850249,0.951847,0.655089,0.924922,0.966661,-0.623678,-0.487539,0.964473,0.969678,0.432996,0.751166,0.779123,0.716280,0.334655,-0.016389,0.262357,0.967897,0.997594,0.835617,0.921646,0.447700,0.322818,0.995363,0.462509,-0.436731,-0.286843,-0.502368,0.282652,-0.326899,-0.161870,0.863274,-0.088745,-0.568148,0.269092,-0.336585,0.309750,-0.550293,0.659449,0.546495,0.847959,0.405403,0.450105,0.345273,0.245542,0.275211,0.382114,0.876504,0.523192,0.310596,0.506421,0.786125,-0.050005,0.459905,0.693671,0.729363,0.882659,0.362377,0.785443,0.998292,0.916088,0.835038,0.242226,0.201377,-0.575032,0.667440,0.179413,0.500212,0.712111,0.231817,0.923933,0.790983,0.050924,0.679841,0.929621,0.904553,0.498483,0.347092,0.466502,0.571727,-0.500202,1.000000,0.656496,0.822595,0.724700,0.612342,0.862282,0.691405,-0.000316,0.745415,0.717030,0.324243,0.487436,-0.052142,0.441292,-0.313774,-0.303112,0.341996,0.181582,0.450813,0.269902,0.518551,0.153192,0.085962,0.746302,0.678046,0.119784,0.750059,0.653413,0.954088,0.720236,0.310063,0.760798,0.600966,0.839488,0.941094,0.849517,0.822155,0.704651,0.766472,0.082217,-0.570067,0.350681,-0.884376,0.685603,0.919298,0.927353,0.826600,-0.991758,0.504723,-0.514013,0.762644,0.746904,-0.063042,0.935139,0.362501,0.760173,0.624748,0.034831,0.705851,0.533277,0.807574,-0.105232,0.591365,-0.030413,-0.427858,0.211235,0.610609,0.525265,0.721308,0.937468,0.663827,0.794656,0.853168,0.618136,0.786320,0.740016,0.756757,0.691990,0.712106,0.308333,0.603190,0.639595,0.740551,0.827330,0.545980,0.678243,0.679123,0.870336,0.689195,0.731522,0.910584,0.746965,0.958966,0.659667,0.936148,0.486026,0.666846,0.728511,0.758135,-0.084291,0.901622,0.111386,0.205633,0.710879,0.762041,0.741401,0.426879,0.530833,0.824999,0.773414,0.900564,0.781681,-0.107883,0.829168,0.834746,0.923922,0.946541,0.509166,-0.376590,0.907002
Main olfactory bulb,0.846144,0.744404,-0.223694,0.524272,0.712639,-0.099324,-0.105162,0.942846,0.944363,0.924582,0.919434,0.952253,0.911852,0.966324,0.322293,0.764821,0.162870,0.793287,0.769902,0.795172,0.958787,0.797363,-0.009405,0.940440,0.875726,0.836819,-0.884943,0.346960,0.821370,0.843334,0.879943,0.772252,0.500733,0.791225,0.820738,0.832301,0.856421,0.953580,0.851839,0.983477,0.880269,0.826299,0.098494,0.334251,0.830121,0.804740,0.853519,0.169519,0.964105,0.989379,0.929548,0.689859,0.899010,0.814597,0.631910,0.844153,0.883771,-0.078055,-0.225708,0.617340,0.387983,0.387220,0.534238,0.291046,0.908455,0.399165,-0.686090,0.908670,0.069646,-0.312353,0.299810,-0.414391,-0.084157,0.247582,0.502920,-0.184595,0.721611,0.700579,0.864854,0.908441,0.352148,0.834517,0.944525,0.935819,0.826724,0.917307,0.982862,0.741570,0.578644,0.964109,0.802692,0.976767,0.900258,0.926111,0.093188,0.653278,0.853067,0.954165,0.092423,0.631791,-0.986298,0.977094,-0.104509,0.967804,0.228772,0.864430,0.703189,0.729109,0.718487,0.707158,0.799747,0.838071,0.588389,0.906296,-0.116666,0.991878,0.227341,0.656496,1.000000,0.895082,0.995476,0.984125,0.716371,0.854437,0.753974,0.755535,0.754904,0.243983,0.437523,0.168713,0.966069,-0.247991,-0.087451,0.646052,0.413665,0.491356,0.177894,0.293998,0.083339,0.741588,0.928024,0.989474,0.703843,0.764233,0.999608,0.782243,0.752775,0.854281,0.217819,0.564155,0.677569,0.510497,0.787348,0.969137,0.555128,0.942503,0.740397,-0.685236,0.681437,-0.932194,0.947341,0.835457,0.635936,0.966145,-0.561928,0.950708,0.017331,0.846239,0.936346,0.358280,0.822070,0.895894,0.965850,0.997106,0.734667,0.996870,0.988210,0.765773,-0.383217,0.283604,0.146839,-0.201975,0.713818,0.548559,0.756151,0.386607,0.877882,0.559776,0.854414,0.929381,0.825963,0.915241,0.868866,0.712513,0.674657,0.955960,-0.126405,-0.094034,0.888382,0.808996,0.840370,0.524891,0.939564,0.987525,0.886064,0.951921,0.890098,0.628584,0.859582,0.679272,0.977608,0.650355,0.862246,0.983316,0.980452,0.838908,0.172720,0.762409,0.287241,-0.470462,0.951014,0.932703,0.986983,0.962391,0.851285,0.914999,0.785806,0.914687,0.978376,0.661104,0.946045,0.486656,0.701556,0.751167,0.928353,-0.486733,0.831331
Medial preoptic nucleus,0.989436,0.963503,0.131547,0.713667,0.896632,-0.165458,-0.033274,0.983462,0.962633,0.676745,0.787306,0.946325,0.681049,0.979667,0.038953,0.771384,0.305655,0.557351,0.417983,0.523533,0.982456,0.965476,0.032966,0.993343,0.945019,0.717816,-0.942360,0.466930,0.930799,0.975167,0.974761,0.961163,0.647362,0.942327,0.973705,0.977486,0.985060,0.961511,0.943380,0.941812,0.968264,0.924819,-0.322756,0.038971,0.903407,0.934534,0.554107,0.255909,0.981231,0.949935,0.734055,0.541811,0.686470,0.934210,0.786396,0.994633,0.969870,-0.101812,-0.246111,0.822868,0.713705,0.094833,0.219504,-0.110395,0.696794,0.267447,-0.297510,0.994312,0.319962,-0.168222,0.601033,-0.108485,-0.202518,-0.004551,0.824146,0.246781,0.954498,0.831055,0.573281,0.790090,0.022580,0.501690,0.717997,0.927082,0.552604,0.670208,0.819022,0.959957,0.154265,0.834165,0.964051,0.967999,0.990095,0.666731,0.466575,0.838498,0.981570,0.976690,0.465963,0.707634,-0.810102,0.952310,0.308338,0.866861,0.636765,0.560473,0.935326,0.955455,0.336784,0.928330,0.968957,0.984983,0.826567,0.793638,-0.098425,0.832250,-0.209884,0.822595,0.895082,1.000000,0.916851,0.921741,0.951632,0.974979,0.463998,0.959699,0.954258,0.587664,0.748405,0.390577,0.773550,0.018100,0.120618,0.785390,0.621071,0.765296,0.529668,0.669682,0.430463,0.628853,0.991013,0.941987,0.663022,0.963545,0.884718,0.951273,0.580140,0.788591,0.280728,0.844901,0.934369,0.805039,0.979567,0.942627,0.860352,0.991022,0.625615,-0.889725,0.799915,-0.954793,0.775689,0.979313,0.660934,0.931621,-0.744400,0.716579,0.027419,0.988660,0.989756,0.467364,0.970014,0.813512,0.979748,0.900877,0.367772,0.900728,0.837486,0.970929,0.005543,0.674619,0.390066,-0.016281,0.727765,0.839265,0.897161,0.757001,0.931511,0.856199,0.994366,0.989706,0.947614,0.793969,0.988461,0.944648,0.917355,0.977114,0.318218,0.338064,0.962979,0.975911,0.993748,0.810847,0.972452,0.945160,0.995783,0.972469,0.988903,0.899480,0.988392,0.731882,0.949132,0.903550,0.896740,0.946279,0.964130,0.986402,0.375893,0.965712,0.529086,-0.030008,0.978564,0.992745,0.954742,0.776803,0.917380,0.998627,0.974246,0.965421,0.962938,0.298889,0.986957,0.822129,0.934553,0.946655,0.678790,-0.736885,0.983276
Medial preoptic area,0.863802,0.776597,-0.227031,0.504538,0.772712,-0.182656,-0.170995,0.948072,0.940467,0.887608,0.881637,0.943507,0.869318,0.976525,0.230912,0.726366,0.113643,0.731944,0.716623,0.734336,0.966413,0.842501,0.071020,0.955485,0.916806,0.788074,-0.924666,0.300164,0.815587,0.884049,0.917034,0.789287,0.580189,0.841665,0.862931,0.872898,0.893168,0.976773,0.896436,0.978185,0.918393,0.875268,0.016396,0.243194,0.879290,0.855185,0.839252,0.254409,0.975996,0.991961,0.890315,0.623892,0.853333,0.864167,0.702640,0.871224,0.921155,-0.006937,-0.157398,0.687422,0.402369,0.297865,0.451910,0.205960,0.864637,0.318307,-0.653825,0.935436,0.041517,-0.365529,0.296862,-0.430738,-0.028364,0.154905,0.533477,-0.105029,0.759747,0.682638,0.851567,0.870088,0.362832,0.801296,0.911511,0.965035,0.826834,0.877750,0.961170,0.769591,0.528790,0.936606,0.813708,0.981358,0.930422,0.893334,0.180409,0.720894,0.891252,0.974664,0.103892,0.594158,-0.974273,0.973571,-0.083526,0.944540,0.291004,0.821152,0.753795,0.758773,0.667261,0.723682,0.843716,0.875497,0.590860,0.868213,-0.040544,0.978253,0.150174,0.724700,0.995476,0.916851,1.000000,0.973529,0.756946,0.861404,0.688832,0.776979,0.772618,0.252815,0.450962,0.136801,0.937969,-0.276370,-0.128334,0.624394,0.390428,0.495606,0.185456,0.323835,0.084214,0.683503,0.937327,0.986992,0.651723,0.785627,0.995043,0.831380,0.784208,0.814572,0.300056,0.581856,0.718081,0.580547,0.820566,0.988064,0.587343,0.953683,0.681979,-0.689212,0.658190,-0.961770,0.954480,0.875309,0.701006,0.986273,-0.637849,0.934456,-0.056500,0.863200,0.945238,0.309880,0.865327,0.859936,0.975035,0.988134,0.679059,0.999239,0.969272,0.794836,-0.373293,0.324105,0.119394,-0.248050,0.671544,0.568813,0.749022,0.435685,0.919202,0.586138,0.875113,0.953558,0.825506,0.937874,0.881210,0.738854,0.695366,0.959169,-0.086357,-0.015621,0.886341,0.825731,0.866561,0.538654,0.939271,0.985209,0.915228,0.952357,0.899867,0.683415,0.873499,0.743459,0.973078,0.707202,0.842786,0.979519,0.984821,0.855793,0.136577,0.805001,0.265619,-0.410250,0.954321,0.943839,0.993058,0.932404,0.838065,0.935862,0.808688,0.947283,0.990343,0.592756,0.965889,0.542805,0.752294,0.801425,0.915495,-0.481919,0.869595
Medial pretectal area,0.897858,0.799789,-0.056265,0.665232,0.694604,0.035480,0.058725,0.973964,0.983474,0.905542,0.956024,0.990024,0.911686,0.975219,0.381930,0.863858,0.332847,0.825813,0.731375,0.810030,0.977523,0.804070,-0.152068,0.957435,0.846304,0.899645,-0.852929,0.505795,0.903945,0.843110,0.870605,0.844772,0.421032,0.779135,0.826868,0.838291,0.863022,0.933430,0.825151,0.998323,0.865663,0.793438,0.069550,0.387940,0.785154,0.783004,0.762850,0.042727,0.971306,0.989520,0.939655,0.770315,0.913413,0.790104,0.576639,0.880189,0.869857,-0.234509,-0.378482,0.586890,0.520569,0.440102,0.566031,0.282020,0.919746,0.510306,-0.586016,0.916560,0.245090,-0.145205,0.453791,-0.248366,-0.254070,0.322629,0.603544,-0.147878,0.770905,0.814618,0.776143,0.952327,0.184988,0.766006,0.927939,0.895298,0.718231,0.903648,0.973662,0.804970,0.494733,0.982026,0.875207,0.986895,0.903052,0.893245,0.094034,0.619173,0.856622,0.946287,0.246141,0.758361,-0.951901,0.996111,0.043655,0.990816,0.299465,0.830423,0.726532,0.792616,0.660660,0.794227,0.809384,0.851404,0.708902,0.952251,-0.264511,0.968589,0.184078,0.612342,0.984125,0.921741,0.973529,1.000000,0.761728,0.917284,0.767955,0.825890,0.830521,0.392703,0.566270,0.340870,0.955984,-0.072306,0.090193,0.770423,0.567454,0.622666,0.331372,0.416508,0.245859,0.823896,0.961022,0.996073,0.806830,0.832630,0.979144,0.780947,0.626757,0.924219,0.086565,0.673262,0.732192,0.519157,0.829132,0.941865,0.646181,0.965296,0.822389,-0.789292,0.800110,-0.905509,0.875472,0.842403,0.531644,0.932633,-0.507588,0.896898,0.171408,0.898956,0.965893,0.515535,0.823738,0.951463,0.977043,0.994195,0.692991,0.971116,0.979715,0.821468,-0.230707,0.391521,0.319446,-0.027070,0.822786,0.656796,0.854639,0.470056,0.840705,0.658635,0.898630,0.931158,0.903618,0.834894,0.920768,0.785032,0.762565,0.982364,-0.002375,-0.052474,0.948738,0.872722,0.879447,0.643433,0.978123,0.996139,0.899831,0.983539,0.937987,0.659731,0.912394,0.590714,0.996942,0.669683,0.938363,0.997307,0.987584,0.893972,0.344771,0.789865,0.450831,-0.397329,0.980091,0.960737,0.983388,0.959266,0.929325,0.934010,0.846638,0.894642,0.970544,0.645548,0.947887,0.541921,0.724998,0.759233,0.859943,-0.625095,0.845164
posteromedial visual area,0.963124,0.995401,0.328419,0.726803,0.932859,-0.236306,-0.026187,0.887948,0.850544,0.418697,0.585051,0.818610,0.429355,0.871165,-0.194239,0.654830,0.323483,0.306439,0.119199,0.255524,0.878275,0.974205,0.104228,0.910110,0.893878,0.525473,-0.883512,0.452190,0.876821,0.957944,0.932904,0.965681,0.704177,0.946921,0.970397,0.967998,0.962208,0.860034,0.908109,0.795125,0.923723,0.898812,-0.588472,-0.201264,0.864905,0.927187,0.294198,0.328659,0.875872,0.808441,0.499166,0.343291,0.443229,0.920188,0.825142,0.977847,0.923518,-0.059498,-0.185395,0.887593,0.830596,-0.149603,-0.049782,-0.392584,0.453941,0.104046,-0.004593,0.938056,0.414245,-0.092572,0.706489,0.080541,-0.214413,-0.214161,0.934450,0.526604,0.999560,0.794840,0.316327,0.595499,-0.173518,0.216379,0.470144,0.823538,0.317107,0.411831,0.603510,0.989290,-0.153262,0.633719,0.947776,0.844084,0.939013,0.405532,0.688386,0.887422,0.959962,0.880494,0.641131,0.641600,-0.594190,0.815636,0.532998,0.682520,0.842771,0.279081,0.990044,0.991194,0.031391,0.956214,0.977193,0.973643,0.868847,0.602220,-0.027972,0.622618,-0.496400,0.862282,0.716371,0.951632,0.756946,0.761728,1.000000,0.930077,0.189676,0.976375,0.966393,0.727827,0.851359,0.456409,0.542391,0.159664,0.206407,0.757981,0.654581,0.838048,0.681231,0.831945,0.587518,0.445700,0.910640,0.793484,0.522881,0.976764,0.701234,0.964813,0.422092,0.625286,0.334483,0.920108,0.997926,0.925964,0.993782,0.819995,0.957435,0.903033,0.441422,-0.904580,0.757051,-0.866998,0.578693,0.968330,0.633393,0.806252,-0.808595,0.474654,-0.015529,0.961487,0.903478,0.444978,0.964781,0.639276,0.870945,0.723960,0.064765,0.730891,0.629314,0.991506,0.246747,0.852151,0.471677,0.069903,0.618801,0.922797,0.865724,0.916993,0.872714,0.944848,0.967290,0.917073,0.902231,0.634808,0.944617,0.983200,0.962257,0.869349,0.572690,0.606160,0.886153,0.965053,0.978286,0.891052,0.870223,0.799467,0.955426,0.863204,0.930805,0.984812,0.951118,0.711640,0.809996,0.978882,0.793139,0.802763,0.835982,0.962543,0.429617,0.994180,0.596018,0.278081,0.874556,0.911500,0.819172,0.548272,0.834210,0.936960,0.980449,0.895222,0.840172,-0.000511,0.900220,0.957142,0.989972,0.977512,0.434343,-0.793175,0.975720
Central amygdalar nucleus,0.993384,0.959017,0.297153,0.848718,0.796321,0.048363,0.189707,0.978134,0.974058,0.668849,0.832025,0.961254,0.696772,0.947886,0.178428,0.879443,0.509012,0.626376,0.413507,0.575586,0.962684,0.900893,-0.181833,0.964885,0.848695,0.800663,-0.844745,0.651822,0.988249,0.907297,0.901045,0.987314,0.476380,0.855038,0.910901,0.915842,0.927205,0.889809,0.846705,0.930964,0.888588,0.818701,-0.268173,0.172227,0.785735,0.837879,0.458571,0.045773,0.946208,0.917165,0.755373,0.663222,0.719334,0.835596,0.643044,0.974415,0.891489,-0.317733,-0.451217,0.703657,0.810056,0.223972,0.317353,-0.040144,0.724571,0.441531,-0.216879,0.946322,0.509539,0.051101,0.737759,0.075031,-0.414976,0.152838,0.870696,0.204645,0.938944,0.933895,0.478206,0.842485,-0.154262,0.446788,0.707694,0.830828,0.426562,0.670184,0.802754,0.967284,0.110008,0.849605,0.995458,0.942813,0.934138,0.641644,0.374793,0.717334,0.919512,0.919127,0.593956,0.844459,-0.760407,0.943707,0.427411,0.882555,0.631344,0.547014,0.883432,0.961572,0.313862,0.970495,0.908222,0.933236,0.917847,0.847742,-0.310326,0.794337,-0.177596,0.691405,0.854437,0.974979,0.861404,0.917284,0.930077,1.000000,0.520928,0.979818,0.983114,0.709098,0.840654,0.577966,0.763565,0.217868,0.330158,0.903306,0.775009,0.867729,0.658844,0.743664,0.577796,0.742294,0.983689,0.920415,0.790667,0.981632,0.839870,0.875613,0.407878,0.868207,0.067704,0.910674,0.922662,0.725413,0.960095,0.868229,0.894721,0.971856,0.739141,-0.961227,0.913097,-0.871115,0.672708,0.919224,0.477802,0.850290,-0.598713,0.654309,0.245782,0.994253,0.979399,0.652094,0.901937,0.874667,0.951158,0.876923,0.363847,0.843923,0.818875,0.969297,0.148544,0.724412,0.573947,0.199559,0.850526,0.902080,0.972754,0.772122,0.827680,0.903688,0.987977,0.938074,0.994881,0.668166,0.997355,0.963053,0.956987,0.969087,0.395959,0.298839,0.993918,0.993089,0.977372,0.890624,0.979805,0.925346,0.951470,0.972255,0.996075,0.852761,0.996797,0.562931,0.941844,0.843126,0.961018,0.933106,0.936280,0.994476,0.567415,0.924068,0.694319,-0.009711,0.973067,0.978787,0.914986,0.775330,0.977359,0.966833,0.983125,0.885332,0.913454,0.334551,0.939333,0.800770,0.882666,0.879478,0.600168,-0.855327,0.931336
Temporal association areas,0.444185,0.264404,-0.233479,0.433222,0.083151,0.453184,0.305291,0.615107,0.677511,0.936999,0.906601,0.719014,0.957087,0.608870,0.855763,0.764595,0.372341,0.989593,0.956334,0.997648,0.616358,0.237020,-0.504933,0.550625,0.343399,0.911606,-0.361308,0.492355,0.578065,0.305834,0.363476,0.383860,-0.171750,0.205319,0.275314,0.295181,0.339854,0.522838,0.299342,0.729712,0.359323,0.253139,0.681308,0.865424,0.261536,0.220575,0.764159,-0.419206,0.596053,0.685567,0.939755,0.921266,0.962129,0.235547,-0.029571,0.383851,0.366769,-0.478343,-0.565306,-0.049833,0.094186,0.891291,0.957484,0.828305,0.957227,0.804064,-0.780745,0.448525,0.150069,0.064282,0.144296,-0.274253,-0.363867,0.802907,0.077751,-0.728842,0.208745,0.561582,0.763976,0.898503,0.271593,0.874786,0.921097,0.478571,0.651504,0.947353,0.862102,0.287868,0.822057,0.874869,0.449100,0.656185,0.420936,0.915839,-0.565405,-0.004252,0.328848,0.535542,-0.107531,0.647770,-0.809385,0.709918,-0.313325,0.843827,-0.329080,0.948592,0.120627,0.267046,0.916220,0.332674,0.245459,0.317921,0.330176,0.893820,-0.547113,0.818412,0.745757,-0.000316,0.753974,0.463998,0.688832,0.767955,0.189676,0.520928,1.000000,0.341326,0.364782,0.022377,0.138554,0.249905,0.897040,-0.074390,0.129240,0.543599,0.372301,0.241882,-0.018272,-0.078636,-0.042504,0.899960,0.573947,0.718489,0.817768,0.349030,0.756689,0.202010,0.382453,0.854451,-0.362992,0.209402,0.157070,-0.148641,0.295551,0.568970,0.108539,0.576660,0.901699,-0.397899,0.583631,-0.465252,0.664976,0.302251,0.043065,0.561819,0.117500,0.826046,0.456148,0.448713,0.584870,0.512952,0.271186,0.865374,0.614534,0.776484,0.949960,0.707660,0.845563,0.302086,-0.434256,-0.154631,0.201741,0.086900,0.750095,0.180330,0.532030,-0.129006,0.347756,0.149624,0.432467,0.485605,0.545678,0.534965,0.498708,0.273989,0.278754,0.641810,-0.452717,-0.658868,0.611750,0.417360,0.385746,0.204404,0.648338,0.714724,0.411629,0.655943,0.534822,0.032355,0.480177,0.071067,0.717382,0.040208,0.709942,0.719282,0.662174,0.442660,0.283444,0.218375,0.264848,-0.813669,0.636009,0.566927,0.660779,0.903995,0.655854,0.489224,0.358067,0.427032,0.614500,0.974445,0.528783,-0.092393,0.118457,0.166279,0.794146,-0.300042,0.306763
Medial septal nucleus,0.988304,0.992466,0.403734,0.847809,0.844810,-0.028808,0.163439,0.929419,0.912055,0.511325,0.704857,0.888445,0.540195,0.894320,0.008829,0.798940,0.496662,0.461466,0.225861,0.401491,0.910314,0.927564,-0.105934,0.927407,0.840658,0.673832,-0.831858,0.622935,0.957203,0.917728,0.896311,0.998816,0.544702,0.881837,0.929635,0.930462,0.932747,0.846014,0.848976,0.849328,0.882847,0.828026,-0.451821,-0.001084,0.788274,0.858122,0.310256,0.124816,0.895140,0.841988,0.609587,0.524902,0.565961,0.851779,0.697647,0.978869,0.884420,-0.262136,-0.386999,0.772254,0.881638,0.049207,0.132338,-0.233918,0.572274,0.315302,-0.041906,0.928996,0.548776,0.068038,0.795000,0.171051,-0.396238,-0.004481,0.946206,0.394772,0.982317,0.906899,0.331985,0.719268,-0.256860,0.275810,0.557625,0.788610,0.298205,0.511291,0.675725,0.997415,-0.081204,0.728197,0.992810,0.878216,0.921199,0.484300,0.536897,0.776160,0.926389,0.877014,0.695837,0.791949,-0.637569,0.868383,0.560578,0.771959,0.773572,0.373659,0.937778,0.995960,0.123427,0.994531,0.934091,0.945400,0.943217,0.726392,-0.237008,0.674238,-0.370248,0.745415,0.755535,0.959699,0.776979,0.825890,0.976375,0.979818,0.341326,1.000000,0.999094,0.790738,0.904207,0.599965,0.624967,0.282525,0.358648,0.879379,0.783549,0.910542,0.746079,0.847134,0.664856,0.616116,0.945149,0.839069,0.690843,0.999901,0.738318,0.906732,0.336347,0.761522,0.135151,0.961087,0.977236,0.824785,0.984338,0.810860,0.963786,0.929999,0.612237,-0.972332,0.879989,-0.837732,0.568961,0.932687,0.493312,0.791956,-0.669588,0.515155,0.188500,0.988381,0.937432,0.618281,0.920096,0.763736,0.896963,0.776977,0.172755,0.753046,0.697153,0.995116,0.285335,0.841136,0.606639,0.225716,0.772382,0.958219,0.953407,0.883258,0.815538,0.965447,0.983875,0.910579,0.971005,0.592273,0.980231,0.997449,0.992254,0.912724,0.554203,0.482125,0.952097,0.996042,0.982148,0.941933,0.924869,0.845620,0.943959,0.913795,0.969958,0.925778,0.983994,0.582130,0.864705,0.911588,0.896466,0.853897,0.869256,0.990382,0.580820,0.960395,0.721805,0.186706,0.918810,0.940610,0.844661,0.637314,0.926889,0.943846,0.998241,0.862992,0.852854,0.139521,0.902121,0.901529,0.937455,0.920598,0.461135,-0.884932,0.945956
Postpiriform transition area,0.986801,0.986363,0.421640,0.868297,0.821795,0.013459,0.202542,0.930114,0.916698,0.521655,0.720995,0.894629,0.554329,0.891074,0.046162,0.821597,0.530458,0.485424,0.239993,0.423520,0.908940,0.912118,-0.147909,0.923305,0.822983,0.696412,-0.814390,0.654670,0.966888,0.903097,0.882006,0.999639,0.508994,0.862696,0.915137,0.916495,0.920158,0.835399,0.830370,0.852022,0.867662,0.807311,-0.426350,0.035539,0.766286,0.838014,0.305667,0.082761,0.891142,0.840495,0.623587,0.555280,0.582636,0.831694,0.667300,0.972555,0.869557,-0.302216,-0.425651,0.744603,0.889577,0.085128,0.163644,-0.205557,0.587991,0.354057,-0.042714,0.919955,0.575873,0.103215,0.811113,0.193438,-0.432348,0.034876,0.945306,0.371002,0.973567,0.923987,0.327243,0.736328,-0.277361,0.279988,0.566815,0.773901,0.286890,0.523052,0.681707,0.993551,-0.072641,0.738892,0.995697,0.877027,0.910481,0.491804,0.506747,0.748978,0.913002,0.868549,0.707065,0.817137,-0.637704,0.870882,0.568085,0.781690,0.758914,0.384722,0.922150,0.991547,0.134966,0.997015,0.919340,0.933255,0.953956,0.743566,-0.277942,0.676026,-0.347984,0.717030,0.754904,0.954258,0.772618,0.830521,0.966393,0.983114,0.364782,0.999094,1.000000,0.802288,0.912061,0.627983,0.633089,0.309930,0.390473,0.898812,0.806591,0.921797,0.758581,0.848785,0.680628,0.643919,0.944629,0.839968,0.718657,0.998812,0.737247,0.889118,0.312501,0.781669,0.093541,0.965439,0.968220,0.801092,0.976503,0.801005,0.961331,0.927808,0.640124,-0.980856,0.899385,-0.824274,0.558773,0.919070,0.460057,0.781067,-0.637582,0.514849,0.229321,0.987219,0.936707,0.650408,0.904787,0.781135,0.894297,0.779174,0.187403,0.749052,0.702250,0.990113,0.297272,0.837657,0.633170,0.259137,0.797377,0.961611,0.965177,0.874319,0.797009,0.965789,0.980572,0.901815,0.978356,0.575903,0.980571,0.995090,0.993394,0.913641,0.552733,0.459179,0.958242,0.996074,0.976443,0.948608,0.928214,0.846663,0.934686,0.916191,0.970778,0.909509,0.983886,0.550715,0.867585,0.893436,0.910216,0.855989,0.867844,0.989484,0.610290,0.947911,0.745340,0.173423,0.919962,0.938960,0.841590,0.646782,0.938679,0.937947,0.995874,0.849158,0.847330,0.161214,0.894851,0.887285,0.921792,0.903544,0.458220,-0.900024,0.933575
Tegmental reticular nucleus,0.695381,0.753908,0.879293,0.910682,0.455559,0.328156,0.584418,0.546983,0.547904,0.033894,0.352372,0.518342,0.111226,0.451020,0.000469,0.657713,0.800491,0.163945,-0.218040,0.064129,0.492660,0.554632,-0.427829,0.513518,0.351489,0.420201,-0.332801,0.814001,0.747658,0.508297,0.449927,0.787026,0.117935,0.469660,0.544736,0.539986,0.532705,0.342877,0.376671,0.413355,0.424562,0.353651,-0.549641,-0.028287,0.285415,0.418278,-0.294355,-0.248274,0.448907,0.369623,0.194250,0.382897,0.175658,0.401302,0.263363,0.650940,0.426099,-0.580135,-0.625982,0.399618,0.985804,-0.005320,-0.039855,-0.379373,0.170327,0.381881,0.500652,0.508412,0.905825,0.593106,0.991028,0.736588,-0.738527,0.056917,0.922675,0.551183,0.740309,0.826120,-0.273884,0.388165,-0.794295,-0.268027,0.075451,0.248204,-0.335072,0.049573,0.189725,0.778490,-0.534166,0.311704,0.767421,0.433520,0.492888,-0.024928,0.480611,0.378717,0.521023,0.401011,0.988023,0.774653,-0.092994,0.444352,0.933062,0.364244,0.810111,-0.106988,0.645533,0.782961,-0.338706,0.845892,0.566647,0.568817,0.927034,0.400820,-0.518424,0.151683,-0.561838,0.324243,0.243983,0.587664,0.252815,0.392703,0.727827,0.709098,0.022377,0.790738,0.802288,1.000000,0.976432,0.903086,0.146040,0.791765,0.797523,0.847934,0.927984,0.964147,0.997552,0.971583,0.982398,0.452258,0.573284,0.381655,0.589551,0.782186,0.216866,0.522787,-0.305084,0.513785,-0.270397,0.928999,0.767598,0.589178,0.695203,0.285300,0.894023,0.528483,0.448305,-0.873486,0.819372,-0.329430,-0.042438,0.542924,-0.049827,0.253910,-0.269943,-0.054466,0.530683,0.697727,0.554070,0.800720,0.524581,0.463944,0.459102,0.296019,-0.260889,0.220179,0.209719,0.747528,0.802151,0.936778,0.920491,0.714046,0.677942,0.931261,0.810204,0.874573,0.308247,0.911551,0.670038,0.467067,0.747612,-0.024876,0.677708,0.812715,0.860320,0.513976,0.881073,0.606138,0.661106,0.747418,0.662850,0.949956,0.561231,0.393541,0.546714,0.528878,0.648877,0.685647,0.687660,0.053047,0.441286,0.634753,0.655346,0.415886,0.416246,0.708404,0.882460,0.650182,0.947893,0.562700,0.528289,0.555306,0.364675,0.175747,0.694255,0.545625,0.753357,0.377178,0.366732,-0.199562,0.451477,0.781988,0.646184,0.571901,-0.130459,-0.957675,0.573559
Central lateral nucleus of the thalamus,0.833737,0.875511,0.755782,0.935335,0.614398,0.221312,0.467347,0.709895,0.704699,0.205785,0.496251,0.675905,0.270083,0.630428,0.006521,0.742367,0.735284,0.279600,-0.070257,0.188797,0.665194,0.713228,-0.338357,0.685530,0.541036,0.532914,-0.524943,0.789297,0.859955,0.677604,0.629467,0.901349,0.272255,0.637650,0.707163,0.704199,0.700062,0.537530,0.561411,0.588778,0.606990,0.537808,-0.540178,-0.017039,0.476179,0.593448,-0.094893,-0.131722,0.629189,0.555438,0.352388,0.454799,0.324211,0.579402,0.428019,0.799110,0.608643,-0.499462,-0.575500,0.549401,0.998514,0.016705,0.021814,-0.344310,0.322666,0.380428,0.333015,0.682140,0.826426,0.439222,0.972083,0.574433,-0.656786,0.041196,0.976820,0.521152,0.862243,0.897248,-0.072970,0.526314,-0.644822,-0.088095,0.250997,0.451034,-0.128017,0.216787,0.372046,0.894535,-0.399342,0.475820,0.885763,0.612721,0.668447,0.155086,0.521998,0.536300,0.689623,0.589105,0.934418,0.821367,-0.290805,0.617064,0.847935,0.527779,0.836222,0.059100,0.780012,0.897082,-0.190666,0.940877,0.723951,0.729685,0.979744,0.537646,-0.447730,0.344736,-0.519981,0.487436,0.437523,0.748405,0.450962,0.566270,0.851359,0.840654,0.138554,0.904207,0.912061,0.976432,1.000000,0.842756,0.323856,0.652735,0.684102,0.902838,0.924775,0.993988,0.958967,0.975876,0.919891,0.535148,0.733653,0.562961,0.657074,0.898214,0.412534,0.683529,-0.094673,0.628860,-0.143394,0.986924,0.879385,0.700102,0.831687,0.485106,0.963016,0.697006,0.531032,-0.952674,0.883202,-0.525013,0.171497,0.707059,0.137635,0.456500,-0.422503,0.144862,0.439033,0.835423,0.717546,0.778447,0.689706,0.594781,0.637030,0.481525,-0.118832,0.419821,0.393470,0.872108,0.659680,0.949138,0.857098,0.579062,0.747197,0.987400,0.902247,0.920400,0.502002,0.976016,0.814405,0.646895,0.864627,0.191465,0.818742,0.918457,0.949986,0.681051,0.808805,0.590399,0.797700,0.872773,0.808600,0.994885,0.718400,0.573557,0.714048,0.691909,0.795100,0.803581,0.826956,0.240788,0.613660,0.763023,0.774587,0.592108,0.597520,0.843575,0.821749,0.791524,0.916749,0.456210,0.693176,0.719456,0.552818,0.348992,0.812259,0.713528,0.877484,0.567126,0.556953,-0.087421,0.633182,0.862101,0.780347,0.722627,0.072671,-0.980720,0.733158
Accessory facial motor nucleus,0.517229,0.516931,0.882263,0.921476,0.106265,0.700956,0.869593,0.421832,0.463739,0.119106,0.430324,0.456430,0.219855,0.304823,0.384682,0.741122,0.979704,0.365840,-0.036794,0.267152,0.357241,0.261798,-0.774490,0.345477,0.077430,0.552292,-0.064734,0.965764,0.675534,0.233083,0.189971,0.614819,-0.288271,0.156485,0.263511,0.265127,0.273377,0.143056,0.087924,0.336910,0.160824,0.048223,-0.168124,0.354455,-0.018795,0.105750,-0.293634,-0.637075,0.295354,0.258712,0.283470,0.606793,0.297270,0.092474,-0.120100,0.432088,0.165342,-0.873380,-0.892085,0.015463,0.851831,0.364317,0.286537,-0.007222,0.282923,0.698262,0.396788,0.290438,0.994186,0.838888,0.942731,0.819945,-0.956428,0.451450,0.708021,0.188520,0.478991,0.816534,-0.279308,0.468292,-0.844626,-0.181092,0.139575,0.026149,-0.395419,0.146509,0.195340,0.559698,-0.340409,0.340787,0.620427,0.312353,0.260870,0.043328,0.061801,0.003314,0.255917,0.211209,0.892823,0.861729,-0.058166,0.359371,0.814029,0.371999,0.480426,0.016941,0.332958,0.557681,-0.157922,0.679542,0.278450,0.306726,0.831496,0.479470,-0.833104,0.121484,-0.213332,-0.052142,0.168713,0.390577,0.136801,0.340870,0.456409,0.577966,0.249905,0.599965,0.627983,0.903086,0.842756,1.000000,0.183587,0.912958,0.960960,0.859076,0.963579,0.867689,0.912203,0.776582,0.935978,0.633613,0.430087,0.293149,0.742356,0.591188,0.142788,0.214365,-0.501389,0.600233,-0.650631,0.766791,0.498414,0.207661,0.451974,0.105434,0.668376,0.377162,0.631403,-0.764658,0.835627,-0.103151,-0.155476,0.271042,-0.396874,0.070015,0.131085,-0.061846,0.843221,0.522630,0.412691,0.959211,0.239164,0.531641,0.317239,0.239198,-0.064536,0.114937,0.201728,0.523041,0.761930,0.695825,0.998531,0.913856,0.782291,0.758809,0.747580,0.588200,0.034470,0.711277,0.478356,0.260457,0.651062,-0.205654,0.522187,0.602804,0.677398,0.397967,0.679798,0.238836,0.569381,0.574793,0.447874,0.808174,0.460750,0.304033,0.318516,0.425197,0.504163,0.359060,0.525491,-0.297469,0.360912,0.299004,0.644677,0.332621,0.296379,0.533902,0.998854,0.368449,0.986476,0.311791,0.411754,0.404077,0.238392,0.221064,0.654997,0.352400,0.554806,0.137086,0.214545,0.058460,0.263521,0.458340,0.333136,0.259365,-0.148482,-0.902739,0.308103
Taenia tecta,0.729152,0.589232,-0.268845,0.497294,0.507599,0.093852,0.025987,0.864954,0.889654,0.990033,0.965361,0.911719,0.986579,0.881614,0.546280,0.796005,0.229131,0.915843,0.898658,0.923203,0.878021,0.621240,-0.185214,0.839836,0.721592,0.908439,-0.735287,0.400792,0.761363,0.680348,0.729144,0.652711,0.275393,0.607550,0.652137,0.667767,0.701518,0.843462,0.687695,0.940401,0.728556,0.653300,0.342836,0.559032,0.661171,0.624177,0.885486,-0.035121,0.875288,0.929021,0.989660,0.812230,0.977725,0.637145,0.415126,0.706223,0.733743,-0.217713,-0.350814,0.393317,0.272688,0.604561,0.731763,0.525829,0.982516,0.567997,-0.782930,0.779404,0.077527,-0.208141,0.230952,-0.411078,-0.173686,0.473173,0.347344,-0.420097,0.552853,0.669728,0.892589,0.953654,0.369030,0.913620,0.996452,0.817306,0.825541,0.988491,0.996965,0.595450,0.725776,0.985247,0.698984,0.907276,0.763619,0.984825,-0.165031,0.435945,0.695388,0.846934,-0.007065,0.656716,-0.982233,0.927569,-0.218859,0.974421,0.007916,0.957338,0.509604,0.578848,0.851733,0.586775,0.625720,0.679495,0.501756,0.950022,-0.272210,0.987725,0.456216,0.441292,0.966069,0.773550,0.937969,0.955984,0.542391,0.763565,0.897040,0.624967,0.633089,0.146040,0.323856,0.183587,1.000000,-0.222525,-0.035081,0.624772,0.397636,0.400440,0.085266,0.142931,0.011542,0.837605,0.838353,0.941218,0.776333,0.634127,0.967647,0.598521,0.671699,0.895928,0.020076,0.439204,0.502150,0.276675,0.632337,0.873397,0.395772,0.850684,0.837566,-0.595632,0.665145,-0.807313,0.904731,0.672531,0.454898,0.869572,-0.333460,0.968539,0.169047,0.730865,0.848797,0.416789,0.652093,0.930174,0.883194,0.971056,0.873314,0.947057,0.993761,0.618413,-0.452357,0.107994,0.149749,-0.127343,0.754840,0.417383,0.697184,0.190383,0.726030,0.414032,0.731151,0.808957,0.752229,0.832796,0.765994,0.569181,0.543538,0.885096,-0.285245,-0.332956,0.822810,0.691872,0.703984,0.409691,0.874882,0.938092,0.748711,0.887236,0.795161,0.423619,0.752280,0.492210,0.930847,0.443096,0.842290,0.936256,0.912602,0.723207,0.199691,0.587262,0.269367,-0.649103,0.879064,0.839447,0.918115,0.999217,0.813055,0.798079,0.653252,0.779336,0.894573,0.830202,0.837267,0.275828,0.507639,0.562122,0.943358,-0.419532,0.670485
Central linear nucleus raphe,0.162820,0.206648,0.963106,0.689951,-0.181758,0.721570,0.892888,0.026895,0.066377,-0.270237,0.039017,0.055225,-0.166277,-0.097646,0.233714,0.409745,0.892944,0.024315,-0.362373,-0.073820,-0.043135,-0.065350,-0.749562,-0.046127,-0.280357,0.192106,0.296893,0.803320,0.326110,-0.113339,-0.171553,0.289660,-0.480853,-0.166041,-0.073742,-0.077153,-0.079526,-0.250271,-0.259623,-0.075213,-0.200319,-0.287639,-0.218101,0.198968,-0.355356,-0.221721,-0.645140,-0.687346,-0.105841,-0.153764,-0.110343,0.304357,-0.084971,-0.239028,-0.370336,0.080895,-0.197411,-0.820058,-0.777795,-0.230567,0.682330,0.187015,0.050348,-0.139372,-0.102787,0.512918,0.680162,-0.085690,0.948748,0.950087,0.806165,0.978718,-0.901638,0.330372,0.495023,0.273524,0.179451,0.513622,-0.635553,0.080973,-0.978103,-0.528795,-0.257736,-0.357497,-0.732543,-0.240531,-0.216986,0.249464,-0.582464,-0.066441,0.281764,-0.095311,-0.110928,-0.345098,0.034506,-0.257778,-0.095175,-0.183605,0.844732,0.583987,0.352490,-0.050152,0.849777,-0.036572,0.388197,-0.347068,0.044636,0.252858,-0.460385,0.380428,-0.050060,-0.038913,0.577655,0.092932,-0.763623,-0.292514,-0.315381,-0.313774,-0.247991,0.018100,-0.276370,-0.072306,0.159664,0.217868,-0.074390,0.282525,0.309930,0.791765,0.652735,0.912958,-0.222525,1.000000,0.979207,0.577675,0.776812,0.653794,0.827946,0.649084,0.889629,0.310512,0.041744,-0.120508,0.434313,0.270254,-0.273428,-0.105365,-0.802214,0.233456,-0.721089,0.525915,0.217184,0.003392,0.124889,-0.294441,0.434504,-0.016237,0.308777,-0.471793,0.539660,0.279929,-0.544622,-0.072723,-0.646019,-0.328003,0.351497,-0.456820,0.815045,0.168015,0.021070,0.791944,-0.098181,0.149036,-0.085333,-0.177825,-0.375498,-0.298830,-0.212513,0.203403,0.912177,0.575138,0.921180,0.979391,0.470970,0.524844,0.424044,0.427441,-0.323627,0.474123,0.121442,-0.124219,0.300787,-0.578727,0.157574,0.303813,0.392343,-0.002371,0.728964,0.285552,0.194096,0.234896,0.097922,0.582476,0.065911,-0.108934,-0.048283,0.025799,0.130635,0.101869,0.164896,-0.565947,-0.048983,0.033850,0.276837,-0.079174,-0.112637,0.182167,0.909582,0.054052,0.851969,0.510866,0.013301,0.014384,-0.172349,-0.184266,0.292425,-0.027958,0.225613,-0.238764,-0.191514,-0.225389,-0.128691,0.258808,0.045506,-0.047922,-0.532624,-0.689056,-0.034649
Diagonal band nucleus,0.260395,0.268037,0.912217,0.779124,-0.154586,0.805135,0.947477,0.159135,0.210518,-0.075606,0.226871,0.207489,0.031734,0.034095,0.402300,0.566968,0.964435,0.226261,-0.166092,0.129974,0.089779,-0.007671,-0.844621,0.073892,-0.200467,0.379256,0.213378,0.900878,0.448579,-0.041616,-0.088045,0.374185,-0.504997,-0.114264,-0.008332,-0.007744,-0.001165,-0.134824,-0.188613,0.079937,-0.117525,-0.225811,-0.085131,0.369687,-0.291668,-0.166655,-0.483736,-0.763424,0.023426,-0.006787,0.084447,0.490845,0.113589,-0.180890,-0.365506,0.167077,-0.113142,-0.910843,-0.887620,-0.230237,0.704348,0.363531,0.242166,0.024508,0.095022,0.671950,0.517987,0.014348,0.975984,0.955107,0.836143,0.917092,-0.970296,0.487415,0.516129,0.129976,0.229881,0.630590,-0.474042,0.266989,-0.917924,-0.346748,-0.065896,-0.250523,-0.592941,-0.044102,-0.036017,0.315199,-0.414237,0.116280,0.379301,0.045669,-0.016245,-0.154301,-0.072812,-0.248076,-0.018935,-0.065895,0.823112,0.716285,0.181220,0.101030,0.785653,0.140159,0.327330,-0.150899,0.078237,0.314396,-0.272310,0.453890,0.009234,0.034845,0.648307,0.277984,-0.868356,-0.119593,-0.167825,-0.303112,-0.087451,0.120618,-0.128334,0.090193,0.206407,0.330158,0.129240,0.358648,0.390473,0.797523,0.684102,0.960960,-0.035081,0.979207,1.000000,0.690193,0.852381,0.705816,0.824802,0.636583,0.880240,0.493667,0.165813,0.032703,0.600767,0.348021,-0.112301,-0.054527,-0.715215,0.409773,-0.785549,0.573146,0.256921,-0.017514,0.193134,-0.169776,0.462476,0.108732,0.492253,-0.557203,0.660505,0.175784,-0.401145,-0.001920,-0.626408,-0.204663,0.364661,-0.282593,0.900669,0.266447,0.147419,0.893660,-0.033476,0.328311,0.047454,-0.013199,-0.180933,-0.147093,-0.034654,0.272360,0.820465,0.548087,0.959578,0.990331,0.624472,0.566258,0.536418,0.407270,-0.242747,0.509947,0.217005,-0.016640,0.417174,-0.460613,0.265979,0.366295,0.454926,0.135278,0.638068,0.156772,0.324409,0.326560,0.184365,0.628000,0.204377,0.043492,0.044224,0.166023,0.246372,0.117233,0.269582,-0.540529,0.103638,0.051238,0.425391,0.073982,0.029597,0.279287,0.964097,0.107293,0.904790,0.346073,0.149717,0.137251,-0.030118,0.004353,0.430381,0.079834,0.305564,-0.142339,-0.058249,-0.027642,-0.012554,0.247641,0.078662,-0.004574,-0.364650,-0.752083,0.036853
Central medial nucleus of the thalamus,0.857926,0.814888,0.582412,0.988031,0.491201,0.449739,0.592083,0.823847,0.851838,0.546376,0.790058,0.846896,0.616059,0.746416,0.410747,0.956510,0.828510,0.658335,0.332225,0.581356,0.782411,0.648349,-0.566013,0.768535,0.539786,0.837003,-0.533566,0.913905,0.955231,0.646329,0.628594,0.896859,0.081876,0.565154,0.659803,0.665986,0.682410,0.620122,0.538130,0.770457,0.606324,0.496371,-0.136938,0.393143,0.445308,0.531874,0.197374,-0.361868,0.738880,0.716675,0.677824,0.793128,0.668775,0.525842,0.277092,0.795589,0.611222,-0.685986,-0.778754,0.376694,0.885140,0.429383,0.448077,0.087928,0.663489,0.706066,-0.017377,0.716261,0.805927,0.469352,0.900352,0.426120,-0.765147,0.424362,0.840976,0.107082,0.776980,0.996805,0.215227,0.814145,-0.481514,0.264319,0.575508,0.522217,0.112338,0.562656,0.646987,0.844593,-0.004895,0.748859,0.913009,0.754058,0.690720,0.489828,0.154742,0.383940,0.667784,0.672704,0.763452,0.984188,-0.546338,0.786157,0.605780,0.778327,0.540145,0.430171,0.659896,0.837660,0.211007,0.914326,0.662014,0.699860,0.964377,0.822085,-0.670618,0.598382,-0.103154,0.341996,0.646052,0.785390,0.624394,0.770423,0.757981,0.903306,0.543599,0.879379,0.898812,0.847934,0.902838,0.859076,0.624772,0.577675,0.690193,1.000000,0.962126,0.944272,0.820276,0.787248,0.785996,0.846269,0.825457,0.740691,0.917031,0.876866,0.625259,0.605578,0.010900,0.890008,-0.349492,0.910639,0.771269,0.474089,0.786164,0.595470,0.837522,0.792175,0.843682,-0.962250,0.998578,-0.581672,0.369470,0.671812,0.055866,0.566626,-0.235756,0.430004,0.628981,0.861798,0.815673,0.913478,0.641879,0.859518,0.755349,0.697533,0.290525,0.606342,0.656632,0.828674,0.413541,0.724886,0.849596,0.590388,0.960363,0.897961,0.977891,0.698254,0.506976,0.870076,0.833362,0.701435,0.941709,0.323379,0.870050,0.862706,0.898649,0.810338,0.500631,0.192891,0.908025,0.883840,0.805579,0.920632,0.849378,0.748431,0.728474,0.828024,0.864987,0.644960,0.868928,0.156463,0.786977,0.609871,0.942765,0.767960,0.743138,0.866912,0.857432,0.713259,0.916223,0.044782,0.818792,0.808448,0.701633,0.651358,0.949432,0.764768,0.860104,0.601569,0.682179,0.341764,0.709585,0.651464,0.659283,0.626007,0.352006,-0.963698,0.698034
Subparafascicular area,0.724934,0.711634,0.776676,0.991720,0.339006,0.564017,0.738452,0.648022,0.679905,0.317692,0.610990,0.670598,0.404983,0.547538,0.365170,0.865530,0.927091,0.495911,0.115073,0.403194,0.593007,0.494889,-0.664461,0.583851,0.336416,0.695522,-0.325509,0.963498,0.847514,0.475465,0.440691,0.797952,-0.072442,0.398172,0.499864,0.502928,0.513477,0.402519,0.343413,0.568344,0.414050,0.303124,-0.208723,0.339857,0.240683,0.353506,-0.071726,-0.483888,0.539514,0.502797,0.472916,0.693748,0.472295,0.342651,0.113043,0.652162,0.418568,-0.784453,-0.842797,0.237361,0.921482,0.364409,0.334849,-0.009116,0.462799,0.692142,0.229106,0.534070,0.935971,0.667417,0.969299,0.656586,-0.878758,0.408112,0.829290,0.203597,0.675149,0.939173,-0.054319,0.643688,-0.701189,0.012981,0.345852,0.292457,-0.162180,0.339479,0.418935,0.747705,-0.219250,0.546869,0.805652,0.552281,0.506926,0.249976,0.161851,0.232850,0.497348,0.464906,0.881588,0.946466,-0.298408,0.589624,0.764705,0.581293,0.571407,0.199508,0.543126,0.744072,-0.011270,0.842143,0.510246,0.541017,0.943000,0.653988,-0.751632,0.358486,-0.213955,0.181582,0.413665,0.621071,0.390428,0.567454,0.654581,0.775009,0.372301,0.783549,0.806591,0.927984,0.924775,0.963579,0.397636,0.776812,0.852381,0.962126,1.000000,0.953965,0.918456,0.839878,0.910587,0.739686,0.655739,0.530908,0.838583,0.777415,0.388923,0.449607,-0.253369,0.753725,-0.486719,0.889173,0.684392,0.392215,0.661980,0.366949,0.806621,0.610945,0.736980,-0.905885,0.947546,-0.364932,0.103005,0.508679,-0.153740,0.333652,-0.089298,0.171499,0.737721,0.729451,0.641001,0.958739,0.478066,0.702753,0.558277,0.475779,0.077552,0.368079,0.428875,0.720098,0.633408,0.770236,0.960605,0.773455,0.887994,0.879897,0.897866,0.702417,0.296416,0.843221,0.692933,0.508601,0.830307,0.061179,0.730670,0.779604,0.835534,0.626921,0.648976,0.273638,0.767429,0.769158,0.665370,0.914757,0.679103,0.540886,0.557071,0.649206,0.716695,0.552513,0.732842,-0.049033,0.590304,0.502955,0.816343,0.565589,0.537868,0.738192,0.959682,0.584792,0.990624,0.229366,0.638820,0.633924,0.486066,0.430544,0.828978,0.589148,0.749794,0.395370,0.466564,0.163765,0.511869,0.611366,0.542994,0.485327,0.086596,-0.977810,0.541348
Nucleus of the lateral lemniscus,0.850201,0.871415,0.732323,0.967328,0.586487,0.291536,0.515948,0.746111,0.749852,0.290659,0.576314,0.726692,0.358386,0.664670,0.112628,0.809678,0.778461,0.378966,0.026415,0.289442,0.700839,0.702716,-0.409904,0.712628,0.542067,0.618065,-0.528101,0.839737,0.897013,0.674630,0.632955,0.912928,0.219810,0.623076,0.700932,0.700219,0.701238,0.560267,0.557323,0.639636,0.609915,0.528486,-0.445858,0.089875,0.468011,0.580455,-0.030405,-0.201043,0.661704,0.599687,0.437037,0.549457,0.413804,0.568072,0.388644,0.807058,0.612449,-0.563080,-0.643523,0.507594,0.988774,0.124414,0.131136,-0.239633,0.411046,0.474026,0.256530,0.696225,0.842332,0.464281,0.974393,0.555810,-0.703174,0.143620,0.958563,0.424661,0.851375,0.938350,-0.009173,0.605728,-0.623057,-0.006633,0.332391,0.468550,-0.078262,0.303521,0.442567,0.893932,-0.310941,0.548943,0.905153,0.653271,0.679037,0.236946,0.434114,0.499164,0.689416,0.613520,0.911658,0.878800,-0.353728,0.665341,0.806303,0.596098,0.774374,0.149244,0.757619,0.894139,-0.096721,0.948483,0.714502,0.728613,0.993301,0.616472,-0.519315,0.408531,-0.423358,0.450813,0.491356,0.765296,0.495606,0.622666,0.838048,0.867729,0.241882,0.910542,0.921797,0.964147,0.993988,0.867689,0.400440,0.653794,0.705816,0.944272,0.953965,1.000000,0.944421,0.946317,0.907041,0.623748,0.764671,0.611938,0.735553,0.905206,0.466841,0.668851,-0.079841,0.704590,-0.207179,0.984340,0.863392,0.649432,0.829876,0.513789,0.946420,0.727723,0.619957,-0.970848,0.928552,-0.540623,0.215968,0.703922,0.109226,0.484382,-0.374225,0.212461,0.502869,0.852531,0.749730,0.831276,0.682849,0.669925,0.672099,0.538657,-0.021063,0.467182,0.461264,0.872306,0.616079,0.909237,0.876224,0.601096,0.815154,0.981461,0.936076,0.878712,0.503640,0.965067,0.828779,0.665300,0.896752,0.218856,0.841886,0.917360,0.951541,0.720484,0.748332,0.498957,0.836157,0.887275,0.817003,0.993678,0.759569,0.622070,0.723950,0.733573,0.822368,0.772414,0.847907,0.213835,0.662994,0.731914,0.828680,0.641461,0.638772,0.860185,0.851357,0.780017,0.937268,0.363048,0.732009,0.749243,0.593625,0.426718,0.859046,0.733070,0.884667,0.578063,0.591535,0.017772,0.656953,0.820443,0.757728,0.704374,0.137047,-0.995407,0.730831
Tuberal nucleus,0.643435,0.707363,0.910388,0.892341,0.400970,0.356654,0.614216,0.488100,0.490681,-0.024088,0.300192,0.461001,0.056497,0.387924,-0.004852,0.621696,0.811649,0.122122,-0.266083,0.020420,0.431284,0.498538,-0.449701,0.452365,0.287245,0.377114,-0.267853,0.811846,0.702841,0.449021,0.387781,0.741965,0.069073,0.411575,0.487385,0.482042,0.473666,0.276398,0.313864,0.351393,0.361774,0.291437,-0.549972,-0.034996,0.221760,0.358381,-0.357094,-0.280732,0.385609,0.305005,0.139006,0.352934,0.123513,0.340592,0.209273,0.596591,0.363229,-0.597869,-0.633453,0.348945,0.971830,-0.015736,-0.062632,-0.389980,0.117065,0.375401,0.551464,0.447179,0.921295,0.635328,0.986731,0.781358,-0.755508,0.058085,0.896388,0.558138,0.694016,0.793515,-0.337276,0.337464,-0.834514,-0.325339,0.015980,0.180260,-0.399344,-0.007136,0.127252,0.733356,-0.574526,0.253699,0.721030,0.370470,0.431342,-0.084800,0.465204,0.325621,0.461753,0.335972,0.995631,0.749861,-0.026817,0.383017,0.951914,0.306034,0.795338,-0.161823,0.596582,0.738470,-0.385492,0.806527,0.510807,0.511550,0.900146,0.350430,-0.533355,0.086389,-0.572467,0.269902,0.177894,0.529668,0.185456,0.331372,0.681231,0.658844,-0.018272,0.746079,0.758581,0.997552,0.958967,0.912203,0.085266,0.827946,0.824802,0.820276,0.918456,0.944421,1.000000,0.961078,0.992593,0.418257,0.515106,0.318203,0.559360,0.736777,0.150364,0.466470,-0.369626,0.469272,-0.306141,0.900938,0.724428,0.549240,0.644440,0.217582,0.863235,0.468174,0.414387,-0.838544,0.789033,-0.263020,-0.111775,0.484947,-0.108305,0.185654,-0.219934,-0.119749,0.552430,0.645947,0.495062,0.797849,0.466597,0.414930,0.396369,0.231852,-0.306693,0.152594,0.146668,0.699962,0.840747,0.924386,0.930592,0.749071,0.646615,0.903855,0.771312,0.852188,0.243087,0.881848,0.616501,0.404175,0.701444,-0.094620,0.624877,0.770534,0.822698,0.454003,0.896955,0.607796,0.609377,0.699150,0.609136,0.925787,0.503878,0.330392,0.487260,0.469971,0.594555,0.641846,0.635350,-0.006633,0.380057,0.588176,0.608724,0.353690,0.352692,0.657336,0.891764,0.598643,0.947360,0.593862,0.468885,0.496146,0.299474,0.116089,0.647857,0.485693,0.705652,0.312222,0.301045,-0.236679,0.387976,0.749607,0.597334,0.518390,-0.196065,-0.939911,0.516687
Cuneiform nucleus,0.756200,0.838065,0.793263,0.840876,0.625459,0.095561,0.376205,0.595362,0.574194,0.013735,0.307892,0.535509,0.071256,0.519908,-0.196310,0.578590,0.638565,0.065468,-0.272468,-0.026100,0.551844,0.688049,-0.203887,0.587849,0.495138,0.338050,-0.475159,0.671365,0.746051,0.637743,0.577443,0.834277,0.341640,0.621320,0.673505,0.666106,0.651858,0.449754,0.525263,0.448563,0.556358,0.512455,-0.703429,-0.221369,0.449696,0.574538,-0.242328,-0.011933,0.521871,0.427414,0.157955,0.250077,0.122626,0.557373,0.466082,0.737513,0.556264,-0.373641,-0.434632,0.590250,0.983045,-0.191732,-0.195394,-0.537155,0.122908,0.190370,0.491135,0.609075,0.780608,0.398898,0.938974,0.613967,-0.558804,-0.152708,0.972457,0.692019,0.838055,0.780202,-0.220003,0.339019,-0.686289,-0.265298,0.063594,0.374837,-0.247427,0.021498,0.200469,0.850608,-0.573397,0.298488,0.803777,0.490806,0.602214,-0.030732,0.666495,0.567597,0.644210,0.497392,0.955039,0.679124,-0.134131,0.481223,0.911637,0.357989,0.923205,-0.137431,0.778640,0.857790,-0.383844,0.882785,0.696584,0.685705,0.914990,0.351287,-0.307033,0.185329,-0.692793,0.518551,0.293998,0.669682,0.323835,0.416508,0.831945,0.743664,-0.078636,0.847134,0.848785,0.971583,0.975876,0.776582,0.142931,0.649084,0.636583,0.787248,0.839878,0.946317,0.961078,1.000000,0.923381,0.337820,0.628594,0.426333,0.477205,0.839726,0.268618,0.666929,-0.149221,0.448487,-0.035217,0.951903,0.865805,0.758371,0.789230,0.386996,0.953865,0.592562,0.333241,-0.876315,0.759550,-0.451064,0.051508,0.667281,0.161025,0.360449,-0.479364,-0.016207,0.316283,0.756698,0.610354,0.655984,0.657423,0.414418,0.524931,0.331431,-0.320762,0.288322,0.226187,0.826189,0.741213,0.992665,0.801930,0.537339,0.584187,0.958995,0.795949,0.963576,0.455622,0.956339,0.740627,0.565901,0.759293,0.102975,0.728612,0.876137,0.903850,0.560751,0.907802,0.747437,0.679751,0.799524,0.746171,0.958805,0.594978,0.437650,0.648802,0.567581,0.697165,0.820444,0.740976,0.258044,0.475964,0.779641,0.630075,0.454535,0.474470,0.765887,0.747416,0.768122,0.852503,0.633524,0.573931,0.616668,0.431098,0.165724,0.680597,0.629888,0.818171,0.501494,0.446646,-0.300304,0.542164,0.902311,0.779438,0.712965,-0.080469,-0.917930,0.691630
Nucleus of the lateral olfactory tract,0.554378,0.617985,0.950867,0.870034,0.287297,0.439599,0.687983,0.396662,0.406461,-0.088307,0.242558,0.379385,-0.000624,0.288444,0.035888,0.585588,0.848252,0.093200,-0.305588,-0.010794,0.335357,0.389922,-0.520863,0.352685,0.170440,0.337915,-0.150884,0.827878,0.636114,0.338483,0.275431,0.662524,-0.044268,0.297870,0.378584,0.373265,0.365404,0.165910,0.197095,0.262018,0.248127,0.173364,-0.503135,0.003772,0.101979,0.242419,-0.437918,-0.370765,0.284957,0.207933,0.078818,0.342036,0.071333,0.224040,0.092010,0.499391,0.249848,-0.657077,-0.676063,0.236005,0.937220,0.016627,-0.051568,-0.357554,0.062329,0.406246,0.604131,0.341208,0.952202,0.720237,0.975215,0.849430,-0.804414,0.108473,0.835901,0.522182,0.601946,0.750287,-0.419705,0.282010,-0.892626,-0.388483,-0.052770,0.065127,-0.489713,-0.068261,0.047381,0.648049,-0.602576,0.182501,0.642998,0.274151,0.323228,-0.153557,0.393451,0.210637,0.352475,0.228582,0.993659,0.728686,0.062843,0.293393,0.961489,0.231928,0.735448,-0.217188,0.494731,0.653189,-0.423434,0.735158,0.403094,0.405229,0.853642,0.295193,-0.591604,-0.001557,-0.543001,0.153192,0.083339,0.430463,0.084214,0.245859,0.587518,0.577796,-0.042504,0.664856,0.680628,0.982398,0.919891,0.935978,0.011542,0.889629,0.880240,0.785996,0.910587,0.907041,0.992593,0.923381,1.000000,0.396882,0.422342,0.225409,0.539362,0.654560,0.055423,0.355635,-0.477188,0.422582,-0.399351,0.844662,0.635411,0.450470,0.548845,0.107967,0.795582,0.371654,0.393335,-0.780008,0.751930,-0.149343,-0.215202,0.376498,-0.226720,0.074845,-0.105757,-0.204855,0.619204,0.557483,0.401452,0.813791,0.356461,0.360111,0.297894,0.142062,-0.341439,0.052395,0.064367,0.610813,0.885547,0.878561,0.953297,0.819003,0.619151,0.847154,0.713405,0.787849,0.125136,0.818738,0.523715,0.297474,0.629950,-0.206962,0.537482,0.690136,0.751523,0.362291,0.892510,0.564434,0.531308,0.615520,0.513236,0.877060,0.417469,0.237866,0.382318,0.381162,0.506576,0.544902,0.547805,-0.127028,0.291141,0.486516,0.547283,0.263168,0.255881,0.569864,0.918192,0.497277,0.951464,0.602969,0.377842,0.401120,0.199745,0.044767,0.583164,0.384468,0.619539,0.198710,0.197479,-0.252581,0.282799,0.667757,0.495557,0.410663,-0.282909,-0.910206,0.410460
Motor nucleus of trigeminal,0.663203,0.526637,0.195289,0.780068,0.220393,0.592820,0.567625,0.750991,0.811148,0.828944,0.944636,0.836841,0.884457,0.699328,0.791558,0.961104,0.705127,0.950518,0.747591,0.912821,0.726088,0.405118,-0.677606,0.674167,0.407850,0.987832,-0.415710,0.809383,0.817661,0.445890,0.471353,0.653700,-0.157662,0.336744,0.435215,0.451055,0.488390,0.568927,0.379201,0.796622,0.455838,0.326793,0.395465,0.786685,0.303561,0.326838,0.520853,-0.530495,0.686277,0.733890,0.903828,0.993785,0.919694,0.332597,0.032563,0.585345,0.463356,-0.714789,-0.805361,0.076241,0.501406,0.817018,0.851278,0.595896,0.911699,0.907753,-0.458731,0.576820,0.548220,0.359468,0.560016,0.109109,-0.676186,0.773341,0.446383,-0.432412,0.469172,0.848591,0.528909,0.954109,-0.132066,0.640701,0.830680,0.485172,0.396773,0.846661,0.822331,0.560559,0.493119,0.891617,0.704599,0.735831,0.544086,0.781831,-0.333276,0.107179,0.472843,0.607418,0.336194,0.914324,-0.727575,0.792271,0.132022,0.885308,0.030332,0.781764,0.343354,0.543758,0.659151,0.637294,0.418442,0.485413,0.682671,0.955551,-0.749229,0.762327,0.439858,0.085962,0.741588,0.628853,0.683503,0.823896,0.445700,0.742294,0.899960,0.616116,0.643919,0.452258,0.535148,0.633613,0.837605,0.310512,0.493667,0.846269,0.739686,0.623748,0.418257,0.337820,0.396882,1.000000,0.724790,0.770927,0.986867,0.618827,0.731936,0.358485,0.159037,0.973800,-0.491051,0.569913,0.436032,0.077251,0.525937,0.585651,0.458106,0.705743,0.999987,-0.714420,0.868460,-0.509551,0.531209,0.458880,-0.040096,0.564835,0.042353,0.680002,0.676690,0.668603,0.725790,0.822078,0.421993,0.957836,0.708471,0.787046,0.725308,0.686645,0.815031,0.557926,-0.017585,0.250080,0.597310,0.425789,0.961079,0.544485,0.807877,0.236939,0.392227,0.505047,0.639705,0.591740,0.786138,0.417387,0.705408,0.565445,0.595102,0.760437,-0.023277,-0.348731,0.804546,0.664491,0.592913,0.578251,0.789641,0.772882,0.560871,0.781128,0.725026,0.283738,0.692996,0.029403,0.797996,0.266187,0.898575,0.787776,0.733405,0.668313,0.656074,0.433779,0.657300,-0.482142,0.761817,0.709471,0.708082,0.858087,0.865327,0.632158,0.612433,0.496143,0.665404,0.783412,0.624563,0.220841,0.341718,0.349340,0.617008,-0.677051,0.477480
Cortical amygdalar area anterior part,0.983560,0.934428,0.121163,0.746980,0.831731,-0.058666,0.047214,0.998650,0.990207,0.753423,0.861912,0.980975,0.764146,0.989718,0.172053,0.839463,0.369414,0.661953,0.514627,0.628455,0.995377,0.922318,-0.072108,0.995486,0.911574,0.804189,-0.911200,0.532635,0.955437,0.939779,0.945903,0.953104,0.553263,0.892622,0.935310,0.941634,0.955192,0.954635,0.904239,0.973697,0.938258,0.879234,-0.203501,0.172254,0.858314,0.885707,0.601102,0.148291,0.988950,0.971749,0.812407,0.647572,0.772833,0.887017,0.706546,0.976380,0.940953,-0.194836,-0.339201,0.742173,0.696139,0.227138,0.346908,0.016893,0.780967,0.384905,-0.365958,0.979710,0.351437,-0.110988,0.604315,-0.105452,-0.273463,0.127590,0.788639,0.128431,0.916842,0.867885,0.619083,0.864785,0.025950,0.573540,0.789500,0.912436,0.579743,0.750022,0.875224,0.936212,0.243713,0.896523,0.965215,0.986117,0.970796,0.738333,0.346630,0.762388,0.949769,0.972924,0.443712,0.769610,-0.854238,0.981319,0.267991,0.923087,0.551459,0.645274,0.881155,0.929080,0.430302,0.918505,0.927338,0.953317,0.831532,0.867787,-0.199938,0.878156,-0.093434,0.746302,0.928024,0.991013,0.937327,0.961022,0.910640,0.983689,0.573947,0.945149,0.944629,0.573284,0.733653,0.430087,0.838353,0.041744,0.165813,0.825457,0.655739,0.764671,0.515106,0.628594,0.422342,0.724790,1.000000,0.970545,0.748475,0.949397,0.917963,0.902564,0.562432,0.862346,0.178321,0.828523,0.891954,0.719467,0.950915,0.942527,0.824395,0.998316,0.722004,-0.895985,0.843435,-0.938779,0.794037,0.944533,0.591850,0.930108,-0.655422,0.766805,0.122818,0.983710,0.999724,0.535697,0.930410,0.883878,0.991084,0.939259,0.466952,0.924474,0.889925,0.946775,-0.026707,0.619125,0.422725,0.033402,0.799336,0.818954,0.921126,0.693489,0.898217,0.828135,0.984856,0.979607,0.965177,0.790237,0.990610,0.922006,0.900779,0.995730,0.251917,0.223391,0.985331,0.969707,0.976463,0.798456,0.994880,0.973324,0.976912,0.994579,0.995433,0.837033,0.988046,0.664276,0.979548,0.839493,0.941966,0.976112,0.982820,0.981239,0.421445,0.924073,0.557692,-0.130596,0.996766,0.999558,0.971805,0.843772,0.953469,0.991847,0.958988,0.944353,0.971754,0.412587,0.983358,0.752843,0.880151,0.895055,0.724495,-0.748458,0.950234
Nucleus of the trapezoid body,0.911085,0.823604,-0.082901,0.634003,0.750613,-0.050766,-0.017269,0.980537,0.981596,0.884496,0.926836,0.984449,0.883522,0.988958,0.302118,0.824721,0.271345,0.777217,0.698655,0.764220,0.987807,0.845251,-0.067877,0.973838,0.889568,0.857506,-0.895503,0.449021,0.893878,0.881949,0.907979,0.854203,0.499535,0.827084,0.865900,0.876128,0.897823,0.961494,0.870734,0.998828,0.904581,0.843214,0.007564,0.309268,0.836737,0.832340,0.769295,0.129649,0.986625,0.998414,0.912915,0.710849,0.880665,0.839168,0.645708,0.903129,0.908107,-0.156489,-0.304247,0.652014,0.517171,0.363283,0.498740,0.216276,0.888986,0.432665,-0.577979,0.943461,0.199313,-0.212806,0.432877,-0.286672,-0.186711,0.239190,0.618319,-0.089577,0.800193,0.789657,0.783199,0.921638,0.218427,0.753996,0.909911,0.930845,0.738527,0.879739,0.964087,0.824312,0.469539,0.963986,0.879970,0.995993,0.933330,0.877459,0.165249,0.683035,0.892974,0.970530,0.235517,0.715291,-0.953554,0.997447,0.040127,0.975556,0.342024,0.805855,0.769271,0.813190,0.631829,0.800850,0.849242,0.885729,0.698844,0.921488,-0.183853,0.967498,0.128891,0.678046,0.989474,0.941987,0.986992,0.996073,0.793484,0.920415,0.718489,0.839069,0.839968,0.381655,0.562961,0.293149,0.941218,-0.120508,0.032703,0.740691,0.530908,0.611938,0.318203,0.426333,0.225409,0.770927,0.970545,1.000000,0.755670,0.846090,0.985071,0.826335,0.674272,0.888574,0.172266,0.676905,0.762389,0.578289,0.855892,0.967531,0.663939,0.977805,0.769185,-0.783322,0.770097,-0.939472,0.897398,0.879530,0.602709,0.960086,-0.580256,0.897476,0.091088,0.911484,0.975602,0.457750,0.864238,0.921066,0.989647,0.994186,0.658561,0.983351,0.972314,0.842852,-0.245700,0.411868,0.275134,-0.089192,0.778874,0.662518,0.840903,0.501336,0.885215,0.670638,0.915382,0.956920,0.898557,0.870290,0.929820,0.801593,0.772243,0.988023,0.012625,0.004868,0.945136,0.883339,0.901240,0.642353,0.979206,0.999917,0.927733,0.986226,0.945635,0.704335,0.922536,0.659258,0.997424,0.717652,0.918357,0.999136,0.996929,0.906075,0.293663,0.825966,0.413411,-0.361554,0.985438,0.972442,0.995595,0.942015,0.914043,0.954682,0.862464,0.930044,0.988034,0.596793,0.970244,0.583390,0.767818,0.804063,0.865070,-0.606047,0.880055
Cortical amygdalar area posterior part,0.715196,0.601732,0.342441,0.870019,0.266079,0.609824,0.632009,0.767698,0.823544,0.749546,0.913228,0.841902,0.814991,0.702238,0.724819,0.986602,0.790587,0.888630,0.633650,0.835991,0.734595,0.452500,-0.703149,0.690677,0.417007,0.967418,-0.420736,0.884713,0.868173,0.480855,0.493145,0.724560,-0.138313,0.374284,0.478012,0.491540,0.524199,0.562639,0.395555,0.785240,0.474274,0.343606,0.266412,0.714901,0.309906,0.355656,0.407919,-0.539794,0.689833,0.719235,0.847168,0.970189,0.859375,0.357726,0.060189,0.635262,0.481418,-0.762752,-0.850885,0.125153,0.628780,0.745673,0.767430,0.477155,0.850778,0.897956,-0.318252,0.600437,0.666345,0.446178,0.686310,0.242359,-0.754877,0.719902,0.563618,-0.298101,0.546695,0.913887,0.418708,0.928628,-0.272206,0.524093,0.757987,0.468764,0.286483,0.768923,0.769478,0.637580,0.346994,0.855744,0.767436,0.732677,0.567589,0.695451,-0.226065,0.149166,0.507818,0.608569,0.483905,0.967469,-0.664492,0.786866,0.290228,0.859105,0.165511,0.682481,0.413857,0.623137,0.531717,0.721495,0.466906,0.528317,0.781012,0.932261,-0.782713,0.706926,0.301989,0.119784,0.703843,0.663022,0.651723,0.806830,0.522881,0.790667,0.817768,0.690843,0.718657,0.589551,0.657074,0.742356,0.776333,0.434313,0.600767,0.917031,0.838583,0.735553,0.559360,0.477205,0.539362,0.986867,0.748475,0.755670,1.000000,0.691612,0.690112,0.404064,0.073525,0.970531,-0.508444,0.677551,0.521986,0.162456,0.589562,0.567528,0.568032,0.722520,0.986186,-0.798396,0.931600,-0.505822,0.459648,0.499225,-0.062668,0.542768,0.006201,0.595253,0.720302,0.720610,0.745781,0.893824,0.462161,0.945826,0.712150,0.755239,0.606349,0.648818,0.766115,0.629024,0.135794,0.390044,0.712385,0.526122,0.991500,0.654808,0.871897,0.364153,0.394823,0.614494,0.688726,0.606393,0.838845,0.358169,0.750563,0.648929,0.685821,0.770260,0.137748,-0.213238,0.838941,0.726577,0.644480,0.690016,0.806108,0.759636,0.593039,0.792170,0.763073,0.367697,0.741072,0.018783,0.791612,0.341858,0.925705,0.777499,0.727275,0.722425,0.759404,0.496883,0.769115,-0.334616,0.774202,0.730979,0.694517,0.800661,0.902085,0.658118,0.680018,0.502315,0.655575,0.672959,0.633598,0.330222,0.412500,0.405104,0.524037,-0.783901,0.521985
Nucleus of the solitary tract,0.990302,0.992784,0.391026,0.843191,0.848503,-0.034674,0.154767,0.934093,0.916632,0.521191,0.711001,0.893397,0.548963,0.900424,0.011499,0.799788,0.488797,0.468044,0.236643,0.409242,0.915823,0.930927,-0.100214,0.932550,0.847211,0.678118,-0.838716,0.617069,0.958047,0.922104,0.901737,0.998902,0.550043,0.886165,0.933349,0.934345,0.936949,0.853359,0.855004,0.855884,0.888580,0.834074,-0.445319,0.002057,0.795150,0.863196,0.323327,0.130594,0.901261,0.849204,0.617645,0.527722,0.573806,0.857151,0.702735,0.981462,0.890167,-0.255568,-0.381642,0.775602,0.874976,0.052716,0.138021,-0.227180,0.580310,0.314605,-0.055203,0.933965,0.538867,0.057018,0.787061,0.157629,-0.388099,-0.003336,0.941780,0.387229,0.982596,0.905308,0.344963,0.724868,-0.243559,0.288142,0.567289,0.796906,0.311598,0.520863,0.684651,0.997370,-0.068965,0.735441,0.993404,0.884576,0.926287,0.494906,0.533460,0.780135,0.930702,0.883669,0.685703,0.789929,-0.647755,0.874530,0.548908,0.778691,0.767634,0.384374,0.939075,0.995740,0.135023,0.993184,0.937331,0.948983,0.939407,0.731825,-0.231536,0.683797,-0.362062,0.750059,0.764233,0.963545,0.785627,0.832630,0.976764,0.981632,0.349030,0.999901,0.998812,0.782186,0.898214,0.591188,0.634127,0.270254,0.348021,0.876866,0.777415,0.905206,0.736777,0.839726,0.654560,0.618827,0.949397,0.846090,0.691612,1.000000,0.747323,0.910332,0.348901,0.765039,0.141710,0.957149,0.976720,0.824725,0.985837,0.818997,0.960311,0.934950,0.614976,-0.970271,0.878194,-0.845058,0.580471,0.936564,0.501974,0.800432,-0.673851,0.526574,0.181767,0.990345,0.941992,0.612680,0.924069,0.768349,0.902957,0.784995,0.183596,0.762060,0.705944,0.995719,0.271821,0.834130,0.597461,0.214665,0.772365,0.954104,0.952765,0.878253,0.822614,0.961758,0.986294,0.916232,0.971963,0.603388,0.982633,0.996657,0.990415,0.917905,0.543096,0.474985,0.954751,0.997004,0.984550,0.937255,0.929279,0.852484,0.948255,0.918727,0.972906,0.925801,0.986193,0.590102,0.870882,0.912470,0.898684,0.860439,0.875854,0.992138,0.572279,0.962230,0.714001,0.175508,0.923772,0.945139,0.851946,0.646069,0.928606,0.948394,0.998937,0.869602,0.860083,0.148663,0.908095,0.898823,0.938726,0.923288,0.473206,-0.879513,0.949417
Abducens nucleus,0.832209,0.728472,-0.250824,0.500880,0.705907,-0.111789,-0.124627,0.933538,0.934791,0.928891,0.914444,0.943460,0.913679,0.960095,0.321990,0.749899,0.139412,0.792265,0.780025,0.797073,0.951229,0.787927,0.005133,0.932354,0.872608,0.829000,-0.882393,0.324430,0.805112,0.835436,0.873889,0.755137,0.502882,0.784357,0.811668,0.823404,0.847795,0.950756,0.847924,0.978037,0.874981,0.822996,0.112883,0.334873,0.828830,0.799455,0.867487,0.180186,0.957969,0.985462,0.929176,0.681653,0.898795,0.809848,0.630495,0.831750,0.878443,-0.059818,-0.207224,0.611855,0.362411,0.387582,0.536795,0.301724,0.908509,0.388604,-0.704414,0.900833,0.043070,-0.333137,0.273014,-0.439032,-0.061782,0.245097,0.480402,-0.199683,0.706081,0.680890,0.878331,0.902322,0.377886,0.847076,0.947872,0.935785,0.842082,0.921041,0.983461,0.724792,0.596730,0.960883,0.786190,0.970965,0.892907,0.932252,0.082248,0.648577,0.844797,0.949585,0.064694,0.612592,-0.989990,0.970760,-0.131726,0.963194,0.208514,0.872246,0.690623,0.712162,0.731817,0.687878,0.789947,0.828291,0.565563,0.899803,-0.100348,0.993862,0.243095,0.653413,0.999608,0.884718,0.995043,0.979144,0.701234,0.839870,0.756689,0.738318,0.737247,0.216866,0.412534,0.142788,0.967647,-0.273428,-0.112301,0.625259,0.388923,0.466841,0.150364,0.268618,0.055423,0.731936,0.917963,0.985071,0.690112,0.747323,1.000000,0.773737,0.767610,0.844111,0.229386,0.541521,0.661012,0.498782,0.773441,0.967974,0.533842,0.933891,0.730842,-0.664664,0.661669,-0.929788,0.955219,0.826476,0.643483,0.965905,-0.559987,0.958322,0.000042,0.832218,0.926887,0.336169,0.813623,0.887556,0.959356,0.995064,0.745730,0.997335,0.988341,0.750087,-0.408835,0.259454,0.120382,-0.225324,0.697858,0.525822,0.737597,0.365196,0.876040,0.537854,0.841353,0.922816,0.809882,0.922812,0.855454,0.694499,0.654850,0.947644,-0.151744,-0.110131,0.875194,0.793272,0.827572,0.501274,0.929670,0.982769,0.877028,0.943070,0.877597,0.614460,0.845860,0.684105,0.971338,0.637912,0.848573,0.977842,0.975171,0.824525,0.147306,0.749893,0.261103,-0.488357,0.942252,0.923245,0.983288,0.963031,0.836578,0.905965,0.769920,0.910859,0.974724,0.669540,0.939927,0.468806,0.688963,0.741055,0.938112,-0.462127,0.821390
Facial motor nucleus,0.924388,0.946923,0.076286,0.545139,0.989267,-0.435500,-0.267841,0.883247,0.834368,0.486062,0.571604,0.804733,0.468854,0.899643,-0.266434,0.544291,0.084420,0.293575,0.208235,0.268336,0.892185,0.998462,0.310162,0.925724,0.973853,0.470525,-0.967643,0.237149,0.792412,0.994234,0.983980,0.893637,0.840759,0.998125,0.996505,0.994811,0.989186,0.929990,0.983085,0.815784,0.982439,0.981617,-0.541964,-0.264330,0.965413,0.992944,0.462191,0.519246,0.906703,0.850622,0.524526,0.256577,0.461085,0.990365,0.931991,0.961697,0.981387,0.163513,0.025969,0.957861,0.655078,-0.209238,-0.072594,-0.366669,0.476701,-0.039515,-0.179115,0.965448,0.163177,-0.347883,0.496271,-0.177674,0.027901,-0.311875,0.810092,0.465158,0.958904,0.659726,0.481965,0.571013,0.083698,0.351538,0.534791,0.922218,0.509712,0.471099,0.659050,0.929097,-0.006687,0.649194,0.877071,0.871248,0.973414,0.492974,0.690780,0.964535,0.991202,0.932708,0.422345,0.485468,-0.686339,0.829972,0.313778,0.690754,0.749890,0.365577,0.986142,0.930305,0.146178,0.860306,0.997313,0.990079,0.719457,0.574644,0.180890,0.698921,-0.423648,0.954088,0.782243,0.951273,0.831380,0.780947,0.964813,0.875613,0.202010,0.906732,0.889118,0.522787,0.683529,0.214365,0.598521,-0.105365,-0.054527,0.605578,0.449607,0.668851,0.466470,0.666929,0.355635,0.358485,0.902564,0.826335,0.404064,0.910332,0.773737,1.000000,0.636784,0.560742,0.533617,0.786139,0.947654,0.934992,0.966845,0.900954,0.849173,0.910353,0.354615,-0.783177,0.614426,-0.945478,0.723378,0.993896,0.811456,0.896118,-0.911074,0.593420,-0.237688,0.921305,0.900758,0.232718,0.997405,0.597317,0.896079,0.770944,0.156865,0.810911,0.684051,0.943509,0.009333,0.707785,0.228025,-0.191947,0.491705,0.789409,0.755474,0.812452,0.964014,0.825502,0.939757,0.954221,0.825125,0.790332,0.906605,0.908558,0.863723,0.872047,0.387413,0.541584,0.836791,0.907325,0.957572,0.741748,0.854624,0.829315,0.973326,0.858187,0.899526,0.966389,0.911381,0.868770,0.823899,0.978506,0.719898,0.824647,0.867645,0.918645,0.187916,0.986891,0.371420,0.151712,0.873169,0.910807,0.866648,0.594169,0.757686,0.948538,0.925895,0.963318,0.893393,0.050650,0.938006,0.897690,0.985856,0.997800,0.573289,-0.613601,0.991139
Caudoputamen,0.456029,0.395275,-0.717437,-0.127043,0.660492,-0.650184,-0.722370,0.572579,0.532545,0.657694,0.468720,0.534756,0.577314,0.670697,-0.116193,0.151714,-0.526162,0.355040,0.586482,0.415631,0.628673,0.614575,0.594577,0.633383,0.782999,0.305882,-0.795911,-0.355147,0.298720,0.662918,0.713137,0.333926,0.745701,0.680935,0.628288,0.634364,0.643218,0.778647,0.762711,0.638234,0.732451,0.772090,0.033390,-0.087534,0.815159,0.722410,0.880856,0.675853,0.677450,0.703709,0.561163,0.115888,0.514985,0.737096,0.743676,0.521615,0.731452,0.576650,0.455491,0.650226,-0.140898,-0.044653,0.140429,0.098939,0.534950,-0.215234,-0.764558,0.659870,-0.576274,-0.859395,-0.301931,-0.868644,0.592203,-0.222106,0.072150,-0.124089,0.408855,0.089631,0.883977,0.435917,0.819252,0.763638,0.670057,0.843146,0.943976,0.630592,0.690957,0.360051,0.606781,0.578650,0.345800,0.664987,0.676241,0.711256,0.203416,0.683776,0.653233,0.734138,-0.424608,-0.032160,-0.792280,0.622768,-0.530274,0.571228,0.028124,0.654498,0.501713,0.353524,0.617246,0.238925,0.604693,0.609060,0.021666,0.427989,0.528903,0.756913,0.179846,0.720236,0.752775,0.580140,0.784208,0.626757,0.422092,0.407878,0.382453,0.336347,0.312501,-0.305084,-0.094673,-0.501389,0.671699,-0.802214,-0.715215,0.010900,-0.253369,-0.079841,-0.369626,-0.149221,-0.477188,0.159037,0.562432,0.674272,0.073525,0.348901,0.767610,0.636784,1.000000,0.309243,0.720523,0.066741,0.363890,0.445213,0.472298,0.806352,0.143416,0.609451,0.158705,-0.147046,0.052225,-0.795399,0.919482,0.632238,0.899564,0.826807,-0.699430,0.824512,-0.616116,0.451658,0.579071,-0.344490,0.645699,0.392247,0.661128,0.700692,0.568224,0.794324,0.696841,0.404338,-0.759634,-0.091155,-0.511170,-0.795535,0.076635,0.062691,0.197776,0.076450,0.810559,0.111472,0.491571,0.690582,0.326810,0.949730,0.462937,0.306627,0.219884,0.594205,-0.435278,-0.077885,0.425647,0.388527,0.507465,0.001419,0.536768,0.666496,0.628296,0.569641,0.487091,0.429910,0.455886,0.876766,0.620462,0.487650,0.327007,0.643352,0.677146,0.438584,-0.505011,0.517120,-0.372640,-0.477931,0.582021,0.585109,0.719990,0.643039,0.322924,0.618070,0.391580,0.765906,0.737392,0.409289,0.695188,0.251834,0.500444,0.585634,0.862445,0.121017,0.603986
Visceral area,0.810136,0.692516,0.174357,0.814255,0.436142,0.412692,0.426789,0.881466,0.922876,0.862321,0.980231,0.939014,0.905881,0.841551,0.640054,0.981346,0.633640,0.919578,0.725178,0.881735,0.862664,0.601317,-0.517829,0.824269,0.602026,0.991863,-0.607894,0.764969,0.913730,0.637698,0.659147,0.791883,0.068387,0.542014,0.627931,0.641760,0.673859,0.735073,0.578202,0.908175,0.645455,0.531516,0.228852,0.636863,0.508178,0.532989,0.588271,-0.337665,0.831716,0.861869,0.935388,0.944096,0.933987,0.537857,0.258126,0.750955,0.651873,-0.584649,-0.699216,0.300671,0.591339,0.677340,0.743136,0.448345,0.930897,0.792651,-0.465983,0.747418,0.510982,0.220458,0.603574,0.036512,-0.580846,0.611088,0.582627,-0.281248,0.644493,0.906206,0.600001,0.987758,-0.079431,0.666886,0.875236,0.660368,0.490284,0.874035,0.896572,0.717791,0.450628,0.953307,0.833614,0.867394,0.720521,0.823264,-0.134277,0.330452,0.660734,0.768868,0.385047,0.922159,-0.820918,0.907181,0.176489,0.956986,0.198224,0.792910,0.541032,0.702987,0.633181,0.767532,0.612667,0.670630,0.770800,0.989684,-0.612398,0.853846,0.298593,0.310063,0.854281,0.788591,0.814572,0.924219,0.625286,0.868207,0.854451,0.761522,0.781669,0.513785,0.628860,0.600233,0.895928,0.233456,0.409773,0.890008,0.753725,0.704590,0.469272,0.448487,0.422582,0.973800,0.862346,0.888574,0.970531,0.765039,0.844111,0.560742,0.309243,1.000000,-0.298318,0.686817,0.611451,0.291641,0.698201,0.743965,0.603578,0.848277,0.972900,-0.816397,0.912692,-0.686224,0.657792,0.648456,0.169729,0.724839,-0.185779,0.758246,0.533009,0.814132,0.863208,0.775487,0.616788,0.996049,0.848644,0.890903,0.693269,0.812940,0.895909,0.719751,-0.031002,0.381157,0.570858,0.316340,0.967629,0.664873,0.894306,0.397157,0.586540,0.639166,0.793572,0.758828,0.893810,0.572583,0.843751,0.716228,0.730380,0.887809,0.057438,-0.188437,0.915098,0.805843,0.756415,0.682620,0.908472,0.890810,0.734311,0.902476,0.860130,0.481911,0.833647,0.244000,0.910833,0.470403,0.969780,0.902449,0.864699,0.812969,0.614089,0.621906,0.659981,-0.404908,0.889010,0.851132,0.842958,0.912477,0.948741,0.791779,0.763882,0.677689,0.811521,0.717069,0.784411,0.406288,0.539484,0.550937,0.698566,-0.738433,0.663705
Superior central nucleus raphe,0.174568,0.251841,-0.508024,-0.403969,0.644018,-0.992495,-0.939199,0.155980,0.067559,-0.031390,-0.183524,0.036597,-0.124635,0.255850,-0.768010,-0.383591,-0.775099,-0.374754,-0.134528,-0.324554,0.209458,0.486163,0.968480,0.265377,0.566545,-0.350743,-0.565129,-0.689292,-0.085565,0.480951,0.485406,0.100203,0.904444,0.573322,0.470654,0.461562,0.436377,0.425568,0.580582,0.128602,0.506890,0.623852,-0.515161,-0.747586,0.657675,0.601325,0.309340,0.997981,0.272382,0.226772,-0.123099,-0.555780,-0.188684,0.604062,0.803405,0.285078,0.500313,0.920683,0.859168,0.730852,-0.156760,-0.721685,-0.583524,-0.548831,-0.164752,-0.807677,-0.164659,0.369689,-0.651848,-0.897005,-0.360086,-0.641307,0.840363,-0.833507,0.071060,0.457965,0.307169,-0.283440,0.313926,-0.208971,0.589023,0.106505,-0.004110,0.519749,0.457186,-0.066172,0.069004,0.199307,-0.030991,-0.048841,0.061794,0.213062,0.406501,0.036195,0.666779,0.729563,0.454315,0.373664,-0.295641,-0.477160,-0.207347,0.129564,-0.251716,-0.029777,0.327264,-0.051977,0.463748,0.208642,-0.079771,0.044814,0.470328,0.420039,-0.171903,-0.212814,0.927405,0.167668,-0.414065,0.760798,0.217819,0.280728,0.300056,0.086565,0.334483,0.067704,-0.362992,0.135151,0.093541,-0.270397,-0.143394,-0.650631,0.020076,-0.721089,-0.785549,-0.349492,-0.486719,-0.207179,-0.306141,-0.035217,-0.399351,-0.491051,0.178321,0.172266,-0.508444,0.141710,0.229386,0.533617,0.720523,-0.298318,1.000000,-0.033889,0.301718,0.606270,0.303931,0.415633,0.119314,0.221930,-0.492950,0.097471,-0.339040,-0.485629,0.439461,0.454194,0.889810,0.440198,-0.824916,0.218971,-0.947455,0.166782,0.186001,-0.694739,0.490477,-0.224215,0.242202,0.150324,-0.151070,0.294223,0.088798,0.232224,-0.403947,0.080007,-0.623142,-0.841140,-0.448620,-0.015888,-0.150749,0.229258,0.588984,0.056375,0.218481,0.370688,-0.032127,0.570164,0.139289,0.156931,0.066957,0.155998,-0.051496,0.455793,0.014259,0.128595,0.269804,-0.096037,0.094816,0.167839,0.367481,0.120917,0.135028,0.459197,0.146680,0.851352,0.121349,0.509571,-0.161979,0.141924,0.219990,0.158563,-0.681019,0.405806,-0.526792,0.158917,0.148724,0.205884,0.262007,-0.012885,-0.122840,0.298093,0.177028,0.487135,0.315105,-0.329428,0.341764,0.376350,0.464126,0.511040,0.277577,0.294006,0.423561
Ventral medial nucleus of the thalamus,0.910519,0.940840,0.640656,0.920266,0.719454,0.123862,0.357055,0.806789,0.795952,0.319310,0.579814,0.767937,0.371192,0.742671,-0.002690,0.774618,0.656679,0.346074,0.032167,0.264860,0.770914,0.812725,-0.250250,0.791302,0.668108,0.590914,-0.654232,0.738901,0.913407,0.785426,0.745788,0.958297,0.387899,0.747228,0.809222,0.807424,0.805153,0.665818,0.684830,0.697179,0.726299,0.662205,-0.527890,-0.021646,0.607422,0.709701,0.051817,-0.029839,0.742358,0.673664,0.450801,0.482969,0.415583,0.698120,0.544907,0.885563,0.727873,-0.413951,-0.510008,0.651409,0.977692,0.019134,0.054077,-0.320077,0.417128,0.355213,0.204519,0.790997,0.737610,0.304797,0.926437,0.435011,-0.567670,0.014766,0.989348,0.494078,0.929114,0.917629,0.074236,0.604639,-0.513228,0.041341,0.366315,0.588974,0.027421,0.326160,0.490072,0.954575,-0.295264,0.576341,0.945266,0.724561,0.779584,0.276799,0.548204,0.644067,0.796169,0.710541,0.866780,0.823466,-0.424190,0.722830,0.761453,0.626822,0.837457,0.172193,0.860534,0.955874,-0.083869,0.982344,0.821985,0.829177,0.987004,0.614677,-0.370445,0.472669,-0.483952,0.600966,0.564155,0.844901,0.581856,0.673262,0.920108,0.910674,0.209402,0.961087,0.965439,0.928999,0.986924,0.766791,0.439204,0.525915,0.573146,0.910639,0.889173,0.984340,0.900938,0.951903,0.844662,0.569913,0.828523,0.676905,0.677551,0.957149,0.541521,0.786139,0.066741,0.686817,-0.033889,1.000000,0.938636,0.768848,0.909453,0.618226,0.987082,0.799292,0.565761,-0.980376,0.897924,-0.655323,0.323329,0.810025,0.279725,0.592753,-0.531493,0.283445,0.347054,0.911565,0.815145,0.729943,0.794455,0.665906,0.747829,0.600214,-0.019367,0.552495,0.512254,0.939261,0.535749,0.933489,0.779088,0.454978,0.767479,0.999531,0.939339,0.931392,0.633444,0.995494,0.896651,0.760967,0.922158,0.346686,0.897185,0.969950,0.987888,0.781623,0.735783,0.571364,0.871465,0.938660,0.892850,0.997630,0.810014,0.686242,0.817556,0.788768,0.877718,0.871874,0.904095,0.379624,0.719141,0.840473,0.833859,0.701205,0.711332,0.917598,0.745562,0.875512,0.861232,0.372521,0.791773,0.817816,0.673342,0.459911,0.870329,0.816249,0.943225,0.692404,0.679727,-0.012701,0.748432,0.901064,0.860647,0.816822,0.216861,-0.965204,0.831734
Ventrolateral preoptic nucleus,0.954502,0.993967,0.387201,0.749623,0.914821,-0.206555,0.016026,0.867435,0.830777,0.375404,0.559057,0.797269,0.391318,0.843892,-0.203253,0.653221,0.361803,0.278997,0.071948,0.222625,0.853833,0.958293,0.075090,0.887104,0.863405,0.508334,-0.851677,0.481418,0.874270,0.937543,0.907792,0.965847,0.677567,0.926353,0.952989,0.949870,0.942761,0.826562,0.879924,0.766270,0.897155,0.870361,-0.615894,-0.212461,0.832604,0.903177,0.235200,0.299367,0.848459,0.776280,0.464346,0.333300,0.409561,0.894834,0.800174,0.966160,0.896913,-0.092373,-0.212767,0.870697,0.861625,-0.162486,-0.072774,-0.420732,0.419337,0.110436,0.055122,0.915438,0.461244,-0.040163,0.743872,0.142781,-0.254100,-0.216160,0.954743,0.558816,0.998085,0.803805,0.257745,0.572032,-0.235102,0.161388,0.427687,0.785438,0.256115,0.369973,0.564174,0.989668,-0.207659,0.602352,0.945822,0.815812,0.915718,0.358670,0.701695,0.867747,0.939945,0.850317,0.687948,0.653090,-0.548700,0.788614,0.586354,0.653398,0.868679,0.231960,0.983422,0.992320,-0.019777,0.962955,0.961896,0.957019,0.887302,0.579516,-0.055972,0.580100,-0.531615,0.839488,0.677569,0.934369,0.718081,0.732192,0.997926,0.922662,0.157070,0.977236,0.968220,0.767598,0.879385,0.498414,0.502150,0.217184,0.256921,0.771269,0.684392,0.863392,0.724428,0.865805,0.635411,0.436032,0.891954,0.762389,0.521986,0.976720,0.661012,0.947654,0.363890,0.611451,0.301718,0.938636,1.000000,0.924740,0.986893,0.783008,0.973337,0.881046,0.431634,-0.915003,0.767107,-0.833383,0.526393,0.950257,0.592018,0.767647,-0.787187,0.423528,0.018111,0.953043,0.883369,0.473044,0.946140,0.620296,0.844214,0.688458,0.017269,0.690399,0.590530,0.988883,0.308616,0.883792,0.515371,0.122390,0.621255,0.942043,0.870021,0.939217,0.839805,0.961939,0.956627,0.891393,0.898984,0.583799,0.934320,0.987060,0.971106,0.846565,0.622798,0.636672,0.875177,0.961218,0.967505,0.913081,0.851109,0.769092,0.935823,0.841660,0.918083,0.983859,0.941701,0.673557,0.782870,0.973911,0.784703,0.773924,0.806617,0.955057,0.470675,0.985397,0.633349,0.327471,0.852784,0.891456,0.786575,0.509966,0.827887,0.916496,0.977617,0.864805,0.807632,-0.039818,0.873209,0.968613,0.983458,0.964494,0.380049,-0.819187,0.959628
Ventromedial hypothalamic nucleus,0.796871,0.885843,0.239713,0.460603,0.958929,-0.538052,-0.302231,0.684336,0.616437,0.144738,0.268137,0.571034,0.129088,0.692615,-0.547569,0.321037,0.031695,-0.043848,-0.151475,-0.080521,0.687053,0.924654,0.426561,0.743633,0.844617,0.176823,-0.830706,0.137330,0.630344,0.892424,0.857099,0.797341,0.871596,0.926820,0.908666,0.899762,0.878347,0.740375,0.871025,0.567516,0.854551,0.883214,-0.804528,-0.551723,0.858151,0.911570,0.148900,0.614063,0.703532,0.611540,0.196280,-0.034004,0.126322,0.902296,0.924070,0.848737,0.851144,0.262672,0.156961,0.969136,0.689156,-0.505849,-0.401806,-0.671167,0.142356,-0.275952,0.146862,0.816024,0.193440,-0.294888,0.521175,-0.002335,0.078526,-0.567137,0.836240,0.747826,0.915022,0.517346,0.169824,0.273890,-0.091983,0.008105,0.200727,0.738814,0.228824,0.128477,0.350651,0.863234,-0.341367,0.348931,0.757224,0.647591,0.831551,0.152775,0.899692,0.957781,0.882892,0.744349,0.536903,0.316659,-0.385189,0.590891,0.498692,0.404373,0.907432,0.012052,0.961857,0.871975,-0.208747,0.788976,0.921850,0.890296,0.663665,0.280208,0.308934,0.399876,-0.715141,0.941094,0.510497,0.805039,0.580547,0.519157,0.925964,0.725413,-0.148641,0.824785,0.801092,0.589178,0.700102,0.207661,0.276675,0.003392,-0.017514,0.474089,0.392215,0.649432,0.549240,0.758371,0.450470,0.077251,0.719467,0.578289,0.162456,0.824725,0.498782,0.934992,0.445213,0.291641,0.606270,0.768848,0.924740,1.000000,0.888328,0.691188,0.860072,0.721530,0.072576,-0.695830,0.465953,-0.773572,0.456670,0.896753,0.753356,0.685934,-0.934979,0.276377,-0.330604,0.792611,0.712099,0.124726,0.908949,0.317810,0.688074,0.497147,-0.202461,0.551357,0.382122,0.869023,0.237233,0.819945,0.238930,-0.142145,0.277916,0.782168,0.617137,0.904716,0.829475,0.825148,0.813032,0.788514,0.672622,0.566825,0.759465,0.851813,0.812167,0.661237,0.611560,0.802044,0.652506,0.794966,0.845334,0.730345,0.647066,0.583595,0.839981,0.644653,0.737475,0.977307,0.771361,0.808511,0.582240,0.981126,0.506865,0.579791,0.640396,0.793211,0.168911,0.929473,0.356584,0.479470,0.665711,0.727955,0.634829,0.273077,0.565278,0.789619,0.833600,0.808407,0.676399,-0.305997,0.756703,0.964203,0.962394,0.950016,0.260640,-0.576191,0.895605
Olivary pretectal nucleus,0.985314,0.996320,0.273320,0.741143,0.924485,-0.198245,-0.012983,0.933558,0.902885,0.516940,0.669031,0.876451,0.527140,0.919350,-0.102227,0.713253,0.335874,0.406212,0.228589,0.359607,0.925855,0.978899,0.064250,0.949887,0.916925,0.607853,-0.909122,0.476694,0.911783,0.971589,0.954724,0.978345,0.680304,0.951122,0.979529,0.979421,0.978669,0.902650,0.925567,0.857672,0.945966,0.912114,-0.495883,-0.107242,0.881461,0.934781,0.385184,0.291363,0.922746,0.867695,0.592168,0.428352,0.539370,0.929968,0.811362,0.995031,0.946508,-0.091181,-0.224577,0.866954,0.805907,-0.053693,0.054147,-0.290381,0.549712,0.177121,-0.104886,0.967013,0.399125,-0.105310,0.687262,0.026391,-0.228209,-0.129650,0.909884,0.429011,0.994966,0.825596,0.406561,0.677393,-0.117520,0.318498,0.565183,0.864659,0.397345,0.510674,0.688122,0.991913,-0.047081,0.715555,0.968118,0.897978,0.965534,0.503505,0.610291,0.872360,0.975640,0.922482,0.595192,0.683638,-0.676412,0.874982,0.467106,0.759170,0.778621,0.383580,0.979207,0.991434,0.140714,0.961453,0.982382,0.986524,0.871298,0.683175,-0.069147,0.703783,-0.396707,0.849517,0.787348,0.979567,0.820566,0.829132,0.993782,0.960095,0.295551,0.984338,0.976503,0.695203,0.831687,0.451974,0.632337,0.124889,0.193134,0.786164,0.661980,0.829876,0.644440,0.789230,0.548845,0.525937,0.950915,0.855892,0.589562,0.985837,0.773441,0.966845,0.472298,0.698201,0.303931,0.909453,0.986893,0.888328,1.000000,0.869561,0.937071,0.945113,0.521987,-0.915992,0.790476,-0.903884,0.650018,0.980411,0.638276,0.856131,-0.785219,0.563850,0.015595,0.984086,0.945580,0.472146,0.974157,0.714996,0.919468,0.795590,0.175025,0.797675,0.711431,0.996680,0.172914,0.802419,0.461472,0.055188,0.675074,0.908949,0.893693,0.871941,0.897718,0.928324,0.989063,0.951428,0.933673,0.691507,0.973274,0.983207,0.961229,0.918961,0.493528,0.514046,0.927593,0.982627,0.995274,0.879226,0.918952,0.861061,0.979116,0.913844,0.964321,0.963197,0.977444,0.715910,0.870257,0.959822,0.845487,0.864091,0.891113,0.984135,0.429521,0.993641,0.591379,0.171570,0.923057,0.951623,0.875914,0.637957,0.879377,0.969032,0.991445,0.926359,0.891845,0.110463,0.939755,0.919015,0.978881,0.974050,0.522754,-0.791543,0.987243
Cuneate nucleus,0.887118,0.826553,-0.204602,0.483265,0.859377,-0.301502,-0.256094,0.945902,0.924100,0.807493,0.808318,0.918661,0.782811,0.979100,0.080671,0.663569,0.052946,0.620522,0.608802,0.621165,0.966215,0.906266,0.185621,0.967808,0.967207,0.701525,-0.972256,0.238907,0.804393,0.938615,0.963580,0.815798,0.693945,0.911711,0.921277,0.928351,0.941842,0.997172,0.953537,0.955299,0.965905,0.939242,-0.127455,0.092436,0.941773,0.923612,0.788055,0.375890,0.981203,0.980075,0.810563,0.513370,0.763874,0.930560,0.803129,0.908117,0.967465,0.091138,-0.061081,0.790672,0.439475,0.148980,0.309357,0.056823,0.777695,0.191990,-0.573753,0.966661,0.018615,-0.425475,0.309388,-0.427254,0.042090,0.005952,0.591231,0.037110,0.819182,0.657565,0.802119,0.797080,0.350686,0.721771,0.838082,0.992887,0.797653,0.794195,0.907222,0.813747,0.423263,0.877144,0.829598,0.974508,0.966757,0.818237,0.325633,0.818875,0.941956,0.992310,0.144024,0.538932,-0.932855,0.954370,-0.024973,0.892885,0.402158,0.729250,0.830721,0.805911,0.560926,0.752519,0.905903,0.926593,0.602888,0.795991,0.067832,0.935670,0.010414,0.822155,0.969137,0.942627,0.988064,0.941865,0.819995,0.868229,0.568970,0.810860,0.801005,0.285300,0.485106,0.105434,0.873397,-0.294441,-0.169776,0.595470,0.366949,0.513789,0.217582,0.386996,0.107967,0.585651,0.942527,0.967531,0.567528,0.818997,0.967974,0.900954,0.806352,0.743965,0.415633,0.618226,0.783008,0.691188,0.869561,1.000000,0.645636,0.960318,0.583543,-0.699786,0.625186,-0.992301,0.940465,0.929598,0.784779,0.999368,-0.748348,0.883692,-0.158485,0.885487,0.949109,0.245510,0.924790,0.792860,0.976244,0.956253,0.567443,0.983103,0.919969,0.839225,-0.328121,0.403239,0.095961,-0.296739,0.604608,0.609606,0.738951,0.523987,0.968842,0.635650,0.902314,0.979200,0.822475,0.949202,0.895247,0.781988,0.731894,0.952706,0.001096,0.123795,0.877102,0.849853,0.902477,0.570422,0.928960,0.966350,0.951710,0.942057,0.908641,0.769804,0.890466,0.827325,0.952222,0.794903,0.806989,0.959023,0.977103,0.878415,0.098015,0.868079,0.248358,-0.290657,0.948493,0.951322,0.986539,0.865731,0.813216,0.958675,0.843104,0.984145,0.993254,0.464731,0.983983,0.637250,0.829481,0.874755,0.868679,-0.485968,0.922284
Ventral posterolateral nucleus of the thalamus,0.912949,0.963196,0.586522,0.845686,0.803388,-0.032850,0.215913,0.797436,0.771418,0.266548,0.508940,0.736985,0.305000,0.746873,-0.150851,0.684911,0.534817,0.244546,-0.036218,0.169425,0.768574,0.867618,-0.094368,0.799983,0.727790,0.497372,-0.712743,0.622441,0.873887,0.835919,0.793733,0.954058,0.519325,0.815311,0.860006,0.855936,0.847925,0.697120,0.748763,0.677817,0.777293,0.734318,-0.634333,-0.167626,0.683483,0.780635,0.053163,0.126068,0.749454,0.669737,0.385941,0.361123,0.340651,0.768601,0.655702,0.905932,0.777597,-0.266321,-0.366302,0.753822,0.954305,-0.124627,-0.074545,-0.438233,0.345669,0.205413,0.224140,0.819055,0.644217,0.181884,0.872994,0.364597,-0.437261,-0.139347,0.997422,0.595263,0.961796,0.852444,0.076268,0.530844,-0.449897,0.009616,0.318176,0.635040,0.054477,0.268204,0.455182,0.968683,-0.343553,0.525199,0.932400,0.720480,0.814004,0.234105,0.668930,0.743884,0.841904,0.734330,0.835101,0.727496,-0.410463,0.704710,0.746237,0.580009,0.900947,0.115664,0.918685,0.972336,-0.143103,0.973437,0.874334,0.870978,0.949168,0.540641,-0.218171,0.453273,-0.580113,0.704651,0.555128,0.860352,0.587343,0.646181,0.957435,0.894721,0.108539,0.963786,0.961331,0.894023,0.963016,0.668376,0.395772,0.434504,0.462476,0.837522,0.806621,0.946420,0.863235,0.953865,0.795582,0.458106,0.824395,0.663939,0.568032,0.960311,0.533842,0.849173,0.143416,0.603578,0.119314,0.987082,0.973337,0.860072,0.937071,0.645636,1.000000,0.800793,0.453597,-0.948937,0.824065,-0.697691,0.348087,0.857183,0.397573,0.623768,-0.649773,0.270023,0.196824,0.912714,0.811435,0.611643,0.848077,0.591976,0.749916,0.581042,-0.089772,0.556129,0.480951,0.956994,0.505884,0.954867,0.686933,0.338768,0.669793,0.990559,0.893570,0.971436,0.695814,0.997825,0.905552,0.787124,0.891538,0.395895,0.891971,0.979145,0.984809,0.770797,0.754708,0.668775,0.843448,0.936412,0.911090,0.976631,0.790712,0.672905,0.847334,0.772510,0.869977,0.934099,0.900868,0.491103,0.699516,0.908957,0.776922,0.684192,0.707829,0.917980,0.641245,0.920775,0.778895,0.437736,0.780304,0.817727,0.675449,0.411746,0.821592,0.832623,0.950612,0.737088,0.691414,-0.108307,0.768398,0.958830,0.918963,0.878793,0.212806,-0.912517,0.874603
Dentate gyrus,0.975172,0.923911,0.066021,0.707293,0.844162,-0.102280,-0.005671,0.997702,0.986744,0.768200,0.859020,0.978013,0.772826,0.996029,0.156233,0.815332,0.317129,0.659163,0.534119,0.631279,0.998501,0.927717,-0.027032,0.998986,0.929158,0.792210,-0.929692,0.485618,0.937046,0.947809,0.957166,0.937428,0.583218,0.903915,0.941113,0.947592,0.961185,0.970021,0.920730,0.978289,0.951192,0.897437,-0.193382,0.158432,0.880388,0.900183,0.637889,0.190030,0.995776,0.981052,0.818000,0.628625,0.776778,0.902459,0.730005,0.972936,0.953701,-0.146038,-0.292963,0.757633,0.657808,0.214071,0.341908,0.022524,0.785986,0.353497,-0.404145,0.985790,0.296534,-0.166866,0.558379,-0.161949,-0.220456,0.106184,0.761513,0.115037,0.908038,0.838391,0.655356,0.859479,0.082219,0.603134,0.803687,0.934105,0.621918,0.763026,0.887431,0.923132,0.275770,0.899966,0.949829,0.992138,0.978410,0.757502,0.347221,0.779346,0.956694,0.984430,0.395896,0.735501,-0.874455,0.984529,0.220070,0.924950,0.531214,0.664225,0.880393,0.915848,0.455420,0.897606,0.931831,0.957004,0.798921,0.861806,-0.154233,0.894908,-0.077563,0.766472,0.942503,0.991022,0.953683,0.965296,0.903033,0.971856,0.576660,0.929999,0.927808,0.528483,0.697006,0.377162,0.850684,-0.016237,0.108732,0.792175,0.610945,0.727723,0.468174,0.592562,0.371654,0.705743,0.998316,0.977805,0.722520,0.934950,0.933891,0.910353,0.609451,0.848277,0.221930,0.799292,0.881046,0.721530,0.945113,0.960318,0.800793,1.000000,0.703046,-0.869502,0.812293,-0.956032,0.825750,0.950217,0.630874,0.949847,-0.677924,0.792836,0.074200,0.975005,0.999211,0.489288,0.937639,0.874752,0.996663,0.949606,0.487108,0.942050,0.901959,0.936363,-0.078635,0.587614,0.369450,-0.023892,0.771579,0.789850,0.897079,0.670699,0.918277,0.802106,0.978920,0.987820,0.948386,0.824328,0.982379,0.905763,0.879306,0.996399,0.211428,0.209319,0.974610,0.957163,0.972021,0.765866,0.991545,0.979928,0.980917,0.993560,0.988674,0.833094,0.979437,0.698728,0.982663,0.839503,0.926010,0.980973,0.989825,0.971721,0.368593,0.922570,0.508599,-0.158221,0.996542,0.999489,0.982268,0.853863,0.936799,0.994466,0.947141,0.959337,0.983477,0.423779,0.991709,0.739923,0.879343,0.899586,0.754938,-0.709235,0.953698
Orbital area medial part,0.659745,0.522533,0.192394,0.777253,0.216429,0.594494,0.567809,0.748428,0.808887,0.829619,0.944213,0.834843,0.885050,0.696927,0.794459,0.959695,0.703862,0.951610,0.749777,0.914249,0.723629,0.401262,-0.678778,0.671395,0.404812,0.987574,-0.412778,0.807900,0.814814,0.442324,0.468098,0.649974,-0.160978,0.333014,0.431481,0.447386,0.484864,0.566480,0.375967,0.794864,0.452637,0.323506,0.400111,0.789672,0.300507,0.323284,0.521964,-0.532537,0.683828,0.732021,0.904008,0.994306,0.920169,0.329127,0.028961,0.581731,0.460173,-0.715077,-0.805322,0.072186,0.497248,0.819842,0.853918,0.599947,0.912127,0.908916,-0.461255,0.573689,0.545920,0.359296,0.556462,0.107246,-0.675397,0.776122,0.441853,-0.436938,0.464929,0.845931,0.529909,0.953583,-0.129780,0.642362,0.831066,0.482867,0.397560,0.847370,0.821915,0.556510,0.496401,0.890972,0.701129,0.733674,0.540901,0.782572,-0.337941,0.103263,0.469312,0.604856,0.332268,0.912538,-0.727176,0.790348,0.128066,0.884333,0.025271,0.783177,0.339038,0.539644,0.661720,0.633407,0.414581,0.481745,0.679024,0.954972,-0.749884,0.761771,0.444321,0.082217,0.740397,0.625615,0.681979,0.822389,0.441422,0.739141,0.901699,0.612237,0.640124,0.448305,0.531032,0.631403,0.837566,0.308777,0.492253,0.843682,0.736980,0.619957,0.414387,0.333241,0.393335,0.999987,0.722004,0.769185,0.986186,0.614976,0.730842,0.354615,0.158705,0.972900,-0.492950,0.565761,0.431634,0.072576,0.521987,0.583543,0.453597,0.703046,1.000000,-0.710866,0.866011,-0.506949,0.530667,0.455224,-0.042402,0.562800,0.046118,0.680283,0.677273,0.665159,0.723083,0.820691,0.418294,0.956967,0.706076,0.785821,0.727741,0.685308,0.814449,0.553940,-0.020573,0.245272,0.594899,0.424899,0.959751,0.540247,0.804885,0.232015,0.389333,0.500669,0.636231,0.588832,0.783111,0.416279,0.702179,0.561345,0.591040,0.758052,-0.027676,-0.353456,0.801848,0.660897,0.589287,0.574175,0.787214,0.771093,0.557535,0.778785,0.721976,0.279175,0.689684,0.026742,0.796117,0.261726,0.896493,0.785960,0.731315,0.664838,0.654076,0.429686,0.654529,-0.485924,0.759380,0.706685,0.706115,0.858007,0.862904,0.629090,0.608623,0.493279,0.663236,0.786089,0.621847,0.215960,0.337397,0.345273,0.617456,-0.673588,0.473770
Ventral posteromedial nucleus of the thalamus,-0.946296,-0.938605,-0.548673,-0.948222,-0.697265,-0.200371,-0.389256,-0.883834,-0.885681,-0.490929,-0.727706,-0.867635,-0.542895,-0.823284,-0.165999,-0.879618,-0.685379,-0.523841,-0.224712,-0.449757,-0.850905,-0.814866,0.329695,-0.857054,-0.701702,-0.737703,0.692342,-0.787785,-0.974166,-0.803303,-0.777963,-0.978119,-0.336402,-0.747704,-0.819285,-0.821586,-0.828381,-0.735064,-0.708490,-0.804256,-0.759021,-0.678189,0.360069,-0.150375,-0.628821,-0.715873,-0.207628,0.105194,-0.820511,-0.774014,-0.614019,-0.636686,-0.585007,-0.708099,-0.511874,-0.911495,-0.761965,0.478186,0.586594,-0.606984,-0.934822,-0.194134,-0.241637,0.135387,-0.585658,-0.490726,-0.030617,-0.836771,-0.716851,-0.291291,-0.895262,-0.346327,0.599610,-0.170991,-0.944347,-0.318141,-0.916695,-0.973052,-0.228655,-0.749112,0.420674,-0.218699,-0.531991,-0.654749,-0.162966,-0.499173,-0.636608,-0.955837,0.108946,-0.719113,-0.978919,-0.815616,-0.820738,-0.447312,-0.404141,-0.609414,-0.817858,-0.779159,-0.788335,-0.900718,0.565224,-0.824271,-0.647822,-0.760266,-0.720850,-0.355156,-0.835692,-0.952874,-0.108154,-0.989720,-0.825142,-0.846283,-0.991717,-0.757534,0.451400,-0.612195,0.304806,-0.570067,-0.685236,-0.889725,-0.689212,-0.789292,-0.904580,-0.961227,-0.397899,-0.972332,-0.980856,-0.873486,-0.952674,-0.764658,-0.595632,-0.471793,-0.557203,-0.962250,-0.905885,-0.970848,-0.838544,-0.876315,-0.780008,-0.714420,-0.895985,-0.783322,-0.798396,-0.970271,-0.664664,-0.783177,-0.147046,-0.816397,0.097471,-0.980376,-0.915003,-0.695830,-0.915992,-0.699786,-0.948937,-0.869502,-0.710866,1.000000,-0.958607,0.713953,-0.443078,-0.825409,-0.278789,-0.674645,0.481485,-0.436740,-0.410677,-0.948137,-0.885740,-0.783552,-0.804762,-0.799658,-0.829164,-0.723079,-0.174937,-0.665480,-0.654197,-0.944668,-0.410099,-0.844485,-0.766570,-0.437242,-0.869396,-0.974142,-0.988504,-0.849045,-0.670279,-0.964694,-0.931269,-0.816205,-0.976204,-0.439500,-0.944645,-0.967051,-0.984075,-0.865697,-0.596944,-0.404922,-0.942583,-0.966803,-0.918585,-0.976597,-0.893133,-0.791269,-0.854109,-0.874989,-0.933743,-0.828224,-0.947397,-0.377875,-0.822268,-0.800815,-0.925895,-0.806013,-0.804494,-0.952486,-0.751352,-0.869243,-0.857349,-0.184215,-0.873966,-0.884744,-0.768942,-0.616192,-0.949365,-0.868166,-0.959366,-0.740920,-0.765916,-0.184666,-0.813036,-0.829359,-0.835357,-0.804446,-0.368272,0.964057,-0.846428
Orbital area ventrolateral part,0.866636,0.815171,0.539212,0.978597,0.498279,0.442439,0.572674,0.843962,0.873042,0.590241,0.821586,0.870145,0.657043,0.770669,0.435578,0.969577,0.810743,0.694239,0.380799,0.621109,0.805033,0.657109,-0.559362,0.788686,0.560265,0.863550,-0.555326,0.903477,0.963562,0.659410,0.645950,0.898862,0.090276,0.576283,0.670316,0.677378,0.695594,0.646448,0.556181,0.798708,0.624547,0.513667,-0.101996,0.419568,0.465366,0.545569,0.248044,-0.354706,0.762919,0.745950,0.716026,0.816605,0.707087,0.540725,0.286730,0.804822,0.629627,-0.675454,-0.772667,0.380541,0.862844,0.457071,0.482773,0.125204,0.702207,0.718458,-0.070638,0.733843,0.777554,0.438982,0.875969,0.381468,-0.747037,0.443877,0.824305,0.068568,0.776087,0.998198,0.265499,0.843880,-0.436745,0.315338,0.618203,0.550688,0.161715,0.605899,0.685684,0.844293,0.046941,0.782727,0.917807,0.780094,0.708131,0.535528,0.130325,0.390463,0.681101,0.697141,0.728343,0.986797,-0.587772,0.812733,0.562967,0.809853,0.511993,0.477507,0.660374,0.836447,0.261694,0.911255,0.670553,0.710771,0.954576,0.851209,-0.664739,0.638000,-0.062620,0.350681,0.681437,0.799915,0.658190,0.800110,0.757051,0.913097,0.583631,0.879989,0.899385,0.819372,0.883202,0.835627,0.665145,0.539660,0.660505,0.998578,0.947546,0.928552,0.789033,0.759550,0.751930,0.868460,0.843435,0.770097,0.931600,0.878194,0.661669,0.614426,0.052225,0.912692,-0.339040,0.897924,0.767107,0.465953,0.790476,0.625186,0.824065,0.812293,0.866011,-0.958607,1.000000,-0.606828,0.412150,0.683318,0.078341,0.597273,-0.241446,0.476006,0.617974,0.870503,0.834803,0.904245,0.653101,0.885516,0.779389,0.731311,0.339453,0.641700,0.694480,0.830509,0.364707,0.696825,0.823996,0.559439,0.970844,0.884174,0.981097,0.676135,0.529180,0.856832,0.843056,0.721818,0.949626,0.362169,0.881058,0.860004,0.893102,0.832531,0.456632,0.156409,0.922201,0.889020,0.814291,0.905835,0.869441,0.777276,0.743311,0.849789,0.878338,0.640112,0.878962,0.177014,0.813811,0.607702,0.958027,0.795935,0.770024,0.874893,0.835442,0.717106,0.895103,-0.004566,0.840206,0.827109,0.730586,0.690649,0.961995,0.781889,0.863318,0.623771,0.709990,0.386567,0.731805,0.636497,0.659649,0.631468,0.399539,-0.949073,0.708368
Ventral tegmental area,-0.901632,-0.864204,0.159373,-0.479632,-0.916032,0.375205,0.298622,-0.935809,-0.903842,-0.728300,-0.742686,-0.891350,-0.701442,-0.969238,0.034709,-0.617496,-0.027071,-0.525681,-0.506831,-0.522339,-0.955677,-0.947121,-0.256289,-0.967237,-0.991102,-0.630296,0.993411,-0.208454,-0.796247,-0.970509,-0.987265,-0.836887,-0.766113,-0.954920,-0.957414,-0.962005,-0.969857,-0.997459,-0.983491,-0.925792,-0.989590,-0.974121,0.247551,0.024383,-0.973656,-0.963948,-0.722457,-0.451895,-0.973220,-0.957111,-0.735822,-0.427618,-0.682446,-0.968741,-0.866487,-0.931193,-0.990245,-0.147581,0.003486,-0.860031,-0.482975,-0.032812,-0.193159,0.067222,-0.697690,-0.102089,0.486084,-0.980254,-0.024904,0.444669,-0.337627,0.394708,-0.074667,0.105142,-0.644961,-0.158148,-0.863808,-0.644588,-0.738043,-0.732903,-0.311927,-0.637094,-0.764297,-0.996394,-0.747365,-0.713143,-0.849498,-0.847982,-0.319142,-0.819223,-0.841813,-0.957178,-0.983794,-0.741011,-0.440123,-0.883018,-0.971190,-0.992179,-0.197040,-0.504704,0.881402,-0.928489,-0.044597,-0.841871,-0.497809,-0.639318,-0.885758,-0.842706,-0.458037,-0.778462,-0.945894,-0.957765,-0.621927,-0.732771,-0.134256,-0.884825,0.110264,-0.884376,-0.932194,-0.954793,-0.961770,-0.905509,-0.866998,-0.871115,-0.465252,-0.837732,-0.824274,-0.329430,-0.525013,-0.103151,-0.807313,0.279929,0.175784,-0.581672,-0.364932,-0.540623,-0.263020,-0.451064,-0.149343,-0.509551,-0.938779,-0.939472,-0.505822,-0.845058,-0.929788,-0.945478,-0.795399,-0.686224,-0.485629,-0.655323,-0.833383,-0.773572,-0.903884,-0.992301,-0.697691,-0.956032,-0.506949,0.713953,-0.606828,1.000000,-0.905924,-0.962421,-0.827653,-0.991727,0.820768,-0.822464,0.217558,-0.899326,-0.943688,-0.212194,-0.961150,-0.735275,-0.965635,-0.916818,-0.462473,-0.952893,-0.865972,-0.872196,0.264768,-0.478049,-0.100361,0.307352,-0.557378,-0.650311,-0.734901,-0.601137,-0.990975,-0.681782,-0.918721,-0.987176,-0.820051,-0.934049,-0.902088,-0.817131,-0.764528,-0.938332,-0.090473,-0.242132,-0.866371,-0.867261,-0.925269,-0.605762,-0.913511,-0.939091,-0.970652,-0.925440,-0.910419,-0.834529,-0.899900,-0.871964,-0.925063,-0.858659,-0.777755,-0.931298,-0.958595,-0.892962,-0.089933,-0.911876,-0.254444,0.178377,-0.935081,-0.948607,-0.967340,-0.799035,-0.793129,-0.967100,-0.868605,-0.998088,-0.981066,-0.351493,-0.985732,-0.713831,-0.884763,-0.924054,-0.808781,0.502633,-0.954889
Olfactory tubercle,0.685543,0.586082,-0.506373,0.227844,0.689946,-0.336982,-0.393808,0.810856,0.797500,0.882297,0.777635,0.806944,0.836462,0.872554,0.185120,0.523379,-0.157688,0.667972,0.774419,0.701454,0.847844,0.722727,0.251044,0.834433,0.859444,0.654122,-0.872510,0.031611,0.606334,0.777232,0.827083,0.580246,0.606773,0.751071,0.745118,0.755926,0.776828,0.913565,0.832736,0.876956,0.836885,0.820539,0.138911,0.206806,0.845800,0.780812,0.946599,0.387173,0.873631,0.909128,0.834422,0.486651,0.798363,0.794784,0.683081,0.712276,0.838830,0.212308,0.069879,0.625093,0.119118,0.257008,0.430299,0.279974,0.812712,0.163745,-0.808829,0.822095,-0.252260,-0.589524,-0.001091,-0.679677,0.230199,0.088733,0.282847,-0.232106,0.576333,0.438295,0.953542,0.754407,0.624265,0.888520,0.896392,0.934083,0.954607,0.865835,0.918854,0.568904,0.680290,0.852672,0.607968,0.879694,0.823664,0.908711,0.087933,0.664577,0.779278,0.891949,-0.190584,0.351716,-0.967679,0.863680,-0.361184,0.847104,0.086024,0.853614,0.606545,0.557332,0.761915,0.494276,0.719608,0.747905,0.324455,0.748733,0.161582,0.952791,0.283252,0.685603,0.947341,0.775689,0.954480,0.875472,0.578693,0.672708,0.664976,0.568961,0.558773,-0.042438,0.171497,-0.155476,0.904731,-0.544622,-0.401145,0.369470,0.103005,0.215968,-0.111775,0.051508,-0.215202,0.531209,0.794037,0.897398,0.459648,0.580471,0.955219,0.723378,0.919482,0.657792,0.439461,0.323329,0.526393,0.456670,0.650018,0.940465,0.348087,0.825750,0.530667,-0.443078,0.412150,-0.905924,1.000000,0.757077,0.774558,0.948973,-0.617321,0.969645,-0.263966,0.683800,0.807862,0.044782,0.754401,0.722001,0.867948,0.921207,0.747592,0.962505,0.922625,0.605029,-0.625613,0.068627,-0.176191,-0.501704,0.458506,0.310670,0.517764,0.207600,0.875360,0.338086,0.706739,0.851996,0.619623,0.986398,0.705856,0.525752,0.463082,0.831284,-0.337139,-0.157623,0.707984,0.629792,0.703301,0.270130,0.794237,0.891998,0.790874,0.818089,0.732462,0.524153,0.695756,0.786095,0.863537,0.565472,0.654900,0.878409,0.888450,0.672843,-0.151789,0.653236,-0.030712,-0.561062,0.821943,0.807331,0.913787,0.888770,0.641646,0.807686,0.613947,0.878043,0.913744,0.632526,0.867003,0.350465,0.604874,0.678057,0.975464,-0.198659,0.740850
Ventral tegmental nucleus,0.956453,0.960723,0.086016,0.605190,0.967680,-0.348670,-0.194437,0.929552,0.890081,0.565249,0.657267,0.865206,0.554586,0.940132,-0.158814,0.629428,0.156649,0.394272,0.292629,0.366761,0.935739,0.997699,0.219674,0.961271,0.976954,0.564982,-0.972193,0.315261,0.848306,0.999166,0.993157,0.924767,0.783802,0.990108,0.999601,0.999961,0.999201,0.954648,0.982002,0.872171,0.990107,0.974515,-0.463827,-0.157044,0.957020,0.984572,0.508995,0.435388,0.945327,0.898417,0.609192,0.361470,0.550649,0.983011,0.892413,0.983236,0.989994,0.076706,-0.065324,0.920812,0.675630,-0.100932,0.034376,-0.273853,0.564683,0.067759,-0.233133,0.987520,0.211670,-0.296390,0.530747,-0.165684,-0.046428,-0.205186,0.818021,0.385840,0.965375,0.724163,0.528643,0.657417,0.073688,0.417361,0.611576,0.938194,0.539891,0.552894,0.728056,0.947489,0.059953,0.725557,0.915335,0.917610,0.991355,0.566857,0.614590,0.931207,0.999384,0.961216,0.432884,0.566052,-0.743835,0.884840,0.304896,0.763914,0.711283,0.445961,0.977310,0.946551,0.223986,0.890172,0.998072,0.999255,0.759942,0.660913,0.088401,0.759379,-0.345094,0.919298,0.835457,0.979313,0.875309,0.842403,0.968330,0.919224,0.302251,0.932687,0.919070,0.542924,0.707059,0.271042,0.672531,-0.072723,-0.001920,0.671812,0.508679,0.703922,0.484947,0.667281,0.376498,0.458880,0.944533,0.879530,0.499225,0.936564,0.826476,0.993896,0.632238,0.648456,0.454194,0.810025,0.950257,0.896753,0.980411,0.929598,0.857183,0.950217,0.455224,-0.825409,0.683318,-0.962421,0.757077,1.000000,0.772077,0.922825,-0.863227,0.650953,-0.151695,0.954131,0.943160,0.312724,0.999102,0.682115,0.937734,0.829534,0.241296,0.856503,0.750846,0.961333,-0.002946,0.696140,0.279493,-0.140620,0.578869,0.810039,0.811018,0.795437,0.966169,0.840022,0.968612,0.979092,0.875776,0.807102,0.944778,0.928016,0.888143,0.920385,0.357123,0.468451,0.890223,0.939653,0.980064,0.768313,0.906687,0.882475,0.992656,0.909456,0.940738,0.950688,0.947720,0.834099,0.879762,0.960768,0.789873,0.879546,0.914078,0.951421,0.248715,0.988948,0.423633,0.079782,0.921451,0.950778,0.910676,0.670494,0.821517,0.977607,0.951027,0.977282,0.931057,0.145987,0.967753,0.876156,0.976831,0.990085,0.624968,-0.657613,0.999248
Vascular organ of the lamina terminalis,0.559762,0.580564,-0.457499,-0.038610,0.865766,-0.827525,-0.771506,0.578775,0.507953,0.388014,0.281858,0.484621,0.311566,0.664241,-0.478080,0.069619,-0.506398,0.059594,0.220504,0.095024,0.625861,0.781706,0.753691,0.664211,0.869343,0.113880,-0.871168,-0.354237,0.341388,0.795141,0.811507,0.472244,0.961826,0.844372,0.778957,0.776458,0.766368,0.789377,0.871596,0.566622,0.827505,0.893857,-0.406283,-0.457969,0.918805,0.869941,0.612290,0.868023,0.676504,0.646048,0.325700,-0.119684,0.257915,0.875516,0.947214,0.645619,0.823834,0.675264,0.557018,0.890254,0.105343,-0.412054,-0.236925,-0.337570,0.281162,-0.452927,-0.408248,0.734180,-0.441770,-0.829020,-0.098110,-0.658826,0.597978,-0.560911,0.337027,0.321784,0.614375,0.132259,0.622282,0.258537,0.585335,0.441285,0.421475,0.851968,0.717551,0.357578,0.504604,0.538276,0.200090,0.408268,0.453522,0.633203,0.759289,0.439831,0.610091,0.903937,0.778686,0.751148,-0.138411,-0.058222,-0.612240,0.566434,-0.193807,0.428514,0.415579,0.336077,0.727161,0.540557,0.234648,0.402017,0.770679,0.747165,0.178702,0.255238,0.667254,0.586159,-0.267883,0.927353,0.635936,0.660934,0.701006,0.531644,0.633393,0.477802,0.043065,0.493312,0.460057,-0.049827,0.137635,-0.396874,0.454898,-0.646019,-0.626408,0.055866,-0.153740,0.109226,-0.108305,0.161025,-0.226720,-0.040096,0.591850,0.602709,-0.062668,0.501974,0.643483,0.811456,0.899564,0.169729,0.889810,0.279725,0.592018,0.753356,0.638276,0.784779,0.397573,0.630874,-0.042402,-0.278789,0.078341,-0.827653,0.774558,0.772077,1.000000,0.801430,-0.933883,0.596900,-0.726935,0.553645,0.600606,-0.354412,0.794373,0.245199,0.653473,0.583173,0.188852,0.694933,0.524211,0.573811,-0.448913,0.247541,-0.383308,-0.727393,-0.004475,0.287490,0.263402,0.410390,0.885847,0.349768,0.597445,0.741706,0.386674,0.867107,0.540253,0.493124,0.406348,0.582630,-0.044666,0.363640,0.446754,0.509175,0.632295,0.213229,0.528681,0.598978,0.724651,0.553345,0.544510,0.692708,0.542705,0.994377,0.559829,0.740084,0.292159,0.577484,0.639406,0.544377,-0.420928,0.706901,-0.241214,-0.046710,0.575408,0.615150,0.673197,0.428384,0.321306,0.681307,0.538410,0.823968,0.712461,0.015493,0.724770,0.568341,0.726780,0.782328,0.629787,-0.036515,0.747303
Nucleus x,0.871410,0.810666,-0.236784,0.451839,0.858276,-0.327508,-0.287986,0.933789,0.910420,0.805767,0.795469,0.905226,0.777405,0.971274,0.067169,0.639155,0.018087,0.609388,0.612026,0.613561,0.956475,0.899751,0.213893,0.958493,0.967474,0.683980,-0.972993,0.205130,0.782766,0.933227,0.959812,0.796378,0.706429,0.908977,0.914748,0.921785,0.935024,0.995186,0.953386,0.946251,0.963187,0.940465,-0.121846,0.080052,0.945400,0.922730,0.801023,0.399846,0.973722,0.973900,0.802970,0.493286,0.755642,0.930174,0.809944,0.895519,0.964590,0.122648,-0.029379,0.792601,0.410401,0.136421,0.300082,0.057257,0.770019,0.167627,-0.589737,0.959311,-0.016869,-0.456801,0.276657,-0.457907,0.076415,-0.010170,0.567775,0.030489,0.804629,0.630437,0.814619,0.782838,0.381981,0.730508,0.835720,0.995067,0.814291,0.791447,0.903084,0.796291,0.436759,0.867712,0.810021,0.966399,0.960464,0.819254,0.324447,0.821327,0.935762,0.987872,0.112558,0.509816,-0.933701,0.944516,-0.054151,0.882387,0.386246,0.730930,0.821425,0.788503,0.568330,0.730587,0.898791,0.918535,0.575054,0.781346,0.097830,0.934261,0.018072,0.826600,0.966145,0.931621,0.986273,0.932633,0.806252,0.850290,0.561819,0.791956,0.781067,0.253910,0.456500,0.070015,0.869572,-0.328003,-0.204663,0.566626,0.333652,0.484382,0.185654,0.360449,0.074845,0.564835,0.930108,0.960086,0.542768,0.800432,0.965905,0.896118,0.826807,0.724839,0.440198,0.592753,0.767647,0.685934,0.856131,0.999368,0.623768,0.949847,0.562800,-0.674645,0.597273,-0.991727,0.948973,0.922825,0.801430,1.000000,-0.755383,0.888674,-0.189129,0.869581,0.937333,0.211988,0.919142,0.776340,0.967966,0.950701,0.571528,0.982078,0.915643,0.823160,-0.356389,0.379629,0.060565,-0.330341,0.578537,0.584392,0.714543,0.504604,0.970649,0.612216,0.888044,0.972960,0.801779,0.959532,0.879387,0.762892,0.709974,0.941468,-0.023201,0.115648,0.859498,0.831971,0.889297,0.543320,0.915403,0.958512,0.943309,0.929811,0.893468,0.759384,0.874473,0.840556,0.942306,0.786708,0.786473,0.950140,0.969572,0.862084,0.062613,0.857631,0.213870,-0.302713,0.936749,0.939861,0.981111,0.860542,0.792350,0.949085,0.825915,0.982332,0.988700,0.464097,0.977650,0.622864,0.820175,0.868228,0.876712,-0.455219,0.914163
Hypoglossal nucleus,-0.685476,-0.754019,0.116555,-0.183815,-0.961166,0.761710,0.601213,-0.627629,-0.549792,-0.226782,-0.232571,-0.511077,-0.175136,-0.679620,0.599367,-0.151127,0.289185,0.054463,0.017696,0.053967,-0.655028,-0.887026,-0.667604,-0.709338,-0.887971,-0.092775,0.880742,0.159131,-0.471071,-0.873579,-0.860921,-0.641176,-0.986896,-0.924955,-0.874863,-0.867648,-0.848241,-0.778903,-0.905529,-0.554044,-0.868770,-0.927102,0.678485,0.590963,-0.927657,-0.930383,-0.364618,-0.820500,-0.692805,-0.623329,-0.218217,0.144345,-0.143658,-0.927780,-0.996056,-0.763373,-0.864515,-0.539192,-0.425721,-0.988689,-0.401972,0.543932,0.398405,0.582397,-0.165006,0.444154,0.100299,-0.791600,0.156609,0.613480,-0.200623,0.348326,-0.395337,0.651731,-0.606143,-0.605997,-0.791241,-0.298874,-0.380789,-0.223097,-0.259890,-0.191066,-0.274798,-0.815727,-0.470963,-0.200975,-0.400865,-0.717554,0.116540,-0.345745,-0.606134,-0.636443,-0.815219,-0.260982,-0.832125,-0.987506,-0.858102,-0.758890,-0.202868,-0.085738,0.481538,-0.567108,-0.166333,-0.387156,-0.712645,-0.129882,-0.883345,-0.724627,0.036279,-0.601374,-0.878934,-0.845106,-0.414142,-0.224783,-0.562766,-0.473940,0.560642,-0.991758,-0.561928,-0.744400,-0.637849,-0.507588,-0.808595,-0.598713,0.117500,-0.669588,-0.637582,-0.269943,-0.422503,0.131085,-0.333460,0.351497,0.364661,-0.235756,-0.089298,-0.374225,-0.219934,-0.479364,-0.105757,0.042353,-0.655422,-0.580256,0.006201,-0.673851,-0.559987,-0.911074,-0.699430,-0.185779,-0.824916,-0.531493,-0.787187,-0.934979,-0.785219,-0.748348,-0.649773,-0.677924,0.046118,0.481485,-0.241446,0.820768,-0.617321,-0.863227,-0.933883,-0.755383,1.000000,-0.416708,0.600852,-0.679624,-0.655816,0.166983,-0.883825,-0.240178,-0.670973,-0.524419,0.060700,-0.618426,-0.428797,-0.739254,0.099817,-0.563587,0.104519,0.481108,-0.089123,-0.544475,-0.424171,-0.695198,-0.889148,-0.602837,-0.715340,-0.779364,-0.519769,-0.733107,-0.652081,-0.687642,-0.619100,-0.616282,-0.315487,-0.652105,-0.538509,-0.658235,-0.754135,-0.475417,-0.578752,-0.581129,-0.800910,-0.590699,-0.640898,-0.877908,-0.660699,-0.956913,-0.558564,-0.905591,-0.372414,-0.566983,-0.635835,-0.675190,0.166299,-0.849233,-0.029806,-0.271108,-0.614932,-0.673109,-0.651833,-0.316477,-0.421786,-0.746204,-0.697959,-0.838926,-0.697750,0.210966,-0.750983,-0.810539,-0.883550,-0.904908,-0.429055,0.292908,-0.848612
Posterior amygdalar nucleus,0.639208,0.503903,-0.482862,0.285669,0.531398,-0.114239,-0.213019,0.793702,0.804098,0.968155,0.870109,0.825670,0.938023,0.840836,0.419315,0.623619,-0.020316,0.820645,0.901074,0.851401,0.823498,0.603449,0.035773,0.791271,0.746994,0.777022,-0.763228,0.160670,0.622063,0.668290,0.726338,0.537672,0.395569,0.616879,0.633097,0.647860,0.678403,0.846664,0.711760,0.884863,0.733092,0.688157,0.343949,0.439617,0.711910,0.645737,0.969611,0.160648,0.837508,0.895853,0.928326,0.655620,0.909151,0.661637,0.495068,0.640832,0.736946,0.019976,-0.114037,0.440829,0.090734,0.485081,0.637857,0.492881,0.918474,0.374911,-0.877830,0.748710,-0.167276,-0.439131,0.016781,-0.622011,0.075656,0.327968,0.210116,-0.429512,0.478757,0.488201,0.974149,0.848951,0.581282,0.961483,0.972278,0.850393,0.939928,0.958723,0.966383,0.497964,0.795902,0.917244,0.580441,0.862222,0.741313,0.982807,-0.133661,0.486022,0.676985,0.832863,-0.207855,0.453006,-0.988649,0.867485,-0.401672,0.901320,-0.067529,0.954646,0.475397,0.482323,0.882160,0.454619,0.603514,0.648429,0.323921,0.842780,-0.042475,0.978676,0.473758,0.504723,0.950708,0.716579,0.934456,0.896898,0.474654,0.654309,0.826046,0.515155,0.514849,-0.054466,0.144862,-0.061846,0.968539,-0.456820,-0.282593,0.430004,0.171499,0.212461,-0.119749,-0.016207,-0.204855,0.680002,0.766805,0.897476,0.595253,0.526574,0.958322,0.593420,0.824512,0.758246,0.218971,0.283445,0.423528,0.276377,0.563850,0.883692,0.270023,0.792836,0.680283,-0.436740,0.476006,-0.822464,0.969645,0.650953,0.596900,0.888674,-0.416708,1.000000,-0.064536,0.639313,0.781335,0.177701,0.639315,0.811507,0.838993,0.936912,0.880135,0.947626,0.963195,0.530661,-0.635827,-0.027218,-0.093695,-0.369434,0.569575,0.264351,0.538636,0.087339,0.761661,0.275456,0.652034,0.784537,0.621426,0.916311,0.672846,0.460006,0.413108,0.818771,-0.427743,-0.352331,0.711979,0.587019,0.634361,0.241254,0.791691,0.891833,0.712042,0.813053,0.705511,0.383438,0.658897,0.611653,0.869915,0.418545,0.704487,0.882460,0.871273,0.628786,-0.047471,0.542326,0.035342,-0.704529,0.809431,0.775020,0.891375,0.957951,0.675652,0.750116,0.555521,0.787586,0.876118,0.799966,0.810415,0.209327,0.473412,0.546229,0.996191,-0.218722,0.639336
Nucleus y,0.143293,0.070911,0.645240,0.675097,-0.366141,0.973330,0.986368,0.139158,0.220565,0.182190,0.398629,0.242910,0.284485,0.027921,0.753785,0.632267,0.931127,0.507750,0.190637,0.437651,0.079403,-0.184075,-0.992820,0.030439,-0.295096,0.555347,0.296928,0.884785,0.390342,-0.183431,-0.196053,0.222209,-0.720481,-0.285633,-0.168630,-0.159655,-0.134596,-0.155925,-0.305530,0.137881,-0.221881,-0.354788,0.352488,0.729924,-0.401858,-0.321727,-0.221257,-0.947773,0.011921,0.038230,0.306185,0.710841,0.356879,-0.326842,-0.571784,0.030934,-0.214934,-0.997133,-0.975226,-0.474292,0.445787,0.720152,0.608299,0.455230,0.335148,0.895554,0.165606,-0.071291,0.829453,0.917342,0.619357,0.702375,-0.963344,0.815835,0.239818,-0.313268,0.013354,0.571733,-0.218664,0.428963,-0.678413,-0.032110,0.170522,-0.268112,-0.370778,0.216727,0.137588,0.124578,-0.011574,0.272391,0.257349,0.064446,-0.110112,0.106157,-0.478094,-0.472587,-0.154404,-0.094084,0.527066,0.725673,0.012202,0.143588,0.442482,0.268383,-0.065324,0.157097,-0.156084,0.115171,0.102894,0.277109,-0.166263,-0.113678,0.476722,0.435243,-0.994239,0.039368,0.277182,-0.514013,0.017331,0.027419,-0.056500,0.171408,-0.015529,0.245782,0.456148,0.188500,0.229321,0.530683,0.439033,0.843221,0.169047,0.815045,0.900669,0.628981,0.737721,0.502869,0.552430,0.316283,0.619204,0.676690,0.122818,0.091088,0.720302,0.181767,0.000042,-0.237688,-0.616116,0.533009,-0.947455,0.347054,0.018111,-0.330604,0.015595,-0.158485,0.196824,0.074200,0.677273,-0.410677,0.617974,0.217558,-0.263966,-0.151695,-0.726935,-0.189129,0.600852,-0.064536,1.000000,0.151011,0.112390,0.888297,-0.191503,0.459502,0.042320,0.091406,0.189758,-0.058932,0.125203,0.090663,0.506032,0.200648,0.818884,0.913140,0.688744,0.328680,0.455089,0.064957,-0.325887,0.259463,0.098187,-0.079078,0.342131,-0.384357,0.174830,0.167189,0.255268,0.133118,0.243024,-0.283606,0.288287,0.192288,0.047239,0.402915,0.198122,0.097746,-0.063441,0.168247,0.175004,-0.153808,0.169043,-0.659736,0.150438,-0.208966,0.444110,0.126280,0.054453,0.159998,0.866618,-0.092605,0.759432,-0.081565,0.142504,0.093918,0.004387,0.205917,0.416086,0.004356,0.145764,-0.209994,-0.045069,0.356502,-0.053800,-0.076660,-0.156527,-0.209873,-0.140303,-0.580043,-0.116799
Piriform-amygdalar area,0.999968,0.980474,0.273661,0.807734,0.855651,-0.052947,0.102501,0.974169,0.959796,0.628507,0.783780,0.942191,0.648445,0.951679,0.076156,0.823432,0.436393,0.555435,0.359955,0.507404,0.962649,0.941415,-0.081862,0.972713,0.889262,0.738411,-0.884213,0.582058,0.967217,0.943950,0.934973,0.991027,0.564463,0.903380,0.948373,0.951644,0.958882,0.910581,0.890631,0.918160,0.924236,0.868000,-0.348452,0.070977,0.836760,0.887380,0.450839,0.147250,0.951947,0.914204,0.708990,0.582050,0.666028,0.884504,0.718407,0.992575,0.926277,-0.225074,-0.361048,0.775276,0.805575,0.124256,0.226640,-0.127084,0.673497,0.342948,-0.193003,0.967399,0.458184,-0.022497,0.713432,0.039572,-0.336136,0.047703,0.886077,0.281845,0.967344,0.897175,0.471158,0.792807,-0.124062,0.417078,0.670951,0.860418,0.435863,0.626572,0.776357,0.983496,0.066802,0.813951,0.992884,0.940690,0.959367,0.607322,0.462783,0.786712,0.953057,0.935592,0.585478,0.786519,-0.747028,0.932204,0.430418,0.850537,0.684271,0.502515,0.927917,0.979509,0.265147,0.972198,0.947169,0.964848,0.901673,0.798085,-0.213463,0.777883,-0.251763,0.762644,0.846239,0.988660,0.863200,0.898956,0.961487,0.994253,0.448713,0.988381,0.987219,0.697727,0.835423,0.522630,0.730865,0.168015,0.266447,0.861798,0.729451,0.852531,0.645947,0.756698,0.557483,0.668603,0.983710,0.911484,0.720610,0.990345,0.832218,0.921305,0.451658,0.814132,0.166782,0.911565,0.953043,0.792611,0.984086,0.885487,0.912714,0.975005,0.665159,-0.948137,0.870503,-0.899326,0.683800,0.954131,0.553645,0.869581,-0.679624,0.639313,0.151011,1.000000,0.979396,0.580838,0.941051,0.826002,0.953629,0.862569,0.308529,0.844007,0.795157,0.987413,0.141328,0.750200,0.523214,0.131567,0.789654,0.905766,0.948691,0.809167,0.869469,0.914713,0.998561,0.957184,0.979863,0.696264,0.998388,0.976557,0.963019,0.963601,0.421539,0.373738,0.979145,0.997412,0.994270,0.886532,0.969302,0.916337,0.974361,0.963308,0.994883,0.900963,0.999364,0.635625,0.929274,0.894762,0.926684,0.921930,0.934293,0.999887,0.507770,0.959552,0.649864,0.044785,0.967367,0.981277,0.916064,0.739844,0.949181,0.980458,0.994193,0.915863,0.921108,0.263370,0.953939,0.848032,0.927281,0.925289,0.590608,-0.830045,0.963774
Periaqueductal gray,0.979286,0.927205,0.098443,0.734088,0.830295,-0.065997,0.033768,0.999235,0.990943,0.765959,0.867253,0.982564,0.774867,0.992693,0.177983,0.835851,0.354525,0.670178,0.530959,0.638935,0.997358,0.920072,-0.063986,0.996625,0.915024,0.807059,-0.915217,0.519928,0.950041,0.939276,0.947270,0.945772,0.556166,0.892108,0.933655,0.940272,0.954388,0.959642,0.906738,0.978009,0.940181,0.881825,-0.188466,0.178987,0.862485,0.886530,0.619643,0.154769,0.991914,0.976991,0.821455,0.649549,0.781986,0.888370,0.708133,0.972918,0.942902,-0.184087,-0.329403,0.740518,0.679127,0.234054,0.356498,0.030803,0.790338,0.383166,-0.387125,0.980332,0.332559,-0.127680,0.586264,-0.127373,-0.258993,0.131251,0.774349,0.112222,0.909512,0.859277,0.637304,0.869182,0.048404,0.591545,0.801312,0.919221,0.598589,0.762150,0.884812,0.928469,0.264450,0.903217,0.958840,0.989720,0.971594,0.752138,0.335686,0.761735,0.949156,0.976681,0.422645,0.761539,-0.865880,0.984819,0.245296,0.928584,0.535404,0.660247,0.875489,0.921038,0.448599,0.908970,0.924875,0.951440,0.818783,0.871867,-0.191185,0.888586,-0.076441,0.746904,0.936346,0.989756,0.945238,0.965893,0.903478,0.979399,0.584870,0.937432,0.936707,0.554070,0.717546,0.412691,0.848797,0.021070,0.147419,0.815673,0.641001,0.749730,0.495062,0.610354,0.401452,0.725790,0.999724,0.975602,0.745781,0.941992,0.926887,0.900758,0.579071,0.863208,0.186001,0.815145,0.883369,0.712099,0.945580,0.949109,0.811435,0.999211,0.723083,-0.885740,0.834803,-0.943688,0.807862,0.943160,0.600606,0.937333,-0.655816,0.781335,0.112390,0.979396,1.000000,0.523470,0.929208,0.886365,0.993888,0.946449,0.483800,0.933171,0.899093,0.940040,-0.050106,0.601346,0.404565,0.015395,0.794635,0.805268,0.913456,0.678374,0.902661,0.814943,0.981213,0.981483,0.959756,0.802971,0.987132,0.913124,0.890406,0.997268,0.229770,0.207212,0.982732,0.963772,0.972697,0.784134,0.995192,0.978086,0.976326,0.995774,0.992935,0.829375,0.984191,0.671336,0.983141,0.833241,0.939427,0.980340,0.986865,0.976586,0.404637,0.919249,0.540747,-0.150662,0.997914,0.999719,0.977067,0.853531,0.949804,0.991820,0.952500,0.947902,0.976754,0.427264,0.985884,0.741057,0.874446,0.891704,0.740365,-0.733749,0.948144
Zona incerta,0.574649,0.521102,0.714685,0.937555,0.101791,0.764328,0.867896,0.540799,0.597281,0.373148,0.639521,0.603505,0.468965,0.434611,0.598529,0.874647,0.979436,0.611414,0.245003,0.526448,0.483564,0.285232,-0.842778,0.453181,0.152976,0.751230,-0.147061,0.999692,0.757126,0.280010,0.258802,0.644234,-0.321525,0.182245,0.298055,0.305367,0.325944,0.264896,0.149188,0.500156,0.231683,0.100310,0.060318,0.574450,0.043455,0.141698,-0.044382,-0.698970,0.422295,0.417014,0.519479,0.806262,0.539437,0.134340,-0.131708,0.480526,0.237910,-0.920362,-0.960193,-0.017546,0.773960,0.589874,0.537795,0.243626,0.524963,0.858279,0.126332,0.373501,0.925558,0.771074,0.872309,0.651675,-0.958193,0.643153,0.638526,-0.054827,0.470775,0.879989,-0.032038,0.670918,-0.672777,0.090182,0.385829,0.148029,-0.168879,0.400827,0.415913,0.566352,-0.060806,0.549203,0.668703,0.455721,0.338949,0.299405,-0.123370,-0.015059,0.307143,0.329202,0.755119,0.948570,-0.277926,0.514065,0.626381,0.567109,0.317459,0.287785,0.314495,0.558412,0.126547,0.687320,0.302545,0.349138,0.824182,0.679420,-0.905073,0.336678,0.037014,-0.063042,0.358280,0.467364,0.309880,0.515535,0.444978,0.652094,0.512952,0.618281,0.650408,0.800720,0.778447,0.959211,0.416789,0.791944,0.893660,0.913478,0.958739,0.831276,0.797849,0.655984,0.813791,0.822078,0.535697,0.457750,0.893824,0.612680,0.336169,0.232718,-0.344490,0.775487,-0.694739,0.729943,0.473044,0.124726,0.472146,0.245510,0.611643,0.489288,0.820691,-0.783552,0.904245,-0.212194,0.044782,0.312724,-0.354412,0.211988,0.166983,0.177701,0.888297,0.580838,0.523470,1.000000,0.275171,0.717059,0.447382,0.427789,0.219346,0.296327,0.416294,0.537682,0.549755,0.561091,0.943498,0.841696,0.907911,0.714234,0.808304,0.471088,0.116219,0.662299,0.536361,0.357939,0.725264,-0.039258,0.595408,0.600965,0.669491,0.527625,0.464707,0.009183,0.671852,0.618252,0.495195,0.766051,0.585688,0.466271,0.387483,0.556242,0.590124,0.312084,0.592812,-0.258758,0.517736,0.260770,0.769739,0.493120,0.443337,0.589129,0.968518,0.374805,0.948850,0.035301,0.538161,0.510356,0.391370,0.452244,0.762349,0.440878,0.582709,0.230822,0.356081,0.337789,0.373649,0.364879,0.314020,0.262268,0.091611,-0.880520,0.347061
Dorsal peduncular area,0.943695,0.953170,0.068459,0.575561,0.977304,-0.387340,-0.231369,0.914261,0.871180,0.543867,0.629171,0.844945,0.529546,0.928573,-0.196851,0.595946,0.120083,0.361578,0.270965,0.336268,0.922380,0.998895,0.259941,0.950526,0.980131,0.531772,-0.975154,0.278145,0.825456,0.999253,0.992754,0.910409,0.809265,0.995140,0.999683,0.999435,0.997150,0.950457,0.986212,0.855176,0.990619,0.981077,-0.485623,-0.194453,0.965011,0.990553,0.503626,0.472589,0.934490,0.885355,0.583655,0.323234,0.523161,0.988925,0.910639,0.975083,0.990161,0.116852,-0.024367,0.936131,0.658790,-0.138492,-0.000710,-0.301545,0.537970,0.025643,-0.225981,0.981691,0.181884,-0.327145,0.507587,-0.184193,-0.009061,-0.244371,0.808035,0.407187,0.960582,0.695765,0.523170,0.628454,0.091555,0.404147,0.590777,0.938396,0.541166,0.530231,0.709139,0.937821,0.047291,0.702023,0.898806,0.904132,0.987231,0.548300,0.638508,0.945740,0.998155,0.954790,0.416831,0.531422,-0.730643,0.867957,0.295005,0.740960,0.717837,0.425350,0.979448,0.937521,0.205906,0.874861,0.998550,0.996864,0.738271,0.631814,0.129525,0.744337,-0.365570,0.935139,0.822070,0.970014,0.865327,0.823738,0.964781,0.901937,0.271186,0.920096,0.904787,0.524581,0.689706,0.239164,0.652093,-0.098181,-0.033476,0.641879,0.478066,0.682849,0.466597,0.657423,0.356461,0.421993,0.930410,0.864238,0.462161,0.924069,0.813623,0.997405,0.645699,0.616788,0.490477,0.794455,0.946140,0.908949,0.974157,0.924790,0.848077,0.937639,0.418294,-0.804762,0.653101,-0.961150,0.754401,0.999102,0.794373,0.919142,-0.883825,0.639315,-0.191503,0.941051,0.929208,0.275171,1.000000,0.652647,0.925617,0.813370,0.219818,0.846324,0.732571,0.952537,-0.012673,0.691239,0.249164,-0.171764,0.543820,0.795531,0.786814,0.794470,0.970299,0.828233,0.957504,0.972943,0.854987,0.810369,0.930138,0.917192,0.874401,0.904880,0.355911,0.487630,0.870140,0.925731,0.971350,0.751037,0.888964,0.867020,0.987147,0.892589,0.925527,0.954173,0.933559,0.853683,0.862542,0.965926,0.763244,0.863088,0.900838,0.938145,0.215565,0.987450,0.394097,0.095210,0.905729,0.937707,0.899102,0.648740,0.796625,0.968668,0.939553,0.976350,0.921812,0.118763,0.960107,0.879164,0.979017,0.993251,0.616345,-0.633143,0.997136
Dorsomedial nucleus of the hypothalamus,0.822521,0.702110,0.098190,0.773002,0.478740,0.341237,0.346212,0.903630,0.940395,0.897258,0.992392,0.956573,0.931842,0.874334,0.612794,0.962636,0.562920,0.925042,0.759788,0.894481,0.890788,0.634557,-0.447578,0.853635,0.652011,0.988696,-0.659038,0.705755,0.908978,0.674674,0.700532,0.793112,0.131396,0.583479,0.661768,0.675812,0.707909,0.781223,0.626794,0.936668,0.689145,0.582389,0.230809,0.612486,0.564107,0.578834,0.653239,-0.266670,0.865377,0.897783,0.958372,0.925747,0.953098,0.585028,0.314577,0.771117,0.695290,-0.512803,-0.634615,0.346473,0.554084,0.655467,0.736196,0.448697,0.951904,0.749063,-0.525823,0.781212,0.438115,0.133164,0.551712,-0.048043,-0.506262,0.574713,0.565017,-0.289845,0.656689,0.882446,0.664744,0.996490,0.002430,0.719164,0.910539,0.715076,0.563808,0.906120,0.932100,0.723374,0.497238,0.976276,0.834966,0.899148,0.756620,0.864515,-0.117174,0.378623,0.696125,0.809650,0.328168,0.887687,-0.868304,0.934048,0.116313,0.978715,0.187964,0.830708,0.565057,0.708345,0.674067,0.760466,0.644622,0.701412,0.743693,0.997546,-0.544605,0.896689,0.311757,0.362501,0.895894,0.813512,0.859936,0.951463,0.639276,0.874667,0.865374,0.763736,0.781135,0.463944,0.594781,0.531641,0.930174,0.149036,0.328311,0.859518,0.702753,0.669925,0.414930,0.414418,0.360111,0.957836,0.883878,0.921066,0.945826,0.768349,0.887556,0.597317,0.392247,0.996049,-0.224215,0.665906,0.620296,0.317810,0.714996,0.792860,0.591976,0.874752,0.956967,-0.799658,0.885516,-0.735275,0.722001,0.682115,0.245199,0.776340,-0.240178,0.811507,0.459502,0.826002,0.886365,0.717059,0.652647,1.000000,0.880319,0.926460,0.727507,0.859543,0.931790,0.729483,-0.104736,0.354329,0.502020,0.231029,0.942460,0.644165,0.880568,0.385294,0.639772,0.623635,0.809772,0.795416,0.892069,0.641566,0.856017,0.716815,0.722484,0.912022,0.009298,-0.195921,0.922328,0.811894,0.775072,0.655853,0.926623,0.922446,0.765308,0.923990,0.874362,0.500787,0.845466,0.314532,0.937427,0.495158,0.966893,0.931524,0.897759,0.823615,0.545000,0.645103,0.600770,-0.441606,0.911981,0.875132,0.880858,0.943476,0.945692,0.820357,0.771261,0.723919,0.851775,0.736061,0.820871,0.410541,0.563432,0.582796,0.757465,-0.699291,0.694179
Dorsal motor nucleus of the vagus nerve,0.953891,0.891981,-0.012006,0.660194,0.830904,-0.121982,-0.047892,0.993658,0.983812,0.808867,0.874562,0.978329,0.807569,0.999896,0.180941,0.800490,0.267144,0.687102,0.590084,0.667073,0.999097,0.912067,-0.003707,0.996264,0.933247,0.800304,-0.935802,0.441996,0.913499,0.938270,0.954191,0.905926,0.585203,0.894029,0.927583,0.935115,0.950765,0.980250,0.921408,0.987736,0.950096,0.898314,-0.136002,0.185860,0.886760,0.894898,0.698564,0.206212,0.999508,0.993214,0.846560,0.635598,0.806308,0.899029,0.727144,0.953905,0.952723,-0.112489,-0.261663,0.743541,0.594901,0.241708,0.377562,0.074977,0.816103,0.350184,-0.476208,0.980696,0.231775,-0.220016,0.493491,-0.235171,-0.172842,0.123484,0.706399,0.054235,0.875489,0.805108,0.714778,0.871817,0.158057,0.663272,0.841441,0.950284,0.682900,0.802474,0.916428,0.889664,0.348117,0.919311,0.921884,0.998506,0.973765,0.802337,0.302674,0.768706,0.946874,0.990449,0.320774,0.705794,-0.910006,0.991057,0.139834,0.939803,0.469548,0.714206,0.852982,0.881304,0.518452,0.858813,0.915482,0.942895,0.750500,0.873027,-0.127765,0.926280,-0.014426,0.760173,0.965850,0.979748,0.975035,0.977043,0.870945,0.951158,0.614534,0.896963,0.894297,0.459102,0.637030,0.317239,0.883194,-0.085333,0.047454,0.755349,0.558277,0.672099,0.396369,0.524931,0.297894,0.708471,0.991084,0.989647,0.712150,0.902957,0.959356,0.896079,0.661128,0.848644,0.242202,0.747829,0.844214,0.688074,0.919468,0.976244,0.749916,0.996663,0.706076,-0.829164,0.779389,-0.965635,0.867948,0.937734,0.653473,0.967966,-0.670973,0.838993,0.042320,0.953629,0.993888,0.447382,0.925617,0.880319,1.000000,0.969291,0.545246,0.966288,0.929272,0.906214,-0.158925,0.520971,0.306694,-0.082781,0.753477,0.737242,0.866050,0.612208,0.925823,0.750766,0.959602,0.987160,0.924381,0.861897,0.964091,0.868595,0.837503,0.995746,0.132015,0.148142,0.960212,0.930350,0.952004,0.711594,0.986923,0.990735,0.971572,0.991907,0.973858,0.798884,0.959786,0.715174,0.989577,0.809956,0.913107,0.990031,0.997731,0.949209,0.310977,0.898263,0.448865,-0.229542,0.994545,0.993641,0.994289,0.884118,0.919614,0.987441,0.918134,0.964085,0.994251,0.475580,0.993505,0.692032,0.851796,0.880013,0.805708,-0.655038,0.938831
Parasubiculum,0.861938,0.757747,-0.162681,0.581066,0.692453,-0.030068,-0.029733,0.954438,0.961111,0.928458,0.943630,0.969731,0.923912,0.968683,0.367080,0.811505,0.236849,0.821632,0.770502,0.817003,0.965331,0.789977,-0.080971,0.944484,0.856410,0.873078,-0.865042,0.416624,0.854097,0.834617,0.868890,0.795599,0.453066,0.775714,0.813914,0.825842,0.851179,0.942188,0.832600,0.991859,0.867054,0.803698,0.108546,0.376826,0.803098,0.785761,0.825729,0.102896,0.965428,0.990499,0.944537,0.736512,0.917098,0.794855,0.595471,0.851938,0.870996,-0.152422,-0.298304,0.590017,0.433054,0.429173,0.567073,0.309377,0.924973,0.460109,-0.659069,0.906459,0.140212,-0.239239,0.356766,-0.350990,-0.159604,0.298136,0.532618,-0.191355,0.731237,0.747494,0.837548,0.935395,0.289633,0.819409,0.948341,0.915533,0.788875,0.923757,0.986610,0.758841,0.561645,0.979075,0.827583,0.980981,0.895346,0.923947,0.072033,0.625306,0.846361,0.947882,0.145352,0.688003,-0.978539,0.986536,-0.056289,0.983569,0.239315,0.864350,0.700304,0.745991,0.711507,0.735784,0.793716,0.835064,0.632392,0.933929,-0.189227,0.988544,0.231212,0.624748,0.997106,0.900877,0.988134,0.994195,0.723960,0.876923,0.776484,0.776977,0.779174,0.296019,0.481525,0.239198,0.971056,-0.177825,-0.013199,0.697533,0.475779,0.538657,0.231852,0.331431,0.142062,0.787046,0.939259,0.994186,0.755239,0.784995,0.995064,0.770944,0.700692,0.890903,0.150324,0.600214,0.688458,0.497147,0.795590,0.956253,0.581042,0.949606,0.785821,-0.723079,0.731311,-0.916818,0.921207,0.829534,0.583173,0.950701,-0.524419,0.936912,0.091406,0.862569,0.946449,0.427789,0.813370,0.926460,0.969291,1.000000,0.734645,0.988688,0.991539,0.780041,-0.331165,0.313096,0.216342,-0.127625,0.764954,0.583643,0.794856,0.405299,0.855705,0.589973,0.866755,0.925636,0.855597,0.882143,0.886084,0.733450,0.702492,0.966368,-0.091680,-0.098600,0.912259,0.829300,0.849467,0.565272,0.955210,0.992922,0.885346,0.964897,0.906540,0.627346,0.876723,0.632495,0.987414,0.644379,0.896097,0.991018,0.983643,0.856093,0.244223,0.763101,0.352281,-0.459743,0.962357,0.941697,0.985882,0.970358,0.884267,0.918285,0.803499,0.900935,0.974267,0.673562,0.943426,0.493571,0.698671,0.742924,0.908395,-0.538824,0.828286
Dentate nucleus,0.305693,0.121508,-0.525499,0.155665,0.069715,0.229232,0.025608,0.511558,0.561105,0.933206,0.802341,0.605560,0.920736,0.543535,0.748983,0.554793,0.065384,0.903291,0.998502,0.943197,0.534030,0.177371,-0.260862,0.470962,0.346188,0.765870,-0.368601,0.196137,0.389218,0.257335,0.330391,0.211373,-0.066633,0.179061,0.216120,0.235974,0.279081,0.508358,0.297685,0.655651,0.335578,0.263105,0.744364,0.768784,0.293229,0.211145,0.889469,-0.213510,0.533582,0.636405,0.883290,0.753983,0.900578,0.230798,0.026464,0.272119,0.341738,-0.204162,-0.290046,-0.037969,-0.167912,0.793202,0.889124,0.846379,0.900508,0.598159,-0.934678,0.384728,-0.166195,-0.213546,-0.149032,-0.551956,-0.062110,0.672086,-0.135049,-0.801302,0.076896,0.323875,0.884996,0.781655,0.555462,0.964401,0.911137,0.500768,0.807750,0.934643,0.834748,0.131361,0.955236,0.800352,0.276262,0.589156,0.366155,0.936254,-0.587850,0.012942,0.273492,0.499287,-0.392935,0.394399,-0.825740,0.628277,-0.580805,0.759095,-0.480130,0.976063,0.034398,0.110646,0.995517,0.137089,0.180602,0.245712,0.082394,0.773276,-0.287591,0.814652,0.827545,0.034831,0.734667,0.367772,0.679059,0.692991,0.064765,0.363847,0.949960,0.172755,0.187403,-0.260889,-0.118832,-0.064536,0.873314,-0.375498,-0.180933,0.290525,0.077552,-0.021063,-0.306693,-0.320762,-0.341439,0.725308,0.466952,0.658561,0.606349,0.183596,0.745730,0.156865,0.568224,0.693269,-0.151070,-0.019367,0.017269,-0.202461,0.175025,0.567443,-0.089772,0.487108,0.727741,-0.174937,0.339453,-0.462473,0.747592,0.241296,0.188852,0.571528,0.060700,0.880135,0.189758,0.308529,0.483800,0.219346,0.219818,0.727507,0.545246,0.734645,1.000000,0.705128,0.816154,0.158170,-0.693904,-0.371786,-0.113283,-0.211728,0.525496,-0.046577,0.317774,-0.308443,0.364456,-0.061970,0.306595,0.432366,0.364530,0.631619,0.359759,0.102683,0.082453,0.546544,-0.678939,-0.744323,0.459213,0.259076,0.268851,-0.038813,0.532492,0.651208,0.337834,0.551941,0.402593,-0.065165,0.339735,0.186370,0.635329,-0.037324,0.533370,0.646501,0.600438,0.298591,-0.030208,0.123292,-0.041789,-0.934541,0.536120,0.468359,0.617854,0.868183,0.475161,0.406060,0.205015,0.412503,0.578575,0.983111,0.475422,-0.226948,0.032105,0.105469,0.875167,-0.026234,0.233821
Parvicellular reticular nucleus,0.844545,0.751613,-0.257219,0.482994,0.751658,-0.177494,-0.177853,0.937034,0.931252,0.901826,0.885489,0.936311,0.882003,0.967843,0.252080,0.718979,0.098601,0.745678,0.741111,0.751271,0.956815,0.821919,0.068802,0.943548,0.904400,0.791198,-0.913228,0.285755,0.799127,0.866277,0.902227,0.766509,0.564537,0.822759,0.843468,0.854012,0.875504,0.968923,0.882287,0.974016,0.904216,0.860778,0.051901,0.265345,0.867039,0.838085,0.859093,0.246900,0.967024,0.987693,0.899750,0.630468,0.864421,0.847887,0.685077,0.851515,0.907106,-0.002847,-0.152488,0.665379,0.370306,0.319367,0.474384,0.238100,0.875606,0.325446,-0.682666,0.921031,0.017955,-0.376992,0.267373,-0.455226,-0.016017,0.173839,0.501209,-0.140806,0.733818,0.665018,0.870633,0.872780,0.389833,0.823933,0.923731,0.958936,0.844887,0.891911,0.967669,0.744615,0.561368,0.940101,0.793049,0.974473,0.915771,0.908655,0.147776,0.700343,0.873654,0.965448,0.069827,0.581621,-0.982037,0.967970,-0.119377,0.945481,0.253717,0.840769,0.728314,0.733213,0.694870,0.698514,0.822995,0.856350,0.564843,0.870415,-0.039824,0.984454,0.186183,0.705851,0.996870,0.900728,0.999239,0.971116,0.730891,0.843923,0.707660,0.753046,0.749052,0.220179,0.419821,0.114937,0.947057,-0.298830,-0.147093,0.606342,0.368079,0.467182,0.152594,0.288322,0.052395,0.686645,0.924474,0.983351,0.648818,0.762060,0.997335,0.810911,0.794324,0.812940,0.294223,0.552495,0.690399,0.551357,0.797675,0.983103,0.556129,0.942050,0.685308,-0.665480,0.641700,-0.952893,0.962505,0.856503,0.694933,0.982078,-0.618426,0.947626,-0.058932,0.844007,0.933171,0.296327,0.846324,0.859543,0.966288,0.988688,0.705128,1.000000,0.974603,0.770876,-0.404975,0.287498,0.095869,-0.263988,0.663827,0.538730,0.730219,0.400273,0.908190,0.555567,0.856147,0.941214,0.808012,0.941921,0.863801,0.712843,0.668601,0.949736,-0.124529,-0.052205,0.872547,0.804630,0.846604,0.509063,0.928850,0.981126,0.898886,0.942959,0.884107,0.655125,0.855366,0.734546,0.967785,0.680367,0.832474,0.974963,0.978582,0.836201,0.116280,0.781488,0.241212,-0.444937,0.944355,0.931248,0.988228,0.940863,0.825119,0.921476,0.785954,0.936075,0.984183,0.618749,0.955074,0.509867,0.726751,0.778848,0.930292,-0.455497,0.850066
Parasolitary nucleus,0.793997,0.669773,-0.229704,0.532572,0.599279,0.028705,-0.009031,0.911422,0.927352,0.968817,0.959750,0.943298,0.963798,0.928264,0.462245,0.803402,0.225108,0.875917,0.846461,0.878632,0.924226,0.704752,-0.129551,0.894053,0.791754,0.894581,-0.803295,0.402381,0.805856,0.757817,0.800591,0.720667,0.365442,0.691719,0.732608,0.746607,0.776587,0.896929,0.762235,0.970331,0.799697,0.730531,0.236227,0.473989,0.735117,0.705880,0.868303,0.036645,0.923436,0.964399,0.974619,0.777712,0.955054,0.717260,0.506067,0.777863,0.804294,-0.179901,-0.320145,0.490476,0.343014,0.523091,0.657361,0.427810,0.961502,0.514956,-0.735310,0.844272,0.098098,-0.233327,0.283527,-0.394576,-0.159000,0.389762,0.431672,-0.317058,0.638132,0.704819,0.877573,0.949204,0.343191,0.879171,0.981499,0.871465,0.819809,0.965482,0.999427,0.673181,0.657886,0.988128,0.760516,0.947731,0.830860,0.964654,-0.054365,0.530133,0.771200,0.900806,0.056441,0.669108,-0.989106,0.960726,-0.151715,0.984179,0.113301,0.921890,0.601807,0.658229,0.794568,0.656374,0.708754,0.756834,0.560286,0.946457,-0.226892,0.996161,0.355545,0.533277,0.988210,0.837486,0.969272,0.979715,0.629314,0.818875,0.845563,0.697153,0.702250,0.209719,0.393470,0.201728,0.993761,-0.212513,-0.034654,0.656632,0.428875,0.461264,0.146668,0.226187,0.064367,0.815031,0.889925,0.972314,0.766115,0.705944,0.988341,0.684051,0.696841,0.895909,0.088798,0.512254,0.590530,0.382122,0.711431,0.919969,0.480951,0.901959,0.814449,-0.654197,0.694480,-0.865972,0.922625,0.750846,0.524211,0.915643,-0.428797,0.963195,0.125203,0.795157,0.899093,0.416294,0.732571,0.931790,0.929272,0.991539,0.816154,0.974603,1.000000,0.695889,-0.406575,0.199636,0.172814,-0.137857,0.758874,0.492808,0.742701,0.288551,0.794218,0.494511,0.797747,0.869466,0.801943,0.866165,0.825092,0.646650,0.617487,0.928084,-0.202623,-0.226933,0.867383,0.757998,0.775333,0.479464,0.916694,0.969936,0.817569,0.928251,0.850568,0.520953,0.813288,0.566590,0.962878,0.540053,0.869324,0.967763,0.952000,0.787877,0.212721,0.672764,0.301444,-0.568197,0.922819,0.891930,0.956588,0.992634,0.847995,0.859240,0.725319,0.843148,0.938742,0.762848,0.893003,0.377449,0.599980,0.650846,0.937060,-0.471175,0.748788
Parabrachial nucleus,0.988107,0.999226,0.343075,0.791726,0.893500,-0.126858,0.066275,0.929277,0.903574,0.502013,0.676096,0.877483,0.520937,0.904983,-0.065433,0.747373,0.409737,0.418573,0.211914,0.364930,0.915984,0.959265,-0.007840,0.938113,0.882727,0.628761,-0.874041,0.542703,0.931848,0.949403,0.929124,0.990601,0.624701,0.923155,0.959892,0.959868,0.959752,0.874476,0.892106,0.848528,0.918091,0.875761,-0.491959,-0.073034,0.840274,0.902824,0.338769,0.221643,0.907406,0.851094,0.589014,0.462077,0.539714,0.896952,0.764957,0.989800,0.918997,-0.165631,-0.294607,0.830617,0.848441,-0.021012,0.074749,-0.281200,0.548304,0.230629,-0.061216,0.949795,0.472316,-0.023997,0.743149,0.101374,-0.304676,-0.085351,0.934738,0.430047,0.994644,0.862418,0.360525,0.687601,-0.190771,0.284938,0.550078,0.827579,0.341453,0.498498,0.672956,0.998851,-0.079076,0.712482,0.981110,0.885073,0.945765,0.482290,0.591212,0.834516,0.955292,0.899646,0.651399,0.730518,-0.649362,0.867209,0.522401,0.757159,0.789751,0.365078,0.966487,0.998281,0.116913,0.980559,0.964093,0.970397,0.908292,0.694171,-0.140631,0.681310,-0.401490,0.807574,0.765773,0.970929,0.794836,0.821468,0.991506,0.969297,0.302086,0.995116,0.990113,0.747528,0.872108,0.523041,0.618413,0.203403,0.272360,0.828674,0.720098,0.872306,0.699962,0.826189,0.610813,0.557926,0.946775,0.842852,0.629024,0.995719,0.750087,0.943509,0.404338,0.719751,0.232224,0.939261,0.988883,0.869023,0.996680,0.839225,0.956994,0.936363,0.553940,-0.944668,0.830509,-0.872196,0.605029,0.961333,0.573811,0.823160,-0.739254,0.530661,0.090663,0.987413,0.940040,0.537682,0.952537,0.729483,0.906214,0.780041,0.158170,0.770876,0.695889,1.000000,0.236719,0.831659,0.532155,0.136276,0.714690,0.938147,0.921315,0.888181,0.860407,0.952422,0.988169,0.932014,0.950648,0.640550,0.976861,0.994527,0.980335,0.913038,0.535839,0.515734,0.937116,0.990910,0.991473,0.914168,0.918765,0.848806,0.964071,0.910594,0.966522,0.953875,0.981215,0.657068,0.862806,0.945113,0.865167,0.854309,0.877022,0.988514,0.501349,0.983206,0.655056,0.195465,0.918239,0.945090,0.857176,0.627200,0.898708,0.957268,0.997713,0.896931,0.870383,0.107628,0.920984,0.921161,0.966198,0.954649,0.483528,-0.838663,0.971249
Dorsal nucleus raphe,0.139050,0.255534,0.977112,0.548207,-0.013435,0.386134,0.631673,-0.060351,-0.059108,-0.532481,-0.225410,-0.091478,-0.450077,-0.167071,-0.185244,0.161263,0.670141,-0.324003,-0.675090,-0.420447,-0.122339,0.030956,-0.413752,-0.092188,-0.210549,-0.108212,0.233865,0.569174,0.207532,-0.040955,-0.118686,0.272114,-0.207582,-0.047066,0.007525,-0.003908,-0.025177,-0.264218,-0.172303,-0.211365,-0.143229,-0.179136,-0.573297,-0.220092,-0.246609,-0.104410,-0.805002,-0.353442,-0.167959,-0.257840,-0.382266,-0.050725,-0.380252,-0.126555,-0.148503,0.096545,-0.143817,-0.515373,-0.467663,-0.009461,0.699030,-0.231088,-0.355680,-0.529186,-0.391426,0.129665,0.895977,-0.079141,0.825086,0.765906,0.760851,0.960430,-0.660507,-0.085151,0.565641,0.628217,0.255770,0.358584,-0.792604,-0.184412,-0.976288,-0.765470,-0.505704,-0.344429,-0.829368,-0.512672,-0.421956,0.281324,-0.859187,-0.293215,0.235503,-0.189403,-0.089246,-0.590130,0.388535,-0.051204,-0.034457,-0.208743,0.883801,0.354713,0.517719,-0.178115,0.951445,-0.245983,0.622791,-0.628874,0.174948,0.293038,-0.758777,0.368472,0.041113,0.020486,0.521105,-0.171057,-0.433416,-0.464952,-0.665080,-0.105232,-0.383217,0.005543,-0.373293,-0.230707,0.246747,0.148544,-0.434256,0.285335,0.297272,0.802151,0.659680,0.761930,-0.452357,0.912177,0.820465,0.413541,0.633408,0.616079,0.840747,0.741213,0.885547,-0.017585,-0.026707,-0.245700,0.135794,0.271821,-0.408835,0.009333,-0.759634,-0.031002,-0.403947,0.535749,0.308616,0.237233,0.172914,-0.328121,0.505884,-0.078635,-0.020573,-0.410099,0.364707,0.264768,-0.625613,-0.002946,-0.448913,-0.356389,0.099817,-0.635827,0.506032,0.141328,-0.050106,0.549755,-0.012673,-0.104736,-0.158925,-0.331165,-0.693904,-0.404975,-0.406575,0.236719,1.000000,0.712902,0.791382,0.812195,0.212551,0.547160,0.307596,0.588834,-0.253159,0.520572,0.109344,-0.130979,0.203896,-0.591278,0.108940,0.332126,0.401678,-0.099633,0.912637,0.624962,0.083122,0.211722,0.110364,0.580510,-0.043950,-0.233185,-0.029011,-0.082533,0.068715,0.258608,0.123933,-0.377382,-0.181213,0.196353,0.096227,-0.209065,-0.208119,0.156044,0.740388,0.144012,0.730119,0.818224,-0.082946,-0.047001,-0.261581,-0.421484,0.139208,-0.046706,0.230808,-0.208860,-0.255151,-0.588233,-0.155507,0.437826,0.176557,0.075182,-0.695012,-0.614049,0.029045
Parabigeminal nucleus,0.750669,0.846933,0.746090,0.777095,0.682456,-0.022944,0.267031,0.582230,0.549828,-0.027075,0.250977,0.506639,0.019876,0.517581,-0.306381,0.505395,0.541359,-0.012293,-0.322422,-0.098506,0.544336,0.722589,-0.084967,0.588341,0.534827,0.263932,-0.514127,0.577738,0.709099,0.669351,0.607607,0.823153,0.436982,0.666348,0.705053,0.695997,0.677527,0.468407,0.567918,0.429108,0.588992,0.561398,-0.777589,-0.329602,0.502135,0.622092,-0.240211,0.105179,0.521704,0.419734,0.106822,0.155592,0.064255,0.604721,0.544712,0.745629,0.587940,-0.259407,-0.322665,0.661543,0.956694,-0.298607,-0.291021,-0.621744,0.067135,0.075701,0.502484,0.623989,0.703704,0.303465,0.890501,0.556289,-0.455938,-0.267540,0.969718,0.762420,0.854711,0.723801,-0.217573,0.279657,-0.633253,-0.287827,0.025814,0.405244,-0.225911,-0.023274,0.171446,0.853172,-0.605479,0.256437,0.786393,0.482487,0.621978,-0.063598,0.751492,0.637091,0.672175,0.509993,0.923021,0.600517,-0.121576,0.462431,0.892583,0.318683,0.962847,-0.179722,0.814966,0.862076,-0.425917,0.867814,0.729137,0.710378,0.878131,0.291642,-0.189829,0.168071,-0.759457,0.591365,0.283604,0.674619,0.324105,0.391521,0.852151,0.724412,-0.154631,0.841136,0.837657,0.936778,0.949138,0.695825,0.107994,0.575138,0.548087,0.724886,0.770236,0.909237,0.924386,0.992665,0.878561,0.250080,0.619125,0.411868,0.390044,0.834130,0.259454,0.707785,-0.091155,0.381157,0.080007,0.933489,0.883792,0.819945,0.802419,0.403239,0.954867,0.587614,0.245272,-0.844485,0.696825,-0.478049,0.068627,0.696140,0.247541,0.379629,-0.563587,-0.027218,0.200648,0.750200,0.601346,0.561091,0.691239,0.354329,0.520971,0.313096,-0.371786,0.287498,0.199636,0.831659,0.712902,1.000000,0.725689,0.445648,0.505003,0.943505,0.753950,0.985074,0.497665,0.949356,0.740084,0.579729,0.728915,0.138074,0.717544,0.874825,0.893118,0.546792,0.914470,0.814429,0.651935,0.790151,0.752617,0.934302,0.574375,0.422812,0.664696,0.549484,0.684440,0.859560,0.731307,0.338901,0.456085,0.823785,0.580968,0.436795,0.466721,0.758742,0.662466,0.794783,0.783056,0.677699,0.559382,0.610332,0.427925,0.127039,0.637238,0.635836,0.815909,0.529811,0.450553,-0.370364,0.551521,0.937539,0.815883,0.752666,-0.083869,-0.869996,0.717063
Retrosplenial area dorsal part,0.518093,0.528139,0.903162,0.917080,0.125391,0.671172,0.852992,0.411714,0.449382,0.080015,0.397123,0.439067,0.179996,0.294580,0.334529,0.717294,0.968390,0.321202,-0.084500,0.220776,0.346795,0.273852,-0.745312,0.339315,0.081769,0.517359,-0.067860,0.951326,0.667170,0.241071,0.194261,0.618973,-0.261504,0.169503,0.273440,0.273943,0.279681,0.137048,0.094961,0.318353,0.165095,0.057464,-0.219117,0.303603,-0.010873,0.117448,-0.326814,-0.606748,0.285906,0.242810,0.246307,0.566773,0.257515,0.103198,-0.097775,0.436498,0.169213,-0.849765,-0.867037,0.040474,0.868004,0.313399,0.234603,-0.061028,0.243693,0.658452,0.438173,0.290377,0.996946,0.833382,0.953146,0.836743,-0.942808,0.403615,0.727642,0.240480,0.493244,0.807018,-0.311917,0.435794,-0.863633,-0.222067,0.102629,0.021536,-0.422079,0.106703,0.164898,0.569520,-0.387946,0.310470,0.620673,0.298921,0.262288,0.005006,0.109137,0.025900,0.262743,0.205062,0.914928,0.843795,-0.030245,0.342388,0.844297,0.344566,0.519241,-0.026310,0.351602,0.568654,-0.205747,0.686189,0.290137,0.314490,0.836117,0.447393,-0.805037,0.093818,-0.265435,-0.030413,0.146839,0.390066,0.119394,0.319446,0.471677,0.573947,0.201741,0.606639,0.633170,0.920491,0.857098,0.998531,0.149749,0.921180,0.959578,0.849596,0.960605,0.876224,0.930592,0.801930,0.953297,0.597310,0.422725,0.275134,0.712385,0.597461,0.120382,0.228025,-0.511170,0.570858,-0.623142,0.779088,0.515371,0.238930,0.461472,0.095961,0.686933,0.369450,0.594899,-0.766570,0.823996,-0.100361,-0.176191,0.279493,-0.383308,0.060565,0.104519,-0.093695,0.818884,0.523214,0.404565,0.943498,0.249164,0.502020,0.306694,0.216342,-0.113283,0.095869,0.172814,0.532155,0.791382,0.725689,1.000000,0.911266,0.758336,0.772712,0.741398,0.618309,0.038033,0.727351,0.479936,0.257893,0.645048,-0.218077,0.519696,0.613220,0.687055,0.385958,0.718418,0.289105,0.559437,0.577144,0.452199,0.820015,0.448435,0.286371,0.320857,0.412292,0.499404,0.382259,0.524147,-0.283389,0.343391,0.321621,0.627205,0.314809,0.282421,0.534837,0.994932,0.382025,0.987729,0.362020,0.400188,0.397102,0.224069,0.187017,0.641430,0.350171,0.560682,0.137042,0.203197,0.006805,0.258245,0.487483,0.351893,0.275253,-0.179680,-0.907070,0.316511
Dorsal tegmental nucleus,0.125248,0.132044,0.890853,0.687578,-0.287471,0.845947,0.965271,0.028914,0.085328,-0.152507,0.134105,0.085828,-0.044746,-0.096345,0.421166,0.474511,0.933319,0.170142,-0.204166,0.078657,-0.040603,-0.146057,-0.867154,-0.059944,-0.333925,0.297790,0.346027,0.848469,0.326704,-0.179797,-0.224868,0.242239,-0.609044,-0.250553,-0.146938,-0.146386,-0.139725,-0.265667,-0.322936,-0.041398,-0.253630,-0.358763,-0.019130,0.388644,-0.421518,-0.301633,-0.548880,-0.816678,-0.107641,-0.130942,-0.000170,0.436557,0.036838,-0.315493,-0.485916,0.029087,-0.249269,-0.912809,-0.870160,-0.355975,0.603430,0.374775,0.235887,0.063140,0.016503,0.656555,0.544421,-0.122638,0.936885,0.986763,0.754089,0.930629,-0.954435,0.511819,0.397294,0.074318,0.093570,0.524125,-0.542014,0.173790,-0.918666,-0.400423,-0.149350,-0.377957,-0.661391,-0.119593,-0.136023,0.180594,-0.417599,0.015102,0.248679,-0.081710,-0.153483,-0.230654,-0.158069,-0.375036,-0.157352,-0.198332,0.754548,0.631022,0.282010,-0.022298,0.735056,0.033378,0.224836,-0.210448,-0.058293,0.179910,-0.299811,0.325901,-0.129366,-0.104106,0.536463,0.184184,-0.872442,-0.223154,-0.117435,-0.427858,-0.201975,-0.016281,-0.248050,-0.027070,0.069903,0.199559,0.086900,0.225716,0.259137,0.714046,0.579062,0.913856,-0.127343,0.979391,0.990331,0.590388,0.773455,0.601096,0.749071,0.537339,0.819003,0.425789,0.033402,-0.089192,0.526122,0.214665,-0.225324,-0.191947,-0.795535,0.316340,-0.841140,0.454978,0.122390,-0.142145,0.055188,-0.296739,0.338768,-0.023892,0.424899,-0.437242,0.559439,0.307352,-0.501704,-0.140620,-0.727393,-0.330341,0.481108,-0.369434,0.913140,0.131567,0.015395,0.841696,-0.171764,0.231029,-0.082781,-0.127625,-0.211728,-0.263988,-0.137857,0.136276,0.812195,0.445648,0.911266,1.000000,0.538450,0.448130,0.418798,0.292469,-0.374276,0.388187,0.080593,-0.152106,0.291764,-0.567655,0.132452,0.233869,0.327156,0.006597,0.581561,0.089429,0.197988,0.193057,0.046644,0.515074,0.076912,-0.078924,-0.093812,0.038566,0.113640,-0.016074,0.135591,-0.650972,-0.019003,-0.082799,0.312001,-0.048329,-0.097124,0.144648,0.920098,-0.031051,0.837054,0.330704,0.020737,0.004252,-0.155767,-0.088015,0.312488,-0.056393,0.170633,-0.276346,-0.186493,-0.046705,-0.146442,0.123260,-0.057807,-0.142002,-0.447085,-0.653392,-0.102128
Retrosplenial area ventral part,0.784754,0.691175,0.411252,0.920987,0.359659,0.552949,0.613477,0.812255,0.858984,0.710276,0.898877,0.870032,0.776436,0.743932,0.631195,0.997049,0.804836,0.836011,0.558420,0.775811,0.777099,0.538607,-0.656688,0.742429,0.482219,0.947952,-0.483025,0.901547,0.918483,0.558530,0.562269,0.801275,-0.051390,0.458899,0.560234,0.571712,0.599783,0.608744,0.466464,0.808207,0.542388,0.417190,0.138864,0.619219,0.378159,0.436056,0.365367,-0.475262,0.733070,0.746567,0.818550,0.931132,0.822925,0.435823,0.149394,0.710718,0.548892,-0.737606,-0.831503,0.224784,0.720868,0.653284,0.678566,0.359353,0.815720,0.845331,-0.241788,0.663741,0.710822,0.442160,0.761826,0.287535,-0.757918,0.629918,0.666293,-0.172532,0.641141,0.958918,0.378739,0.916667,-0.327420,0.464684,0.725957,0.513379,0.255254,0.728357,0.757877,0.724824,0.250672,0.848242,0.836350,0.767256,0.633104,0.655648,-0.099927,0.244440,0.583924,0.656655,0.574766,0.988876,-0.654793,0.814149,0.387247,0.860094,0.292403,0.625799,0.513297,0.712460,0.449075,0.802786,0.552794,0.607596,0.855324,0.921603,-0.747345,0.700327,0.177753,0.211235,0.713818,0.727765,0.671544,0.822786,0.618801,0.850526,0.750095,0.772382,0.797377,0.677942,0.747197,0.782291,0.754840,0.470970,0.624472,0.960363,0.887994,0.815154,0.646615,0.584187,0.619151,0.961079,0.799336,0.778874,0.991500,0.772365,0.697858,0.491705,0.076635,0.967629,-0.448620,0.767479,0.621255,0.277916,0.675074,0.604608,0.669793,0.771579,0.959751,-0.869396,0.970844,-0.557378,0.458506,0.578869,-0.004475,0.578537,-0.089123,0.569575,0.688744,0.789654,0.794635,0.907911,0.543820,0.942460,0.753477,0.764954,0.525496,0.663827,0.758874,0.714690,0.212551,0.505003,0.758336,0.538450,1.000000,0.747570,0.926240,0.482191,0.456773,0.711753,0.759256,0.663643,0.894489,0.374210,0.813227,0.737395,0.772659,0.810053,0.249876,-0.084861,0.885680,0.799601,0.720030,0.777875,0.846277,0.783977,0.661967,0.830396,0.820706,0.475017,0.806171,0.084169,0.817632,0.446984,0.954580,0.802176,0.760216,0.792294,0.793393,0.588324,0.822415,-0.226122,0.815275,0.782210,0.724977,0.779686,0.940439,0.718451,0.759828,0.560858,0.692177,0.584615,0.685142,0.447383,0.512134,0.498000,0.495754,-0.853880,0.602526
Retrosplenial area lateral agranular part,0.904902,0.940923,0.646316,0.910192,0.726509,0.103965,0.342910,0.795795,0.782465,0.295314,0.556816,0.752909,0.346160,0.732323,-0.032373,0.754894,0.643725,0.317940,0.005205,0.236477,0.760133,0.814795,-0.229840,0.782886,0.667155,0.566451,-0.652703,0.723847,0.902000,0.785430,0.744042,0.953966,0.402227,0.750524,0.810102,0.807678,0.803969,0.658798,0.685284,0.682234,0.724737,0.664151,-0.553618,-0.051526,0.609119,0.712607,0.033881,-0.010303,0.732495,0.660607,0.426692,0.455944,0.390126,0.700578,0.555392,0.882368,0.726063,-0.395564,-0.490296,0.662429,0.979214,-0.011011,0.023473,-0.348940,0.392012,0.328580,0.225521,0.786224,0.732173,0.297272,0.924623,0.439540,-0.553912,-0.013926,0.993274,0.520438,0.931107,0.905050,0.056467,0.581786,-0.518550,0.018652,0.343237,0.583518,0.013645,0.301631,0.469889,0.953659,-0.319516,0.555307,0.938769,0.712470,0.775805,0.253706,0.572151,0.653795,0.795384,0.702991,0.872025,0.806412,-0.406228,0.708574,0.772082,0.607068,0.853745,0.146899,0.865848,0.955610,-0.109923,0.979078,0.823745,0.828587,0.982030,0.591976,-0.349892,0.454399,-0.510352,0.610609,0.548559,0.839265,0.568813,0.656796,0.922797,0.902080,0.180330,0.958219,0.961611,0.931261,0.987400,0.758809,0.417383,0.524844,0.566258,0.897961,0.879897,0.981461,0.903855,0.958995,0.847154,0.544485,0.818954,0.662518,0.654808,0.954104,0.525822,0.789409,0.062691,0.664873,-0.015888,0.999531,0.942043,0.782168,0.908949,0.609606,0.990559,0.789850,0.540247,-0.974142,0.884174,-0.650311,0.310670,0.810039,0.287490,0.584392,-0.544475,0.264351,0.328680,0.905766,0.805268,0.714234,0.795531,0.644165,0.737242,0.583643,-0.046577,0.538730,0.492808,0.938147,0.547160,0.943505,0.772712,0.448130,0.747570,1.000000,0.928786,0.941940,0.632368,0.997377,0.891640,0.755028,0.912125,0.338779,0.889717,0.969144,0.986303,0.769763,0.751727,0.596228,0.859740,0.933546,0.889516,0.996767,0.797625,0.671971,0.813915,0.776272,0.869125,0.879615,0.897231,0.386858,0.704593,0.848245,0.817791,0.686677,0.699063,0.911928,0.736298,0.877767,0.854393,0.398034,0.780067,0.808608,0.661251,0.437742,0.856258,0.809913,0.940151,0.688649,0.669371,-0.042022,0.741009,0.911672,0.866023,0.821046,0.198755,-0.959915,0.831491
Ectorhinal area,0.946239,0.909504,0.468617,0.946863,0.656517,0.260541,0.410513,0.916701,0.928762,0.607169,0.820887,0.918961,0.658540,0.859677,0.294733,0.937984,0.694670,0.646576,0.364746,0.579465,0.886453,0.790530,-0.388385,0.881262,0.703475,0.831125,-0.697781,0.808819,0.994259,0.791173,0.777255,0.965779,0.281255,0.723232,0.800920,0.806319,0.819962,0.763919,0.702483,0.862119,0.759064,0.666872,-0.219782,0.281878,0.622648,0.696328,0.316893,-0.167115,0.854991,0.826839,0.721337,0.739704,0.698309,0.691611,0.466697,0.904077,0.763012,-0.521017,-0.635302,0.551233,0.878492,0.326490,0.381060,0.011797,0.698078,0.586002,-0.099883,0.845643,0.687046,0.280431,0.850443,0.275300,-0.614185,0.290727,0.884328,0.173334,0.880070,0.990744,0.336266,0.839342,-0.344300,0.345522,0.642425,0.682407,0.256988,0.616519,0.729207,0.929324,0.034595,0.807590,0.977284,0.860423,0.826268,0.563357,0.279340,0.560970,0.808420,0.806765,0.710286,0.938363,-0.654500,0.877337,0.546719,0.840450,0.610885,0.483779,0.790646,0.923157,0.250508,0.968136,0.801419,0.832899,0.969812,0.846351,-0.507605,0.699382,-0.158295,0.525265,0.756151,0.897161,0.749022,0.854639,0.865724,0.972754,0.532030,0.953407,0.965177,0.810204,0.902247,0.747580,0.697184,0.424044,0.536418,0.977891,0.897866,0.936076,0.771312,0.795949,0.713405,0.807877,0.921126,0.840903,0.871897,0.952765,0.737597,0.755474,0.197776,0.894306,-0.150749,0.939339,0.870021,0.617137,0.893693,0.738951,0.893570,0.897079,0.804885,-0.988504,0.981097,-0.734901,0.517764,0.811018,0.263402,0.714543,-0.424171,0.538636,0.455089,0.948691,0.913456,0.808304,0.786814,0.880568,0.866050,0.794856,0.317774,0.730219,0.742701,0.921315,0.307596,0.753950,0.741398,0.418798,0.926240,0.928786,1.000000,0.762203,0.675162,0.914937,0.930394,0.832753,0.990757,0.492947,0.953716,0.937441,0.954039,0.904349,0.476623,0.264936,0.970532,0.960809,0.910950,0.935098,0.930814,0.847624,0.855583,0.915288,0.949594,0.769250,0.953202,0.359503,0.876725,0.745186,0.971467,0.862011,0.851135,0.951719,0.740845,0.837745,0.835450,0.036113,0.911037,0.909566,0.818044,0.717341,0.984195,0.881389,0.944145,0.753508,0.807585,0.330979,0.836958,0.749886,0.789980,0.769257,0.470131,-0.939465,0.831195
External cuneate nucleus,0.810648,0.903428,0.620448,0.729777,0.797074,-0.163633,0.118285,0.656774,0.614290,0.051598,0.294710,0.569831,0.082544,0.610862,-0.365438,0.495779,0.424352,0.008010,-0.256255,-0.066937,0.629376,0.821475,0.048383,0.677033,0.660912,0.277301,-0.641883,0.486624,0.734115,0.774287,0.719496,0.862973,0.580277,0.779230,0.804808,0.796011,0.777226,0.585815,0.692103,0.511319,0.704734,0.689464,-0.798598,-0.383690,0.638076,0.742162,-0.111314,0.248626,0.616798,0.516105,0.166852,0.133997,0.114953,0.726907,0.680565,0.820507,0.703162,-0.129683,-0.211003,0.780464,0.921413,-0.346122,-0.307432,-0.638189,0.121730,-0.001254,0.394463,0.722063,0.586782,0.140266,0.823534,0.405577,-0.327567,-0.343935,0.974461,0.768937,0.916222,0.710889,-0.088209,0.317555,-0.491140,-0.185393,0.107224,0.536915,-0.080274,0.049901,0.258663,0.902057,-0.527950,0.321892,0.825609,0.572729,0.724349,0.026123,0.811054,0.760246,0.774255,0.618386,0.844766,0.561807,-0.230174,0.542520,0.804398,0.383867,0.978127,-0.101381,0.897864,0.910663,-0.351697,0.892205,0.825777,0.804604,0.862467,0.328228,-0.066132,0.269485,-0.756469,0.721308,0.386607,0.757001,0.435685,0.470056,0.916993,0.772122,-0.129006,0.883258,0.874319,0.874573,0.920400,0.588200,0.190383,0.427441,0.407270,0.698254,0.702417,0.878712,0.852188,0.963576,0.787849,0.236939,0.693489,0.501336,0.364153,0.878253,0.365196,0.812452,0.076450,0.397157,0.229258,0.931392,0.939217,0.904716,0.871941,0.523987,0.971436,0.670699,0.232015,-0.849045,0.676135,-0.601137,0.207600,0.795437,0.410390,0.504604,-0.695198,0.087339,0.064957,0.809167,0.678374,0.471088,0.794470,0.385294,0.612208,0.405299,-0.308443,0.400273,0.288551,0.888181,0.588834,0.985074,0.618309,0.292469,0.482191,0.941940,0.762203,1.000000,0.628831,0.958174,0.807217,0.682005,0.760498,0.288227,0.776473,0.914368,0.916332,0.624289,0.850096,0.826004,0.699141,0.838690,0.824759,0.920369,0.640825,0.510961,0.758419,0.621785,0.746347,0.933012,0.789711,0.495785,0.535439,0.907724,0.605832,0.520389,0.559015,0.815528,0.552809,0.876154,0.698069,0.623204,0.634830,0.689250,0.528395,0.203720,0.663534,0.724266,0.867593,0.648936,0.556239,-0.337496,0.652816,0.983419,0.898642,0.849292,0.039446,-0.829408,0.810828
Paracentral nucleus,0.872736,0.857256,-0.173551,0.411287,0.953246,-0.486359,-0.392487,0.889901,0.846008,0.639767,0.646253,0.827537,0.604527,0.930903,-0.167200,0.520101,-0.061561,0.408289,0.409371,0.407734,0.913402,0.959109,0.370557,0.934919,0.998951,0.521706,-0.999515,0.114754,0.736834,0.975804,0.987573,0.808334,0.845082,0.975937,0.964793,0.966919,0.968898,0.978930,0.996374,0.867443,0.991788,0.994289,-0.346178,-0.156330,0.995428,0.985528,0.673725,0.560283,0.937221,0.909698,0.640592,0.303826,0.580578,0.989136,0.925265,0.915585,0.991297,0.256097,0.108756,0.915576,0.463116,-0.099715,0.064192,-0.181784,0.597947,-0.028499,-0.425767,0.964631,-0.034664,-0.513384,0.298949,-0.414405,0.167063,-0.237351,0.642544,0.257159,0.865856,0.572854,0.689643,0.635431,0.328231,0.563996,0.679125,0.988544,0.719349,0.621223,0.774841,0.835197,0.241360,0.735131,0.804571,0.911499,0.973287,0.659162,0.538678,0.934278,0.972501,0.968841,0.186066,0.411511,-0.821288,0.872025,0.055665,0.761957,0.550797,0.548312,0.906883,0.832491,0.368127,0.750742,0.955996,0.957678,0.579282,0.635458,0.249563,0.821095,-0.207766,0.937468,0.877882,0.931511,0.919202,0.840705,0.872714,0.827680,0.347756,0.815538,0.797009,0.308247,0.502002,0.034470,0.726030,-0.323627,-0.242747,0.506976,0.296416,0.503640,0.243087,0.455622,0.125136,0.392227,0.898217,0.885215,0.394823,0.822614,0.876040,0.964014,0.810559,0.586540,0.588984,0.633444,0.839805,0.829475,0.897718,0.968842,0.695814,0.918277,0.389333,-0.670279,0.529180,-0.990975,0.875360,0.966169,0.885847,0.970649,-0.889148,0.761661,-0.325887,0.869469,0.902661,0.116219,0.970299,0.639772,0.925823,0.855705,0.364456,0.908190,0.794218,0.860407,-0.253159,0.497665,0.038033,-0.374276,0.456773,0.632368,0.675162,0.628831,1.000000,0.671720,0.893978,0.968216,0.767355,0.924588,0.865709,0.802657,0.743320,0.889973,0.128382,0.334531,0.810847,0.837614,0.908416,0.579998,0.860266,0.884869,0.958264,0.873324,0.870421,0.863460,0.865742,0.924868,0.867338,0.890397,0.700875,0.874840,0.912852,0.863086,0.016044,0.919948,0.193024,-0.092440,0.886745,0.910622,0.924672,0.714802,0.723958,0.942717,0.847801,0.992678,0.946371,0.238748,0.960776,0.748447,0.906115,0.944294,0.755029,-0.454228,0.956074
Lingula (I),0.914420,0.956768,0.611328,0.879019,0.771013,0.031724,0.275024,0.803209,0.783346,0.288210,0.538995,0.751418,0.332358,0.746840,-0.090750,0.723580,0.586880,0.286377,-0.009087,0.208457,0.771328,0.847354,-0.158956,0.798337,0.704928,0.536823,-0.690295,0.672393,0.892526,0.817294,0.775954,0.958522,0.466548,0.789420,0.841379,0.838216,0.832511,0.685744,0.724257,0.687211,0.758194,0.706417,-0.592999,-0.108501,0.653757,0.753421,0.051799,0.062097,0.748240,0.672733,0.413037,0.411894,0.371762,0.741516,0.611790,0.899986,0.759019,-0.328081,-0.426650,0.713756,0.967116,-0.066316,-0.022457,-0.391554,0.375357,0.267455,0.217721,0.809534,0.685075,0.233599,0.897986,0.395494,-0.492567,-0.076661,0.997295,0.556049,0.951134,0.881722,0.074696,0.562200,-0.478126,0.021737,0.338106,0.617365,0.042555,0.292022,0.470128,0.965678,-0.325646,0.547132,0.940300,0.723747,0.801851,0.251493,0.621615,0.704807,0.825250,0.726191,0.851225,0.769066,-0.416514,0.713703,0.755472,0.600362,0.877941,0.138376,0.897385,0.968389,-0.120088,0.979975,0.855142,0.856074,0.967676,0.572135,-0.281616,0.461816,-0.542963,0.663827,0.559776,0.856199,0.586138,0.658635,0.944848,0.903688,0.149624,0.965447,0.965789,0.911551,0.976016,0.711277,0.414032,0.474123,0.509947,0.870076,0.843221,0.965067,0.881848,0.956339,0.818738,0.505047,0.828135,0.670638,0.614494,0.961758,0.537854,0.825502,0.111472,0.639166,0.056375,0.995494,0.961939,0.825148,0.928324,0.635650,0.997825,0.802106,0.500669,-0.964694,0.856832,-0.681782,0.338086,0.840022,0.349768,0.612216,-0.602837,0.275456,0.259463,0.914713,0.814943,0.662299,0.828233,0.623635,0.750766,0.589973,-0.061970,0.555567,0.494511,0.952422,0.520572,0.949356,0.727351,0.388187,0.711753,0.997377,0.914937,0.958174,0.671720,1.000000,0.904318,0.778239,0.906572,0.376039,0.896485,0.978239,0.989027,0.777060,0.749932,0.631289,0.857152,0.939945,0.906045,0.988381,0.800563,0.679792,0.837238,0.781023,0.875424,0.911267,0.904609,0.446227,0.709108,0.883424,0.802322,0.692642,0.710806,0.920323,0.686471,0.904724,0.815451,0.413085,0.786874,0.819771,0.675982,0.432022,0.843795,0.827961,0.950255,0.720396,0.688070,-0.070103,0.761974,0.938098,0.897597,0.855710,0.214187,-0.937127,0.859281
Entorhinal area lateral part,0.998932,0.982022,0.235843,0.775567,0.880231,-0.104983,0.049043,0.974688,0.956130,0.628015,0.771218,0.937530,0.642346,0.958421,0.040425,0.796496,0.387808,0.536529,0.358204,0.492400,0.966550,0.957164,-0.029609,0.978904,0.912046,0.716783,-0.907231,0.537616,0.953062,0.960238,0.952425,0.984957,0.606163,0.924535,0.963579,0.966513,0.972713,0.926969,0.913652,0.919501,0.943092,0.893375,-0.364184,0.036670,0.864783,0.910666,0.471344,0.198436,0.959498,0.920858,0.701720,0.551076,0.655897,0.908195,0.753323,0.997433,0.944805,-0.172855,-0.311271,0.804656,0.783702,0.090906,0.200581,-0.146700,0.664593,0.299626,-0.209566,0.978541,0.413650,-0.074434,0.681739,-0.002661,-0.285291,0.007894,0.876113,0.294713,0.971676,0.872281,0.491583,0.778478,-0.083513,0.427575,0.671142,0.882674,0.463926,0.624186,0.778311,0.982183,0.074469,0.808442,0.985351,0.945697,0.972469,0.610923,0.487042,0.816410,0.967909,0.948641,0.556534,0.753157,-0.757000,0.933104,0.404068,0.845129,0.687677,0.503112,0.941061,0.978549,0.267745,0.962505,0.961990,0.977324,0.880313,0.783377,-0.161935,0.785092,-0.262326,0.794656,0.854414,0.994366,0.875113,0.898630,0.967290,0.987977,0.432467,0.983875,0.980572,0.670038,0.814405,0.478356,0.731151,0.121442,0.217005,0.833362,0.692933,0.828779,0.616501,0.740627,0.523715,0.639705,0.984856,0.915382,0.688726,0.986294,0.841353,0.939757,0.491571,0.793572,0.218481,0.896651,0.956627,0.813032,0.989063,0.902314,0.905552,0.978920,0.636231,-0.931269,0.843056,-0.918721,0.706739,0.968612,0.597445,0.888044,-0.715340,0.652034,0.098187,0.998561,0.981213,0.536361,0.957504,0.809772,0.959602,0.866755,0.306595,0.856147,0.797747,0.988169,0.109344,0.740084,0.479936,0.080593,0.759256,0.891640,0.930394,0.807217,0.893978,0.904318,1.000000,0.969040,0.968238,0.725050,0.995995,0.972672,0.954096,0.964648,0.405400,0.385810,0.971137,0.993348,0.998219,0.868298,0.966710,0.919840,0.984774,0.962464,0.992766,0.913156,0.997152,0.676104,0.929835,0.910148,0.910403,0.923861,0.939898,0.997885,0.462385,0.969986,0.610942,0.042895,0.967843,0.984008,0.924454,0.738114,0.934133,0.987660,0.992287,0.934569,0.931957,0.251958,0.964696,0.854607,0.940430,0.941872,0.607224,-0.802287,0.976333
Central lobule,0.958592,0.923546,-0.010441,0.613031,0.908990,-0.255690,-0.152552,0.975041,0.950176,0.721206,0.785887,0.936484,0.711197,0.988705,0.021522,0.715426,0.182048,0.563345,0.480024,0.544035,0.983924,0.963221,0.128344,0.993817,0.975334,0.696107,-0.975381,0.355525,0.880473,0.980793,0.989664,0.911815,0.701095,0.954017,0.973214,0.977786,0.986408,0.990695,0.969979,0.950589,0.987241,0.954796,-0.273973,0.026607,0.943416,0.954469,0.650060,0.340478,0.991155,0.968795,0.755139,0.507397,0.705190,0.956866,0.824970,0.974091,0.988551,0.006198,-0.143302,0.840806,0.607771,0.083717,0.226796,-0.073418,0.717758,0.206020,-0.402925,0.998416,0.184096,-0.297849,0.480481,-0.249481,-0.079227,-0.035851,0.742425,0.190562,0.917468,0.755693,0.667567,0.782573,0.164854,0.584224,0.759722,0.971080,0.658757,0.710794,0.852245,0.914478,0.249076,0.846208,0.916991,0.977790,0.997299,0.721487,0.443419,0.860861,0.984969,0.996488,0.337481,0.626029,-0.861536,0.957018,0.177877,0.873582,0.565508,0.617870,0.915914,0.909181,0.413191,0.865797,0.964653,0.980209,0.737928,0.784293,0.000301,0.875055,-0.148069,0.853168,0.929381,0.989706,0.953558,0.931158,0.917073,0.938074,0.485605,0.910579,0.901815,0.467067,0.646895,0.260457,0.808957,-0.124219,-0.016640,0.701435,0.508601,0.665300,0.404175,0.565901,0.297474,0.591740,0.979607,0.956920,0.606393,0.916232,0.922816,0.954221,0.690582,0.758828,0.370688,0.760967,0.891393,0.788514,0.951428,0.979200,0.787124,0.987820,0.588832,-0.816205,0.721818,-0.987176,0.851996,0.979092,0.741706,0.972960,-0.779364,0.784537,-0.079078,0.957184,0.981483,0.357939,0.972943,0.795416,0.987160,0.925636,0.432366,0.941214,0.869466,0.932014,-0.130979,0.579729,0.257893,-0.152106,0.663643,0.755028,0.832753,0.682005,0.968216,0.778239,0.969040,1.000000,0.899964,0.872328,0.959395,0.891518,0.852314,0.973416,0.201964,0.279965,0.931321,0.934650,0.970862,0.719426,0.959351,0.958342,0.993909,0.965151,0.964297,0.870952,0.957950,0.800751,0.953869,0.884668,0.856382,0.955344,0.976533,0.952859,0.247120,0.946313,0.405542,-0.116639,0.972529,0.985026,0.975671,0.806907,0.873474,0.995306,0.933205,0.991122,0.985558,0.343968,0.998737,0.770462,0.914992,0.940931,0.757432,-0.633491,0.977721
Perirhinal area,0.978234,0.938917,0.361460,0.894700,0.735348,0.146991,0.287681,0.961078,0.965195,0.660949,0.843531,0.954679,0.698945,0.919705,0.245672,0.916418,0.592031,0.654061,0.412928,0.596953,0.939581,0.855142,-0.278537,0.937167,0.791187,0.829801,-0.786948,0.724845,0.998379,0.860702,0.852627,0.981474,0.388316,0.799885,0.866138,0.871701,0.884982,0.844272,0.788604,0.913749,0.837757,0.756524,-0.230664,0.236958,0.719253,0.779118,0.414559,-0.052912,0.916486,0.890057,0.758552,0.712562,0.728663,0.776181,0.565126,0.948314,0.841250,-0.411667,-0.538386,0.634885,0.836031,0.286029,0.364226,0.000918,0.731477,0.517780,-0.184946,0.909239,0.584010,0.147852,0.783754,0.151692,-0.503993,0.228001,0.873100,0.173523,0.913771,0.965145,0.433966,0.857073,-0.226260,0.422247,0.697704,0.775221,0.368504,0.665856,0.787394,0.952494,0.096982,0.847407,0.992482,0.918182,0.893492,0.626493,0.319737,0.647897,0.875475,0.879351,0.636476,0.893667,-0.730589,0.926991,0.467377,0.879408,0.611516,0.539445,0.842411,0.946143,0.306854,0.971558,0.864107,0.893348,0.941795,0.862921,-0.403394,0.769093,-0.151245,0.618136,0.825963,0.947614,0.825506,0.903618,0.902231,0.994881,0.545678,0.971005,0.978356,0.747612,0.864627,0.651062,0.752229,0.300787,0.417174,0.941709,0.830307,0.896752,0.701444,0.759293,0.629950,0.786138,0.965177,0.898557,0.838845,0.971963,0.809882,0.825125,0.326810,0.893810,-0.032127,0.922158,0.898984,0.672622,0.933673,0.822475,0.891538,0.948386,0.783111,-0.976204,0.949626,-0.820051,0.619623,0.875776,0.386674,0.801779,-0.519769,0.621426,0.342131,0.979863,0.959756,0.725264,0.854987,0.892069,0.924381,0.855597,0.364530,0.808012,0.801943,0.950648,0.203896,0.728915,0.645048,0.291764,0.894489,0.912125,0.990757,0.760498,0.767355,0.906572,0.968238,0.899964,1.000000,0.603647,0.984906,0.953111,0.956635,0.951325,0.416777,0.267708,0.992546,0.983514,0.952929,0.908697,0.968694,0.904118,0.915500,0.958040,0.983286,0.813739,0.983940,0.476527,0.925833,0.798330,0.976211,0.914699,0.910678,0.981113,0.642939,0.887767,0.755213,-0.009405,0.956276,0.957366,0.884560,0.767583,0.989699,0.936923,0.969443,0.835130,0.878245,0.353681,0.903444,0.772757,0.841641,0.832273,0.560876,-0.892349,0.891282
Entorhinal area medial part dorsal zone,0.699167,0.627521,-0.498002,0.188830,0.776624,-0.472169,-0.496920,0.799530,0.770726,0.795444,0.692442,0.771492,0.741260,0.868133,0.022082,0.443992,-0.237912,0.544628,0.661834,0.578003,0.839653,0.782808,0.383308,0.839462,0.908720,0.553250,-0.919075,-0.049294,0.581480,0.828187,0.870403,0.595627,0.728777,0.819501,0.799508,0.807266,0.820952,0.930452,0.888822,0.845549,0.881711,0.884486,-0.007498,0.043733,0.909357,0.848420,0.897018,0.523852,0.872107,0.890471,0.745086,0.360254,0.698780,0.860494,0.788168,0.741455,0.882326,0.329282,0.185629,0.730719,0.142092,0.095608,0.276537,0.124935,0.715970,0.019928,-0.731413,0.847735,-0.293375,-0.665639,-0.005012,-0.689511,0.319987,-0.073987,0.329507,-0.087666,0.628300,0.396833,0.905504,0.668896,0.625661,0.807654,0.816080,0.960759,0.929667,0.774954,0.857700,0.603593,0.575706,0.783314,0.612184,0.865352,0.855130,0.828373,0.237252,0.764884,0.825815,0.904800,-0.164633,0.278336,-0.921888,0.835715,-0.314399,0.785291,0.192506,0.756424,0.679213,0.595171,0.653068,0.511068,0.777760,0.793997,0.321407,0.663849,0.288609,0.904683,0.141628,0.786320,0.915241,0.793969,0.937874,0.834894,0.634808,0.668166,0.534965,0.592273,0.575903,-0.024876,0.191465,-0.205654,0.832796,-0.578727,-0.460613,0.323379,0.061179,0.218856,-0.094620,0.102975,-0.206962,0.417387,0.790237,0.870290,0.358169,0.603388,0.922812,0.790332,0.949730,0.572583,0.570164,0.346686,0.583799,0.566825,0.691507,0.949202,0.395895,0.824328,0.416279,-0.439500,0.362169,-0.934049,0.986398,0.807102,0.867107,0.959532,-0.733107,0.916311,-0.384357,0.696264,0.802971,-0.039258,0.810369,0.641566,0.861897,0.882143,0.631619,0.941921,0.866165,0.640550,-0.591278,0.138074,-0.218077,-0.567655,0.374210,0.338779,0.492947,0.288227,0.924588,0.376039,0.725050,0.872328,0.603647,1.000000,0.709730,0.558689,0.487946,0.815898,-0.258023,-0.017046,0.686873,0.643323,0.731202,0.288071,0.773802,0.865330,0.821519,0.798259,0.731154,0.606318,0.702629,0.876936,0.833829,0.649998,0.604996,0.849556,0.873478,0.685472,-0.209413,0.710820,-0.066252,-0.441599,0.806985,0.806340,0.901052,0.814015,0.602935,0.823519,0.638539,0.912175,0.911215,0.497545,0.879426,0.439526,0.677813,0.748183,0.927769,-0.186293,0.788581
Culmen,0.998074,0.967739,0.250001,0.810531,0.835437,-0.023145,0.118157,0.983974,0.973958,0.669265,0.817748,0.959519,0.689807,0.961849,0.127947,0.846955,0.446305,0.601507,0.410041,0.555493,0.972926,0.928304,-0.110888,0.978526,0.884604,0.773947,-0.880852,0.595278,0.974674,0.935157,0.930142,0.985489,0.537019,0.889468,0.937486,0.941920,0.951775,0.916635,0.883125,0.936976,0.919484,0.858263,-0.294693,0.123559,0.828537,0.874953,0.486223,0.116755,0.961302,0.930395,0.747402,0.622800,0.707126,0.873124,0.695288,0.987135,0.921934,-0.248079,-0.385524,0.749074,0.786955,0.176891,0.280501,-0.070690,0.714073,0.383282,-0.237180,0.966928,0.453318,-0.018413,0.700660,0.020324,-0.348505,0.096928,0.864138,0.227028,0.951494,0.905553,0.505915,0.825962,-0.102454,0.460403,0.709422,0.865243,0.464617,0.668024,0.807906,0.972127,0.117306,0.845078,0.991430,0.954185,0.957405,0.647425,0.413075,0.763075,0.945438,0.941656,0.560549,0.803622,-0.776209,0.949327,0.397085,0.878581,0.642664,0.547833,0.907756,0.966938,0.315597,0.963916,0.934409,0.956143,0.895206,0.830777,-0.241213,0.806671,-0.196746,0.740016,0.868866,0.988461,0.881210,0.920768,0.944617,0.997355,0.498708,0.980231,0.980571,0.677708,0.818742,0.522187,0.765994,0.157574,0.265979,0.870050,0.730670,0.841886,0.624877,0.728612,0.537482,0.705408,0.990610,0.929820,0.750563,0.982633,0.855454,0.906605,0.462937,0.843751,0.139289,0.897185,0.934320,0.759465,0.973274,0.895247,0.891971,0.982379,0.702179,-0.944645,0.881058,-0.902088,0.705856,0.944778,0.540253,0.879387,-0.652081,0.672846,0.174830,0.998388,0.987132,0.595408,0.930138,0.856017,0.964091,0.886084,0.359759,0.863801,0.825092,0.976861,0.108940,0.717544,0.519696,0.132452,0.813227,0.889717,0.953716,0.776473,0.865709,0.896485,0.995995,0.959395,0.984906,0.709730,1.000000,0.964478,0.951586,0.975434,0.379722,0.320597,0.988472,0.993844,0.988888,0.872544,0.981331,0.934281,0.971317,0.976027,0.998908,0.875975,0.999767,0.621499,0.946957,0.870505,0.943745,0.939975,0.948372,0.997885,0.509900,0.944632,0.646602,-0.008478,0.978710,0.987825,0.930642,0.775118,0.962131,0.982135,0.986970,0.915680,0.932615,0.317399,0.958987,0.816613,0.907001,0.908165,0.623631,-0.823735,0.954391
Parafascicular nucleus,0.976756,0.994619,0.438659,0.839761,0.853343,-0.055112,0.153490,0.902800,0.880935,0.449901,0.652631,0.853710,0.478936,0.866188,-0.051258,0.762778,0.488311,0.398257,0.156494,0.335508,0.882508,0.927646,-0.078761,0.904718,0.829033,0.622214,-0.818580,0.607335,0.936929,0.912084,0.885426,0.993201,0.562955,0.882309,0.926867,0.926220,0.925254,0.821663,0.840954,0.811698,0.871706,0.822690,-0.512792,-0.062431,0.780847,0.856439,0.253693,0.150859,0.867878,0.806638,0.551530,0.470826,0.505676,0.848697,0.709615,0.970710,0.872794,-0.240688,-0.361185,0.788605,0.899002,-0.013175,0.065320,-0.300586,0.512287,0.267869,0.021474,0.913407,0.558296,0.074466,0.808280,0.204579,-0.386635,-0.059959,0.964101,0.458682,0.988067,0.888785,0.275959,0.668350,-0.291863,0.211673,0.498398,0.765273,0.248755,0.449414,0.623546,0.998387,-0.149006,0.677662,0.982219,0.846328,0.907217,0.423125,0.589146,0.788969,0.919416,0.853027,0.726021,0.766005,-0.587107,0.832834,0.603244,0.724860,0.816787,0.307904,0.947720,0.998464,0.053986,0.993518,0.933841,0.940179,0.943421,0.676079,-0.209451,0.624450,-0.435350,0.756757,0.712513,0.944648,0.738854,0.785032,0.983200,0.963053,0.273989,0.997449,0.995090,0.812715,0.918457,0.602804,0.569181,0.303813,0.366295,0.862706,0.779604,0.917360,0.770534,0.876137,0.690136,0.565445,0.922006,0.801593,0.648929,0.996657,0.694499,0.908558,0.306627,0.716228,0.156931,0.969950,0.987060,0.851813,0.983207,0.781988,0.979145,0.905763,0.561345,-0.967051,0.860004,-0.817131,0.525752,0.928016,0.493124,0.762892,-0.687642,0.460006,0.167189,0.976557,0.913124,0.600965,0.917192,0.716815,0.868595,0.733450,0.102683,0.712843,0.646650,0.994527,0.332126,0.874825,0.613220,0.233869,0.737395,0.969144,0.937441,0.914368,0.802657,0.978239,0.972672,0.891518,0.953111,0.558689,0.964478,1.000000,0.995268,0.883522,0.605706,0.542741,0.927894,0.987354,0.974090,0.951371,0.896131,0.808667,0.931751,0.883870,0.951082,0.942541,0.969748,0.582452,0.828550,0.926797,0.864839,0.817080,0.836575,0.979187,0.580795,0.963717,0.725300,0.255215,0.890314,0.917609,0.810986,0.581654,0.899978,0.926163,0.993843,0.846108,0.822530,0.068556,0.879685,0.928574,0.947558,0.925905,0.406484,-0.887353,0.941607
Pontine gray,0.962564,0.979847,0.513770,0.885617,0.800104,0.032740,0.246552,0.881856,0.866512,0.425392,0.650673,0.840300,0.464412,0.833790,-0.004246,0.790982,0.568689,0.407657,0.135474,0.337646,0.855226,0.886975,-0.165033,0.874589,0.772934,0.637493,-0.761651,0.676267,0.944543,0.868782,0.838642,0.989952,0.485067,0.832406,0.886287,0.885795,0.885704,0.773322,0.785423,0.786867,0.822437,0.763928,-0.496947,-0.018298,0.717081,0.802258,0.194663,0.063273,0.834252,0.772841,0.539264,0.504406,0.498531,0.793421,0.640312,0.946854,0.823958,-0.326681,-0.439762,0.729877,0.933348,0.028243,0.090864,-0.282126,0.502900,0.328838,0.071962,0.876353,0.636078,0.170992,0.860508,0.290323,-0.472052,-0.003866,0.975916,0.449727,0.969420,0.917431,0.216962,0.669859,-0.373877,0.169131,0.472724,0.707195,0.178184,0.428245,0.595307,0.988445,-0.182952,0.662973,0.980200,0.816163,0.867154,0.391515,0.553871,0.728515,0.878233,0.810540,0.779665,0.809250,-0.545153,0.809210,0.657684,0.710489,0.814033,0.281807,0.914741,0.988366,0.026251,0.998396,0.894688,0.903658,0.970756,0.678380,-0.292609,0.587315,-0.431308,0.691990,0.674657,0.917355,0.695366,0.762565,0.962257,0.956987,0.278754,0.992254,0.993394,0.860320,0.949986,0.677398,0.543538,0.392343,0.454926,0.898649,0.835534,0.951541,0.822698,0.903850,0.751523,0.595102,0.900779,0.772243,0.685821,0.990415,0.654850,0.863723,0.219884,0.730380,0.066957,0.987888,0.971106,0.812167,0.961229,0.731894,0.984809,0.879306,0.591040,-0.984075,0.893102,-0.764528,0.463082,0.888143,0.406348,0.709974,-0.619100,0.413108,0.255268,0.963019,0.890406,0.669491,0.874401,0.722484,0.837503,0.702492,0.082453,0.668601,0.617487,0.980335,0.401678,0.893118,0.687055,0.327156,0.772659,0.986303,0.954039,0.916332,0.743320,0.989027,0.954096,0.852314,0.956635,0.487946,0.951586,0.995268,1.000000,0.861022,0.644192,0.533127,0.923069,0.979507,0.951895,0.975826,0.880305,0.780120,0.896886,0.864607,0.936851,0.913563,0.956939,0.500807,0.805410,0.891655,0.873630,0.791357,0.805183,0.966852,0.656791,0.933389,0.788719,0.277427,0.869003,0.893575,0.774484,0.559599,0.907571,0.895511,0.983327,0.795596,0.782437,0.065884,0.841569,0.913393,0.914623,0.885399,0.353272,-0.927866,0.905196
Declive (VI),0.963186,0.897560,0.057649,0.721725,0.796219,-0.034552,0.044339,0.999078,0.996024,0.810894,0.899253,0.991873,0.819425,0.994317,0.239158,0.851307,0.353852,0.720110,0.591541,0.692785,0.998520,0.892741,-0.092567,0.992163,0.900613,0.840270,-0.902614,0.522301,0.944540,0.917662,0.931163,0.924203,0.519272,0.865108,0.909062,0.917106,0.934390,0.957970,0.888612,0.990558,0.924546,0.861455,-0.115785,0.241499,0.844946,0.862034,0.663291,0.121009,0.992596,0.987004,0.861141,0.690201,0.825314,0.865352,0.673754,0.953213,0.927723,-0.202849,-0.348657,0.700438,0.640353,0.296073,0.419918,0.103339,0.833078,0.424504,-0.445143,0.968493,0.312857,-0.130365,0.554822,-0.159941,-0.262529,0.188788,0.732050,0.038589,0.876405,0.854200,0.679845,0.899711,0.084934,0.644456,0.842786,0.917555,0.634956,0.807716,0.916071,0.900117,0.331036,0.932219,0.942369,0.995577,0.958223,0.797157,0.268151,0.724918,0.928728,0.974149,0.377418,0.768036,-0.895715,0.994888,0.191547,0.953065,0.472167,0.713033,0.838674,0.891219,0.511631,0.883472,0.897779,0.929050,0.794741,0.901657,-0.216439,0.917046,-0.002578,0.712106,0.955960,0.977114,0.959169,0.982364,0.869349,0.969087,0.641810,0.912724,0.913641,0.513976,0.681051,0.397967,0.885096,-0.002371,0.135278,0.810338,0.626921,0.720484,0.454003,0.560751,0.362291,0.760437,0.995730,0.988023,0.770260,0.917905,0.947644,0.872047,0.594205,0.887809,0.155998,0.781623,0.846565,0.661237,0.918961,0.952706,0.770797,0.996399,0.758052,-0.865697,0.832531,-0.938332,0.831284,0.920385,0.582630,0.941468,-0.616282,0.818771,0.133118,0.963601,0.997268,0.527625,0.904880,0.912022,0.995746,0.966368,0.546544,0.949736,0.928084,0.913038,-0.099633,0.546792,0.385958,0.006597,0.810053,0.769763,0.904349,0.624289,0.889973,0.777060,0.964648,0.973416,0.951325,0.815898,0.975434,0.883522,0.861022,1.000000,0.166652,0.134413,0.980511,0.945023,0.952899,0.750932,0.997519,0.989863,0.960901,0.999367,0.984494,0.786437,0.970924,0.650760,0.993930,0.791858,0.946730,0.991922,0.993668,0.960190,0.393309,0.888448,0.521474,-0.221439,0.999859,0.995549,0.985217,0.889575,0.951608,0.981991,0.929347,0.938349,0.981204,0.492764,0.981405,0.689492,0.837484,0.859460,0.778411,-0.709847,0.924892
Folium-tuber vermis (VII),0.421713,0.559516,0.886246,0.607007,0.384785,0.061603,0.361531,0.208683,0.178522,-0.405630,-0.109082,0.132007,-0.347656,0.127700,-0.414499,0.226448,0.528019,-0.321080,-0.643068,-0.413282,0.160549,0.398660,-0.127565,0.211072,0.168713,-0.054297,-0.143587,0.486321,0.400566,0.324981,0.245910,0.530321,0.206048,0.339086,0.371636,0.357937,0.330078,0.074433,0.212101,0.034879,0.225557,0.213882,-0.821504,-0.444338,0.149497,0.286511,-0.612268,-0.005568,0.132132,0.018350,-0.265049,-0.096892,-0.293610,0.264379,0.268243,0.412348,0.223328,-0.277702,-0.279836,0.398319,0.837530,-0.435158,-0.493794,-0.737733,-0.295578,-0.049031,0.808402,0.256279,0.728614,0.482257,0.814351,0.774098,-0.474868,-0.340753,0.793641,0.843682,0.574418,0.474187,-0.593705,-0.073767,-0.825837,-0.644610,-0.360327,0.012149,-0.593138,-0.397152,-0.228699,0.569494,-0.862090,-0.127804,0.481546,0.089044,0.255994,-0.447071,0.709114,0.358352,0.325110,0.119540,0.930111,0.383578,0.287909,0.071918,0.977386,-0.065793,0.887405,-0.537932,0.533822,0.583392,-0.731500,0.605690,0.405166,0.372313,0.674794,-0.060319,-0.190209,-0.240321,-0.860116,0.308333,-0.126405,0.318218,-0.086357,-0.002375,0.572690,0.395959,-0.452717,0.554203,0.552733,0.881073,0.808805,0.679798,-0.285245,0.728964,0.638068,0.500631,0.648976,0.748332,0.896955,0.907802,0.892510,-0.023277,0.251917,0.012625,0.137748,0.543096,-0.151744,0.387413,-0.435278,0.057438,-0.051496,0.735783,0.622798,0.611560,0.493528,0.001096,0.754708,0.211428,-0.027676,-0.596944,0.456632,-0.090473,-0.337139,0.357123,-0.044666,-0.023201,-0.315487,-0.427743,0.243024,0.421539,0.229770,0.464707,0.355911,0.009298,0.132015,-0.091680,-0.678939,-0.124529,-0.202623,0.535839,0.912637,0.914470,0.718418,0.581561,0.249876,0.751727,0.476623,0.850096,0.128382,0.749932,0.405400,0.201964,0.416777,-0.258023,0.379722,0.605706,0.644192,0.166652,1.000000,0.860449,0.309480,0.479846,0.421814,0.755514,0.204653,0.024943,0.307751,0.172669,0.336969,0.610737,0.397431,0.033794,0.065513,0.562544,0.254714,0.042296,0.070914,0.433749,0.645017,0.491273,0.715865,0.886688,0.182029,0.239664,0.026220,-0.262556,0.315650,0.269157,0.513817,0.151122,0.050767,-0.639292,0.167257,0.753301,0.535423,0.447589,-0.479809,-0.713543,0.381832
Posterior hypothalamic nucleus,0.377965,0.548769,0.532045,0.269366,0.603675,-0.454540,-0.163700,0.172457,0.099760,-0.461135,-0.280555,0.042128,-0.457843,0.151445,-0.794922,-0.076369,0.041616,-0.553637,-0.707721,-0.608296,0.156705,0.525186,0.394844,0.231887,0.358319,-0.311882,-0.334698,0.032039,0.226074,0.453527,0.383105,0.441360,0.603798,0.519150,0.491172,0.473316,0.433448,0.194666,0.405934,0.002130,0.376479,0.432560,-0.997345,-0.811532,0.393504,0.486449,-0.457187,0.499620,0.164169,0.038340,-0.386474,-0.441912,-0.442737,0.467554,0.592738,0.427651,0.370755,0.245184,0.225546,0.670103,0.613369,-0.795123,-0.788590,-0.960319,-0.432884,-0.503291,0.688079,0.328984,0.290540,-0.015908,0.495512,0.382856,0.031318,-0.757324,0.682725,0.995259,0.592905,0.198935,-0.439651,-0.261869,-0.449377,-0.589525,-0.409189,0.191053,-0.360668,-0.471166,-0.259565,0.530352,-0.826753,-0.230972,0.375673,0.094269,0.348767,-0.462267,0.959527,0.630967,0.438791,0.206986,0.650592,0.025205,0.239493,0.035664,0.734016,-0.167116,0.925142,-0.581811,0.640906,0.548596,-0.751527,0.484720,0.522381,0.463660,0.443597,-0.251899,0.329004,-0.219106,-0.990874,0.603190,-0.094034,0.338064,-0.015621,-0.052474,0.606160,0.298839,-0.658868,0.482125,0.459179,0.606138,0.590399,0.238836,-0.332956,0.285552,0.156772,0.192891,0.273638,0.498957,0.607796,0.747437,0.564434,-0.348731,0.223391,0.004868,-0.213238,0.474985,-0.110131,0.541584,-0.077885,-0.188437,0.455793,0.571364,0.636672,0.802044,0.514046,0.123795,0.668775,0.209319,-0.353456,-0.404922,0.156409,-0.242132,-0.157623,0.468451,0.363640,0.115648,-0.652105,-0.352331,-0.283606,0.373738,0.207212,0.009183,0.487630,-0.195921,0.148142,-0.098600,-0.744323,-0.052205,-0.226933,0.515734,0.624962,0.814429,0.289105,0.089429,-0.084861,0.596228,0.264936,0.826004,0.334531,0.631289,0.385810,0.279965,0.267708,-0.017046,0.320597,0.542741,0.533127,0.134413,0.860449,1.000000,0.191969,0.408444,0.428328,0.560002,0.137321,0.013525,0.375067,0.121758,0.278900,0.713081,0.340853,0.408011,0.025722,0.695091,0.054586,0.015591,0.081663,0.380845,0.192149,0.567675,0.323530,0.904550,0.144552,0.226602,0.063853,-0.329950,0.129404,0.302264,0.465705,0.297689,0.113886,-0.795590,0.232877,0.808370,0.642663,0.585474,-0.365127,-0.423639,0.474482
Pyramus (VIII),0.977743,0.922723,0.246839,0.843402,0.747821,0.104903,0.216978,0.985488,0.989873,0.740181,0.887962,0.983370,0.768847,0.956423,0.276517,0.914215,0.521344,0.708245,0.506051,0.662062,0.971205,0.864814,-0.235256,0.964724,0.829828,0.859871,-0.828458,0.668955,0.990650,0.879561,0.881121,0.964561,0.417945,0.818047,0.879025,0.886166,0.902469,0.891199,0.822322,0.956447,0.868991,0.790350,-0.160532,0.271958,0.760776,0.804022,0.522334,-0.013263,0.953193,0.937797,0.820978,0.734071,0.790554,0.803813,0.590911,0.952202,0.872648,-0.357799,-0.492587,0.644693,0.763678,0.323201,0.417975,0.069820,0.794733,0.514014,-0.300600,0.934233,0.493157,0.057525,0.703465,0.035900,-0.433184,0.246166,0.817334,0.095658,0.896873,0.938553,0.540511,0.896682,-0.109613,0.525980,0.774119,0.830636,0.477930,0.742818,0.854587,0.933502,0.207178,0.899923,0.980536,0.957858,0.919328,0.712101,0.273912,0.663207,0.893889,0.920125,0.537763,0.867035,-0.808277,0.965734,0.356897,0.926475,0.542790,0.628709,0.833789,0.925523,0.408388,0.942537,0.872724,0.905294,0.893850,0.900968,-0.359735,0.840984,-0.068503,0.639595,0.888382,0.962979,0.886341,0.948738,0.886153,0.993918,0.611750,0.952097,0.958242,0.661106,0.797700,0.569381,0.822810,0.194096,0.324409,0.908025,0.767429,0.836157,0.609377,0.679751,0.531308,0.804546,0.985331,0.945136,0.838941,0.954751,0.875194,0.836791,0.425647,0.915098,0.014259,0.871465,0.875177,0.652506,0.927593,0.877102,0.843448,0.974610,0.801848,-0.942583,0.922201,-0.866371,0.707984,0.890223,0.446754,0.859498,-0.538509,0.711979,0.288287,0.979145,0.982732,0.671852,0.870140,0.922328,0.960212,0.912259,0.459213,0.872547,0.867383,0.937116,0.083122,0.651935,0.559437,0.197988,0.885680,0.859740,0.970532,0.699141,0.810847,0.857152,0.971137,0.931321,0.992546,0.686873,0.988472,0.927894,0.923069,0.980511,0.309480,0.191969,1.000000,0.974139,0.955219,0.852363,0.991416,0.949237,0.934296,0.985330,0.991910,0.794068,0.985569,0.529370,0.964977,0.786029,0.982414,0.957072,0.952550,0.978595,0.563947,0.884096,0.678941,-0.113356,0.983476,0.979828,0.932532,0.834681,0.990573,0.958612,0.957215,0.874669,0.925082,0.435552,0.938070,0.730078,0.832800,0.835857,0.657562,-0.832273,0.902098
Uvula (IX),0.997156,0.985160,0.341975,0.840045,0.839855,-0.017272,0.152820,0.958164,0.944806,0.585591,0.761519,0.925450,0.611766,0.927744,0.069400,0.828937,0.484302,0.530572,0.311090,0.476025,0.942061,0.929112,-0.117760,0.953588,0.860304,0.726119,-0.853727,0.620739,0.971722,0.926749,0.912514,0.998063,0.536250,0.885389,0.934529,0.937063,0.942989,0.878958,0.864150,0.892674,0.900027,0.840917,-0.379377,0.061715,0.805104,0.865395,0.388219,0.112745,0.927804,0.884722,0.676281,0.577173,0.634495,0.861011,0.693458,0.985967,0.902063,-0.265956,-0.396662,0.759858,0.846055,0.113440,0.204989,-0.157086,0.640909,0.355194,-0.128212,0.948309,0.515372,0.037980,0.760917,0.110439,-0.385040,0.048673,0.914571,0.317745,0.971703,0.914499,0.409125,0.773475,-0.194643,0.359304,0.629169,0.823027,0.370442,0.585336,0.738523,0.990373,0.007604,0.785547,0.997733,0.915721,0.939349,0.560100,0.478512,0.768327,0.936436,0.907948,0.642185,0.806470,-0.701750,0.908831,0.493038,0.824801,0.716604,0.454548,0.925802,0.987149,0.211102,0.986511,0.935637,0.952156,0.929083,0.779643,-0.248925,0.736228,-0.290894,0.740551,0.808996,0.975911,0.825731,0.872722,0.965053,0.993089,0.417360,0.996042,0.996074,0.747418,0.872773,0.574793,0.691872,0.234896,0.326560,0.883840,0.769158,0.887275,0.699150,0.799524,0.615520,0.664491,0.969707,0.883339,0.726577,0.997004,0.793272,0.907325,0.388527,0.805843,0.128595,0.938660,0.961218,0.794966,0.982627,0.849853,0.936412,0.957163,0.660897,-0.966803,0.889020,-0.867261,0.629792,0.939653,0.509175,0.831971,-0.658235,0.587019,0.192288,0.997412,0.963772,0.618252,0.925731,0.811894,0.930350,0.829300,0.259076,0.804630,0.757998,0.990910,0.211722,0.790151,0.577144,0.193057,0.799601,0.933546,0.960809,0.838690,0.837614,0.939945,0.993348,0.934650,0.983514,0.643323,0.993844,0.987354,0.979507,0.945023,0.479846,0.408444,0.974139,1.000000,0.988724,0.917502,0.955007,0.889034,0.958643,0.946211,0.987664,0.904899,0.995770,0.595499,0.905793,0.894067,0.924685,0.896444,0.908053,0.998379,0.558887,0.955488,0.697394,0.098857,0.949954,0.965671,0.885997,0.703155,0.949535,0.964072,0.997696,0.887430,0.890960,0.223194,0.930017,0.865520,0.925279,0.915966,0.534279,-0.865654,0.951648
Piriform area,0.995094,0.987364,0.226539,0.749368,0.906058,-0.158615,0.003501,0.963944,0.939773,0.596946,0.736354,0.918442,0.607170,0.951526,-0.018382,0.759379,0.347841,0.490310,0.321130,0.447521,0.957707,0.972063,0.024233,0.974548,0.925904,0.675220,-0.920372,0.497392,0.934529,0.972512,0.962771,0.980421,0.649249,0.943627,0.976574,0.978479,0.982186,0.929278,0.929609,0.903357,0.954334,0.912475,-0.409591,-0.021742,0.884686,0.930181,0.458245,0.251574,0.953680,0.909946,0.667543,0.500632,0.618233,0.927266,0.788397,0.999845,0.955546,-0.122522,-0.260891,0.838032,0.778810,0.032835,0.145896,-0.197400,0.628042,0.242602,-0.189060,0.981697,0.386320,-0.110507,0.666940,-0.016780,-0.242636,-0.051648,0.880789,0.339303,0.981000,0.846529,0.478773,0.742994,-0.071717,0.402752,0.641890,0.889820,0.460296,0.591433,0.754465,0.984736,0.044472,0.779922,0.977067,0.935456,0.977944,0.583028,0.534640,0.848180,0.978415,0.948685,0.552408,0.716478,-0.740061,0.917775,0.408064,0.818624,0.715331,0.470180,0.959180,0.982170,0.233641,0.957607,0.976026,0.986995,0.866990,0.747944,-0.108845,0.766509,-0.305707,0.827330,0.840370,0.993748,0.866561,0.879447,0.978286,0.977372,0.385746,0.982148,0.976443,0.662850,0.808600,0.447874,0.703984,0.097922,0.184365,0.805579,0.665370,0.817003,0.609136,0.746171,0.513236,0.592913,0.976463,0.901240,0.644480,0.984550,0.827572,0.957572,0.507465,0.756415,0.269804,0.892850,0.967505,0.845334,0.995274,0.902477,0.911090,0.972021,0.589287,-0.918585,0.814291,-0.925269,0.703301,0.980064,0.632295,0.889297,-0.754135,0.634361,0.047239,0.994270,0.972697,0.495195,0.971350,0.775072,0.952004,0.849467,0.268851,0.846604,0.775333,0.991473,0.110364,0.752617,0.452199,0.046644,0.720030,0.889516,0.910950,0.824759,0.908416,0.906045,0.998219,0.970862,0.952929,0.731202,0.988888,0.974090,0.951895,0.952899,0.421814,0.428328,0.955219,0.988724,1.000000,0.862208,0.952464,0.905692,0.989195,0.948895,0.984197,0.934093,0.990986,0.708958,0.913917,0.932664,0.884100,0.908608,0.929670,0.993500,0.429491,0.982629,0.585263,0.077997,0.956048,0.976886,0.915754,0.709510,0.911342,0.986754,0.991568,0.942619,0.926922,0.206406,0.963881,0.876580,0.958636,0.960130,0.592621,-0.785065,0.986526
Nodulus (X),0.885055,0.915515,0.686832,0.937845,0.670619,0.182724,0.417177,0.777005,0.770663,0.292085,0.565273,0.743544,0.350295,0.705602,0.026429,0.779765,0.703100,0.342533,0.011391,0.257206,0.737079,0.770758,-0.305911,0.755494,0.616521,0.588567,-0.602148,0.775286,0.902829,0.741580,0.699685,0.940347,0.327435,0.699730,0.767161,0.765391,0.763537,0.618854,0.633656,0.665524,0.678708,0.609283,-0.512789,0.005621,0.551633,0.659576,0.004519,-0.090023,0.704481,0.636144,0.430496,0.495234,0.399331,0.647290,0.487616,0.853841,0.680532,-0.467248,-0.556150,0.600319,0.988049,0.043734,0.066423,-0.306833,0.399271,0.389589,0.242157,0.750778,0.782239,0.369461,0.950084,0.491945,-0.619010,0.050449,0.983451,0.484661,0.901477,0.922185,0.026648,0.592282,-0.566366,0.005427,0.337676,0.536344,-0.027204,0.301180,0.458168,0.932396,-0.319968,0.552881,0.928027,0.689092,0.737516,0.245190,0.518230,0.591592,0.753567,0.667081,0.893661,0.839363,-0.383655,0.691789,0.791517,0.603047,0.825464,0.145838,0.824053,0.933679,-0.107609,0.970171,0.780932,0.789516,0.990905,0.602773,-0.421944,0.434861,-0.478299,0.545980,0.524891,0.810847,0.538654,0.643433,0.891052,0.890624,0.204404,0.941933,0.948608,0.949956,0.994885,0.808174,0.409691,0.582476,0.628000,0.920632,0.914757,0.993678,0.925787,0.958805,0.877060,0.578251,0.798456,0.642353,0.690016,0.937255,0.501274,0.741748,0.001419,0.682620,-0.096037,0.997630,0.913081,0.730345,0.879226,0.570422,0.976631,0.765866,0.574175,-0.976597,0.905835,-0.605762,0.270130,0.768313,0.213229,0.543320,-0.475417,0.241254,0.402915,0.886532,0.784134,0.766051,0.751037,0.655853,0.711594,0.565272,-0.038813,0.509063,0.479464,0.914168,0.580510,0.934302,0.820015,0.515074,0.777875,0.996767,0.935098,0.920369,0.579998,0.988381,0.868298,0.719426,0.908697,0.288071,0.872544,0.951371,0.975826,0.750932,0.755514,0.560002,0.852363,0.917502,0.862208,1.000000,0.783679,0.652154,0.778736,0.760224,0.852194,0.838590,0.879519,0.315250,0.688459,0.803161,0.824528,0.668910,0.675135,0.893377,0.788068,0.840189,0.893177,0.387664,0.761824,0.785921,0.634020,0.432645,0.859918,0.780049,0.920410,0.644030,0.637989,-0.019767,0.707612,0.877957,0.824208,0.775303,0.171249,-0.979039,0.792177
Paragigantocellular reticular nucleus dorsal part,0.968429,0.902926,0.118771,0.767617,0.772053,0.026657,0.112882,0.998059,0.999218,0.799484,0.907302,0.995289,0.815592,0.984530,0.270725,0.882886,0.418725,0.731994,0.577795,0.698447,0.992642,0.878556,-0.154769,0.984704,0.873655,0.860122,-0.874869,0.580786,0.964520,0.901251,0.911751,0.937611,0.473103,0.843633,0.894877,0.902995,0.920827,0.936188,0.862314,0.985117,0.903140,0.832614,-0.113784,0.270815,0.811837,0.837061,0.624258,0.061509,0.981976,0.975139,0.860131,0.720630,0.827180,0.839450,0.635920,0.951540,0.906635,-0.267536,-0.409903,0.671475,0.679455,0.324221,0.437926,0.110479,0.833458,0.471327,-0.407684,0.956371,0.377323,-0.060315,0.605140,-0.095001,-0.329348,0.226768,0.756152,0.040688,0.878973,0.888431,0.641200,0.910504,0.021233,0.616357,0.831359,0.887957,0.587754,0.798669,0.904941,0.908961,0.303247,0.931631,0.956387,0.986995,0.943888,0.780268,0.253370,0.694667,0.913919,0.957042,0.427742,0.810566,-0.874267,0.990683,0.240710,0.953518,0.484009,0.698151,0.830468,0.899981,0.491470,0.902758,0.884768,0.917923,0.829244,0.913148,-0.278498,0.899637,-0.007826,0.678243,0.939564,0.972452,0.939271,0.978123,0.870223,0.979805,0.648338,0.924869,0.928214,0.561231,0.718400,0.460750,0.874882,0.065911,0.204377,0.849378,0.679103,0.759569,0.503878,0.594978,0.417469,0.789641,0.994880,0.979206,0.806108,0.929279,0.929670,0.854624,0.536768,0.908472,0.094816,0.810014,0.851109,0.647066,0.918952,0.928960,0.790712,0.991545,0.787214,-0.893133,0.869441,-0.913511,0.794237,0.906687,0.528681,0.915403,-0.578752,0.791691,0.198122,0.969302,0.995192,0.585688,0.888964,0.926623,0.986923,0.955210,0.532492,0.928850,0.916694,0.918765,-0.043950,0.574375,0.448435,0.076912,0.846277,0.797625,0.930814,0.640825,0.860266,0.800563,0.966710,0.959351,0.968694,0.773802,0.981331,0.896131,0.880305,0.997519,0.204653,0.137321,0.991416,0.955007,0.952464,0.783679,1.000000,0.981740,0.950692,0.999183,0.989167,0.781122,0.976991,0.601897,0.989990,0.781874,0.966192,0.985947,0.984042,0.966802,0.456688,0.882264,0.578261,-0.200301,0.998346,0.992631,0.971526,0.882117,0.970862,0.974593,0.937612,0.915546,0.965200,0.490657,0.967864,0.693969,0.829310,0.845460,0.745990,-0.752883,0.913882
Prelimbic area,0.915910,0.829760,-0.070231,0.643196,0.753100,-0.046193,-0.009255,0.982883,0.983920,0.880086,0.926627,0.986331,0.880176,0.989939,0.300207,0.829308,0.280864,0.775117,0.691689,0.760803,0.989366,0.848559,-0.073207,0.975786,0.889799,0.858579,-0.895437,0.457779,0.899448,0.884401,0.909467,0.860607,0.498739,0.829325,0.868950,0.879052,0.900517,0.961160,0.871428,0.999183,0.905738,0.843750,-0.000386,0.306919,0.836359,0.833838,0.761012,0.125768,0.987596,0.998188,0.910576,0.712138,0.878221,0.840390,0.646120,0.907408,0.909264,-0.163491,-0.311100,0.654286,0.528147,0.360968,0.495238,0.209562,0.886429,0.435390,-0.567798,0.945539,0.210752,-0.203578,0.444324,-0.274932,-0.195803,0.238398,0.627923,-0.081173,0.806306,0.796841,0.775129,0.921953,0.206234,0.746101,0.905955,0.929378,0.729888,0.875565,0.961466,0.830794,0.459420,0.963044,0.885944,0.996676,0.935257,0.872283,0.171324,0.684841,0.895535,0.970948,0.248031,0.722097,-0.949674,0.998247,0.052959,0.975296,0.351651,0.799889,0.774270,0.819799,0.623551,0.808358,0.852692,0.888992,0.707986,0.921981,-0.189833,0.964355,0.120135,0.679123,0.987525,0.945160,0.985209,0.996139,0.799467,0.925346,0.714724,0.845620,0.846663,0.393541,0.573557,0.304033,0.938092,-0.108934,0.043492,0.748431,0.540886,0.622070,0.330392,0.437650,0.237866,0.772882,0.973324,0.999917,0.759636,0.852484,0.982769,0.829315,0.666496,0.890810,0.167839,0.686242,0.769092,0.583595,0.861061,0.966350,0.672905,0.979928,0.771093,-0.791269,0.777276,-0.939091,0.891998,0.882475,0.598978,0.958512,-0.581129,0.891833,0.097746,0.916337,0.978086,0.466271,0.867020,0.922446,0.990735,0.992922,0.651208,0.981126,0.969936,0.848806,-0.233185,0.422812,0.286371,-0.078924,0.783977,0.671971,0.847624,0.510961,0.884869,0.679792,0.919840,0.958342,0.904118,0.865330,0.934281,0.808667,0.780120,0.989863,0.024943,0.013525,0.949237,0.889034,0.905692,0.652154,0.981740,1.000000,0.930436,0.988274,0.949602,0.710256,0.927180,0.656650,0.998177,0.722800,0.922467,0.999530,0.997366,0.911105,0.304244,0.830700,0.424304,-0.351587,0.987492,0.974967,0.995327,0.939292,0.918738,0.957199,0.868374,0.930387,0.987853,0.590585,0.971364,0.591307,0.772835,0.807850,0.858556,-0.616092,0.883417
Edinger-Westphal nucleus,0.975861,0.958892,0.082717,0.654385,0.931086,-0.255220,-0.120766,0.967246,0.938445,0.649536,0.743293,0.919463,0.645012,0.972785,-0.038257,0.710296,0.223657,0.501437,0.388167,0.473104,0.971181,0.982553,0.124438,0.987340,0.969369,0.660263,-0.966537,0.387693,0.894014,0.991061,0.990709,0.941896,0.714166,0.968255,0.988887,0.991602,0.996367,0.971292,0.969347,0.923472,0.986392,0.955567,-0.365782,-0.036422,0.937794,0.963154,0.562685,0.343509,0.975911,0.940692,0.696835,0.470094,0.644359,0.962995,0.839226,0.991475,0.987301,-0.011259,-0.156755,0.868162,0.679341,0.020146,0.153732,-0.163211,0.656638,0.180726,-0.299617,0.998536,0.250340,-0.246635,0.550687,-0.162818,-0.117360,-0.086273,0.807864,0.286904,0.955578,0.778866,0.581762,0.743712,0.074445,0.492312,0.692283,0.946747,0.575550,0.639909,0.797677,0.950457,0.141981,0.801482,0.940753,0.957193,0.997998,0.646149,0.518918,0.882959,0.994692,0.981202,0.426817,0.640408,-0.802068,0.933900,0.278820,0.835245,0.651739,0.534444,0.951900,0.947068,0.314463,0.905181,0.984428,0.994929,0.786244,0.746840,-0.006905,0.819907,-0.247074,0.870336,0.886064,0.995783,0.915228,0.899831,0.955426,0.951470,0.411629,0.943959,0.934686,0.546714,0.714048,0.318516,0.748711,-0.048283,0.044224,0.728474,0.557071,0.723950,0.487260,0.648802,0.382318,0.560871,0.976912,0.927733,0.593039,0.948255,0.877028,0.973326,0.628296,0.734311,0.367481,0.817556,0.935823,0.839981,0.979116,0.951710,0.847334,0.980917,0.557535,-0.854109,0.743311,-0.970652,0.790874,0.992656,0.724651,0.943309,-0.800910,0.712042,-0.063441,0.974361,0.976326,0.387483,0.987147,0.765308,0.971572,0.885346,0.337834,0.898886,0.817569,0.964071,-0.029011,0.664696,0.320857,-0.093812,0.661967,0.813915,0.855583,0.758419,0.958264,0.837238,0.984774,0.993909,0.915500,0.821519,0.971317,0.931751,0.896886,0.960901,0.307751,0.375067,0.934296,0.958643,0.989195,0.778736,0.950692,0.930436,1.000000,0.953062,0.971125,0.917171,0.972049,0.789959,0.930005,0.925717,0.853003,0.929111,0.954028,0.971446,0.301219,0.975506,0.464575,-0.009369,0.961679,0.981178,0.948770,0.748797,0.877032,0.995884,0.961860,0.981374,0.961928,0.254245,0.988298,0.835087,0.951197,0.966984,0.680875,-0.687946,0.993663
Paragigantocellular reticular nucleus lateral part,0.962615,0.894433,0.079043,0.741332,0.778093,0.000824,0.079199,0.998587,0.998561,0.814126,0.909308,0.995333,0.826212,0.989972,0.266086,0.869434,0.384793,0.735457,0.596668,0.705908,0.995958,0.880699,-0.127869,0.987758,0.884949,0.856208,-0.886922,0.550776,0.953071,0.905658,0.918785,0.926485,0.490059,0.849638,0.897548,0.905904,0.924062,0.947244,0.872546,0.990402,0.911304,0.843738,-0.100802,0.267608,0.825731,0.845373,0.653044,0.086007,0.987670,0.983283,0.868341,0.712636,0.834593,0.848531,0.649022,0.948635,0.914722,-0.237448,-0.381708,0.678854,0.651609,0.321529,0.440793,0.120761,0.841532,0.454913,-0.438418,0.960431,0.339930,-0.097346,0.572861,-0.135138,-0.295212,0.218083,0.735446,0.025383,0.871269,0.869634,0.669571,0.910796,0.061486,0.641232,0.845343,0.903087,0.619392,0.812201,0.916800,0.898904,0.330591,0.937561,0.945928,0.992625,0.948805,0.797782,0.248046,0.703348,0.917720,0.965496,0.392795,0.789674,-0.891229,0.994846,0.204718,0.958034,0.465645,0.716115,0.827662,0.889683,0.514158,0.887809,0.886344,0.919426,0.806642,0.912933,-0.251033,0.914228,0.009165,0.689195,0.951921,0.972469,0.952357,0.983539,0.863204,0.972255,0.655943,0.913795,0.916191,0.528878,0.691909,0.425197,0.887236,0.025799,0.166023,0.828024,0.649206,0.733573,0.469971,0.567581,0.381162,0.781128,0.994579,0.986226,0.792170,0.918727,0.943070,0.858187,0.569641,0.902476,0.120917,0.788768,0.841660,0.644653,0.913844,0.942057,0.772510,0.993560,0.778785,-0.874989,0.849789,-0.925440,0.818089,0.909456,0.553345,0.929811,-0.590699,0.813053,0.168247,0.963308,0.995774,0.556242,0.892589,0.923990,0.991907,0.964897,0.551941,0.942959,0.928251,0.910594,-0.082533,0.549484,0.412292,0.038566,0.830396,0.776272,0.915288,0.621785,0.873324,0.781023,0.962464,0.965151,0.958040,0.798259,0.976027,0.883870,0.864607,0.999367,0.172669,0.121758,0.985330,0.946211,0.948895,0.760224,0.999183,0.988274,0.953062,1.000000,0.985129,0.775626,0.971295,0.623410,0.994153,0.779112,0.957484,0.991324,0.990400,0.960218,0.421480,0.879567,0.544959,-0.224985,0.999538,0.993374,0.980262,0.892986,0.961201,0.976578,0.928861,0.925612,0.974427,0.504411,0.974084,0.681702,0.826459,0.846557,0.770252,-0.725859,0.915158
Dorsal premammillary nucleus,0.994479,0.955835,0.214856,0.799444,0.826048,-0.017207,0.111148,0.991071,0.983235,0.703139,0.840953,0.971166,0.722038,0.971660,0.158787,0.855654,0.435682,0.633070,0.451879,0.590347,0.981734,0.921533,-0.115866,0.984348,0.887857,0.795127,-0.885317,0.588845,0.974187,0.932301,0.931150,0.976862,0.528376,0.884123,0.932411,0.937713,0.949411,0.926636,0.884017,0.952222,0.921109,0.858167,-0.253894,0.155629,0.830798,0.871719,0.523733,0.109749,0.970719,0.945410,0.776556,0.645159,0.737571,0.870949,0.687546,0.982743,0.923782,-0.247667,-0.387091,0.736487,0.761367,0.209286,0.316559,-0.029449,0.744524,0.400966,-0.281158,0.969236,0.431493,-0.034600,0.676514,-0.012337,-0.339295,0.124057,0.840092,0.184336,0.937989,0.901888,0.542824,0.847783,-0.068271,0.500990,0.741522,0.876496,0.499320,0.701777,0.834558,0.960307,0.163544,0.868473,0.985757,0.966214,0.959189,0.682324,0.378820,0.752796,0.943031,0.950358,0.527195,0.804416,-0.803916,0.962928,0.357733,0.899306,0.607103,0.586239,0.893956,0.954224,0.359550,0.951583,0.927580,0.951883,0.880112,0.852047,-0.245163,0.832941,-0.153053,0.731522,0.890098,0.988903,0.899867,0.937987,0.930805,0.996075,0.534822,0.969958,0.970778,0.648877,0.795100,0.504163,0.795161,0.130635,0.246372,0.864987,0.716695,0.822368,0.594555,0.697165,0.506576,0.725026,0.995433,0.945635,0.763073,0.972906,0.877597,0.899526,0.487091,0.860130,0.135028,0.877718,0.918083,0.737475,0.964321,0.908641,0.869977,0.988674,0.721976,-0.933743,0.878338,-0.910419,0.732462,0.940738,0.544510,0.893468,-0.640898,0.705511,0.175004,0.994883,0.992935,0.590124,0.925527,0.874362,0.973858,0.906540,0.402593,0.884107,0.850568,0.966522,0.068715,0.684440,0.499404,0.113640,0.820706,0.869125,0.949594,0.746347,0.870421,0.875424,0.992766,0.964297,0.983286,0.731154,0.998908,0.951082,0.936851,0.984494,0.336969,0.278900,0.991910,0.987664,0.984197,0.852194,0.989167,0.949602,0.971125,0.985129,1.000000,0.857704,0.997703,0.623732,0.960916,0.854085,0.950775,0.954776,0.961139,0.993831,0.493689,0.934259,0.627988,-0.055067,0.987124,0.992950,0.944925,0.803631,0.966057,0.984773,0.978472,0.921189,0.945184,0.359109,0.965916,0.790760,0.893101,0.898286,0.657412,-0.806457,0.949581
Fasciola cinerea,0.903799,0.963983,0.305012,0.623058,0.959248,-0.373421,-0.145207,0.807873,0.755934,0.293223,0.446306,0.716931,0.293018,0.800986,-0.361375,0.514225,0.203207,0.146827,-0.011225,0.100446,0.802957,0.967161,0.248360,0.846994,0.882724,0.372709,-0.870284,0.322119,0.780251,0.942443,0.911341,0.907083,0.789314,0.951971,0.957425,0.951869,0.938570,0.815449,0.903227,0.700741,0.904750,0.903539,-0.703715,-0.367625,0.872318,0.933273,0.222326,0.460141,0.808599,0.727754,0.363561,0.175265,0.300352,0.924849,0.881540,0.935236,0.903069,0.080739,-0.037298,0.938725,0.787474,-0.317941,-0.216162,-0.532846,0.313531,-0.066738,0.075760,0.895893,0.329812,-0.177211,0.642094,0.055714,-0.091783,-0.380210,0.911104,0.643922,0.979667,0.684648,0.244403,0.455274,-0.150958,0.114937,0.347887,0.793388,0.271402,0.282192,0.491960,0.950539,-0.252418,0.509610,0.878274,0.764988,0.903412,0.288849,0.800737,0.932914,0.939284,0.829365,0.614363,0.507231,-0.501395,0.723295,0.537392,0.562801,0.893280,0.153402,0.994809,0.955749,-0.087459,0.899163,0.967668,0.950983,0.794936,0.462080,0.120519,0.524628,-0.612563,0.910584,0.628584,0.899480,0.683415,0.659731,0.984812,0.852761,0.032355,0.925778,0.909509,0.685647,0.803581,0.359060,0.423619,0.101869,0.117233,0.644960,0.552513,0.772414,0.641846,0.820444,0.544902,0.283738,0.837033,0.704335,0.367697,0.925801,0.614460,0.966389,0.429910,0.481911,0.459197,0.871874,0.983859,0.977307,0.963197,0.769804,0.934099,0.833094,0.279175,-0.828224,0.640112,-0.834529,0.524153,0.950688,0.692708,0.759384,-0.877908,0.383438,-0.153808,0.900963,0.829375,0.312084,0.954173,0.500787,0.798884,0.627346,-0.065165,0.655125,0.520953,0.953875,0.258608,0.859560,0.382259,-0.016074,0.475017,0.879615,0.769250,0.933012,0.863460,0.911267,0.913156,0.870952,0.813739,0.606318,0.875975,0.942541,0.913563,0.786437,0.610737,0.713081,0.794068,0.904899,0.934093,0.838590,0.781122,0.710256,0.917171,0.775626,0.857704,1.000000,0.885233,0.762490,0.716150,0.997673,0.675658,0.710650,0.756943,0.902008,0.326106,0.981904,0.504729,0.384769,0.791596,0.841148,0.744358,0.425633,0.725845,0.883590,0.931414,0.866913,0.775186,-0.147679,0.846682,0.980781,0.995035,0.981165,0.353018,-0.713822,0.954678
Primary motor area,0.999134,0.972900,0.261975,0.811803,0.841959,-0.031397,0.115625,0.980303,0.968847,0.653356,0.805376,0.953221,0.674044,0.957606,0.109937,0.839693,0.445791,0.584731,0.390469,0.537644,0.968836,0.932641,-0.102990,0.976046,0.885113,0.761560,-0.880832,0.593212,0.972924,0.937753,0.931092,0.988327,0.545165,0.893746,0.940983,0.944982,0.953875,0.913353,0.884743,0.929677,0.920306,0.860597,-0.314939,0.105139,0.830086,0.878496,0.470969,0.125361,0.957326,0.923772,0.732898,0.608950,0.691745,0.876225,0.702223,0.989194,0.922617,-0.242591,-0.379322,0.757616,0.795986,0.158398,0.261055,-0.091659,0.698817,0.370376,-0.218659,0.966593,0.458371,-0.016509,0.708026,0.030799,-0.347150,0.080202,0.873691,0.247869,0.957693,0.904150,0.490919,0.814034,-0.113766,0.442684,0.694380,0.862037,0.451465,0.651969,0.795504,0.976943,0.096859,0.833357,0.992756,0.948744,0.957523,0.631492,0.431170,0.770585,0.947670,0.938603,0.572498,0.799321,-0.764191,0.942730,0.412138,0.868080,0.659028,0.530019,0.915050,0.972204,0.295563,0.968079,0.938672,0.958968,0.899426,0.819058,-0.233801,0.795003,-0.217816,0.746965,0.859582,0.988392,0.873499,0.912394,0.951118,0.996797,0.480177,0.983994,0.983886,0.687660,0.826956,0.525491,0.752280,0.164896,0.269582,0.868928,0.732842,0.847907,0.635350,0.740976,0.547805,0.692996,0.988046,0.922536,0.741072,0.986193,0.845860,0.911381,0.455886,0.833647,0.146680,0.904095,0.941701,0.771361,0.977444,0.890466,0.900868,0.979437,0.689684,-0.947397,0.878962,-0.899900,0.695756,0.947720,0.542705,0.874473,-0.660699,0.658897,0.169043,0.999364,0.984191,0.592812,0.933559,0.845466,0.959786,0.876723,0.339735,0.855366,0.813288,0.981215,0.123933,0.731307,0.524147,0.135591,0.806171,0.897231,0.953202,0.789711,0.865742,0.904609,0.997152,0.957950,0.983940,0.702629,0.999767,0.969748,0.956939,0.970924,0.397431,0.340853,0.985569,0.995770,0.990986,0.879519,0.976991,0.927180,0.972049,0.971295,0.997703,0.885233,1.000000,0.624485,0.940162,0.879257,0.938336,0.932942,0.942659,0.999054,0.512259,0.950048,0.650687,0.012694,0.974432,0.985292,0.924538,0.761486,0.958267,0.981222,0.990192,0.914705,0.927558,0.296901,0.956495,0.828779,0.914342,0.914026,0.609607,-0.828310,0.957478
Fastigial nucleus,0.641375,0.663491,-0.372891,0.065710,0.913054,-0.780940,-0.702632,0.649596,0.580593,0.415002,0.340790,0.555348,0.347103,0.724952,-0.455182,0.156448,-0.414143,0.101771,0.222515,0.127148,0.691085,0.843227,0.695704,0.729808,0.912699,0.180150,-0.913073,-0.257757,0.432156,0.853679,0.865538,0.561814,0.967874,0.896288,0.840459,0.837990,0.828325,0.836611,0.916386,0.626759,0.878810,0.935067,-0.444231,-0.437794,0.953215,0.916956,0.600902,0.830412,0.736649,0.700447,0.369253,-0.056595,0.300256,0.921173,0.971817,0.720993,0.875493,0.602523,0.477543,0.928355,0.208364,-0.388940,-0.215921,-0.354436,0.322793,-0.392417,-0.376536,0.796509,-0.344587,-0.765378,0.007069,-0.589527,0.512126,-0.533470,0.432790,0.358802,0.694421,0.230965,0.612965,0.320957,0.510189,0.435721,0.452246,0.888280,0.698923,0.386486,0.545399,0.624390,0.166359,0.462017,0.542800,0.693397,0.819278,0.460177,0.643637,0.941055,0.839145,0.804714,-0.039966,0.037758,-0.641611,0.629230,-0.106195,0.486800,0.489218,0.349049,0.795062,0.626586,0.223267,0.496399,0.833664,0.812279,0.281680,0.318836,0.599061,0.621805,-0.305643,0.958966,0.679272,0.731882,0.743459,0.590714,0.711640,0.562931,0.071067,0.582130,0.550715,0.053047,0.240788,-0.297469,0.492210,-0.565947,-0.540529,0.156463,-0.049033,0.213835,-0.006633,0.258044,-0.127028,0.029403,0.664276,0.659258,0.018783,0.590102,0.684105,0.868770,0.876766,0.244000,0.851352,0.379624,0.673557,0.808511,0.715910,0.827325,0.491103,0.698728,0.026742,-0.377875,0.177014,-0.871964,0.786095,0.834099,0.994377,0.840556,-0.956913,0.611653,-0.659736,0.635625,0.671336,-0.258758,0.853683,0.314532,0.715174,0.632495,0.186370,0.734546,0.566590,0.657068,-0.377382,0.338901,-0.283389,-0.650972,0.084169,0.386858,0.359503,0.495785,0.924868,0.446227,0.676104,0.800751,0.476527,0.876936,0.621499,0.582452,0.500807,0.650760,0.033794,0.408011,0.529370,0.595499,0.708958,0.315250,0.601897,0.656650,0.789959,0.623410,0.623732,0.762490,0.624485,1.000000,0.622515,0.804788,0.376972,0.637593,0.697978,0.627307,-0.322728,0.777831,-0.137100,-0.010097,0.644863,0.685520,0.726406,0.468955,0.408654,0.748575,0.623764,0.872181,0.764622,0.020196,0.783364,0.644958,0.794692,0.843789,0.635896,-0.142081,0.812613
Secondary motor area,0.928499,0.843681,-0.013759,0.687758,0.742210,0.000930,0.047062,0.988519,0.992420,0.870305,0.935271,0.994473,0.876832,0.987994,0.320680,0.859341,0.337489,0.783618,0.676623,0.763445,0.990774,0.845816,-0.122332,0.976518,0.874846,0.876564,-0.879619,0.509781,0.922945,0.879260,0.901231,0.880440,0.467999,0.820267,0.865979,0.876020,0.897669,0.949351,0.857404,0.999514,0.895734,0.827698,-0.008343,0.325362,0.816284,0.821528,0.727330,0.080917,0.985059,0.993433,0.910458,0.737087,0.879832,0.827144,0.623044,0.914588,0.899490,-0.216608,-0.362224,0.639496,0.569731,0.378847,0.505268,0.207340,0.886919,0.472246,-0.532266,0.943119,0.269096,-0.145512,0.493838,-0.217681,-0.252950,0.264353,0.657988,-0.070171,0.818173,0.831619,0.742015,0.933074,0.149049,0.720311,0.896789,0.910772,0.690082,0.867662,0.954270,0.847482,0.430188,0.965045,0.905781,0.995230,0.931108,0.857820,0.168950,0.668735,0.891660,0.963259,0.298086,0.761843,-0.933893,0.999942,0.101881,0.978855,0.372338,0.785611,0.777336,0.836540,0.602302,0.833322,0.850935,0.888439,0.744924,0.933789,-0.240048,0.952257,0.106705,0.659667,0.977608,0.949132,0.973078,0.996942,0.809996,0.941844,0.717382,0.864705,0.867585,0.441286,0.613660,0.360912,0.930847,-0.048983,0.103638,0.786977,0.590304,0.662994,0.380057,0.475964,0.291141,0.797996,0.979548,0.997424,0.791612,0.870882,0.971338,0.823899,0.620462,0.910833,0.121349,0.719141,0.782870,0.582240,0.870257,0.952222,0.699516,0.982663,0.796117,-0.822268,0.813811,-0.925063,0.863537,0.879762,0.559829,0.942306,-0.558564,0.869915,0.150438,0.929274,0.983141,0.517736,0.862542,0.937427,0.989577,0.987414,0.635329,0.967785,0.962878,0.862806,-0.181213,0.456085,0.343391,-0.019003,0.817632,0.704593,0.876725,0.535439,0.867338,0.709108,0.929835,0.953869,0.925833,0.833829,0.946957,0.828550,0.805410,0.993930,0.065513,0.025722,0.964977,0.905793,0.913917,0.688459,0.989990,0.998177,0.930005,0.994153,0.960916,0.716150,0.940162,0.622515,1.000000,0.724634,0.943981,0.999541,0.994918,0.924855,0.361176,0.835044,0.477525,-0.326696,0.992463,0.979482,0.989261,0.934411,0.940781,0.958572,0.884131,0.918561,0.980279,0.584010,0.966942,0.605816,0.775938,0.805647,0.831835,-0.659598,0.883040
Fundus of striatum,0.897954,0.954946,0.240017,0.579913,0.976237,-0.423201,-0.206038,0.811323,0.756615,0.315470,0.448051,0.718306,0.308218,0.812892,-0.376729,0.490590,0.144132,0.148433,0.015981,0.108564,0.811170,0.976640,0.299348,0.855439,0.906782,0.363678,-0.895462,0.270019,0.763045,0.955269,0.928151,0.892433,0.825286,0.968175,0.967534,0.962238,0.949159,0.837618,0.925847,0.710978,0.923484,0.927952,-0.690229,-0.380610,0.901235,0.953234,0.269398,0.508068,0.821067,0.743362,0.375217,0.157697,0.310047,0.945993,0.910757,0.934970,0.921616,0.135849,0.014162,0.958604,0.744705,-0.329815,-0.218067,-0.523574,0.324489,-0.099956,0.027607,0.906994,0.266917,-0.242726,0.590340,-0.011587,-0.031585,-0.402389,0.881644,0.626255,0.972413,0.654160,0.290921,0.454173,-0.084139,0.153867,0.369487,0.822663,0.324370,0.302388,0.511277,0.938580,-0.211630,0.518761,0.864203,0.776696,0.916198,0.316133,0.800534,0.954745,0.950915,0.847078,0.559188,0.471358,-0.529870,0.731872,0.480982,0.570072,0.869965,0.180291,0.996599,0.943526,-0.054011,0.878144,0.976128,0.958797,0.759969,0.460182,0.171775,0.549136,-0.591851,0.936148,0.650355,0.903550,0.707202,0.669683,0.978882,0.843126,0.040208,0.911588,0.893436,0.634753,0.763023,0.299004,0.443096,0.033850,0.051238,0.609871,0.502955,0.731914,0.588176,0.779641,0.486516,0.266187,0.839493,0.717652,0.341858,0.912470,0.637912,0.978506,0.487650,0.470403,0.509571,0.840473,0.973911,0.981126,0.959822,0.794903,0.908957,0.839503,0.261726,-0.800815,0.607702,-0.858659,0.565472,0.960768,0.740084,0.786708,-0.905591,0.418545,-0.208966,0.894762,0.833241,0.260770,0.965926,0.495158,0.809956,0.644379,-0.037324,0.680367,0.540053,0.945113,0.196353,0.823785,0.321621,-0.082799,0.446984,0.848245,0.745186,0.907724,0.890397,0.883424,0.910148,0.884668,0.798330,0.649998,0.870505,0.926797,0.891655,0.791858,0.562544,0.695091,0.786029,0.894067,0.932664,0.803161,0.781874,0.722800,0.925717,0.779112,0.854085,0.997673,0.879257,0.804788,0.724634,1.000000,0.661689,0.721175,0.769814,0.894829,0.266219,0.983248,0.449539,0.349495,0.795955,0.845477,0.761245,0.442525,0.710897,0.890799,0.921180,0.888278,0.793401,-0.130400,0.860706,0.967321,0.996760,0.989333,0.393080,-0.670800,0.962188
Primary auditory area,0.923864,0.845618,0.281246,0.880605,0.610791,0.279760,0.363158,0.948977,0.971254,0.776375,0.932806,0.973334,0.818141,0.907129,0.443204,0.973118,0.628718,0.800419,0.575128,0.751024,0.928169,0.755858,-0.402157,0.908288,0.721341,0.931017,-0.721867,0.764429,0.984971,0.776458,0.782417,0.916844,0.244105,0.697093,0.774705,0.784417,0.807162,0.814560,0.708423,0.936114,0.767699,0.668389,-0.014872,0.436910,0.636809,0.681414,0.509714,-0.192299,0.900620,0.900809,0.864849,0.844192,0.847924,0.682164,0.432060,0.878944,0.772703,-0.506903,-0.631210,0.490624,0.740901,0.483168,0.557467,0.217250,0.847954,0.665091,-0.325683,0.855923,0.565063,0.187353,0.718427,0.100504,-0.555308,0.419620,0.756784,-0.041524,0.808711,0.963322,0.525945,0.943826,-0.161814,0.551951,0.802616,0.740842,0.437252,0.784719,0.861729,0.865240,0.270448,0.921858,0.943008,0.918798,0.834343,0.738722,0.108986,0.512092,0.795638,0.850004,0.532666,0.932185,-0.794203,0.942844,0.339846,0.941052,0.428591,0.676699,0.719821,0.854628,0.472915,0.899707,0.766228,0.810164,0.885168,0.947942,-0.515801,0.831089,0.062014,0.486026,0.862246,0.896740,0.842786,0.938363,0.793139,0.961018,0.709942,0.896466,0.910216,0.655346,0.774587,0.644677,0.842290,0.276837,0.425391,0.942765,0.816343,0.828680,0.608724,0.630075,0.547283,0.898575,0.941966,0.918357,0.925705,0.898684,0.848573,0.719898,0.327007,0.969780,-0.161979,0.833859,0.784703,0.506865,0.845487,0.806989,0.776922,0.926010,0.896493,-0.925895,0.958027,-0.777755,0.654900,0.789873,0.292159,0.786473,-0.372414,0.704487,0.444110,0.926684,0.939427,0.769739,0.763244,0.966893,0.913107,0.896097,0.533370,0.832474,0.869324,0.865167,0.096227,0.580968,0.627205,0.312001,0.954580,0.817791,0.971467,0.605832,0.700875,0.802322,0.910403,0.856382,0.976211,0.604996,0.943745,0.864839,0.873630,0.946730,0.254714,0.054586,0.982414,0.924685,0.884100,0.824528,0.966192,0.922467,0.853003,0.957484,0.950775,0.675658,0.938336,0.376972,0.943981,0.661689,1.000000,0.933861,0.913408,0.926806,0.646959,0.783601,0.730196,-0.200732,0.950008,0.932286,0.888668,0.858657,0.997168,0.892451,0.896737,0.781843,0.870025,0.539031,0.870644,0.616856,0.718654,0.719064,0.642669,-0.842662,0.805694
Ventral premammillary nucleus,0.921304,0.835072,-0.043300,0.665458,0.745295,-0.019891,0.020589,0.985588,0.988418,0.877452,0.932787,0.990890,0.880860,0.988814,0.314346,0.845619,0.310147,0.782285,0.687269,0.765162,0.989953,0.845356,-0.100355,0.975697,0.881006,0.869672,-0.886300,0.484804,0.911126,0.880280,0.904056,0.869452,0.480523,0.822868,0.865784,0.875935,0.897676,0.954729,0.862904,0.999876,0.899439,0.834048,-0.000262,0.320081,0.824737,0.825839,0.745926,0.100492,0.986108,0.996094,0.912643,0.727311,0.881405,0.831990,0.631996,0.909787,0.903110,-0.192116,-0.338688,0.644127,0.547344,0.373797,0.504048,0.212609,0.888995,0.456840,-0.552634,0.943388,0.239829,-0.173561,0.468082,-0.247072,-0.225622,0.255182,0.640915,-0.079755,0.810354,0.814420,0.760270,0.929313,0.178655,0.735655,0.903432,0.919427,0.711205,0.873943,0.959356,0.837617,0.448050,0.965574,0.895084,0.996056,0.932122,0.867226,0.166104,0.674183,0.892138,0.966603,0.271305,0.742947,-0.943028,0.999502,0.075188,0.978367,0.358610,0.795398,0.773542,0.826566,0.616080,0.819647,0.850013,0.887205,0.725595,0.929655,-0.217326,0.959537,0.117463,0.666846,0.983316,0.946279,0.979519,0.997307,0.802763,0.933106,0.719282,0.853897,0.855989,0.415886,0.592108,0.332621,0.936256,-0.079174,0.073982,0.767960,0.565589,0.641461,0.353690,0.454535,0.263168,0.787776,0.976112,0.999136,0.777499,0.860439,0.977842,0.824647,0.643352,0.902449,0.141924,0.701205,0.773924,0.579791,0.864091,0.959023,0.684192,0.980973,0.785960,-0.806013,0.795935,-0.931298,0.878409,0.879546,0.577484,0.950140,-0.566983,0.882460,0.126280,0.921930,0.980340,0.493120,0.863088,0.931524,0.990031,0.991018,0.646501,0.974963,0.967763,0.854309,-0.209065,0.436795,0.314809,-0.048329,0.802176,0.686677,0.862011,0.520389,0.874840,0.692642,0.923861,0.955344,0.914699,0.849556,0.939975,0.817080,0.791357,0.991922,0.042296,0.015591,0.957072,0.896444,0.908608,0.668910,0.985947,0.999530,0.929111,0.991324,0.954776,0.710650,0.932942,0.637593,0.999541,0.721175,0.933861,1.000000,0.996281,0.917086,0.333058,0.830974,0.450702,-0.342737,0.989974,0.976857,0.992444,0.938668,0.930086,0.957132,0.875010,0.923493,0.983973,0.590880,0.968600,0.595692,0.772117,0.804647,0.846733,-0.637137,0.881672
Simple lobule,0.934324,0.860515,-0.054578,0.641451,0.798610,-0.099052,-0.044806,0.988851,0.983354,0.846517,0.898372,0.981679,0.844151,0.997511,0.232039,0.807488,0.258960,0.727568,0.643084,0.711765,0.995921,0.884484,-0.023361,0.988195,0.918424,0.824414,-0.922669,0.436334,0.902230,0.915920,0.937010,0.880876,0.553690,0.867537,0.902387,0.911161,0.929532,0.976159,0.903235,0.994815,0.933552,0.878480,-0.070163,0.238355,0.869944,0.870995,0.738266,0.180630,0.996358,0.998609,0.878298,0.666165,0.841236,0.876525,0.696403,0.931767,0.936546,-0.122548,-0.271784,0.706732,0.553373,0.293606,0.431053,0.139176,0.850599,0.381145,-0.529750,0.966519,0.206684,-0.228175,0.457956,-0.269643,-0.168708,0.170962,0.662621,-0.012466,0.841259,0.793357,0.753369,0.894050,0.196343,0.710414,0.875823,0.947099,0.716921,0.840493,0.941232,0.859035,0.409043,0.941047,0.901284,0.999818,0.958458,0.840626,0.241906,0.734837,0.925394,0.985081,0.273666,0.704125,-0.934561,0.995770,0.086040,0.957274,0.409261,0.759709,0.816570,0.849403,0.574624,0.829886,0.887980,0.919312,0.721924,0.894522,-0.143845,0.949128,0.052596,0.728511,0.980452,0.964130,0.984821,0.987584,0.835982,0.936280,0.662174,0.869256,0.867844,0.416246,0.597520,0.296379,0.912602,-0.112637,0.029597,0.743138,0.537868,0.638772,0.352692,0.474470,0.255881,0.733405,0.982820,0.996929,0.727275,0.875854,0.975171,0.867645,0.677146,0.864699,0.219990,0.711332,0.806617,0.640396,0.891113,0.977103,0.707829,0.989825,0.731315,-0.804494,0.770024,-0.958595,0.888450,0.914078,0.639406,0.969572,-0.635835,0.871273,0.054453,0.934293,0.986865,0.443337,0.900838,0.897759,0.997731,0.983643,0.600438,0.978582,0.952000,0.877022,-0.208119,0.466721,0.282421,-0.097124,0.760216,0.699063,0.851135,0.559015,0.912852,0.710806,0.939898,0.976533,0.910678,0.873478,0.948372,0.836575,0.805183,0.993668,0.070914,0.081663,0.952550,0.908053,0.929670,0.675135,0.984042,0.997366,0.954028,0.990400,0.961139,0.756943,0.942659,0.697978,0.994918,0.769814,0.913408,0.996281,1.000000,0.929265,0.293144,0.866849,0.423863,-0.294161,0.991672,0.985407,0.998180,0.913026,0.914957,0.974580,0.892100,0.953081,0.995039,0.532425,0.986024,0.641892,0.815255,0.848146,0.839215,-0.626217,0.914481
fiber tracts,0.999806,0.981807,0.288063,0.814956,0.852536,-0.045191,0.113318,0.971292,0.957161,0.620016,0.779679,0.939202,0.641288,0.947117,0.075157,0.825146,0.446805,0.550773,0.350157,0.501357,0.958800,0.939132,-0.089720,0.969144,0.883495,0.736412,-0.878129,0.590607,0.968661,0.940664,0.930600,0.992917,0.558533,0.899869,0.945783,0.948909,0.955892,0.904341,0.885367,0.913320,0.919489,0.862581,-0.354742,0.069451,0.830371,0.883028,0.438057,0.139778,0.947334,0.908497,0.702678,0.581590,0.659966,0.879840,0.713270,0.991578,0.921533,-0.234005,-0.368935,0.772159,0.814361,0.122425,0.222571,-0.133060,0.667211,0.346003,-0.179713,0.963788,0.470457,-0.009675,0.723705,0.054443,-0.346733,0.048307,0.892337,0.289150,0.968578,0.901308,0.458504,0.789323,-0.138892,0.405368,0.662702,0.852925,0.422430,0.618442,0.768938,0.985304,0.054688,0.808541,0.994344,0.935929,0.955544,0.597905,0.465938,0.782991,0.949907,0.930205,0.597552,0.791225,-0.738002,0.927804,0.443610,0.845685,0.691103,0.492934,0.927730,0.981468,0.254212,0.975599,0.945054,0.962526,0.907829,0.794789,-0.221277,0.769635,-0.259737,0.758135,0.838908,0.986402,0.855793,0.893972,0.962543,0.994476,0.442660,0.990382,0.989484,0.708404,0.843575,0.533902,0.723207,0.182167,0.279287,0.866912,0.738192,0.860185,0.657336,0.765887,0.569864,0.668313,0.981239,0.906075,0.722425,0.992138,0.824525,0.918645,0.438584,0.812969,0.158563,0.917598,0.955057,0.793211,0.984135,0.878415,0.917980,0.971721,0.664838,-0.952486,0.874893,-0.892962,0.672843,0.951421,0.544377,0.862084,-0.675190,0.628786,0.159998,0.999887,0.976586,0.589129,0.938145,0.823615,0.949209,0.856093,0.298591,0.836201,0.787877,0.988514,0.156044,0.758742,0.534837,0.144648,0.792294,0.911928,0.951719,0.815528,0.863086,0.920323,0.997885,0.952859,0.981113,0.685472,0.997885,0.979187,0.966852,0.960190,0.433749,0.380845,0.978595,0.998379,0.993500,0.893377,0.966802,0.911105,0.971446,0.960218,0.993831,0.902008,0.999054,0.627307,0.924855,0.894829,0.926806,0.917086,0.929265,1.000000,0.518834,0.959006,0.660190,0.055843,0.964201,0.978463,0.910222,0.732679,0.949780,0.977441,0.995324,0.910253,0.915227,0.255397,0.949341,0.851873,0.927117,0.923598,0.579202,-0.837906,0.961566
Dorsal auditory area,0.502100,0.493587,0.866263,0.917043,0.075711,0.731541,0.887649,0.415586,0.461560,0.140954,0.446693,0.457008,0.242693,0.298258,0.427559,0.751216,0.988126,0.395352,-0.004062,0.298271,0.351017,0.236651,-0.802658,0.335442,0.058308,0.571780,-0.046619,0.974039,0.669759,0.211053,0.170861,0.597819,-0.322683,0.130482,0.240011,0.242501,0.252758,0.132581,0.066619,0.338062,0.141718,0.025221,-0.120793,0.397789,-0.040617,0.080769,-0.276392,-0.669362,0.288058,0.257184,0.303432,0.633707,0.320253,0.068258,-0.152424,0.413554,0.146560,-0.895054,-0.912619,-0.019153,0.829912,0.406813,0.327471,0.039575,0.305233,0.729972,0.368822,0.275056,0.990663,0.849799,0.927890,0.811132,-0.968406,0.493395,0.680772,0.141737,0.453094,0.813979,-0.262806,0.484185,-0.832632,-0.155990,0.159025,0.014598,-0.384028,0.169177,0.207894,0.537750,-0.304668,0.353589,0.606670,0.308680,0.244200,0.064385,0.014677,-0.029588,0.234848,0.200879,0.870263,0.868465,-0.068190,0.359127,0.786954,0.381973,0.439320,0.043789,0.303104,0.534837,-0.124235,0.661277,0.253621,0.285027,0.817261,0.494998,-0.858388,0.131187,-0.167151,-0.084291,0.172720,0.375893,0.136577,0.344771,0.429617,0.567415,0.283444,0.580820,0.610290,0.882460,0.821749,0.998854,0.199691,0.909582,0.964097,0.857432,0.959682,0.851357,0.891764,0.747416,0.918192,0.656074,0.421445,0.293663,0.759404,0.572279,0.147306,0.187916,-0.505011,0.614089,-0.681019,0.745562,0.470675,0.168911,0.429521,0.098015,0.641245,0.368593,0.654076,-0.751352,0.835442,-0.089933,-0.151789,0.248715,-0.420928,0.062613,0.166299,-0.047471,0.866618,0.507770,0.404637,0.968518,0.215565,0.545000,0.310977,0.244223,-0.030208,0.116280,0.212721,0.501349,0.740388,0.662466,0.994932,0.920098,0.793393,0.736298,0.740845,0.552809,0.016044,0.686471,0.462385,0.247120,0.642939,-0.209413,0.509900,0.580795,0.656791,0.393309,0.645017,0.192149,0.563947,0.558887,0.429491,0.788068,0.456688,0.304244,0.301219,0.421480,0.493689,0.326106,0.512259,-0.322728,0.361176,0.266219,0.646959,0.333058,0.293144,0.518834,1.000000,0.342471,0.980680,0.271601,0.406759,0.394975,0.235379,0.237446,0.653711,0.339016,0.535897,0.121535,0.208807,0.096884,0.252511,0.422125,0.303200,0.231319,-0.134380,-0.890543,0.285899
Ansiform lobule,0.961660,0.986054,0.224827,0.667877,0.960435,-0.305206,-0.114478,0.903581,0.862961,0.468469,0.602873,0.832776,0.468647,0.899671,-0.203605,0.631348,0.239045,0.325391,0.176865,0.284598,0.901238,0.992819,0.174104,0.932340,0.936624,0.526833,-0.928272,0.380470,0.860135,0.982834,0.964865,0.949700,0.756621,0.975324,0.990613,0.988943,0.984231,0.902859,0.947917,0.823067,0.958566,0.940603,-0.556526,-0.206833,0.913745,0.961607,0.379183,0.395291,0.905026,0.843894,0.532739,0.331686,0.474156,0.956672,0.869598,0.983944,0.958199,0.017125,-0.115836,0.917389,0.766627,-0.153032,-0.036799,-0.364636,0.486727,0.066443,-0.091475,0.962668,0.320263,-0.192067,0.629547,-0.027300,-0.128099,-0.234882,0.890648,0.487442,0.992024,0.757484,0.400460,0.608820,-0.066473,0.290696,0.518666,0.876528,0.409270,0.458626,0.647564,0.975846,-0.077019,0.662386,0.933767,0.873068,0.965753,0.462681,0.678765,0.920971,0.983402,0.916694,0.554744,0.597393,-0.651421,0.840702,0.441281,0.707793,0.801627,0.336152,0.994922,0.977001,0.097959,0.929607,0.994382,0.991044,0.820779,0.614239,0.041598,0.673916,-0.452280,0.901622,0.762409,0.965712,0.805001,0.789865,0.994180,0.924068,0.218375,0.960395,0.947911,0.650182,0.791524,0.368449,0.587262,0.054052,0.107293,0.713259,0.584792,0.780017,0.598643,0.768122,0.497277,0.433779,0.924073,0.825966,0.496883,0.962230,0.749893,0.986891,0.517120,0.621906,0.405806,0.875512,0.985397,0.929473,0.993641,0.868079,0.920775,0.922570,0.429686,-0.869243,0.717106,-0.911876,0.653236,0.988948,0.706901,0.857631,-0.849233,0.542326,-0.092605,0.959552,0.919249,0.374805,0.987450,0.645103,0.898263,0.763101,0.123292,0.781488,0.672764,0.983206,0.144012,0.794783,0.382025,-0.031051,0.588324,0.877767,0.837745,0.876154,0.919948,0.904724,0.969986,0.946313,0.887767,0.710820,0.944632,0.963717,0.933389,0.888448,0.491273,0.567675,0.884096,0.955488,0.982629,0.840189,0.882264,0.830700,0.975506,0.879567,0.934259,0.981904,0.950048,0.777831,0.835044,0.983248,0.783601,0.830974,0.866849,0.959006,0.342471,1.000000,0.515793,0.210454,0.891929,0.927684,0.856178,0.589292,0.822276,0.956276,0.970820,0.935225,0.878448,0.042206,0.930649,0.935072,0.994715,0.992936,0.509084,-0.732235,0.992469
Ventral auditory area,0.645275,0.650085,0.854546,0.966225,0.267542,0.590617,0.780534,0.546277,0.577479,0.188708,0.499672,0.565221,0.281582,0.437686,0.315141,0.791989,0.944342,0.390757,-0.006752,0.292480,0.486280,0.416070,-0.681412,0.481213,0.235618,0.598700,-0.222354,0.955985,0.772760,0.387523,0.344333,0.733432,-0.131327,0.315974,0.417096,0.418206,0.424791,0.289409,0.247484,0.453215,0.316352,0.209769,-0.256431,0.286647,0.143166,0.266685,-0.207045,-0.515907,0.429954,0.384960,0.351670,0.614412,0.353941,0.253503,0.043165,0.570943,0.320422,-0.800506,-0.840904,0.176744,0.920906,0.305149,0.253682,-0.074708,0.342952,0.652366,0.353153,0.436248,0.973018,0.739521,0.980288,0.752644,-0.903285,0.371420,0.810266,0.263228,0.616384,0.884728,-0.190067,0.535779,-0.791984,-0.119365,0.216535,0.177109,-0.295125,0.212198,0.291024,0.687626,-0.331131,0.427748,0.735508,0.439723,0.409639,0.117879,0.179487,0.165976,0.408587,0.354664,0.922102,0.897729,-0.165406,0.477137,0.830237,0.464702,0.586335,0.071020,0.482577,0.686059,-0.132262,0.789796,0.431670,0.456850,0.910716,0.547068,-0.758733,0.227749,-0.279967,0.111386,0.287241,0.529086,0.265619,0.450831,0.596018,0.694319,0.264848,0.721805,0.745340,0.947893,0.916749,0.986476,0.269367,0.851969,0.904790,0.916223,0.990624,0.937268,0.947360,0.852503,0.951464,0.657300,0.557692,0.413411,0.769115,0.714001,0.261103,0.371420,-0.372640,0.659981,-0.526792,0.861232,0.633349,0.356584,0.591379,0.248358,0.778895,0.508599,0.654529,-0.857349,0.895103,-0.254444,-0.030712,0.423633,-0.241214,0.213870,-0.029806,0.035342,0.759432,0.649864,0.540747,0.948850,0.394097,0.600770,0.448865,0.352281,-0.041789,0.241212,0.301444,0.655056,0.730119,0.783056,0.987729,0.837054,0.822415,0.854393,0.835450,0.698069,0.193024,0.815451,0.610942,0.405542,0.755213,-0.066252,0.646602,0.725300,0.788719,0.521474,0.715865,0.323530,0.678941,0.697394,0.585263,0.893177,0.578261,0.424304,0.464575,0.544959,0.627988,0.504729,0.650687,-0.137100,0.477525,0.449539,0.730196,0.450702,0.423863,0.660190,0.980680,0.515793,1.000000,0.328300,0.534831,0.534371,0.368497,0.304265,0.746787,0.492095,0.681924,0.290038,0.350638,0.057212,0.405413,0.588553,0.482714,0.414150,-0.050312,-0.960896,0.458420
Posterior complex of the thalamus,0.047276,0.230481,0.696838,0.170948,0.211903,-0.198810,0.073744,-0.180199,-0.232570,-0.748648,-0.540009,-0.284539,-0.721626,-0.229367,-0.716414,-0.248568,0.148794,-0.722353,-0.914305,-0.786487,-0.212012,0.140746,0.182285,-0.144791,-0.063959,-0.507678,0.089623,0.060079,-0.036989,0.057074,-0.024307,0.148971,0.228014,0.118638,0.103250,0.084001,0.042615,-0.218886,-0.012804,-0.353035,-0.035349,0.012426,-0.890996,-0.740787,-0.033795,0.076563,-0.792685,0.217919,-0.219771,-0.340540,-0.658702,-0.541575,-0.689253,0.054393,0.194759,0.072870,-0.040682,0.070218,0.113369,0.289819,0.497799,-0.747999,-0.819734,-0.912284,-0.687884,-0.451161,0.930156,-0.062024,0.395192,0.277197,0.455728,0.643898,-0.118094,-0.641304,0.478805,0.929711,0.269228,0.018574,-0.780438,-0.512891,-0.676606,-0.871965,-0.710700,-0.236244,-0.721281,-0.748635,-0.593873,0.224616,-0.987581,-0.535160,0.083239,-0.279262,-0.047782,-0.764451,0.758562,0.240181,0.045143,-0.196243,0.661635,-0.086119,0.604629,-0.318616,0.798936,-0.478525,0.751328,-0.841182,0.288994,0.244490,-0.951098,0.224333,0.140560,0.081441,0.269630,-0.501709,0.162902,-0.578403,-0.948944,0.205633,-0.470462,-0.030008,-0.410250,-0.397329,0.278081,-0.009711,-0.813669,0.186706,0.173423,0.562700,0.456210,0.311791,-0.649103,0.510866,0.346073,0.044782,0.229366,0.363048,0.593862,0.633524,0.602969,-0.482142,-0.130596,-0.361554,-0.334616,0.175508,-0.488357,0.151712,-0.477931,-0.404908,0.158917,0.372521,0.327471,0.479470,0.171570,-0.290657,0.437736,-0.158221,-0.485924,-0.184215,-0.004566,0.178377,-0.561062,0.079782,-0.046710,-0.302713,-0.271108,-0.704529,-0.081565,0.044785,-0.150662,0.035301,0.095210,-0.441606,-0.229542,-0.459743,-0.934541,-0.444937,-0.568197,0.195465,0.818224,0.677699,0.362020,0.330704,-0.226122,0.398034,0.036113,0.623204,-0.092440,0.413085,0.042895,-0.116639,-0.009405,-0.441599,-0.008478,0.255215,0.277427,-0.221439,0.886688,0.904550,-0.113356,0.098857,0.077997,0.387664,-0.200301,-0.351587,-0.009369,-0.224985,-0.055067,0.384769,0.012694,-0.010097,-0.326696,0.349495,-0.200732,-0.342737,-0.294161,0.055843,0.271601,0.210454,0.328300,1.000000,-0.208437,-0.134835,-0.322422,-0.638041,-0.132804,-0.074987,0.151902,-0.119022,-0.282226,-0.922210,-0.161747,0.541846,0.291162,0.209346,-0.721779,-0.309852,0.093437
Paramedian lobule,0.966907,0.903030,0.074306,0.732302,0.796745,-0.027380,0.055646,0.999584,0.996622,0.803463,0.897165,0.991956,0.813448,0.992968,0.237156,0.855694,0.366159,0.716267,0.581486,0.687262,0.997956,0.894295,-0.100383,0.992037,0.898125,0.840164,-0.899745,0.533144,0.949586,0.918074,0.930310,0.930121,0.515916,0.865253,0.910268,0.918145,0.935128,0.954812,0.886723,0.988581,0.923259,0.859371,-0.124989,0.238909,0.841693,0.861204,0.650827,0.114513,0.991215,0.984170,0.856350,0.690975,0.820554,0.864159,0.671713,0.956121,0.926437,-0.212481,-0.357688,0.700798,0.653072,0.293368,0.415241,0.095251,0.828126,0.428036,-0.430945,0.968454,0.327548,-0.117165,0.568597,-0.143801,-0.274584,0.188412,0.742521,0.048623,0.881796,0.861761,0.667608,0.898323,0.068454,0.632788,0.835825,0.912925,0.621916,0.800637,0.910549,0.906062,0.317428,0.928950,0.947745,0.993898,0.957969,0.788694,0.274426,0.724631,0.929288,0.971978,0.392875,0.775559,-0.888460,0.993467,0.207778,0.950593,0.482935,0.703869,0.842534,0.897334,0.500018,0.890961,0.899522,0.930547,0.804790,0.900495,-0.224746,0.910731,-0.013199,0.710879,0.951014,0.978564,0.954321,0.980091,0.874556,0.973067,0.636009,0.918810,0.919962,0.528289,0.693176,0.411754,0.879064,0.013301,0.149717,0.818792,0.638820,0.732009,0.468885,0.573931,0.377842,0.761817,0.996766,0.985438,0.774202,0.923772,0.942252,0.873169,0.582021,0.889010,0.148724,0.791773,0.852784,0.665711,0.923057,0.948493,0.780304,0.996542,0.759380,-0.873966,0.840206,-0.935081,0.821943,0.921451,0.575408,0.936749,-0.614932,0.809431,0.142504,0.967367,0.997914,0.538161,0.905729,0.911981,0.994545,0.962357,0.536120,0.944355,0.922819,0.918239,-0.082946,0.559382,0.400188,0.020737,0.815275,0.780067,0.911037,0.634830,0.886745,0.786874,0.967843,0.972529,0.956276,0.806985,0.978710,0.890314,0.869003,0.999859,0.182029,0.144552,0.983476,0.949954,0.956048,0.761824,0.998346,0.987492,0.961679,0.999538,0.987124,0.791596,0.974432,0.644863,0.992463,0.795955,0.950008,0.989974,0.991672,0.964201,0.406759,0.891929,0.534831,-0.208437,1.000000,0.996226,0.982288,0.884089,0.955570,0.982571,0.934525,0.936018,0.978329,0.484150,0.980151,0.697521,0.841368,0.861667,0.767978,-0.721397,0.926520
Posterior auditory area,0.981341,0.933078,0.097856,0.727613,0.843240,-0.086460,0.017553,0.998034,0.987485,0.754556,0.855547,0.977898,0.762094,0.992698,0.154618,0.824253,0.341684,0.653029,0.515994,0.621942,0.996731,0.929086,-0.043941,0.997868,0.922915,0.792826,-0.922757,0.507233,0.946346,0.947100,0.954130,0.947822,0.574535,0.902476,0.941887,0.948083,0.961191,0.962927,0.915547,0.974157,0.947305,0.891785,-0.208798,0.155683,0.872508,0.896884,0.614139,0.175418,0.992343,0.975086,0.809426,0.631432,0.768445,0.898490,0.723976,0.977319,0.949834,-0.166121,-0.311754,0.756188,0.681389,0.211033,0.334867,0.009203,0.777235,0.362079,-0.377655,0.984551,0.325120,-0.140266,0.584456,-0.130660,-0.244742,0.107728,0.780348,0.132138,0.916915,0.852845,0.632008,0.857354,0.050464,0.581395,0.790824,0.924071,0.596718,0.750121,0.876989,0.933310,0.250908,0.893961,0.959335,0.988320,0.976678,0.741789,0.356840,0.776715,0.956327,0.979278,0.424906,0.750427,-0.860471,0.981409,0.250408,0.920348,0.549939,0.647483,0.886051,0.926314,0.434308,0.911031,0.933589,0.958444,0.817633,0.860106,-0.171910,0.882747,-0.095864,0.762041,0.932703,0.992745,0.943839,0.960737,0.911500,0.978787,0.566927,0.940610,0.938960,0.555306,0.719456,0.404077,0.839447,0.014384,0.137251,0.808448,0.633924,0.749243,0.496146,0.616668,0.401120,0.709471,0.999558,0.972442,0.730979,0.945139,0.923245,0.910807,0.585109,0.851132,0.205884,0.817816,0.891456,0.727955,0.951623,0.951322,0.817727,0.999489,0.706685,-0.884744,0.827109,-0.948607,0.807331,0.950778,0.615150,0.939861,-0.673109,0.775020,0.093918,0.981277,0.999719,0.510356,0.937707,0.875132,0.993641,0.941697,0.468359,0.931248,0.891930,0.945090,-0.047001,0.610332,0.397102,0.004252,0.782210,0.808608,0.909566,0.689250,0.910622,0.819771,0.984008,0.985026,0.957366,0.806340,0.987825,0.917609,0.893575,0.995549,0.239664,0.226602,0.979828,0.965671,0.976886,0.785921,0.992631,0.974967,0.981178,0.993374,0.992950,0.841148,0.985292,0.685520,0.979482,0.845477,0.932286,0.976857,0.985407,0.978463,0.394975,0.927684,0.534371,-0.134835,0.996226,1.000000,0.976032,0.843712,0.944217,0.994552,0.955973,0.953593,0.977196,0.408834,0.988322,0.753469,0.885044,0.902089,0.734970,-0.731036,0.955369
Posterior limiting nucleus of the thalamus,0.916411,0.840623,-0.112491,0.594026,0.802870,-0.142148,-0.098711,0.978672,0.970806,0.855470,0.888130,0.969809,0.846809,0.994819,0.215625,0.775560,0.202465,0.719635,0.659341,0.709917,0.989933,0.880905,0.022484,0.982474,0.927573,0.805504,-0.932780,0.383743,0.874636,0.914966,0.939392,0.855737,0.578250,0.870222,0.899154,0.908055,0.926401,0.982937,0.911268,0.990747,0.937711,0.888437,-0.056550,0.223993,0.884079,0.877025,0.770940,0.220950,0.994178,0.999290,0.877278,0.641777,0.838983,0.883554,0.713005,0.918867,0.940500,-0.071595,-0.222108,0.714772,0.507261,0.279494,0.424054,0.146196,0.849350,0.346544,-0.566305,0.963415,0.147315,-0.283926,0.405119,-0.326674,-0.112450,0.149215,0.626959,-0.028729,0.823198,0.755309,0.785334,0.881301,0.253956,0.736228,0.883775,0.960644,0.755115,0.847691,0.946178,0.836549,0.440676,0.936855,0.876431,0.996950,0.956962,0.854179,0.237948,0.744276,0.923251,0.987734,0.220125,0.662533,-0.947803,0.990179,0.033843,0.951141,0.382351,0.774055,0.806927,0.826800,0.597420,0.799685,0.883440,0.913808,0.680666,0.881044,-0.096115,0.958605,0.071054,0.741401,0.986983,0.954742,0.993058,0.983388,0.819172,0.914986,0.660779,0.844661,0.841590,0.364675,0.552818,0.238392,0.918115,-0.172349,-0.030118,0.701633,0.486066,0.593625,0.299474,0.431098,0.199745,0.708082,0.971805,0.995595,0.694517,0.851946,0.983288,0.866648,0.719990,0.842958,0.262007,0.673342,0.786575,0.634829,0.875914,0.986539,0.675449,0.982268,0.706115,-0.768942,0.730586,-0.967340,0.913787,0.910676,0.673197,0.981111,-0.651833,0.891375,0.004387,0.916064,0.977067,0.391370,0.899102,0.880858,0.994289,0.985882,0.617854,0.988228,0.956588,0.857176,-0.261581,0.427925,0.224069,-0.155767,0.724977,0.661251,0.818044,0.528395,0.924672,0.675982,0.924454,0.975671,0.884560,0.901052,0.930642,0.810986,0.774484,0.985217,0.026220,0.063853,0.932532,0.885997,0.915754,0.634020,0.971526,0.995327,0.948770,0.980262,0.944925,0.744358,0.924538,0.726406,0.989261,0.761245,0.888668,0.992444,0.998180,0.910222,0.235379,0.856178,0.368497,-0.322422,0.982288,0.976032,1.000000,0.916211,0.889276,0.967891,0.870761,0.959386,0.998063,0.541298,0.985339,0.620795,0.805571,0.843839,0.864199,-0.579017,0.908763
Copula pyramidis,0.737876,0.597748,-0.234084,0.527238,0.499084,0.127532,0.064391,0.870267,0.897256,0.988077,0.974883,0.919386,0.988901,0.881994,0.564796,0.818503,0.267401,0.926303,0.893980,0.930000,0.880610,0.618805,-0.220218,0.841551,0.711974,0.924187,-0.725227,0.436466,0.778110,0.676772,0.723929,0.665804,0.252999,0.600884,0.649776,0.665483,0.699616,0.836964,0.678405,0.943095,0.722186,0.642451,0.342679,0.576295,0.647820,0.615521,0.867264,-0.067320,0.875201,0.928131,0.993842,0.832933,0.983271,0.627979,0.398270,0.711060,0.727565,-0.254833,-0.386868,0.381612,0.298580,0.621498,0.743763,0.529830,0.987284,0.596274,-0.764186,0.778439,0.115484,-0.169817,0.262537,-0.375536,-0.212470,0.494999,0.365439,-0.418100,0.559712,0.693889,0.874691,0.964720,0.333705,0.901311,0.994701,0.806213,0.802656,0.987828,0.995894,0.605910,0.711683,0.990169,0.712482,0.908302,0.761372,0.979731,-0.171148,0.423639,0.692761,0.843146,0.023592,0.684904,-0.975299,0.930996,-0.189874,0.980084,0.017814,0.952805,0.510262,0.589223,0.842987,0.602938,0.623967,0.678939,0.525873,0.961495,-0.307891,0.983181,0.452673,0.426879,0.962391,0.776803,0.932404,0.959266,0.548272,0.775330,0.903995,0.637314,0.646782,0.175747,0.348992,0.221064,0.999217,-0.184266,0.004353,0.651358,0.430544,0.426718,0.116089,0.165724,0.044767,0.858087,0.843772,0.942015,0.800661,0.646069,0.963031,0.594169,0.643039,0.912477,-0.012885,0.459911,0.509966,0.273077,0.637957,0.865731,0.411746,0.853863,0.858007,-0.616192,0.690649,-0.799035,0.888770,0.670494,0.428384,0.860542,-0.316477,0.957951,0.205917,0.739844,0.853531,0.452244,0.648740,0.943476,0.884118,0.970358,0.868183,0.940863,0.992634,0.627200,-0.421484,0.127039,0.187017,-0.088015,0.779686,0.437742,0.717341,0.203720,0.714802,0.432022,0.738114,0.806907,0.767583,0.814015,0.775118,0.581654,0.559599,0.889575,-0.262556,-0.329950,0.834681,0.703155,0.709510,0.432645,0.882117,0.939292,0.748797,0.892986,0.803631,0.425633,0.761486,0.468955,0.934411,0.442525,0.858657,0.938668,0.913026,0.732679,0.237446,0.589292,0.304265,-0.638041,0.884089,0.843712,0.916211,1.000000,0.829380,0.799813,0.663519,0.772219,0.891386,0.831394,0.835527,0.282803,0.508309,0.559635,0.929548,-0.447906,0.669977
Postsubiculum,0.946725,0.881782,0.315828,0.892951,0.654306,0.240041,0.344402,0.956614,0.973022,0.737940,0.905841,0.970735,0.779234,0.913980,0.378801,0.959806,0.624142,0.753400,0.519418,0.700565,0.935047,0.792000,-0.366173,0.921043,0.745924,0.900953,-0.744718,0.758764,0.995108,0.807226,0.808039,0.944001,0.291120,0.733578,0.808178,0.816485,0.836062,0.825957,0.736624,0.931278,0.793032,0.698985,-0.090028,0.371434,0.664915,0.715748,0.474853,-0.149793,0.908520,0.899310,0.830871,0.804158,0.809622,0.715131,0.476640,0.906242,0.797556,-0.481435,-0.606730,0.540132,0.780384,0.418738,0.493750,0.143231,0.810489,0.620415,-0.274382,0.876586,0.579624,0.180635,0.748449,0.124638,-0.545535,0.357775,0.802353,0.033537,0.848587,0.970633,0.492287,0.918032,-0.190688,0.506187,0.767944,0.752884,0.410592,0.745330,0.837970,0.899683,0.208404,0.899239,0.965029,0.921200,0.856759,0.700764,0.181570,0.558613,0.825086,0.861829,0.575428,0.926061,-0.772996,0.940417,0.390064,0.923067,0.495069,0.629964,0.764504,0.890511,0.414896,0.929854,0.802025,0.841168,0.911334,0.922831,-0.484136,0.810950,-0.012633,0.530833,0.851285,0.917380,0.838065,0.929325,0.834210,0.977359,0.655854,0.926889,0.938679,0.694255,0.812259,0.654997,0.813055,0.292425,0.430381,0.949432,0.828978,0.859046,0.647857,0.680597,0.583164,0.865327,0.953469,0.914043,0.902085,0.928606,0.836578,0.757686,0.322924,0.948741,-0.122840,0.870329,0.827887,0.565278,0.879377,0.813216,0.821592,0.936799,0.862904,-0.949365,0.961995,-0.793129,0.641646,0.821517,0.321306,0.792350,-0.421786,0.675652,0.416086,0.949181,0.949804,0.762349,0.796625,0.945692,0.919614,0.884267,0.475161,0.825119,0.847995,0.898708,0.139208,0.637238,0.641430,0.312488,0.940439,0.856258,0.984195,0.663534,0.723958,0.843795,0.934133,0.873474,0.989699,0.602935,0.962131,0.899978,0.907571,0.951608,0.315650,0.129404,0.990573,0.949535,0.911342,0.859918,0.970862,0.918738,0.877032,0.961201,0.966057,0.725845,0.958267,0.408654,0.940781,0.710897,0.997168,0.930086,0.914957,0.949780,0.653711,0.822276,0.746787,-0.132804,0.955570,0.944217,0.889276,0.829380,1.000000,0.910593,0.926169,0.801250,0.874654,0.476169,0.884074,0.673933,0.763474,0.759945,0.613562,-0.867025,0.837531
Paraflocculus,0.981321,0.948733,0.081033,0.685994,0.894616,-0.181871,-0.063182,0.986215,0.965716,0.705822,0.800487,0.951296,0.706093,0.987738,0.052465,0.764557,0.272990,0.576686,0.455188,0.547850,0.988319,0.961789,0.050955,0.997323,0.954025,0.725404,-0.952633,0.439368,0.920149,0.975394,0.979173,0.946185,0.654614,0.942459,0.971357,0.975799,0.984639,0.974063,0.950253,0.952848,0.973904,0.931862,-0.289477,0.054274,0.913941,0.937640,0.596352,0.270547,0.989275,0.963041,0.755435,0.547185,0.708029,0.938501,0.790939,0.988318,0.975572,-0.078137,-0.224766,0.820228,0.676753,0.110625,0.241432,-0.079306,0.718851,0.264153,-0.345280,0.997113,0.278361,-0.205608,0.561638,-0.157539,-0.170649,0.003836,0.793397,0.210777,0.939462,0.813114,0.614838,0.801170,0.072712,0.542706,0.745510,0.943537,0.595495,0.698370,0.841694,0.944030,0.200904,0.850412,0.951227,0.977469,0.993276,0.698617,0.442629,0.838125,0.981568,0.986480,0.419599,0.690757,-0.837323,0.961546,0.258085,0.880473,0.601725,0.594832,0.923947,0.938851,0.378250,0.908384,0.964794,0.982167,0.799330,0.804014,-0.079212,0.856802,-0.172078,0.824999,0.914999,0.998627,0.935862,0.934010,0.936960,0.966833,0.489224,0.943846,0.937947,0.545625,0.713528,0.352400,0.798079,-0.027958,0.079834,0.764768,0.589148,0.733070,0.485693,0.629888,0.384468,0.632158,0.991847,0.954682,0.658118,0.948394,0.905965,0.948538,0.618070,0.791779,0.298093,0.816249,0.916496,0.789619,0.969032,0.958675,0.832623,0.994466,0.629090,-0.868166,0.781889,-0.967100,0.807686,0.977607,0.681307,0.949085,-0.746204,0.750116,0.004356,0.980458,0.991820,0.440878,0.968668,0.820357,0.987441,0.918285,0.406060,0.921476,0.859240,0.957268,-0.046706,0.635836,0.350171,-0.056393,0.718451,0.809913,0.881389,0.724266,0.942717,0.827961,0.987660,0.995306,0.936923,0.823519,0.982135,0.926163,0.895511,0.981991,0.269157,0.302264,0.958612,0.964072,0.986754,0.780049,0.974593,0.957199,0.995884,0.976578,0.984773,0.883590,0.981222,0.748575,0.958572,0.890799,0.892451,0.957132,0.974580,0.977441,0.339016,0.956276,0.492095,-0.074987,0.982571,0.994552,0.967891,0.799813,0.910593,1.000000,0.961155,0.974699,0.975501,0.332257,0.994015,0.796907,0.923086,0.940460,0.715255,-0.705157,0.979980
Flocculus,0.994390,0.994532,0.349247,0.820537,0.866817,-0.068669,0.114520,0.944283,0.924847,0.541378,0.718566,0.901946,0.564550,0.916149,0.001860,0.790495,0.452408,0.473708,0.258044,0.418925,0.929140,0.944874,-0.066485,0.946094,0.870609,0.678040,-0.862834,0.586574,0.954217,0.938341,0.920606,0.996959,0.578826,0.904347,0.947782,0.948983,0.951799,0.875679,0.877435,0.870232,0.908662,0.857529,-0.438879,-0.006020,0.821402,0.883792,0.358849,0.164094,0.917365,0.867143,0.631316,0.520629,0.585813,0.878526,0.728202,0.989252,0.910140,-0.220191,-0.349829,0.795209,0.852507,0.045818,0.138686,-0.221801,0.593230,0.295013,-0.089403,0.949246,0.500037,0.012573,0.757793,0.112420,-0.350152,-0.017822,0.928945,0.377425,0.985435,0.891941,0.380272,0.730581,-0.199349,0.317909,0.587375,0.823621,0.350968,0.539650,0.704025,0.997170,-0.040743,0.748247,0.991877,0.900087,0.942639,0.518325,0.536925,0.801158,0.946209,0.903178,0.653065,0.772053,-0.673076,0.887864,0.514168,0.790513,0.757282,0.406696,0.947698,0.995327,0.159880,0.986779,0.950636,0.962002,0.923013,0.737040,-0.198682,0.706685,-0.349957,0.773414,0.785806,0.974246,0.808688,0.846638,0.980449,0.983125,0.358067,0.998241,0.995874,0.753357,0.877484,0.554806,0.653252,0.225613,0.305564,0.860104,0.749794,0.884667,0.705652,0.818171,0.619539,0.612433,0.958988,0.862464,0.680018,0.998937,0.769920,0.925895,0.391580,0.763882,0.177028,0.943225,0.977617,0.833600,0.991445,0.843104,0.950612,0.947141,0.608623,-0.959366,0.863318,-0.868605,0.613947,0.951027,0.538410,0.825915,-0.697959,0.555521,0.145764,0.994193,0.952500,0.582709,0.939553,0.771261,0.918134,0.803499,0.205015,0.785954,0.725319,0.997713,0.230808,0.815909,0.560682,0.170633,0.759828,0.940151,0.944145,0.867593,0.847801,0.950255,0.992287,0.933205,0.969443,0.638539,0.986970,0.993843,0.983327,0.929347,0.513817,0.465705,0.957215,0.997696,0.991568,0.920410,0.937612,0.868374,0.961860,0.928861,0.978472,0.931414,0.990192,0.623764,0.884131,0.921180,0.896737,0.875010,0.892100,0.995324,0.535897,0.970820,0.681924,0.151902,0.934525,0.955973,0.870761,0.663519,0.926169,0.961155,1.000000,0.891406,0.879828,0.162588,0.925257,0.896472,0.947301,0.936209,0.505109,-0.857099,0.962220
Gustatory areas,0.918236,0.890734,-0.107612,0.506882,0.935299,-0.377421,-0.282530,0.938480,0.904072,0.693267,0.724296,0.888500,0.669348,0.967522,-0.068548,0.619454,0.051152,0.494765,0.458708,0.486265,0.955676,0.965121,0.255659,0.970853,0.995073,0.614936,-0.995769,0.228538,0.810034,0.983554,0.995210,0.860284,0.779021,0.970060,0.973425,0.977002,0.982739,0.993920,0.990421,0.917449,0.996471,0.981758,-0.301261,-0.059992,0.977653,0.976000,0.678350,0.456679,0.971911,0.948411,0.708455,0.409963,0.653265,0.979380,0.880873,0.948044,0.996907,0.138462,-0.011466,0.881818,0.527275,-0.002677,0.153462,-0.118400,0.668453,0.088849,-0.431200,0.987667,0.062879,-0.418702,0.380123,-0.348373,0.053307,-0.134193,0.686937,0.213766,0.891881,0.662750,0.694943,0.716563,0.262857,0.589843,0.731925,0.990017,0.705752,0.678452,0.825042,0.874767,0.260912,0.800158,0.861682,0.952737,0.991547,0.703971,0.486005,0.902001,0.983942,0.990952,0.249276,0.516890,-0.854360,0.922433,0.102228,0.826591,0.550342,0.596953,0.912734,0.870529,0.405628,0.806705,0.964141,0.973259,0.654120,0.717229,0.130841,0.860272,-0.167042,0.900564,0.914687,0.965421,0.947283,0.894642,0.895222,0.885332,0.427032,0.862992,0.849158,0.377178,0.567126,0.137086,0.779336,-0.238764,-0.142339,0.601569,0.395370,0.578063,0.312222,0.501494,0.198710,0.496143,0.944353,0.930044,0.502315,0.869602,0.910859,0.963318,0.765906,0.677689,0.487135,0.692404,0.864805,0.808407,0.926359,0.984145,0.737088,0.959337,0.493279,-0.740920,0.623771,-0.998088,0.878043,0.977282,0.823968,0.982332,-0.838926,0.787586,-0.209994,0.915863,0.947902,0.230822,0.976350,0.723919,0.964085,0.900935,0.412503,0.936075,0.843148,0.896931,-0.208860,0.529811,0.137042,-0.276346,0.560858,0.688649,0.753508,0.648936,0.992678,0.720396,0.934569,0.991122,0.835130,0.912175,0.915680,0.846108,0.795596,0.938349,0.151122,0.297689,0.874669,0.887430,0.942619,0.644030,0.915546,0.930387,0.981374,0.925612,0.921189,0.866913,0.914705,0.872181,0.918561,0.888278,0.781843,0.923493,0.953081,0.910253,0.121535,0.935225,0.290038,-0.119022,0.936018,0.953593,0.959386,0.772219,0.801250,0.974699,0.891406,1.000000,0.975049,0.303469,0.987214,0.755754,0.911856,0.945677,0.771475,-0.537440,0.971051
Parapyramidal nucleus,0.921915,0.855960,-0.115691,0.576288,0.837251,-0.196700,-0.142471,0.975958,0.962143,0.826637,0.858004,0.958022,0.814230,0.995461,0.154504,0.745039,0.167628,0.675282,0.621295,0.666131,0.988834,0.904890,0.075939,0.986247,0.949020,0.768503,-0.953343,0.349522,0.864877,0.935953,0.957978,0.860984,0.627151,0.897899,0.921129,0.928943,0.944679,0.992367,0.935063,0.981308,0.957031,0.915264,-0.109144,0.163093,0.911185,0.904763,0.758055,0.275965,0.995936,0.995054,0.846555,0.594400,0.804265,0.910714,0.755205,0.930618,0.959317,-0.023477,-0.174957,0.756288,0.512240,0.219377,0.367853,0.090264,0.815808,0.290947,-0.543058,0.974991,0.126425,-0.318420,0.399247,-0.337028,-0.073889,0.087489,0.642039,0.022649,0.842553,0.738053,0.772980,0.850782,0.261081,0.711035,0.857316,0.974317,0.751825,0.817175,0.926615,0.849125,0.406604,0.913305,0.877654,0.993929,0.970831,0.828214,0.293076,0.784056,0.942511,0.995264,0.224696,0.632932,-0.934754,0.981848,0.045739,0.930203,0.419715,0.741768,0.834726,0.840496,0.561267,0.804784,0.906624,0.932533,0.677019,0.850679,-0.044695,0.944342,0.021049,0.781681,0.978376,0.962938,0.990343,0.970544,0.840172,0.913454,0.614500,0.852854,0.847330,0.366732,0.556953,0.214545,0.894573,-0.191514,-0.058249,0.682179,0.466564,0.591535,0.301045,0.446646,0.197479,0.665404,0.971754,0.988034,0.655575,0.860083,0.974724,0.893393,0.737392,0.811521,0.315105,0.679727,0.807632,0.676399,0.891845,0.993254,0.691414,0.983477,0.663236,-0.765916,0.709990,-0.981066,0.913744,0.931057,0.712461,0.988700,-0.697750,0.876118,-0.045069,0.921108,0.976754,0.356081,0.921812,0.851775,0.994251,0.974267,0.578575,0.984183,0.938742,0.870383,-0.255151,0.450553,0.203197,-0.186493,0.692177,0.669371,0.807585,0.556239,0.946371,0.688070,0.931957,0.985558,0.878245,0.911215,0.932615,0.822530,0.782437,0.981204,0.050767,0.113886,0.925082,0.890960,0.926922,0.637989,0.965200,0.987853,0.961928,0.974427,0.945184,0.775186,0.927558,0.764622,0.980279,0.793401,0.870025,0.983973,0.995039,0.915227,0.208807,0.878448,0.350638,-0.282226,0.978329,0.977196,0.998063,0.891386,0.874654,0.975501,0.879828,0.975049,1.000000,0.493947,0.992360,0.652962,0.833462,0.871349,0.851450,-0.571067,0.928056
Presubiculum,0.259220,0.068977,-0.408164,0.223037,-0.052998,0.402651,0.198184,0.459339,0.523040,0.896993,0.800043,0.571246,0.902322,0.471421,0.857577,0.600552,0.205649,0.931982,0.978593,0.960841,0.470918,0.079010,-0.428355,0.400317,0.225438,0.796165,-0.247114,0.314608,0.387161,0.156364,0.225336,0.182878,-0.231289,0.064518,0.118894,0.139541,0.185378,0.406435,0.176504,0.602089,0.226321,0.135475,0.806600,0.872718,0.158012,0.089995,0.792259,-0.388695,0.458854,0.565540,0.866234,0.822825,0.894906,0.108265,-0.123737,0.206703,0.233422,-0.365271,-0.435866,-0.171896,-0.131820,0.891225,0.957245,0.910173,0.890408,0.720695,-0.862350,0.298639,-0.038398,-0.038026,-0.076117,-0.408658,-0.214648,0.796249,-0.142619,-0.850377,0.016129,0.361385,0.787127,0.784986,0.421724,0.901390,0.870841,0.381785,0.686844,0.904802,0.784283,0.088108,0.918254,0.773209,0.251973,0.522926,0.274089,0.887411,-0.685191,-0.123027,0.176723,0.407360,-0.320980,0.464657,-0.750096,0.575752,-0.508503,0.730248,-0.519580,0.941809,-0.053421,0.066595,0.965659,0.122171,0.085023,0.156520,0.110054,0.777689,-0.446222,0.746829,0.867310,-0.107883,0.661104,0.298889,0.592756,0.645548,-0.000511,0.334551,0.974445,0.139521,0.161214,-0.199562,-0.087421,0.058460,0.830202,-0.225389,-0.027642,0.341764,0.163765,0.017772,-0.236679,-0.300304,-0.252581,0.783412,0.412587,0.596793,0.672959,0.148663,0.669540,0.050650,0.409289,0.717069,-0.329428,-0.012701,-0.039818,-0.305997,0.110463,0.464731,-0.108307,0.423779,0.786089,-0.184666,0.386567,-0.351493,0.632526,0.145987,0.015493,0.464097,0.210966,0.799966,0.356502,0.263370,0.427264,0.337789,0.118763,0.736061,0.475580,0.673562,0.983111,0.618749,0.762848,0.107628,-0.588233,-0.370364,0.006805,-0.046705,0.584615,-0.042022,0.330979,-0.337496,0.238748,-0.070103,0.251958,0.343968,0.353681,0.497545,0.317399,0.068556,0.065884,0.492764,-0.639292,-0.795590,0.435552,0.223194,0.206406,-0.019767,0.490657,0.590585,0.254245,0.504411,0.359109,-0.147679,0.296901,0.020196,0.584010,-0.130400,0.539031,0.590880,0.532425,0.255397,0.096884,0.042206,0.057212,-0.922210,0.484150,0.408834,0.541298,0.831394,0.476169,0.332257,0.162588,0.303469,0.493947,1.000000,0.390454,-0.286878,-0.055681,0.005726,0.784401,-0.079032,0.144509
Medullary reticular nucleus dorsal part,0.955067,0.910596,-0.027235,0.617039,0.887605,-0.225002,-0.134041,0.981341,0.960629,0.754580,0.814410,0.949760,0.745613,0.994727,0.068957,0.736463,0.194514,0.603248,0.521987,0.585351,0.990304,0.948588,0.098564,0.996155,0.967267,0.726974,-0.968402,0.370083,0.886284,0.969766,0.981900,0.905727,0.672423,0.938233,0.960510,0.966098,0.977031,0.992328,0.959468,0.964567,0.979423,0.942198,-0.226039,0.074580,0.931898,0.939761,0.677100,0.309097,0.996404,0.980013,0.787048,0.543955,0.739756,0.943011,0.800347,0.966973,0.981109,-0.018178,-0.168403,0.814013,0.592559,0.131530,0.274702,-0.023301,0.751741,0.243962,-0.438350,0.994928,0.183563,-0.289061,0.471417,-0.261609,-0.094211,0.009879,0.723022,0.142157,0.901618,0.763518,0.694042,0.810567,0.179327,0.619088,0.791000,0.971174,0.679431,0.744953,0.877255,0.902973,0.291030,0.871543,0.914514,0.986833,0.992363,0.753932,0.397826,0.836191,0.975065,0.998418,0.318078,0.642344,-0.883781,0.969575,0.151390,0.896215,0.528462,0.655258,0.895590,0.896628,0.455213,0.857786,0.950402,0.969603,0.732785,0.811922,-0.028056,0.897184,-0.099788,0.829168,0.946045,0.986957,0.965889,0.947887,0.900220,0.939333,0.528783,0.902121,0.894851,0.451477,0.633182,0.263521,0.837267,-0.128691,-0.012554,0.709585,0.511869,0.656953,0.387976,0.542164,0.282799,0.624563,0.983358,0.970244,0.633598,0.908095,0.939927,0.938006,0.695188,0.784411,0.341764,0.748432,0.873209,0.756703,0.939755,0.983983,0.768398,0.991709,0.621847,-0.813036,0.731805,-0.985732,0.867003,0.967753,0.724770,0.977650,-0.750983,0.810415,-0.053800,0.953939,0.985884,0.373649,0.960107,0.820871,0.993505,0.943426,0.475422,0.955074,0.893003,0.920984,-0.155507,0.551521,0.258245,-0.146442,0.685142,0.741009,0.836958,0.652816,0.960776,0.761974,0.964696,0.998737,0.903444,0.879426,0.958987,0.879685,0.841569,0.981405,0.167257,0.232877,0.938070,0.930017,0.963881,0.707612,0.967864,0.971364,0.988298,0.974084,0.965916,0.846682,0.956495,0.783364,0.966942,0.860706,0.870644,0.968600,0.986024,0.949341,0.252511,0.930649,0.405413,-0.161747,0.980151,0.988322,0.985339,0.835527,0.884074,0.994015,0.925257,0.987214,0.992360,0.390454,1.000000,0.741411,0.894567,0.922840,0.782579,-0.629276,0.966532
Intercalated amygdalar nucleus,0.850501,0.935685,0.467939,0.659691,0.892545,-0.303306,-0.039549,0.717707,0.666352,0.137746,0.336421,0.622201,0.151063,0.692837,-0.410932,0.474454,0.290519,0.034673,-0.173407,-0.026065,0.702177,0.900572,0.183699,0.751785,0.774169,0.287774,-0.757592,0.378644,0.740509,0.861601,0.816149,0.879713,0.711168,0.874140,0.885559,0.877423,0.859154,0.693368,0.802136,0.585519,0.805865,0.803383,-0.791584,-0.423347,0.761912,0.845859,0.031601,0.388707,0.700412,0.604739,0.229853,0.112404,0.169939,0.833386,0.801311,0.875316,0.803840,0.007594,-0.090587,0.880208,0.855974,-0.379927,-0.309488,-0.630604,0.180557,-0.077261,0.264412,0.804645,0.446657,-0.034778,0.728262,0.233332,-0.184825,-0.408572,0.949194,0.747402,0.953015,0.678179,0.054468,0.352387,-0.325228,-0.067243,0.194398,0.660700,0.078560,0.130401,0.346817,0.926517,-0.425409,0.385327,0.843263,0.652990,0.811204,0.124529,0.844703,0.865323,0.858708,0.715539,0.735563,0.507253,-0.341327,0.613401,0.684889,0.444890,0.961464,-0.010697,0.957140,0.934421,-0.257636,0.891568,0.902434,0.879810,0.820783,0.361324,0.062436,0.371924,-0.725270,0.834746,0.486656,0.822129,0.542805,0.541921,0.957142,0.800770,-0.092393,0.901529,0.887285,0.781988,0.862101,0.458340,0.275828,0.258808,0.247641,0.651464,0.611366,0.820443,0.749607,0.902311,0.667757,0.220841,0.752843,0.583390,0.330222,0.898823,0.468806,0.897690,0.251834,0.406288,0.376350,0.901064,0.968613,0.964203,0.919015,0.637250,0.958830,0.739923,0.215960,-0.829359,0.636497,-0.713831,0.350465,0.876156,0.568341,0.622864,-0.810539,0.209327,-0.076660,0.848032,0.741057,0.364879,0.879164,0.410541,0.692032,0.493571,-0.226948,0.509867,0.377449,0.921161,0.437826,0.937539,0.487483,0.123260,0.447383,0.911672,0.749886,0.983419,0.748447,0.938098,0.854607,0.770462,0.772757,0.439526,0.816613,0.928574,0.913393,0.689492,0.753301,0.808370,0.730078,0.865520,0.876580,0.877957,0.693969,0.591307,0.835087,0.681702,0.790760,0.980781,0.828779,0.644958,0.605816,0.967321,0.616856,0.595692,0.641892,0.851873,0.422125,0.935072,0.588553,0.541846,0.697521,0.753469,0.620795,0.282803,0.673933,0.796907,0.896472,0.755754,0.652962,-0.286878,0.741411,1.000000,0.957735,0.924741,0.171937,-0.762479,0.885292
Medullary reticular nucleus ventral part,0.929995,0.973010,0.236856,0.622724,0.972749,-0.371155,-0.164278,0.855202,0.806567,0.383253,0.517987,0.771644,0.379511,0.854040,-0.301562,0.555497,0.188777,0.226848,0.085778,0.186153,0.853900,0.987513,0.243543,0.892555,0.922809,0.437340,-0.912703,0.321762,0.809643,0.970932,0.947571,0.921958,0.797171,0.974780,0.981380,0.977647,0.968185,0.868999,0.938590,0.762896,0.942092,0.936491,-0.634841,-0.305263,0.909425,0.960170,0.317017,0.458746,0.860987,0.790125,0.445650,0.235585,0.383179,0.953867,0.895365,0.960471,0.940884,0.082063,-0.044956,0.943750,0.759143,-0.252975,-0.139167,-0.456218,0.396810,-0.025890,-0.022807,0.934886,0.293940,-0.218935,0.612078,-0.015951,-0.076502,-0.329538,0.890463,0.568510,0.985424,0.703554,0.338544,0.524168,-0.079301,0.213210,0.435842,0.848702,0.361045,0.371620,0.572647,0.959397,-0.154877,0.583783,0.898997,0.821919,0.941372,0.380886,0.750349,0.943073,0.968771,0.880596,0.561722,0.530180,-0.584482,0.782508,0.467723,0.632786,0.844472,0.248583,0.999997,0.962706,0.011328,0.905301,0.987951,0.976728,0.791278,0.529973,0.113251,0.605403,-0.533745,0.923922,0.701556,0.934553,0.752294,0.724998,0.989972,0.882666,0.118457,0.937455,0.921792,0.646184,0.780347,0.333136,0.507639,0.045506,0.078662,0.659283,0.542994,0.757728,0.597334,0.779438,0.495557,0.341718,0.880151,0.767818,0.412500,0.938726,0.688963,0.985856,0.500444,0.539484,0.464126,0.860647,0.983458,0.962394,0.978881,0.829481,0.918963,0.879343,0.337397,-0.835357,0.659649,-0.884763,0.604874,0.976831,0.726780,0.820175,-0.883550,0.473412,-0.156527,0.927281,0.874446,0.314020,0.979017,0.563432,0.851796,0.698671,0.032105,0.726751,0.599980,0.966198,0.176557,0.815883,0.351893,-0.057807,0.512134,0.866023,0.789980,0.898642,0.906115,0.897597,0.940430,0.914992,0.841641,0.677813,0.907001,0.947558,0.914623,0.837484,0.535423,0.642663,0.832800,0.925279,0.958636,0.824208,0.829310,0.772835,0.951197,0.826459,0.893101,0.995035,0.914342,0.794692,0.775938,0.996760,0.718654,0.772117,0.815255,0.927117,0.303200,0.994715,0.482714,0.291162,0.841368,0.885044,0.805571,0.508309,0.763474,0.923086,0.947301,0.911856,0.833462,-0.055681,0.894567,0.957735,1.000000,0.994778,0.444227,-0.702319,0.979280
Parastrial nucleus,0.928266,0.959550,0.138930,0.574943,0.986677,-0.414903,-0.230899,0.873317,0.824035,0.444461,0.549259,0.792065,0.432222,0.883115,-0.284963,0.547219,0.122809,0.264688,0.157900,0.233413,0.878382,0.997309,0.288423,0.914320,0.956808,0.455528,-0.949003,0.268077,0.799545,0.988029,0.972464,0.906333,0.828432,0.992393,0.993571,0.990999,0.983678,0.908125,0.968783,0.795562,0.969434,0.967286,-0.582834,-0.285109,0.946834,0.983523,0.405151,0.500303,0.890222,0.827851,0.492198,0.245298,0.428758,0.979443,0.922027,0.963408,0.968283,0.135386,0.001694,0.956685,0.697031,-0.230980,-0.102789,-0.406236,0.443706,-0.038270,-0.116578,0.955683,0.213008,-0.300458,0.541807,-0.115452,-0.010080,-0.323684,0.843730,0.509928,0.972008,0.676528,0.425676,0.551286,0.020612,0.296129,0.494940,0.895754,0.452068,0.430658,0.624775,0.943146,-0.067093,0.622823,0.886952,0.852959,0.963248,0.447964,0.719020,0.960369,0.985208,0.914181,0.477748,0.501479,-0.646532,0.811970,0.375255,0.667539,0.790613,0.318014,0.994944,0.945258,0.091049,0.879463,0.996721,0.987594,0.748271,0.555783,0.158425,0.662304,-0.470898,0.946541,0.751167,0.946655,0.801425,0.759233,0.977512,0.879478,0.166279,0.920598,0.903544,0.571901,0.722627,0.259365,0.562122,-0.047922,-0.004574,0.626007,0.485327,0.704374,0.518390,0.712965,0.410663,0.349340,0.895055,0.804063,0.405104,0.923288,0.741055,0.997800,0.585634,0.550937,0.511040,0.816822,0.964494,0.950016,0.974050,0.874755,0.878793,0.899586,0.345273,-0.804446,0.631468,-0.924054,0.678057,0.990085,0.782328,0.868228,-0.904908,0.546229,-0.209873,0.925289,0.891704,0.262268,0.993251,0.582796,0.880013,0.742924,0.105469,0.778848,0.650846,0.954649,0.075182,0.752666,0.275253,-0.142002,0.498000,0.821046,0.769257,0.849292,0.944294,0.855710,0.941872,0.940931,0.832273,0.748183,0.908165,0.925905,0.885399,0.859460,0.447589,0.585474,0.835857,0.915966,0.960130,0.775303,0.845460,0.807850,0.966984,0.846557,0.898286,0.981165,0.914026,0.843789,0.805647,0.989333,0.719064,0.804647,0.848146,0.923598,0.231319,0.992936,0.414150,0.209346,0.861667,0.902089,0.843839,0.559635,0.759945,0.940460,0.936209,0.945677,0.871349,0.005726,0.922840,0.924741,0.994778,1.000000,0.522712,-0.648561,0.989280
Interanteromedial nucleus of the thalamus,0.591006,0.457695,-0.554338,0.203639,0.521638,-0.178049,-0.289351,0.751632,0.757826,0.947940,0.824116,0.779555,0.909132,0.808655,0.377652,0.553097,-0.106597,0.779136,0.893712,0.818084,0.786835,0.578954,0.106311,0.756317,0.736805,0.720733,-0.753907,0.074255,0.559104,0.645451,0.706485,0.481939,0.421696,0.601568,0.608039,0.622449,0.651810,0.829001,0.701173,0.848661,0.715731,0.681406,0.350566,0.400385,0.710691,0.634516,0.985921,0.218730,0.806262,0.866698,0.894291,0.594637,0.873709,0.651366,0.505532,0.600438,0.719125,0.098512,-0.032989,0.440141,0.018266,0.444742,0.603330,0.484399,0.884290,0.307515,-0.902595,0.719495,-0.252335,-0.510254,-0.063874,-0.687829,0.159898,0.281278,0.149906,-0.437325,0.436342,0.413581,0.989260,0.799861,0.649193,0.967131,0.950523,0.843025,0.966015,0.936094,0.940602,0.447909,0.815472,0.879118,0.523523,0.828889,0.714881,0.969183,-0.132614,0.485855,0.651978,0.809342,-0.281572,0.373638,-0.974958,0.829616,-0.466533,0.860917,-0.104192,0.942870,0.446203,0.432665,0.885397,0.394012,0.577529,0.619277,0.250581,0.792803,0.033435,0.959574,0.483471,0.509166,0.928353,0.678790,0.915495,0.859943,0.434343,0.600168,0.794146,0.461135,0.458220,-0.130459,0.072671,-0.148482,0.943358,-0.532624,-0.364650,0.352006,0.086596,0.137047,-0.196065,-0.080469,-0.282909,0.617008,0.724495,0.865070,0.524037,0.473206,0.938112,0.573289,0.862445,0.698566,0.277577,0.216861,0.380049,0.260640,0.522754,0.868679,0.212806,0.754938,0.617456,-0.368272,0.399539,-0.808781,0.975464,0.624968,0.629787,0.876712,-0.429055,0.996191,-0.140303,0.590608,0.740365,0.091611,0.616345,0.757465,0.805708,0.908395,0.875167,0.930292,0.937060,0.483528,-0.695012,-0.083869,-0.179680,-0.447085,0.495754,0.198755,0.470131,0.039446,0.755029,0.214187,0.607224,0.757432,0.560876,0.927769,0.623631,0.406484,0.353272,0.778411,-0.479809,-0.365127,0.657562,0.534279,0.592621,0.171249,0.745990,0.858556,0.680875,0.770252,0.657412,0.353018,0.609607,0.635896,0.831835,0.393080,0.642669,0.846733,0.839215,0.579202,-0.134380,0.509084,-0.050312,-0.721779,0.767978,0.734970,0.864199,0.929548,0.613562,0.715255,0.505109,0.771475,0.851450,0.784401,0.782579,0.171937,0.444227,0.522712,1.000000,-0.139726,0.610191
Tuberomammillary nucleus dorsal part,-0.826999,-0.834861,-0.742433,-0.986389,-0.520562,-0.378524,-0.586576,-0.733736,-0.746695,-0.318600,-0.606736,-0.728211,-0.392473,-0.646535,-0.201725,-0.843907,-0.830576,-0.433581,-0.071203,-0.343025,-0.685597,-0.651515,0.493317,-0.690176,-0.493137,-0.660765,0.480354,-0.887543,-0.898046,-0.627193,-0.588510,-0.891584,-0.134794,-0.566149,-0.652418,-0.653175,-0.657801,-0.528580,-0.505210,-0.636809,-0.564294,-0.472101,0.366575,-0.178375,-0.411043,-0.523125,0.026340,0.289940,-0.641872,-0.588613,-0.468015,-0.610925,-0.451527,-0.511439,-0.311816,-0.774130,-0.567549,0.637124,0.713418,-0.432257,-0.975113,-0.210756,-0.208663,0.158481,-0.446763,-0.553585,-0.233545,-0.662220,-0.874601,-0.524307,-0.979214,-0.580356,0.762443,-0.235090,-0.927026,-0.348845,-0.808978,-0.953337,0.006116,-0.637006,0.641515,-0.016938,-0.356326,-0.430480,0.088667,-0.334230,-0.455219,-0.861751,0.269207,-0.568281,-0.889485,-0.640617,-0.641603,-0.260331,-0.347305,-0.425843,-0.644501,-0.584844,-0.904039,-0.914170,0.356080,-0.660946,-0.790836,-0.611371,-0.713083,-0.183485,-0.702322,-0.860448,0.054078,-0.928631,-0.664519,-0.684861,-0.989310,-0.647564,0.597712,-0.412737,0.350468,-0.376590,-0.486733,-0.736885,-0.481919,-0.625095,-0.793175,-0.855327,-0.300042,-0.884932,-0.900024,-0.957675,-0.980720,-0.902739,-0.419532,-0.689056,-0.752083,-0.963698,-0.977810,-0.995407,-0.939911,-0.917930,-0.910206,-0.677051,-0.748458,-0.606047,-0.783901,-0.879513,-0.462127,-0.613601,0.121017,-0.738433,0.294006,-0.965204,-0.819187,-0.576191,-0.791543,-0.485968,-0.912517,-0.709235,-0.673588,0.964057,-0.949073,0.502633,-0.198659,-0.657613,-0.036515,-0.455219,0.292908,-0.218722,-0.580043,-0.830045,-0.733749,-0.880520,-0.633143,-0.699291,-0.655038,-0.538824,-0.026234,-0.455497,-0.471175,-0.838663,-0.614049,-0.869996,-0.907070,-0.653392,-0.853880,-0.959915,-0.939465,-0.829408,-0.454228,-0.937127,-0.802287,-0.633491,-0.892349,-0.186293,-0.823735,-0.887353,-0.927866,-0.709847,-0.713543,-0.423639,-0.832273,-0.865654,-0.785065,-0.979039,-0.752883,-0.616092,-0.687946,-0.725859,-0.806457,-0.713822,-0.828310,-0.142081,-0.659598,-0.670800,-0.842662,-0.637137,-0.626217,-0.837906,-0.890543,-0.732235,-0.960896,-0.309852,-0.721397,-0.731036,-0.579017,-0.447906,-0.867025,-0.705157,-0.857099,-0.537440,-0.571067,-0.079032,-0.629276,-0.762479,-0.702319,-0.648561,-0.139726,1.000000,-0.686326
Median eminence,0.965861,0.970485,0.121451,0.634939,0.961093,-0.317367,-0.157649,0.934989,0.897514,0.561679,0.665395,0.872522,0.555182,0.940711,-0.143389,0.650819,0.193870,0.402500,0.285698,0.371265,0.938480,0.996747,0.186929,0.963402,0.968495,0.579076,-0.963230,0.349883,0.865036,0.996873,0.989046,0.938630,0.763805,0.985033,0.998609,0.998985,0.998466,0.948691,0.974015,0.874529,0.984855,0.965104,-0.467088,-0.142889,0.945060,0.977462,0.489673,0.405643,0.945494,0.897408,0.611808,0.380009,0.554422,0.975344,0.877720,0.989026,0.984910,0.041465,-0.099553,0.911360,0.702547,-0.087058,0.043441,-0.273016,0.567730,0.093536,-0.212635,0.987358,0.249381,-0.259168,0.562847,-0.129901,-0.083943,-0.186413,0.837556,0.390902,0.973671,0.748036,0.509686,0.667104,0.037927,0.403372,0.608361,0.927770,0.516349,0.550551,0.725953,0.959081,0.043569,0.729362,0.929380,0.918636,0.990013,0.560239,0.611596,0.921042,0.997963,0.957926,0.464618,0.593313,-0.736105,0.888016,0.335318,0.768635,0.723686,0.439534,0.979742,0.958119,0.212985,0.907166,0.997773,0.999925,0.784558,0.671026,0.054825,0.754029,-0.351654,0.907002,0.831331,0.983276,0.869595,0.845164,0.975720,0.931336,0.306763,0.945956,0.933575,0.573559,0.733158,0.308103,0.670485,-0.034649,0.036853,0.698034,0.541348,0.730831,0.516687,0.691630,0.410460,0.477480,0.950234,0.880055,0.521985,0.949417,0.821390,0.991139,0.603986,0.663705,0.423561,0.831734,0.959628,0.895605,0.987243,0.922284,0.874603,0.953698,0.473770,-0.846428,0.708368,-0.954889,0.740850,0.999248,0.747303,0.914163,-0.848612,0.639336,-0.116799,0.963774,0.948144,0.347061,0.997136,0.694179,0.938831,0.828286,0.233821,0.850066,0.748788,0.971249,0.029045,0.717063,0.316511,-0.102128,0.602526,0.831491,0.831195,0.810828,0.956074,0.859281,0.976333,0.977721,0.891282,0.788581,0.954391,0.941607,0.905196,0.924892,0.381832,0.474482,0.902098,0.951648,0.986526,0.792177,0.913882,0.883417,0.993663,0.915158,0.949581,0.954678,0.957478,0.812613,0.883040,0.962188,0.805694,0.881672,0.914481,0.961566,0.285899,0.992469,0.458420,0.093437,0.926520,0.955369,0.908763,0.669977,0.837531,0.979980,0.962220,0.971051,0.928056,0.144509,0.966532,0.885292,0.979280,0.989280,0.610191,-0.686326,1.000000
