,Tuberomammillary nucleus ventral part,Inferior colliculus,Principal sensory nucleus of the trigeminal,Interfascicular nucleus raphe,Induseum griseum,Anterior amygdalar area,Intergeniculate leaflet of the lateral geniculate complex,Periventricular hypothalamic nucleus anterior part,Paraventricular hypothalamic nucleus,Anterior cingulate area dorsal part,Infralimbic area,Anterior cingulate area ventral part,Nucleus accumbens,Paraventricular hypothalamic nucleus descending division,Lateral terminal nucleus of the accessory optic tract,Anterodorsal preoptic nucleus,Dorsal terminal nucleus of the accessory optic tract,Inferior olivary complex,Anterior hypothalamic nucleus,Interposed nucleus,Dorsal cochlear nucleus,Interpeduncular nucleus,Ventral cochlear nucleus,Agranular insular area dorsal part,Inferior salivatory nucleus,Agranular insular area posterior part,Trochlear nucleus,Periventricular hypothalamic nucleus intermediate part,Agranular insular area ventral part,Periventricular hypothalamic nucleus posterior part,Anteromedial nucleus,Midbrain reticular nucleus,Nucleus ambiguus,Intermediate reticular nucleus,Pontine reticular nucleus,Locus ceruleus,Paraventricular nucleus of the thalamus,Accessory olfactory bulb,Lateral dorsal nucleus of thalamus,Anterior olfactory nucleus,Nucleus prepositus,Dorsal part of the lateral geniculate complex,Retrochiasmatic area,Nucleus of Roller,Ventral part of the lateral geniculate complex,Nucleus of reuniens,Frontal pole cerebral cortex,Lateral habenula,Rhomboid nucleus,Lateral hypothalamic area,Rostral linear nucleus raphe,Medial vestibular nucleus,Linear nucleus of the medulla,Nucleus raphe magnus,Area postrema,Lateral vestibular nucleus,Lateral mammillary nucleus,Red nucleus,Anterior pretectal nucleus,Superior vestibular nucleus,Lateral posterior nucleus of the thalamus,Lateral preoptic area,Nucleus raphe pallidus,Anterior tegmental nucleus,Lateral reticular nucleus,Nucleus raphe pontis,Midbrain reticular nucleus retrorubral area,Lateral septal nucleus caudal (caudodorsal) part,Lateral septal nucleus rostral (rostroventral) part,Reticular nucleus of the thalamus,Anteroventral preoptic nucleus,Anteroventral periventricular nucleus,Barrington's nucleus,Suprachiasmatic nucleus,Bed nucleus of the anterior commissure,Bed nucleus of the accessory olfactory tract,Superior colliculus motor related,Basolateral amygdalar nucleus,Magnocellular nucleus,Superior colliculus sensory related,Basomedial amygdalar nucleus,Suprageniculate nucleus,Primary somatosensory area barrel field,Accessory supraoptic group,Septohippocampal nucleus,Primary somatosensory area lower limb,Subfornical organ,Primary somatosensory area mouth,Subparaventricular zone,Subceruleus nucleus,Bed nuclei of the stria terminalis,Primary somatosensory area nose,Preparasubthalamic nucleus,Sublaterodorsal nucleus,Primary somatosensory area trunk,Mediodorsal nucleus of thalamus,Parasubthalamic nucleus,Submedial nucleus of the thalamus,Primary somatosensory area upper limb,Infracerebellar nucleus,Substantia nigra compact part,Supplemental somatosensory area,Field CA1,Primary visual area,Supraoptic nucleus,Anteromedial visual area,Medullary reticular nucleus,Superior olivary complex,Anterolateral visual area,Medial amygdalar nucleus,Lateral visual area,Field CA2,Posterolateral visual area,Spinal nucleus of the trigeminal oral part,Field CA3,Medial geniculate complex,Medial mammillary nucleus,Subiculum,Main olfactory bulb,Medial preoptic nucleus,Medial preoptic area,Medial pretectal area,posteromedial visual area,Central amygdalar nucleus,Temporal association areas,Medial septal nucleus,Postpiriform transition area,Tegmental reticular nucleus,Central lateral nucleus of the thalamus,Accessory facial motor nucleus,Taenia tecta,Central linear nucleus raphe,Diagonal band nucleus,Central medial nucleus of the thalamus,Subparafascicular area,Nucleus of the lateral lemniscus,Tuberal nucleus,Cuneiform nucleus,Nucleus of the lateral olfactory tract,Motor nucleus of trigeminal,Cortical amygdalar area anterior part,Nucleus of the trapezoid body,Cortical amygdalar area posterior part,Nucleus of the solitary tract,Abducens nucleus,Facial motor nucleus,Caudoputamen,Visceral area,Superior central nucleus raphe,Ventral medial nucleus of the thalamus,Ventrolateral preoptic nucleus,Ventromedial hypothalamic nucleus,Olivary pretectal nucleus,Cuneate nucleus,Ventral posterolateral nucleus of the thalamus,Dentate gyrus,Orbital area medial part,Ventral posteromedial nucleus of the thalamus,Orbital area ventrolateral part,Ventral tegmental area,Olfactory tubercle,Ventral tegmental nucleus,Vascular organ of the lamina terminalis,Nucleus x,Hypoglossal nucleus,Posterior amygdalar nucleus,Nucleus y,Piriform-amygdalar area,Periaqueductal gray,Zona incerta,Dorsal peduncular area,Dorsomedial nucleus of the hypothalamus,Dorsal motor nucleus of the vagus nerve,Parasubiculum,Dentate nucleus,Parvicellular reticular nucleus,Parasolitary nucleus,Parabrachial nucleus,Dorsal nucleus raphe,Parabigeminal nucleus,Retrosplenial area dorsal part,Dorsal tegmental nucleus,Retrosplenial area ventral part,Retrosplenial area lateral agranular part,Ectorhinal area,External cuneate nucleus,Paracentral nucleus,Lingula (I),Entorhinal area lateral part,Central lobule,Perirhinal area,Entorhinal area medial part dorsal zone,Culmen,Parafascicular nucleus,Pontine gray,Declive (VI),Folium-tuber vermis (VII),Posterior hypothalamic nucleus,Pyramus (VIII),Uvula (IX),Piriform area,Nodulus (X),Paragigantocellular reticular nucleus dorsal part,Prelimbic area,Edinger-Westphal nucleus,Paragigantocellular reticular nucleus lateral part,Dorsal premammillary nucleus,Fasciola cinerea,Primary motor area,Fastigial nucleus,Secondary motor area,Fundus of striatum,Primary auditory area,Ventral premammillary nucleus,Simple lobule,fiber tracts,Dorsal auditory area,Ansiform lobule,Ventral auditory area,Posterior complex of the thalamus,Paramedian lobule,Posterior auditory area,Posterior limiting nucleus of the thalamus,Copula pyramidis,Postsubiculum,Paraflocculus,Flocculus,Gustatory areas,Parapyramidal nucleus,Presubiculum,Medullary reticular nucleus dorsal part,Intercalated amygdalar nucleus,Medullary reticular nucleus ventral part,Parastrial nucleus,Interanteromedial nucleus of the thalamus,Tuberomammillary nucleus dorsal part,Median eminence
Tuberomammillary nucleus ventral part,1.000000,0.999381,0.782545,0.999930,0.987686,0.980274,0.990412,0.992797,0.987364,0.761076,0.955059,0.902730,0.922727,0.356902,0.469805,0.994631,0.996936,0.935807,0.921783,0.984450,0.591722,0.974839,0.962509,0.983641,0.874242,0.950832,0.544733,0.891833,0.997931,0.959988,0.882753,0.750499,0.963504,0.566378,0.810207,0.998047,0.583678,0.911398,0.776919,0.999150,0.929115,0.791794,0.950724,0.800884,0.956828,0.994970,0.961233,0.001097,0.904612,0.520885,0.221344,0.953721,0.973590,0.972972,0.800237,0.918123,0.941829,-0.459417,0.910658,0.296988,0.476531,0.908750,0.919778,0.951057,0.898651,0.652997,-0.468260,0.565637,0.895573,0.873060,0.790652,0.944083,0.943883,0.873094,0.337672,0.880964,0.833327,0.985103,0.810132,0.894287,0.264836,0.554672,0.984964,0.286875,0.113542,0.628089,0.509307,0.999775,0.641573,0.964509,0.949836,0.872962,0.969491,0.835354,0.832739,0.092602,0.409322,0.244222,0.861697,0.205603,-0.403440,0.884443,-0.229151,0.813416,0.930778,0.666749,0.891536,0.980330,-0.120455,-0.572818,0.999158,0.613220,0.356452,0.999685,-0.006052,0.454247,-0.570102,0.832090,0.889396,0.241055,0.212831,0.318234,0.951301,0.675973,0.941584,0.742310,0.387485,0.844362,0.836806,0.772259,0.704276,-0.295110,0.689408,0.794841,0.930835,0.921872,0.966881,0.784845,0.910177,0.669113,0.989163,0.696772,0.972403,0.648887,-0.403170,0.405492,0.852158,0.988641,0.509160,0.657126,-0.141641,-0.069143,0.871861,0.180434,0.333815,0.831162,0.669019,-0.155826,0.866318,-0.710270,0.399949,0.482346,0.215233,0.319346,0.876813,-0.199037,0.391134,0.943643,0.891816,0.720817,0.655116,0.837078,-0.789742,0.262826,0.022091,0.049699,0.758062,0.887731,0.460364,0.950944,0.987422,0.500628,0.804864,0.993860,0.625490,0.919983,-0.532453,0.532342,0.873441,-0.449898,0.371231,0.603440,-0.463761,0.714844,0.526338,0.612062,0.919313,0.957902,-0.855445,-0.073092,0.992665,-0.125086,0.750977,0.965697,0.893597,0.929799,0.900819,0.813185,0.974300,0.250679,-0.679278,-0.729551,0.699460,0.555575,-0.840271,0.993147,0.912184,-0.858591,0.804728,0.593380,-0.882979,0.530015,0.870834,0.885024,-0.904632,-0.565426,-0.598211,0.803771,0.828419,0.140782,0.716678,0.966592,0.882694,0.998252,0.394959,-0.359642,-0.752072
Inferior colliculus,0.999381,1.000000,0.772886,0.999162,0.992464,0.973346,0.986321,0.995697,0.992323,0.775002,0.964049,0.902030,0.923398,0.377033,0.495037,0.995389,0.998144,0.923043,0.907943,0.977709,0.601433,0.980901,0.955393,0.986855,0.887573,0.957612,0.552928,0.899536,0.995137,0.957274,0.884924,0.765910,0.972135,0.593985,0.825862,0.997312,0.604305,0.897395,0.794473,0.997835,0.928541,0.796634,0.960307,0.809247,0.962431,0.997607,0.952629,-0.006191,0.892954,0.500899,0.235141,0.944551,0.967127,0.980410,0.787586,0.930860,0.953062,-0.489476,0.921903,0.309981,0.492507,0.898418,0.918481,0.943666,0.883070,0.629070,-0.496039,0.540208,0.885007,0.858515,0.780740,0.934564,0.932108,0.878372,0.370578,0.863980,0.849989,0.978734,0.818299,0.878577,0.278246,0.564625,0.990419,0.290112,0.116300,0.644584,0.514466,0.999271,0.631575,0.958880,0.948110,0.862797,0.962049,0.833678,0.815668,0.125066,0.437098,0.275479,0.858555,0.228929,-0.434019,0.874375,-0.194949,0.792619,0.935488,0.674307,0.877057,0.986635,-0.139365,-0.596671,0.999973,0.632058,0.389080,0.998366,-0.039804,0.465106,-0.598646,0.845301,0.892706,0.252273,0.191122,0.311309,0.959845,0.699009,0.930697,0.744789,0.384939,0.841530,0.835662,0.767073,0.709805,-0.281285,0.687675,0.792036,0.921253,0.919527,0.965812,0.790118,0.901183,0.656393,0.983639,0.674484,0.964245,0.621717,-0.433114,0.385683,0.833236,0.983119,0.522770,0.635254,-0.175321,-0.078406,0.855043,0.146232,0.364180,0.833203,0.655837,-0.156795,0.861313,-0.707445,0.386795,0.485880,0.202878,0.319063,0.892007,-0.165922,0.422992,0.954597,0.884533,0.705845,0.676842,0.817797,-0.810698,0.229897,0.002408,0.021166,0.746664,0.873682,0.477949,0.944831,0.989149,0.471665,0.789725,0.990509,0.611558,0.923535,-0.528543,0.502394,0.874624,-0.480955,0.361220,0.582870,-0.480420,0.734144,0.525728,0.634244,0.931309,0.965067,-0.854093,-0.095715,0.996179,-0.142336,0.752402,0.973206,0.908223,0.938094,0.897579,0.826548,0.981622,0.283556,-0.678263,-0.719426,0.709445,0.575578,-0.854075,0.989288,0.900566,-0.874686,0.794832,0.614905,-0.894837,0.556804,0.854682,0.869255,-0.912787,-0.551028,-0.613573,0.782341,0.810190,0.144462,0.723368,0.958066,0.867907,0.995701,0.418307,-0.391487,-0.774355
Principal sensory nucleus of the trigeminal,0.782545,0.772886,1.000000,0.777372,0.714984,0.860513,0.746268,0.788248,0.727448,0.204324,0.610174,0.464262,0.495871,-0.286231,-0.105910,0.822340,0.799706,0.785353,0.870538,0.828380,-0.037658,0.779873,0.913518,0.660182,0.421174,0.560469,0.816893,0.855376,0.806981,0.612328,0.408646,0.196651,0.655304,0.112371,0.720213,0.746614,-0.010240,0.726224,0.267631,0.766590,0.518007,0.245587,0.605261,0.253907,0.572110,0.732696,0.723581,-0.498227,0.628079,0.188562,-0.433880,0.909392,0.893593,0.720572,0.993429,0.552878,0.656570,-0.014482,0.488895,-0.361845,-0.170398,0.607384,0.503602,0.930947,0.871302,0.886504,-0.373151,0.862952,0.968393,0.946234,0.999833,0.923892,0.771293,0.899408,0.024962,0.768847,0.378257,0.783743,0.268972,0.880656,-0.392990,-0.082613,0.719387,-0.339619,-0.491965,0.020066,-0.120537,0.793368,0.167924,0.917557,0.575853,0.526148,0.725011,0.352073,0.939324,0.040764,-0.138859,-0.255784,0.977446,-0.418009,0.061782,0.547740,-0.489262,0.744277,0.877611,0.061276,0.925370,0.705278,-0.424668,-0.520710,0.768567,0.014831,0.056028,0.796152,0.404834,-0.197874,-0.243780,0.326530,0.416491,0.621768,-0.103570,-0.226056,0.582735,0.177572,0.719210,0.183246,-0.199557,0.978486,0.968843,0.990336,0.117174,-0.825741,0.140185,0.298090,0.942625,0.951768,0.904211,0.909397,0.965759,0.985524,0.784701,0.504491,0.765399,0.700542,0.087985,0.052004,0.815799,0.841571,-0.136850,0.923586,0.276523,0.558679,0.893739,0.298179,0.241223,0.319823,0.984872,-0.672230,0.984161,-0.969615,-0.066222,0.840456,-0.256974,0.786282,0.669252,-0.239229,0.136428,0.678190,0.979544,0.986491,0.112019,0.863166,-0.419917,0.591089,-0.305510,-0.080132,0.998425,0.938571,-0.183809,0.935798,0.674267,0.770064,0.499147,0.842517,0.206173,0.900850,0.031872,0.686642,0.944623,-0.157285,-0.137872,0.308999,0.183081,0.177163,0.894675,0.050101,0.719727,0.796034,-0.968009,0.541209,0.762619,0.517468,0.945747,0.627925,0.516754,0.813477,0.966469,0.775700,0.704317,-0.182081,-0.950761,-0.288559,0.102415,-0.053786,-0.348968,0.841834,0.944503,-0.436299,0.999114,0.590794,-0.423835,0.013851,0.916752,0.902610,-0.447247,-0.138566,0.024423,0.785714,0.640897,-0.474192,0.130711,0.884229,0.931307,0.783215,0.489233,-0.156777,-0.492198
Interfascicular nucleus raphe,0.999930,0.999162,0.777372,1.000000,0.987318,0.980061,0.991825,0.991576,0.986700,0.764830,0.955127,0.907420,0.926740,0.362500,0.472234,0.993341,0.996002,0.937936,0.922327,0.984876,0.598763,0.972675,0.961046,0.984693,0.875628,0.952390,0.534828,0.886518,0.997931,0.963188,0.887467,0.753850,0.962914,0.565377,0.804192,0.998678,0.587172,0.914641,0.778716,0.999562,0.933122,0.797611,0.950665,0.805742,0.958561,0.994933,0.963845,0.012747,0.909043,0.530323,0.229461,0.952751,0.972509,0.971569,0.796249,0.917760,0.940200,-0.458067,0.911824,0.305050,0.482769,0.913294,0.924117,0.949156,0.899295,0.651869,-0.460663,0.564055,0.892952,0.871587,0.785671,0.942779,0.946146,0.867282,0.333538,0.883709,0.834053,0.986309,0.814888,0.894717,0.272912,0.561969,0.984290,0.296937,0.124097,0.632754,0.517930,0.999460,0.650578,0.962604,0.953332,0.878508,0.971892,0.841477,0.831463,0.084600,0.410812,0.244589,0.856425,0.210651,-0.402598,0.889715,-0.232120,0.816636,0.926406,0.673559,0.890728,0.979636,-0.108984,-0.564955,0.998968,0.617144,0.352068,0.999531,-0.005087,0.462040,-0.566350,0.834718,0.893755,0.229592,0.223792,0.329246,0.951965,0.676557,0.944591,0.749224,0.397860,0.838727,0.830798,0.765935,0.711099,-0.287119,0.697483,0.801706,0.928984,0.917792,0.964065,0.777516,0.907410,0.663330,0.990187,0.703306,0.974249,0.652178,-0.403003,0.415810,0.854070,0.988551,0.515861,0.654794,-0.140231,-0.078608,0.871993,0.186393,0.326083,0.836866,0.663370,-0.144817,0.861477,-0.702794,0.410724,0.472281,0.226740,0.308900,0.872912,-0.206135,0.385908,0.941695,0.888052,0.716388,0.657011,0.837937,-0.787865,0.263981,0.033586,0.059563,0.753012,0.886495,0.466194,0.948609,0.988651,0.500815,0.811231,0.993254,0.634551,0.915304,-0.542099,0.534890,0.867839,-0.445361,0.382139,0.611926,-0.469874,0.717009,0.516974,0.614396,0.915914,0.954876,-0.849788,-0.078737,0.991778,-0.132472,0.743451,0.965971,0.893069,0.925713,0.896373,0.806742,0.973265,0.249278,-0.671224,-0.737561,0.705317,0.559661,-0.842428,0.992678,0.910555,-0.858715,0.799968,0.585078,-0.884834,0.530603,0.870327,0.884904,-0.907337,-0.575026,-0.603594,0.806207,0.833198,0.151155,0.723115,0.966135,0.881719,0.998655,0.385173,-0.353551,-0.747871
Induseum griseum,0.987686,0.992464,0.714984,0.987318,1.000000,0.938061,0.966142,0.993772,0.999678,0.830392,0.988736,0.904681,0.928978,0.464444,0.591141,0.985318,0.990747,0.873332,0.849801,0.944928,0.652274,0.988118,0.915971,0.992744,0.932883,0.978462,0.549644,0.904492,0.975610,0.947636,0.898451,0.825732,0.993520,0.688079,0.858990,0.987232,0.685389,0.846535,0.857499,0.984965,0.929438,0.824070,0.986863,0.846873,0.979373,0.998107,0.919477,0.000469,0.854271,0.449380,0.307626,0.899029,0.931123,0.994941,0.721872,0.968515,0.981278,-0.592627,0.958520,0.378638,0.565283,0.864937,0.917747,0.902063,0.818980,0.531226,-0.572621,0.436294,0.830080,0.792378,0.722381,0.886870,0.886364,0.873090,0.477345,0.800930,0.906099,0.949578,0.854813,0.813433,0.348780,0.617439,0.999604,0.328518,0.155950,0.713346,0.553789,0.987299,0.614671,0.923666,0.943080,0.833150,0.932510,0.837471,0.741127,0.221276,0.540461,0.390007,0.823764,0.327969,-0.541078,0.844193,-0.074803,0.717448,0.931735,0.715822,0.812920,0.998952,-0.175123,-0.656992,0.993248,0.707485,0.493921,0.983840,-0.161910,0.523639,-0.688228,0.894143,0.909366,0.258475,0.140457,0.314555,0.984636,0.779756,0.890413,0.767107,0.401920,0.807000,0.806375,0.722502,0.743497,-0.204310,0.698238,0.794169,0.871868,0.890574,0.944820,0.781246,0.851519,0.586443,0.957050,0.604439,0.930431,0.524669,-0.539768,0.338428,0.760869,0.953314,0.587823,0.541498,-0.294628,-0.139398,0.785144,0.035172,0.451190,0.849585,0.584562,-0.127147,0.820831,-0.668857,0.365544,0.465447,0.188394,0.284906,0.928923,-0.062007,0.522239,0.980836,0.838490,0.630991,0.756714,0.741197,-0.875587,0.108909,-0.037462,-0.056429,0.682908,0.809935,0.555653,0.906706,0.990005,0.360378,0.744664,0.967208,0.580402,0.914703,-0.537031,0.393994,0.854783,-0.578679,0.352248,0.525677,-0.555478,0.805269,0.491579,0.717470,0.957442,0.974039,-0.824880,-0.195094,0.997495,-0.226377,0.729028,0.992910,0.952622,0.948441,0.864456,0.849923,0.996772,0.398916,-0.644994,-0.698367,0.756892,0.656320,-0.903676,0.964511,0.844462,-0.926729,0.737041,0.665145,-0.935972,0.652798,0.785409,0.802387,-0.942466,-0.520253,-0.680489,0.702649,0.748886,0.186751,0.760134,0.916287,0.802229,0.978233,0.472845,-0.488472,-0.837789
Anterior amygdalar area,0.980274,0.973346,0.860513,0.980061,0.938061,1.000000,0.980692,0.960709,0.938870,0.631099,0.877652,0.850221,0.866580,0.185533,0.288778,0.975885,0.972766,0.974141,0.978767,0.998170,0.466542,0.931246,0.993127,0.932882,0.762829,0.875659,0.556515,0.863931,0.990804,0.929357,0.813305,0.614864,0.892962,0.394430,0.741709,0.973819,0.419623,0.949438,0.639392,0.980018,0.880336,0.700232,0.870804,0.695106,0.887276,0.955556,0.970355,-0.042266,0.919837,0.557897,0.072441,0.993207,0.997167,0.915452,0.886885,0.822310,0.863943,-0.277901,0.812550,0.151511,0.322474,0.915055,0.873082,0.986883,0.965912,0.789539,-0.346960,0.716697,0.957195,0.950548,0.868511,0.988402,0.975092,0.863922,0.162798,0.941359,0.707822,0.990735,0.706084,0.964023,0.117524,0.427018,0.933624,0.185306,0.015321,0.479038,0.401609,0.981190,0.618918,0.989454,0.911295,0.871642,0.973020,0.779615,0.924881,-0.044811,0.221490,0.047824,0.899354,0.022781,-0.216346,0.884311,-0.406941,0.894788,0.912860,0.554430,0.963200,0.924142,-0.089748,-0.474579,0.971734,0.455999,0.184668,0.984801,0.189664,0.319829,-0.413010,0.713119,0.815597,0.253601,0.256190,0.269856,0.872207,0.516999,0.961944,0.657918,0.315900,0.883282,0.868551,0.832205,0.603161,-0.430857,0.622913,0.741300,0.979939,0.944386,0.971199,0.789167,0.963096,0.772747,0.990977,0.765112,0.984299,0.771966,-0.214858,0.437615,0.931121,0.998807,0.365075,0.790234,0.053563,0.058946,0.951018,0.337029,0.201193,0.756326,0.774435,-0.228607,0.911826,-0.766132,0.388810,0.524833,0.198254,0.391509,0.793677,-0.340133,0.229430,0.869786,0.942354,0.826622,0.494715,0.926439,-0.658947,0.445737,0.053859,0.146171,0.846137,0.960105,0.300075,0.982345,0.944192,0.661244,0.828917,0.994707,0.626436,0.911588,-0.471043,0.680451,0.887300,-0.286459,0.340911,0.649104,-0.306847,0.565562,0.587416,0.446667,0.850622,0.914523,-0.885365,0.106792,0.954388,0.036786,0.780702,0.895389,0.788252,0.888241,0.931940,0.761595,0.914699,0.057612,-0.729323,-0.712996,0.578903,0.391518,-0.721064,0.996035,0.972299,-0.740381,0.880500,0.511928,-0.776693,0.351961,0.950802,0.959457,-0.813724,-0.566587,-0.451314,0.895041,0.882352,0.037726,0.611166,0.998071,0.957668,0.986644,0.318389,-0.205247,-0.631592
Intergeniculate leaflet of the lateral geniculate complex,0.990412,0.986321,0.746268,0.991825,0.966142,0.980692,1.000000,0.967022,0.962917,0.761894,0.930281,0.935981,0.947429,0.367074,0.442126,0.971987,0.976600,0.967427,0.941545,0.990093,0.630447,0.935430,0.952484,0.977330,0.854215,0.943026,0.438075,0.822769,0.992783,0.983129,0.911375,0.745291,0.933508,0.503501,0.721894,0.994826,0.572265,0.955198,0.754072,0.995017,0.955887,0.826319,0.923841,0.820736,0.952561,0.980012,0.989535,0.115961,0.954783,0.633399,0.266060,0.951703,0.965651,0.937849,0.779420,0.883369,0.898381,-0.390263,0.891995,0.341871,0.498393,0.957550,0.950819,0.937790,0.922572,0.678494,-0.348254,0.590666,0.882112,0.876863,0.756420,0.939845,0.974859,0.804119,0.240343,0.925936,0.802084,0.996929,0.829341,0.916605,0.309432,0.595586,0.959579,0.366492,0.200062,0.633733,0.570712,0.987841,0.731571,0.947979,0.973941,0.930605,0.993820,0.883550,0.843113,-0.035384,0.369557,0.190175,0.812329,0.206872,-0.338384,0.939398,-0.312837,0.869915,0.874841,0.706472,0.900871,0.953325,0.014443,-0.456321,0.986009,0.608408,0.257237,0.990587,0.061646,0.498939,-0.481429,0.823588,0.912842,0.118499,0.344813,0.423680,0.932569,0.633898,0.977552,0.791087,0.478976,0.791446,0.777739,0.718155,0.747286,-0.246347,0.756273,0.851926,0.922046,0.880949,0.934340,0.703467,0.892535,0.634001,0.997873,0.786106,0.993108,0.718839,-0.345145,0.526575,0.893517,0.987580,0.538900,0.668426,-0.068804,-0.135151,0.893736,0.290817,0.209457,0.869207,0.635894,-0.056070,0.823954,-0.642554,0.513424,0.383086,0.335578,0.225084,0.807165,-0.317309,0.285539,0.897866,0.862621,0.700998,0.627038,0.869983,-0.728598,0.328039,0.157122,0.185674,0.726166,0.892600,0.475993,0.931628,0.985229,0.548013,0.879112,0.984423,0.723032,0.863491,-0.618493,0.601826,0.813477,-0.351149,0.480641,0.707808,-0.483455,0.692783,0.440049,0.587462,0.859245,0.909179,-0.799629,-0.082163,0.968744,-0.158310,0.674961,0.945214,0.854329,0.870086,0.858471,0.725104,0.942585,0.178237,-0.603639,-0.810162,0.726245,0.550724,-0.826515,0.985807,0.909102,-0.822819,0.772262,0.476910,-0.869558,0.482866,0.885945,0.902711,-0.904937,-0.669116,-0.612437,0.854605,0.893924,0.223819,0.754150,0.967812,0.891198,0.996212,0.264289,-0.246807,-0.668611
Periventricular hypothalamic nucleus anterior part,0.992797,0.995697,0.788248,0.991576,0.993772,0.960709,0.967022,1.000000,0.995609,0.763187,0.967641,0.867377,0.894222,0.363610,0.505624,0.997706,0.998810,0.890112,0.883418,0.961421,0.566237,0.994512,0.950165,0.977911,0.888601,0.949818,0.618128,0.934427,0.985725,0.928968,0.853460,0.758236,0.979222,0.627216,0.874337,0.986401,0.602637,0.856546,0.798355,0.987584,0.897969,0.762095,0.965347,0.784340,0.952234,0.994489,0.921277,-0.084302,0.847626,0.418628,0.200378,0.934129,0.960267,0.990989,0.792376,0.941454,0.969431,-0.528210,0.921695,0.274175,0.469850,0.853860,0.885169,0.940835,0.856151,0.605036,-0.569707,0.517778,0.883317,0.845633,0.794615,0.925821,0.899426,0.913659,0.429986,0.822986,0.858958,0.958167,0.793728,0.852824,0.243025,0.528398,0.994337,0.231475,0.055263,0.630996,0.465207,0.994288,0.562280,0.957955,0.919192,0.812637,0.933212,0.789756,0.799033,0.208760,0.456548,0.306598,0.881281,0.223330,-0.470639,0.825897,-0.137517,0.744948,0.961126,0.637622,0.860133,0.991651,-0.228599,-0.666891,0.995718,0.625630,0.449555,0.991511,-0.083209,0.427537,-0.649427,0.838997,0.864603,0.332119,0.099726,0.235433,0.959381,0.716929,0.894548,0.701339,0.317334,0.866890,0.865192,0.794403,0.670547,-0.312002,0.632891,0.742654,0.915809,0.935601,0.975437,0.835071,0.902030,0.672718,0.965081,0.605977,0.937914,0.567548,-0.464973,0.299049,0.795267,0.971264,0.494486,0.620718,-0.220464,-0.031453,0.829986,0.071147,0.442383,0.795974,0.670842,-0.223025,0.879337,-0.744719,0.304874,0.547235,0.118619,0.379475,0.926850,-0.085090,0.487449,0.972562,0.893392,0.711200,0.685558,0.785853,-0.840365,0.184572,-0.088733,-0.070223,0.759496,0.859832,0.459638,0.946038,0.977461,0.435076,0.729512,0.984140,0.537645,0.949796,-0.462877,0.450325,0.904083,-0.540013,0.282192,0.505143,-0.459359,0.738156,0.577969,0.641105,0.959300,0.985190,-0.881166,-0.086579,0.999160,-0.116424,0.794460,0.973842,0.922071,0.966023,0.914985,0.875022,0.989858,0.327058,-0.721220,-0.655414,0.680987,0.569838,-0.851212,0.981534,0.891633,-0.886473,0.807309,0.685036,-0.891349,0.579806,0.834218,0.846805,-0.899925,-0.473736,-0.594595,0.738733,0.755926,0.085372,0.687642,0.945199,0.851695,0.984135,0.500634,-0.461323,-0.819701
Paraventricular hypothalamic nucleus,0.987364,0.992323,0.727448,0.986700,0.999678,0.938870,0.962917,0.995609,1.000000,0.819736,0.986915,0.893675,0.919320,0.449064,0.582209,0.987580,0.992148,0.869614,0.849805,0.944269,0.634821,0.991697,0.919635,0.989414,0.927584,0.973560,0.570670,0.915024,0.975407,0.940219,0.887042,0.815803,0.993224,0.686538,0.870141,0.985343,0.674569,0.840474,0.850792,0.983642,0.919946,0.809884,0.985256,0.834402,0.974220,0.997302,0.914130,-0.024915,0.845234,0.430303,0.287434,0.901845,0.933837,0.996626,0.732026,0.967215,0.983012,-0.591624,0.953961,0.358629,0.548916,0.855473,0.907603,0.906757,0.818992,0.536430,-0.586008,0.442761,0.836834,0.797055,0.734439,0.890490,0.882216,0.885060,0.482338,0.796385,0.901893,0.947109,0.842593,0.813946,0.328705,0.599399,0.999888,0.305231,0.131708,0.700380,0.533383,0.987516,0.595242,0.928140,0.934875,0.821425,0.927490,0.823391,0.745698,0.235195,0.533363,0.385096,0.835585,0.313513,-0.538894,0.833068,-0.072288,0.712349,0.940492,0.699119,0.816075,0.999177,-0.198569,-0.671415,0.993018,0.695906,0.499502,0.983797,-0.159824,0.504418,-0.692781,0.886077,0.898610,0.282807,0.118331,0.290388,0.981528,0.775152,0.884473,0.750769,0.378599,0.819610,0.819618,0.737006,0.727002,-0.223934,0.679842,0.778579,0.876739,0.899570,0.950777,0.796692,0.858396,0.600733,0.954883,0.592110,0.926749,0.520306,-0.536142,0.317404,0.758466,0.953666,0.570691,0.549159,-0.293481,-0.116821,0.786482,0.025933,0.464627,0.835985,0.598608,-0.151797,0.831909,-0.685698,0.342651,0.487459,0.163853,0.308349,0.935323,-0.050048,0.529798,0.983326,0.847412,0.642480,0.749328,0.741227,-0.876740,0.110313,-0.060943,-0.075126,0.695325,0.814004,0.540013,0.912220,0.986462,0.363333,0.731750,0.968445,0.561353,0.924307,-0.515447,0.391724,0.866797,-0.584754,0.328677,0.508777,-0.539315,0.797546,0.512505,0.709059,0.963088,0.979432,-0.837347,-0.179452,0.998500,-0.207453,0.745423,0.990805,0.951470,0.956102,0.874402,0.862331,0.997642,0.397787,-0.662928,-0.681153,0.742017,0.644259,-0.896594,0.965503,0.849097,-0.923938,0.748590,0.680843,-0.929794,0.647792,0.788108,0.804157,-0.934825,-0.500080,-0.666061,0.699407,0.739936,0.162787,0.744355,0.917856,0.805804,0.977090,0.491771,-0.498004,-0.844044
Anterior cingulate area dorsal part,0.761076,0.775002,0.204324,0.764830,0.830392,0.631099,0.761894,0.763187,0.819736,1.000000,0.897230,0.901927,0.909896,0.877506,0.907577,0.724736,0.750519,0.603688,0.501951,0.666753,0.946814,0.760316,0.557016,0.865404,0.969274,0.924189,0.109769,0.580097,0.725356,0.843621,0.936700,0.998852,0.867587,0.866276,0.621199,0.789630,0.965584,0.614433,0.985042,0.770537,0.893256,0.962423,0.898255,0.986024,0.916660,0.814491,0.716758,0.408483,0.703696,0.492503,0.779047,0.537516,0.594230,0.817307,0.220965,0.913138,0.847890,-0.809508,0.951686,0.821380,0.928237,0.734839,0.888805,0.523384,0.458714,0.044317,-0.491645,-0.069897,0.393019,0.359832,0.215041,0.508768,0.632976,0.501321,0.636652,0.517029,0.964472,0.709316,0.985130,0.443362,0.804233,0.933927,0.825905,0.737723,0.617724,0.982692,0.877299,0.751693,0.737443,0.563825,0.866236,0.755715,0.733395,0.898464,0.294373,0.262343,0.861354,0.741777,0.372825,0.789872,-0.798247,0.753756,0.272918,0.421039,0.602138,0.957508,0.405732,0.835973,0.106948,-0.493268,0.779508,0.977417,0.635027,0.744982,-0.539089,0.894396,-0.759445,0.991349,0.945155,-0.144937,0.293881,0.631302,0.913923,0.945336,0.680453,0.933751,0.730912,0.348137,0.354179,0.220410,0.952355,0.373576,0.873608,0.881662,0.472421,0.487602,0.602115,0.363483,0.424607,0.036100,0.718648,0.456607,0.698090,0.187548,-0.817980,0.446395,0.423395,0.667260,0.934129,0.027673,-0.622574,-0.644991,0.393379,-0.173972,0.425705,0.939757,0.034215,0.365944,0.364224,-0.160180,0.577034,-0.025806,0.481027,-0.234900,0.761552,0.088842,0.610249,0.829884,0.394120,0.099438,0.966631,0.357391,-0.885319,-0.307973,0.205208,0.000363,0.161209,0.390585,0.924655,0.525332,0.850902,-0.099953,0.655242,0.684969,0.660104,0.559849,-0.786539,0.015693,0.440967,-0.673492,0.614683,0.502942,-0.924307,0.983686,-0.030659,0.961155,0.762607,0.726740,-0.381106,-0.702431,0.788900,-0.730217,0.262283,0.889518,0.918976,0.675839,0.439261,0.564617,0.833135,0.693746,-0.140799,-0.757931,0.980884,0.960157,-0.986309,0.681982,0.433261,-0.946854,0.236325,0.449194,-0.972260,0.896750,0.374742,0.409989,-0.964411,-0.630199,-0.972949,0.366873,0.547910,0.646336,0.964266,0.581957,0.385978,0.748203,0.258925,-0.546058,-0.772616
Infralimbic area,0.955059,0.964049,0.610174,0.955127,0.988736,0.877652,0.930281,0.967641,0.986915,0.897230,1.000000,0.911437,0.935810,0.584263,0.705130,0.949345,0.959411,0.807166,0.767128,0.890154,0.731351,0.968861,0.845599,0.985849,0.975487,0.991847,0.492299,0.870361,0.934185,0.932461,0.918372,0.896177,0.997897,0.782909,0.856196,0.959594,0.784390,0.784358,0.924392,0.953093,0.930662,0.866747,0.999837,0.897074,0.988852,0.979947,0.874271,0.059192,0.811629,0.420834,0.423583,0.823859,0.866200,0.987588,0.612804,0.993714,0.989484,-0.698500,0.989340,0.488474,0.668592,0.828783,0.918696,0.827443,0.730233,0.399931,-0.619986,0.297559,0.737795,0.692455,0.617725,0.807882,0.825261,0.825191,0.577523,0.722922,0.959179,0.902438,0.903097,0.722604,0.461467,0.700629,0.988975,0.411996,0.246273,0.802261,0.627892,0.953282,0.622368,0.856231,0.934767,0.806520,0.890440,0.853086,0.633019,0.296789,0.659938,0.520683,0.744007,0.461776,-0.654774,0.815524,0.056671,0.628634,0.890845,0.781607,0.717900,0.991977,-0.164404,-0.682274,0.965910,0.801210,0.590411,0.947547,-0.300049,0.617554,-0.765686,0.947091,0.931265,0.211055,0.125325,0.360581,0.998701,0.863902,0.838980,0.809536,0.459891,0.726285,0.730288,0.628401,0.799506,-0.074020,0.733017,0.811852,0.788762,0.821722,0.889945,0.724167,0.764464,0.467027,0.912035,0.538287,0.880898,0.413713,-0.655952,0.320866,0.668881,0.899677,0.683537,0.409626,-0.425020,-0.250683,0.687882,-0.071708,0.512650,0.878131,0.464186,-0.041470,0.736238,-0.577854,0.380425,0.388558,0.217824,0.193383,0.938554,0.031898,0.607870,0.985304,0.751641,0.510810,0.845965,0.639941,-0.928337,-0.032116,-0.034099,-0.104736,0.572265,0.713568,0.663231,0.834243,0.977940,0.221997,0.704914,0.918806,0.572013,0.866742,-0.579200,0.268718,0.790806,-0.664447,0.382572,0.484806,-0.661139,0.884379,0.400934,0.813359,0.955895,0.953377,-0.750066,-0.334384,0.976612,-0.354416,0.654799,0.999062,0.985426,0.925268,0.789532,0.833819,0.991724,0.522708,-0.558250,-0.695217,0.824816,0.758034,-0.955295,0.914999,0.754837,-0.971961,0.633753,0.676358,-0.975594,0.757479,0.686096,0.707308,-0.972037,-0.515789,-0.770950,0.605312,0.682791,0.278849,0.817812,0.847488,0.704846,0.940972,0.486289,-0.568268,-0.879374
Anterior cingulate area ventral part,0.902730,0.902030,0.464262,0.907420,0.904681,0.850221,0.935981,0.867377,0.893675,0.901927,0.911437,1.000000,0.997953,0.635410,0.637596,0.856499,0.874576,0.874520,0.794931,0.879830,0.857185,0.828719,0.784411,0.949331,0.909480,0.955652,0.145428,0.637763,0.893557,0.984501,0.995948,0.883412,0.891780,0.602185,0.572856,0.927816,0.761493,0.890164,0.856558,0.917602,0.997820,0.968711,0.905285,0.955695,0.962530,0.914409,0.935594,0.422682,0.941209,0.750033,0.581592,0.786233,0.812377,0.863132,0.512916,0.878270,0.843449,-0.502693,0.924380,0.644462,0.749977,0.955508,0.998982,0.755619,0.769799,0.439088,-0.256110,0.335083,0.662463,0.668572,0.477963,0.762807,0.891606,0.590200,0.296376,0.829390,0.861822,0.912632,0.959190,0.756898,0.617709,0.834628,0.893367,0.668570,0.528183,0.828581,0.823255,0.893492,0.888656,0.775772,0.991395,0.962879,0.940166,0.990286,0.628094,-0.079387,0.557636,0.379812,0.562231,0.491166,-0.474067,0.963049,-0.166983,0.769065,0.696266,0.906428,0.711678,0.892284,0.251896,-0.322689,0.903854,0.796865,0.302411,0.895929,-0.122900,0.767014,-0.502366,0.919188,0.993351,-0.177376,0.521813,0.687489,0.929268,0.742668,0.922692,0.955774,0.745635,0.533745,0.520076,0.430505,0.931660,0.107708,0.933706,0.977301,0.729113,0.667127,0.763241,0.450729,0.677251,0.323348,0.913107,0.785764,0.917903,0.593107,-0.497262,0.680452,0.761762,0.869051,0.786831,0.405224,-0.228334,-0.475160,0.719797,0.239569,0.140668,0.987173,0.326367,0.284187,0.574745,-0.340038,0.723844,0.061078,0.588318,-0.119370,0.713835,-0.305972,0.297489,0.831319,0.629477,0.412851,0.768917,0.705246,-0.740272,0.132513,0.378736,0.299419,0.438872,0.693474,0.726758,0.744405,0.952825,0.328929,0.910261,0.863637,0.858142,0.669117,-0.842566,0.445468,0.579875,-0.374063,0.717360,0.785143,-0.736613,0.822571,0.109410,0.749055,0.757352,0.784756,-0.549762,-0.390907,0.883145,-0.481462,0.394589,0.922348,0.858227,0.722985,0.629615,0.548275,0.878154,0.324061,-0.297647,-0.929087,0.910051,0.756214,-0.910929,0.866010,0.711518,-0.858677,0.499455,0.313494,-0.928985,0.627504,0.696923,0.726688,-0.964843,-0.822501,-0.824298,0.726761,0.855382,0.550066,0.933210,0.820918,0.695718,0.910725,0.083710,-0.235017,-0.621336
Nucleus accumbens,0.922727,0.923398,0.495871,0.926740,0.928978,0.866580,0.947429,0.894222,0.919320,0.909896,0.935810,0.997953,1.000000,0.631278,0.652181,0.882367,0.899265,0.876570,0.802714,0.893699,0.845343,0.861105,0.805559,0.966612,0.929327,0.972322,0.203065,0.682746,0.911896,0.988654,0.995153,0.893769,0.918871,0.634600,0.623990,0.944753,0.771072,0.886279,0.875293,0.935128,0.999259,0.963071,0.930464,0.956422,0.977865,0.936152,0.938657,0.369214,0.933614,0.708576,0.560273,0.803880,0.832541,0.893109,0.538064,0.906000,0.876066,-0.535921,0.944613,0.624402,0.743021,0.948326,0.998397,0.778215,0.775638,0.442367,-0.314433,0.337605,0.685045,0.683445,0.508772,0.781455,0.893859,0.635420,0.340621,0.825172,0.885658,0.923454,0.960413,0.763470,0.597200,0.821113,0.919310,0.633942,0.487707,0.831605,0.800320,0.914586,0.857531,0.799730,0.994699,0.950865,0.944994,0.980260,0.639782,-0.024049,0.576513,0.402222,0.599819,0.488259,-0.504351,0.952478,-0.138237,0.759168,0.736234,0.895751,0.724158,0.918736,0.189656,-0.381835,0.925216,0.804141,0.347912,0.915850,-0.147656,0.749941,-0.547012,0.932884,0.994878,-0.117436,0.466707,0.643297,0.950783,0.767824,0.922305,0.943082,0.708183,0.572700,0.561478,0.469480,0.920449,0.076564,0.912499,0.962649,0.749759,0.701389,0.793866,0.500563,0.701699,0.353380,0.925290,0.758661,0.924682,0.575722,-0.524313,0.633078,0.759292,0.885921,0.777138,0.414909,-0.257643,-0.442347,0.726498,0.197255,0.198430,0.981094,0.355552,0.234113,0.609472,-0.384057,0.678491,0.115295,0.536662,-0.069151,0.757125,-0.259899,0.346763,0.865148,0.658797,0.436849,0.787337,0.706691,-0.776808,0.112859,0.318787,0.241497,0.468408,0.707942,0.722174,0.769608,0.968532,0.320542,0.890390,0.884105,0.824063,0.709457,-0.810261,0.427178,0.621725,-0.421132,0.672790,0.748995,-0.730345,0.839575,0.159031,0.765040,0.797433,0.821100,-0.589935,-0.382396,0.908954,-0.463392,0.442226,0.945165,0.887311,0.763917,0.664449,0.599877,0.906541,0.355029,-0.344578,-0.903842,0.905523,0.762358,-0.927135,0.885578,0.729612,-0.885205,0.529626,0.373483,-0.946134,0.651998,0.706703,0.735357,-0.976591,-0.784662,-0.823008,0.719585,0.840790,0.511465,0.924578,0.837056,0.708535,0.927520,0.147071,-0.287292,-0.667711
Paraventricular hypothalamic nucleus descending division,0.356902,0.377033,-0.286231,0.362500,0.464444,0.185533,0.367074,0.363610,0.449064,0.877506,0.584263,0.635410,0.631278,1.000000,0.956268,0.307283,0.342895,0.182015,0.044850,0.234254,0.929585,0.371335,0.091034,0.519306,0.747867,0.627853,-0.254132,0.170329,0.307508,0.508372,0.699661,0.883038,0.534889,0.822195,0.287617,0.400043,0.957448,0.216672,0.841941,0.371683,0.602854,0.804242,0.588717,0.830007,0.612967,0.436876,0.325547,0.598172,0.350673,0.335900,0.961746,0.070273,0.136596,0.455096,-0.273773,0.633337,0.521174,-0.818714,0.695891,0.966920,0.986016,0.392271,0.603760,0.050779,0.000132,-0.414673,-0.349986,-0.514614,-0.095839,-0.125239,-0.276584,0.035808,0.218116,0.070861,0.656979,0.099140,0.769967,0.295603,0.821844,-0.018890,0.965917,0.938564,0.459608,0.857572,0.813380,0.951057,0.892613,0.343339,0.596961,0.098697,0.548467,0.449542,0.342987,0.681563,-0.189007,0.296140,0.933129,0.881344,-0.103545,0.984526,-0.844164,0.437997,0.552803,0.012021,0.174663,0.889802,-0.072286,0.477337,0.256113,-0.275661,0.383669,0.953369,0.640619,0.334040,-0.763929,0.956068,-0.663229,0.811819,0.706404,-0.398327,0.279144,0.684046,0.611643,0.857259,0.288586,0.800897,0.774870,-0.126636,-0.113002,-0.257320,0.855082,0.759485,0.755201,0.688138,-0.007159,0.018032,0.150395,-0.063601,-0.061593,-0.444470,0.305717,0.152393,0.289709,-0.201197,-0.873447,0.355455,-0.014653,0.231220,0.971250,-0.443080,-0.783592,-0.883224,-0.074293,-0.371944,0.353753,0.743006,-0.446911,0.651061,-0.118611,0.299644,0.546630,-0.402393,0.545318,-0.582507,0.442267,0.262434,0.578800,0.493710,-0.093075,-0.389931,0.904653,-0.099313,-0.685234,-0.629878,0.292431,-0.022377,-0.329755,-0.091715,0.992145,0.053054,0.496082,-0.507698,0.356893,0.251997,0.498354,0.121745,-0.747535,-0.362530,-0.015275,-0.627150,0.621511,0.289283,-0.989553,0.885793,-0.440467,0.928843,0.413446,0.334589,0.087682,-0.957174,0.400871,-0.961269,-0.183640,0.565770,0.659342,0.280984,-0.036119,0.204081,0.477222,0.805665,0.305484,-0.560674,0.898019,0.971005,-0.798018,0.248439,-0.049159,-0.725567,-0.256167,0.197140,-0.746392,0.894386,-0.101018,-0.060525,-0.720540,-0.500210,-0.959918,-0.059337,0.184320,0.834108,0.862517,0.125025,-0.094262,0.340439,0.068251,-0.508958,-0.548663
Lateral terminal nucleus of the accessory optic tract,0.469805,0.495037,-0.105910,0.472234,0.591141,0.288778,0.442126,0.505624,0.582209,0.907577,0.705130,0.637596,0.652181,0.956268,1.000000,0.447406,0.476569,0.221583,0.114226,0.324911,0.864820,0.536315,0.218122,0.613223,0.839240,0.713407,0.028028,0.394640,0.415133,0.544874,0.703867,0.922805,0.669873,0.952524,0.530535,0.497859,0.984065,0.228134,0.920745,0.473244,0.622532,0.779539,0.712725,0.832225,0.693581,0.553911,0.364750,0.342384,0.340376,0.163860,0.839563,0.182666,0.258029,0.606186,-0.121234,0.765272,0.679777,-0.948363,0.792510,0.853065,0.935469,0.382253,0.614247,0.185297,0.061945,-0.357207,-0.607651,-0.459948,0.042280,-0.020262,-0.099789,0.153537,0.257435,0.299445,0.835944,0.112659,0.876072,0.370609,0.826918,0.046689,0.848847,0.864682,0.593523,0.684580,0.609786,0.951332,0.777918,0.461532,0.464071,0.237732,0.579262,0.414818,0.389470,0.644570,-0.096895,0.527777,0.993935,0.952840,0.098534,0.940581,-0.957756,0.410462,0.645771,0.001697,0.378645,0.834740,0.020940,0.612556,-0.028835,-0.544136,0.501369,0.971369,0.826455,0.447517,-0.840649,0.861981,-0.853125,0.872243,0.720671,-0.112710,0.037730,0.477876,0.718870,0.959171,0.313530,0.743760,0.597062,0.081596,0.104977,-0.046663,0.800631,0.581896,0.660855,0.629188,0.120426,0.203244,0.316333,0.186815,0.083821,-0.269210,0.386381,0.057106,0.346917,-0.242057,-0.971833,0.152294,0.009860,0.335176,0.910765,-0.356542,-0.884760,-0.708216,-0.006832,-0.532984,0.603369,0.720472,-0.275229,0.401471,0.071864,0.067937,0.344294,-0.131609,0.308215,-0.328408,0.647664,0.443428,0.784886,0.658747,0.073976,-0.240918,0.974612,-0.055032,-0.848022,-0.678968,0.021737,-0.270466,-0.157657,0.010754,0.950975,0.198773,0.584268,-0.503226,0.289088,0.370919,0.355986,0.329035,-0.599026,-0.405544,0.202191,-0.824115,0.418381,0.145484,-0.941324,0.952806,-0.186277,0.985529,0.607823,0.517519,-0.124705,-0.884661,0.536888,-0.849276,0.060723,0.681071,0.795100,0.484819,0.152898,0.452517,0.620583,0.917566,0.062182,-0.458307,0.870604,0.981046,-0.870209,0.363573,0.068301,-0.846159,-0.082387,0.473271,-0.826488,0.986003,-0.019178,0.015447,-0.779152,-0.339032,-0.939923,-0.055382,0.147308,0.638905,0.819447,0.229193,0.000948,0.440057,0.356127,-0.729590,-0.758064
Anterodorsal preoptic nucleus,0.994631,0.995389,0.822340,0.993341,0.985318,0.975885,0.971987,0.997706,0.987580,0.724736,0.949345,0.856499,0.882367,0.307283,0.447406,1.000000,0.999219,0.910941,0.910726,0.974488,0.527515,0.988262,0.969088,0.968835,0.857800,0.932042,0.628214,0.933273,0.991840,0.926271,0.836615,0.717816,0.963439,0.573411,0.858700,0.986580,0.551049,0.876909,0.757732,0.989545,0.888689,0.736754,0.946173,0.754351,0.936407,0.989542,0.932268,-0.100755,0.859963,0.434425,0.150219,0.955940,0.976824,0.979854,0.829423,0.916609,0.951096,-0.470266,0.895786,0.225843,0.420378,0.863166,0.876475,0.961502,0.886762,0.657481,-0.533306,0.574503,0.912430,0.879818,0.828713,0.949249,0.917869,0.918819,0.373660,0.850803,0.823080,0.968366,0.764423,0.884274,0.193787,0.488475,0.985316,0.197790,0.021169,0.584755,0.431534,0.996545,0.558768,0.975018,0.913661,0.818888,0.942389,0.776995,0.837856,0.163687,0.395617,0.241480,0.902282,0.161867,-0.410237,0.832692,-0.199861,0.779292,0.963588,0.603972,0.892392,0.980935,-0.220739,-0.639309,0.994928,0.576572,0.394482,0.995010,-0.016470,0.384372,-0.601120,0.805076,0.846377,0.340082,0.114840,0.220072,0.940393,0.668278,0.909157,0.677872,0.294721,0.888224,0.884061,0.822406,0.641048,-0.362071,0.614928,0.730194,0.940837,0.951772,0.985594,0.844303,0.928313,0.714701,0.974034,0.634401,0.950056,0.614734,-0.404057,0.312061,0.829303,0.983225,0.448639,0.672193,-0.155124,0.013083,0.864507,0.125406,0.400977,0.776706,0.713415,-0.250792,0.903001,-0.770956,0.302981,0.567308,0.113043,0.408353,0.906482,-0.134049,0.436238,0.955666,0.918844,0.754178,0.636055,0.823463,-0.802669,0.249210,-0.079292,-0.038191,0.796818,0.892361,0.407954,0.965252,0.970967,0.494263,0.743741,0.993031,0.542058,0.955465,-0.445088,0.505176,0.917093,-0.488616,0.273476,0.524739,-0.408818,0.692931,0.604679,0.589465,0.944165,0.978989,-0.899522,-0.024902,0.994701,-0.061107,0.812116,0.958036,0.893780,0.960353,0.933970,0.865253,0.977971,0.263382,-0.745284,-0.654882,0.644934,0.517925,-0.817347,0.991098,0.920235,-0.853391,0.840783,0.663432,-0.862311,0.523379,0.869097,0.879858,-0.876211,-0.477632,-0.548734,0.776490,0.780797,0.049883,0.656800,0.964310,0.885034,0.988663,0.479208,-0.412463,-0.785536
Dorsal terminal nucleus of the accessory optic tract,0.996936,0.998144,0.799706,0.996002,0.990747,0.972766,0.976600,0.998810,0.992148,0.750519,0.959411,0.874576,0.899265,0.342895,0.476569,0.999219,1.000000,0.911110,0.904653,0.973691,0.560666,0.988559,0.961538,0.977857,0.875445,0.945434,0.602637,0.923914,0.992691,0.937912,0.856929,0.743352,0.971027,0.593078,0.852876,0.991165,0.580603,0.879819,0.779742,0.992944,0.904625,0.762597,0.956255,0.779697,0.949499,0.994461,0.937366,-0.066917,0.868691,0.452519,0.189057,0.948444,0.971104,0.983793,0.808546,0.928001,0.957110,-0.490326,0.911183,0.264102,0.455307,0.873319,0.892948,0.952219,0.879608,0.637128,-0.530460,0.551185,0.898082,0.866213,0.806558,0.940320,0.919278,0.905846,0.386118,0.849631,0.840939,0.970503,0.789298,0.876284,0.232319,0.522567,0.990225,0.235249,0.059403,0.615215,0.466280,0.998109,0.583485,0.967124,0.927040,0.832452,0.947694,0.798967,0.822848,0.161957,0.423380,0.267633,0.884590,0.197628,-0.432249,0.845438,-0.184164,0.776576,0.955231,0.634904,0.881150,0.986420,-0.196861,-0.632845,0.997932,0.606286,0.405936,0.996487,-0.039321,0.420547,-0.612201,0.826710,0.866390,0.310649,0.135830,0.252988,0.952122,0.690113,0.913769,0.705456,0.329075,0.869492,0.865348,0.799301,0.670565,-0.325197,0.643026,0.753685,0.929966,0.938917,0.978143,0.825918,0.914730,0.687292,0.976221,0.641408,0.952941,0.606832,-0.427863,0.332928,0.823722,0.981632,0.483404,0.649361,-0.176820,-0.026355,0.854583,0.119693,0.399273,0.800118,0.686101,-0.214710,0.885347,-0.745586,0.330524,0.537395,0.143125,0.373709,0.907665,-0.133093,0.444351,0.960385,0.903150,0.729770,0.661255,0.813988,-0.814900,0.228450,-0.055502,-0.026687,0.773185,0.879991,0.442696,0.955484,0.979448,0.474011,0.756037,0.991387,0.563873,0.945137,-0.476355,0.492259,0.901663,-0.498617,0.303810,0.539405,-0.443810,0.717350,0.574072,0.616374,0.944704,0.977171,-0.881894,-0.061742,0.997413,-0.099848,0.789986,0.967687,0.905999,0.955730,0.919123,0.856212,0.983068,0.284819,-0.719264,-0.676393,0.674612,0.548917,-0.837868,0.989524,0.908488,-0.868852,0.819431,0.653741,-0.880433,0.547689,0.857516,0.869928,-0.894415,-0.500730,-0.580661,0.770598,0.785392,0.088298,0.685947,0.959087,0.872963,0.991069,0.465304,-0.417539,-0.790804
Inferior olivary complex,0.935807,0.923043,0.785353,0.937936,0.873332,0.974141,0.967427,0.890112,0.869614,0.603688,0.807166,0.874520,0.876570,0.182015,0.221583,0.910941,0.911110,1.000000,0.987279,0.980134,0.504216,0.838916,0.951837,0.892333,0.700248,0.832301,0.372875,0.727844,0.954132,0.937250,0.829888,0.577890,0.814357,0.269266,0.575164,0.939240,0.375934,0.995260,0.573627,0.944248,0.893836,0.727494,0.796967,0.698076,0.849669,0.901624,0.988610,0.137227,0.974667,0.723510,0.128718,0.965341,0.958474,0.829187,0.836201,0.736035,0.764232,-0.145275,0.751847,0.206110,0.335069,0.967099,0.893724,0.941070,0.982237,0.819153,-0.136899,0.748842,0.914078,0.936297,0.796356,0.957561,0.999304,0.729549,-0.010657,0.991145,0.627840,0.982023,0.707871,0.978071,0.172474,0.469064,0.862791,0.297662,0.143683,0.461954,0.478508,0.933077,0.742132,0.937486,0.920560,0.938275,0.984434,0.829305,0.922995,-0.257828,0.136475,-0.055638,0.798976,0.008785,-0.091476,0.946430,-0.542975,0.965907,0.797027,0.592290,0.956868,0.850604,0.129042,-0.268418,0.921219,0.422314,0.007870,0.941388,0.308001,0.370314,-0.247711,0.669558,0.823551,0.053379,0.461676,0.425214,0.811310,0.422424,0.993521,0.709549,0.445905,0.777843,0.753182,0.728091,0.645794,-0.352883,0.705686,0.806336,0.942531,0.854844,0.892649,0.638389,0.912459,0.704064,0.977003,0.890801,0.990359,0.871360,-0.101066,0.619780,0.977032,0.969836,0.389787,0.797050,0.183833,-0.036507,0.965522,0.515539,-0.012606,0.788987,0.709000,-0.070267,0.822852,-0.641974,0.556663,0.356385,0.381868,0.237229,0.654002,-0.529750,0.042112,0.766559,0.873802,0.780827,0.422818,0.959965,-0.532535,0.551846,0.268901,0.365545,0.779172,0.946845,0.302906,0.926706,0.910478,0.731167,0.925190,0.951800,0.763372,0.795710,-0.588896,0.783788,0.768478,-0.108232,0.502063,0.799970,-0.316208,0.502135,0.439314,0.381215,0.725732,0.807930,-0.774519,0.104532,0.886387,-0.003274,0.640791,0.831803,0.694987,0.765133,0.841215,0.596278,0.833679,-0.074985,-0.593165,-0.819201,0.594886,0.359014,-0.668939,0.956585,0.945072,-0.652922,0.810630,0.306166,-0.724616,0.252396,0.954665,0.966691,-0.783638,-0.714964,-0.448786,0.958013,0.965780,0.159533,0.644432,0.974524,0.950453,0.954634,0.096000,-0.007756,-0.471465
Anterior hypothalamic nucleus,0.921783,0.907943,0.870538,0.922327,0.849801,0.978767,0.941545,0.883418,0.849805,0.501951,0.767128,0.794931,0.802714,0.044850,0.114226,0.910726,0.904653,0.987279,1.000000,0.975164,0.369635,0.837716,0.974927,0.852795,0.631681,0.776949,0.482886,0.768388,0.944780,0.883017,0.742892,0.478193,0.784409,0.202740,0.606422,0.915622,0.263496,0.970381,0.489949,0.925208,0.823167,0.619493,0.757259,0.594399,0.794778,0.878809,0.957890,-0.008891,0.927021,0.632862,-0.025497,0.986909,0.974294,0.813672,0.912030,0.693034,0.742635,-0.079122,0.691176,0.053492,0.197589,0.914348,0.820379,0.971267,0.998433,0.886067,-0.164944,0.827518,0.963601,0.980223,0.879342,0.984926,0.982010,0.783694,-0.042712,0.981510,0.560701,0.965030,0.605998,0.997696,0.019119,0.330857,0.841888,0.142100,-0.014739,0.342876,0.334642,0.922224,0.629808,0.962967,0.859750,0.871519,0.953572,0.733078,0.971304,-0.229911,0.036857,-0.145614,0.867419,-0.126327,-0.017726,0.883110,-0.585459,0.960519,0.831288,0.465287,0.990888,0.827865,0.017482,-0.308614,0.905208,0.307933,-0.020247,0.930371,0.381605,0.224391,-0.217655,0.584413,0.738526,0.182680,0.359036,0.281918,0.764046,0.343437,0.963431,0.592939,0.299164,0.850906,0.827286,0.818188,0.523239,-0.496809,0.584405,0.703189,0.978021,0.903354,0.919228,0.715496,0.959746,0.807667,0.960331,0.844281,0.969130,0.884160,-0.019411,0.518122,0.984677,0.968963,0.251320,0.875639,0.253202,0.122546,0.992598,0.516500,0.012880,0.689168,0.811904,-0.221039,0.889914,-0.743312,0.431445,0.481740,0.247301,0.380530,0.655416,-0.511467,0.027321,0.750180,0.931091,0.870224,0.329006,0.983704,-0.491876,0.616174,0.156639,0.298768,0.867500,0.985877,0.167310,0.959757,0.872221,0.795000,0.860781,0.952528,0.660686,0.837498,-0.453588,0.816209,0.830230,-0.084794,0.367338,0.722935,-0.178953,0.409771,0.564706,0.280726,0.727594,0.816354,-0.843883,0.244080,0.873374,0.147908,0.731185,0.792494,0.649851,0.786120,0.897557,0.639476,0.813243,-0.144229,-0.698517,-0.719837,0.474566,0.240279,-0.588798,0.956695,0.982977,-0.595336,0.890212,0.358257,-0.653064,0.166083,0.989097,0.994422,-0.709258,-0.606852,-0.322964,0.965519,0.931451,0.000849,0.524124,0.986957,0.987776,0.938939,0.167668,-0.005771,-0.460911
Interposed nucleus,0.984450,0.977709,0.828380,0.984876,0.944928,0.998170,0.990093,0.961421,0.944269,0.666753,0.890154,0.879830,0.893699,0.234254,0.324911,0.974488,0.973691,0.980134,0.975164,1.000000,0.515866,0.929280,0.984233,0.946216,0.785646,0.894480,0.511843,0.845676,0.993581,0.949480,0.845271,0.649472,0.901628,0.414249,0.725682,0.981719,0.458410,0.960381,0.667391,0.986257,0.906446,0.739931,0.883075,0.732477,0.906127,0.962530,0.982491,0.015430,0.939139,0.595833,0.129086,0.985290,0.990942,0.918758,0.858887,0.835316,0.868939,-0.297269,0.832656,0.207585,0.371920,0.936076,0.900370,0.975315,0.961320,0.767252,-0.330404,0.690267,0.938830,0.935105,0.837262,0.978326,0.982656,0.840891,0.168655,0.947012,0.729531,0.997133,0.742783,0.958138,0.173850,0.477746,0.939356,0.244324,0.075764,0.521086,0.455462,0.984122,0.663215,0.979362,0.933786,0.898083,0.984985,0.815912,0.908266,-0.061673,0.254253,0.076450,0.872373,0.070326,-0.238623,0.909393,-0.396537,0.899595,0.897526,0.601126,0.951540,0.930432,-0.043081,-0.453917,0.976413,0.495825,0.189032,0.987946,0.167490,0.373502,-0.418585,0.742409,0.846584,0.201342,0.299483,0.325969,0.887584,0.542317,0.974283,0.701438,0.372443,0.854485,0.839052,0.797368,0.648464,-0.377490,0.669081,0.780528,0.966759,0.924866,0.959841,0.757400,0.945286,0.734226,0.997090,0.786215,0.992677,0.771151,-0.240302,0.479921,0.930504,0.998828,0.415292,0.763060,0.033193,-0.000603,0.942493,0.342705,0.185329,0.793331,0.736269,-0.170067,0.885714,-0.726609,0.438986,0.475184,0.252138,0.335860,0.789156,-0.353006,0.228749,0.872818,0.920396,0.793924,0.526020,0.919701,-0.669711,0.426627,0.100749,0.177107,0.813145,0.946438,0.348519,0.969441,0.957300,0.641275,0.855459,0.993704,0.667761,0.893578,-0.523232,0.672737,0.862088,-0.289181,0.394215,0.681786,-0.356097,0.596674,0.538456,0.480521,0.846459,0.908666,-0.857708,0.057228,0.957424,-0.018184,0.744564,0.907868,0.801768,0.877369,0.909591,0.741381,0.919923,0.077935,-0.687961,-0.752199,0.622531,0.432886,-0.748304,0.995364,0.958587,-0.758475,0.850541,0.487079,-0.800920,0.379611,0.939319,0.950469,-0.839694,-0.610171,-0.496212,0.895004,0.897829,0.098063,0.655372,0.993541,0.944803,0.991822,0.285922,-0.199672,-0.630552
Dorsal cochlear nucleus,0.591722,0.601433,-0.037658,0.598763,0.652274,0.466542,0.630447,0.566237,0.634821,0.946814,0.731351,0.857185,0.845343,0.929585,0.864820,0.527515,0.560666,0.504216,0.369635,0.515866,1.000000,0.542567,0.367193,0.721428,0.843688,0.794536,-0.213141,0.303473,0.559553,0.756874,0.893691,0.937180,0.685617,0.727523,0.336455,0.636624,0.931340,0.545307,0.882009,0.612808,0.828438,0.957789,0.729787,0.955426,0.790863,0.644288,0.620859,0.678534,0.660960,0.634368,0.915933,0.361907,0.410720,0.616164,0.005203,0.740865,0.643997,-0.678993,0.816543,0.944894,0.977852,0.692997,0.833640,0.325734,0.333855,-0.073223,-0.219343,-0.181938,0.190698,0.190371,-0.023751,0.327442,0.534434,0.218385,0.461184,0.443955,0.828262,0.575782,0.950798,0.314480,0.933157,0.998973,0.640783,0.915706,0.836427,0.970681,0.983738,0.576727,0.841682,0.362494,0.787187,0.742521,0.630426,0.898348,0.138098,0.040526,0.805508,0.685581,0.110386,0.852501,-0.688291,0.732329,0.218321,0.372980,0.342661,0.994446,0.248247,0.650539,0.402110,-0.200301,0.606484,0.949296,0.450942,0.574286,-0.490815,0.986960,-0.556826,0.901184,0.892106,-0.454432,0.523476,0.833233,0.762561,0.827604,0.598554,0.964145,0.903435,0.080140,0.077715,-0.049356,0.984776,0.594467,0.942436,0.906075,0.280940,0.241534,0.376234,0.060909,0.215335,-0.198356,0.579667,0.504617,0.582594,0.173564,-0.723882,0.627558,0.337684,0.503015,0.990554,-0.119473,-0.541427,-0.841508,0.262330,-0.043217,0.171048,0.928023,-0.196835,0.643112,0.112222,0.127112,0.764518,-0.338363,0.715613,-0.525816,0.513994,-0.063856,0.401773,0.618630,0.163992,-0.111260,0.883183,0.250537,-0.694066,-0.301239,0.477509,0.237591,-0.072533,0.223690,0.966517,0.316862,0.711418,-0.158193,0.675905,0.506505,0.771261,0.296065,-0.919137,0.006519,0.165803,-0.471370,0.807640,0.609725,-0.972708,0.898145,-0.331562,0.894581,0.521707,0.491437,-0.109637,-0.801454,0.599112,-0.864089,-0.036183,0.727644,0.745661,0.420315,0.189098,0.271347,0.640202,0.595076,0.155759,-0.824839,0.988834,0.944554,-0.883611,0.507132,0.251505,-0.793157,0.000174,0.144528,-0.856974,0.800852,0.228824,0.270188,-0.867581,-0.764061,-0.983138,0.303092,0.530821,0.855636,0.984973,0.415356,0.226425,0.591332,-0.047432,-0.323227,-0.533878
Interpeduncular nucleus,0.974839,0.980901,0.779873,0.972675,0.988118,0.931246,0.935430,0.994512,0.991697,0.760316,0.968861,0.828719,0.861105,0.371335,0.536315,0.988262,0.988559,0.838916,0.837716,0.929280,0.542567,1.000000,0.926459,0.962601,0.893663,0.939783,0.671277,0.959277,0.963168,0.892293,0.820727,0.760368,0.982654,0.676964,0.919607,0.964978,0.617285,0.798115,0.811531,0.966012,0.862300,0.731063,0.968406,0.764610,0.938945,0.982919,0.875644,-0.153097,0.788419,0.326104,0.186110,0.904204,0.935889,0.995683,0.772238,0.952745,0.983237,-0.586270,0.923024,0.257280,0.464312,0.796683,0.846680,0.918821,0.806926,0.551715,-0.652233,0.465087,0.859317,0.808774,0.784705,0.896926,0.849429,0.936337,0.508755,0.761484,0.874401,0.923113,0.773926,0.804415,0.227439,0.504647,0.991499,0.186081,0.009577,0.631236,0.426537,0.977705,0.489519,0.939227,0.883268,0.751730,0.890728,0.743631,0.756930,0.308869,0.497696,0.362699,0.884941,0.242536,-0.528319,0.766266,-0.051945,0.674823,0.974977,0.609479,0.819986,0.990671,-0.317531,-0.741085,0.981179,0.634226,0.528614,0.972565,-0.154531,0.404978,-0.713802,0.838745,0.835672,0.403707,0.001938,0.164924,0.957000,0.748354,0.842879,0.661353,0.257297,0.873151,0.876668,0.800441,0.637683,-0.316822,0.580044,0.691522,0.889566,0.934255,0.969962,0.866320,0.881578,0.663052,0.932481,0.519429,0.896541,0.487260,-0.518250,0.204737,0.734298,0.943876,0.481540,0.577016,-0.291406,-0.004506,0.781152,-0.027539,0.532953,0.759247,0.659636,-0.273630,0.877210,-0.761868,0.221721,0.592951,0.036789,0.422179,0.960213,0.017069,0.568318,0.987273,0.881295,0.689873,0.708626,0.729343,-0.877203,0.109411,-0.181743,-0.173645,0.747514,0.822598,0.459467,0.928588,0.958313,0.368236,0.656074,0.963371,0.457100,0.962969,-0.401059,0.369983,0.917658,-0.615081,0.205146,0.414490,-0.455977,0.754139,0.611448,0.663767,0.983255,0.997172,-0.890277,-0.103866,0.993333,-0.114053,0.819575,0.970984,0.938296,0.985668,0.913931,0.917696,0.992587,0.394504,-0.745180,-0.585543,0.661543,0.580970,-0.854194,0.959133,0.860634,-0.903165,0.796160,0.756310,-0.891154,0.621142,0.789705,0.801005,-0.888052,-0.390776,-0.589748,0.671174,0.683368,0.041897,0.658667,0.913937,0.811865,0.960172,0.585826,-0.546737,-0.870652
Ventral cochlear nucleus,0.962509,0.955393,0.913518,0.961046,0.915971,0.993127,0.952484,0.950165,0.919635,0.557016,0.845599,0.784411,0.805559,0.091034,0.218122,0.969088,0.961538,0.951837,0.974927,0.984233,0.367193,0.926459,1.000000,0.898166,0.712291,0.831179,0.638395,0.891535,0.975456,0.880985,0.743543,0.543100,0.868167,0.354581,0.766894,0.948886,0.342132,0.917668,0.580389,0.958192,0.821025,0.616823,0.839318,0.616573,0.842519,0.932895,0.936546,-0.154361,0.872358,0.477101,-0.036872,0.998004,0.998884,0.900724,0.931351,0.790157,0.846780,-0.240287,0.766594,0.042455,0.224859,0.864407,0.811496,0.998979,0.963962,0.822888,-0.378119,0.758660,0.982476,0.969879,0.919703,0.997400,0.949818,0.900569,0.152761,0.919661,0.660266,0.968049,0.628729,0.964586,0.008352,0.325356,0.913837,0.069348,-0.101774,0.394276,0.293713,0.965838,0.526076,0.998818,0.858595,0.810926,0.939617,0.701445,0.946512,-0.008801,0.158255,-0.005377,0.942568,-0.067560,-0.173739,0.826115,-0.420093,0.874850,0.934056,0.459124,0.975076,0.903441,-0.181026,-0.512098,0.953203,0.375979,0.177286,0.968927,0.227804,0.213590,-0.400679,0.650507,0.747811,0.353430,0.167814,0.157800,0.834597,0.464881,0.927620,0.567305,0.202946,0.930200,0.917125,0.891127,0.509897,-0.528877,0.527137,0.657722,0.995034,0.972764,0.983599,0.843485,0.987385,0.838728,0.968915,0.714718,0.957678,0.763566,-0.166071,0.349542,0.921508,0.988483,0.265336,0.833232,0.089550,0.173005,0.956728,0.319688,0.232668,0.677342,0.839671,-0.339952,0.953067,-0.834997,0.286546,0.616260,0.090741,0.495540,0.796004,-0.308903,0.231322,0.856348,0.975040,0.880584,0.431091,0.928708,-0.633470,0.475498,-0.039325,0.082228,0.900797,0.975942,0.204762,0.997189,0.909670,0.690908,0.767984,0.986600,0.538935,0.937881,-0.364888,0.686082,0.927584,-0.281123,0.233331,0.577549,-0.209824,0.501404,0.676527,0.378613,0.851413,0.917544,-0.930186,0.199839,0.939454,0.141475,0.843239,0.863076,0.755613,0.901345,0.965844,0.794501,0.896250,0.020556,-0.802276,-0.629095,0.489520,0.309242,-0.662402,0.987225,0.988319,-0.699464,0.929073,0.556992,-0.723153,0.297273,0.962309,0.966075,-0.756114,-0.475250,-0.361198,0.884436,0.842075,-0.079305,0.520054,0.996308,0.971908,0.966702,0.380286,-0.216865,-0.629388
Agranular insular area dorsal part,0.983641,0.986855,0.660182,0.984693,0.992744,0.932882,0.977330,0.977911,0.989414,0.865404,0.985849,0.949331,0.966612,0.519306,0.613223,0.968835,0.977857,0.892333,0.852795,0.946216,0.721428,0.962601,0.898166,1.000000,0.943484,0.990816,0.446843,0.847176,0.972362,0.977028,0.943287,0.856629,0.983941,0.674885,0.794524,0.990321,0.718100,0.876983,0.872435,0.985851,0.967045,0.880314,0.982683,0.893202,0.993534,0.994281,0.943130,0.119124,0.896721,0.544329,0.388793,0.886341,0.917129,0.977120,0.679180,0.961222,0.961109,-0.576155,0.966850,0.459024,0.626413,0.908475,0.958787,0.879855,0.823131,0.518539,-0.492725,0.419345,0.800862,0.775058,0.669512,0.870831,0.906653,0.810891,0.432869,0.826548,0.909993,0.958780,0.900080,0.815435,0.429397,0.689305,0.989221,0.429650,0.262691,0.757968,0.639486,0.980763,0.704416,0.901299,0.975475,0.886973,0.953938,0.896942,0.726060,0.138341,0.553096,0.391650,0.767425,0.377619,-0.529928,0.895189,-0.105586,0.748270,0.884000,0.782468,0.802301,0.988348,-0.057403,-0.574213,0.987926,0.744528,0.446860,0.978967,-0.150719,0.600859,-0.647028,0.917514,0.950527,0.140745,0.251985,0.425649,0.987838,0.782485,0.918239,0.834758,0.506135,0.747023,0.742568,0.655859,0.810221,-0.122687,0.778028,0.861363,0.850319,0.846113,0.912993,0.703925,0.820706,0.525952,0.964359,0.669389,0.946257,0.557023,-0.535501,0.442707,0.778196,0.949291,0.653643,0.516477,-0.278462,-0.234951,0.784239,0.096500,0.370286,0.904658,0.525450,-0.014721,0.768940,-0.590621,0.474213,0.361417,0.305085,0.177714,0.885731,-0.134803,0.466539,0.957424,0.797538,0.584171,0.772885,0.747883,-0.853010,0.121090,0.080051,0.044778,0.629516,0.794962,0.612630,0.880029,0.999102,0.361768,0.807262,0.957843,0.670925,0.863925,-0.633410,0.419306,0.794875,-0.529805,0.462228,0.610702,-0.615348,0.824080,0.394697,0.738226,0.919337,0.939783,-0.764584,-0.251286,0.985008,-0.300299,0.649976,0.992141,0.943659,0.903460,0.816388,0.781185,0.982682,0.382514,-0.560923,-0.777707,0.813645,0.695161,-0.922207,0.956561,0.825319,-0.924453,0.686369,0.577926,-0.951371,0.655909,0.777979,0.798825,-0.966579,-0.616473,-0.732555,0.725564,0.795388,0.291518,0.822855,0.908740,0.789958,0.979074,0.371153,-0.424089,-0.791669
Inferior salivatory nucleus,0.874242,0.887573,0.421174,0.875628,0.932883,0.762829,0.854215,0.888601,0.927584,0.969274,0.975487,0.909480,0.929327,0.747867,0.839240,0.857800,0.875445,0.700248,0.631681,0.785646,0.843688,0.893663,0.712291,0.943484,1.000000,0.978464,0.344454,0.762633,0.843073,0.892975,0.933464,0.970803,0.960925,0.870403,0.786200,0.888896,0.901526,0.689562,0.984878,0.875941,0.917027,0.919564,0.976882,0.953349,0.971430,0.917222,0.794683,0.196414,0.747684,0.417791,0.602093,0.687799,0.741252,0.931314,0.424535,0.985331,0.952241,-0.801882,0.996721,0.656121,0.810740,0.773251,0.906963,0.686939,0.588847,0.206477,-0.616333,0.095988,0.573872,0.526541,0.429664,0.665664,0.724960,0.698587,0.663232,0.607192,0.994461,0.811627,0.956077,0.577649,0.633983,0.820934,0.932293,0.559022,0.411463,0.911827,0.746364,0.869399,0.656362,0.723952,0.905754,0.769712,0.813167,0.872741,0.459834,0.340523,0.797938,0.672771,0.581906,0.645536,-0.772847,0.774217,0.210176,0.505082,0.778569,0.873344,0.560975,0.939842,-0.082010,-0.645873,0.890923,0.913103,0.669447,0.861782,-0.463438,0.757843,-0.816320,0.992944,0.946515,0.078908,0.159722,0.465840,0.981115,0.942782,0.754787,0.870212,0.573390,0.561678,0.569557,0.446462,0.877827,0.142239,0.792988,0.839844,0.638970,0.677221,0.767818,0.581382,0.605530,0.261324,0.822640,0.465798,0.791268,0.270125,-0.780867,0.340882,0.532532,0.793488,0.817670,0.208538,-0.570939,-0.437204,0.534290,-0.176354,0.530941,0.911426,0.258064,0.131499,0.570456,-0.395750,0.442934,0.218422,0.309722,0.009804,0.892935,0.115026,0.667485,0.941617,0.588105,0.309676,0.939296,0.486945,-0.950368,-0.208861,0.033654,-0.110491,0.377816,0.552747,0.808969,0.693943,0.930085,0.033425,0.659419,0.815920,0.587285,0.744523,-0.663397,0.108157,0.645687,-0.725713,0.465882,0.457992,-0.805979,0.964396,0.216121,0.919020,0.897693,0.872310,-0.592109,-0.533574,0.905877,-0.547505,0.491292,0.969021,0.986417,0.836313,0.636400,0.745007,0.940277,0.656189,-0.379371,-0.706785,0.912495,0.882950,-0.996545,0.811553,0.599073,-0.993241,0.448035,0.619441,-0.998738,0.867424,0.526444,0.554435,-0.986775,-0.541321,-0.887652,0.467317,0.595184,0.444089,0.895511,0.721583,0.544453,0.857206,0.431812,-0.617160,-0.876218
Agranular insular area posterior part,0.950832,0.957612,0.560469,0.952390,0.978462,0.875659,0.943026,0.949818,0.973560,0.924189,0.991847,0.955652,0.972322,0.627853,0.713407,0.932042,0.945434,0.832301,0.776949,0.894480,0.794536,0.939783,0.831179,0.990816,0.978464,1.000000,0.385590,0.808885,0.931905,0.962565,0.961259,0.918267,0.983286,0.754850,0.783444,0.962512,0.805602,0.821529,0.929484,0.954131,0.967804,0.919591,0.990087,0.938200,0.999421,0.974212,0.901802,0.180865,0.859475,0.525431,0.496725,0.815614,0.855211,0.965421,0.576701,0.979217,0.962988,-0.665942,0.991149,0.561227,0.720546,0.877003,0.959633,0.808804,0.742140,0.399683,-0.525665,0.293924,0.713910,0.682508,0.570070,0.796501,0.851146,0.760164,0.515717,0.756896,0.953751,0.914423,0.943267,0.732448,0.534246,0.766398,0.975239,0.510531,0.350725,0.837468,0.709961,0.946521,0.716431,0.836491,0.967334,0.864883,0.915142,0.912570,0.626671,0.197167,0.657518,0.505591,0.689274,0.498578,-0.627255,0.871022,0.008077,0.669836,0.840449,0.843404,0.714561,0.977572,-0.037426,-0.587117,0.959653,0.827657,0.526176,0.942869,-0.271019,0.688212,-0.709321,0.962833,0.969894,0.088083,0.247463,0.474383,0.996831,0.854019,0.871878,0.874986,0.564502,0.667785,0.667093,0.564571,0.862438,-0.000160,0.812783,0.879624,0.771951,0.778326,0.858391,0.644177,0.738153,0.413360,0.921690,0.614226,0.900416,0.459908,-0.635603,0.434694,0.695668,0.898080,0.741387,0.396040,-0.391016,-0.340597,0.695440,0.007239,0.416027,0.931278,0.412134,0.070749,0.686908,-0.501295,0.495083,0.283137,0.340121,0.086936,0.887133,-0.057847,0.535446,0.955736,0.714367,0.471883,0.850135,0.656362,-0.894371,-0.002685,0.093008,0.010864,0.524898,0.705681,0.710217,0.810489,0.985522,0.238481,0.774666,0.910750,0.668945,0.813946,-0.676677,0.309459,0.730228,-0.599195,0.496878,0.579816,-0.711488,0.892425,0.304786,0.821861,0.911199,0.915046,-0.690457,-0.378126,0.961812,-0.418585,0.575151,0.993793,0.968281,0.875704,0.743041,0.758041,0.973322,0.488836,-0.474953,-0.778970,0.875485,0.785679,-0.965913,0.908618,0.741506,-0.960695,0.588262,0.578018,-0.984112,0.746062,0.686823,0.711664,-0.991160,-0.618657,-0.814166,0.639004,0.738190,0.380837,0.876146,0.843999,0.700036,0.942621,0.372718,-0.487247,-0.821350
Trochlear nucleus,0.544733,0.552928,0.816893,0.534828,0.549644,0.556515,0.438075,0.618128,0.570670,0.109769,0.492299,0.145428,0.203065,-0.254132,0.028028,0.628214,0.602637,0.372875,0.482886,0.511843,-0.213141,0.671277,0.638395,0.446843,0.344454,0.385590,1.000000,0.853195,0.542701,0.288780,0.127547,0.130616,0.545450,0.325658,0.845134,0.492784,0.020390,0.280885,0.254054,0.510432,0.209265,-0.006942,0.498059,0.061186,0.378281,0.533454,0.343481,-0.835002,0.186139,-0.369778,-0.498781,0.601646,0.615319,0.612082,0.745628,0.496732,0.604613,-0.288811,0.384045,-0.452521,-0.228498,0.177560,0.181415,0.664705,0.466487,0.479218,-0.753482,0.468151,0.693417,0.605150,0.807741,0.621500,0.365627,0.883901,0.420928,0.306410,0.364259,0.454574,0.074001,0.479953,-0.471626,-0.252181,0.569201,-0.585273,-0.713629,-0.033214,-0.364298,0.562240,-0.292189,0.668916,0.259843,0.084982,0.361153,0.006551,0.573761,0.571831,0.059149,0.045498,0.854389,-0.301536,-0.220685,0.110960,0.028287,0.242647,0.811014,-0.151845,0.566419,0.566552,-0.865412,-0.836538,0.550335,0.008409,0.449749,0.552046,-0.009645,-0.344244,-0.526511,0.231389,0.154843,0.944329,-0.643430,-0.618421,0.447650,0.277750,0.308417,-0.109094,-0.543005,0.870903,0.890813,0.886796,-0.128671,-0.767758,-0.214207,-0.067238,0.654367,0.798364,0.728056,0.947034,0.708937,0.806060,0.468403,-0.058995,0.404420,0.160958,-0.172550,-0.496471,0.355326,0.549454,-0.240204,0.565356,-0.115246,0.670391,0.491698,-0.272547,0.685910,0.027831,0.797126,-0.884827,0.828913,-0.932940,-0.545371,0.986924,-0.699686,0.934113,0.727737,0.347649,0.531260,0.629432,0.768507,0.739471,0.173426,0.424715,-0.522422,0.119749,-0.788913,-0.638355,0.797974,0.594763,-0.210529,0.693918,0.438829,0.310834,-0.002149,0.585721,-0.297443,0.829828,0.409226,0.157617,0.876586,-0.514255,-0.576417,-0.254818,0.227522,0.190501,0.967305,0.117382,0.720084,0.722862,-0.875658,0.415100,0.592511,0.503850,0.950450,0.485808,0.491978,0.782911,0.815372,0.882343,0.586242,0.174780,-0.954919,0.171990,-0.069332,-0.036695,-0.269035,0.576309,0.631949,-0.422766,0.799181,0.884064,-0.317733,0.191736,0.536539,0.515246,-0.274436,0.368200,0.099523,0.295819,0.132229,-0.687467,-0.096105,0.569963,0.574394,0.513001,0.881886,-0.577411,-0.669098
Periventricular hypothalamic nucleus intermediate part,0.891833,0.899536,0.855376,0.886518,0.904492,0.863931,0.822769,0.934427,0.915024,0.580097,0.870361,0.637763,0.682746,0.170329,0.394640,0.933273,0.923914,0.727844,0.768388,0.845676,0.303473,0.959277,0.891535,0.847176,0.762633,0.808885,0.853195,1.000000,0.882267,0.736241,0.626143,0.588433,0.900101,0.606962,0.971195,0.865185,0.447449,0.663962,0.671761,0.872442,0.685600,0.512850,0.872383,0.563207,0.805208,0.894123,0.743664,-0.425992,0.621881,0.083862,-0.054343,0.861405,0.889602,0.934186,0.822198,0.861718,0.923629,-0.529878,0.797719,0.013021,0.244310,0.624801,0.663867,0.896057,0.740049,0.563121,-0.751698,0.497595,0.864226,0.794162,0.855238,0.863714,0.732759,0.994843,0.526182,0.647063,0.757489,0.819742,0.574561,0.743349,-0.015092,0.262078,0.914462,-0.089985,-0.262882,0.435836,0.163370,0.900513,0.230889,0.912481,0.719198,0.558156,0.761281,0.525040,0.745124,0.442649,0.379956,0.280779,0.945239,0.062646,-0.463450,0.578248,-0.016574,0.560925,0.994253,0.373174,0.787392,0.913106,-0.556304,-0.844595,0.898802,0.454341,0.550993,0.892815,-0.121461,0.157345,-0.709218,0.681140,0.647303,0.644733,-0.248272,-0.120170,0.844982,0.637786,0.706718,0.424483,-0.025447,0.943288,0.953760,0.897534,0.401242,-0.509961,0.326335,0.460130,0.870972,0.958913,0.957735,0.969517,0.886187,0.768282,0.831798,0.336951,0.781569,0.396337,-0.437960,-0.049449,0.645951,0.870520,0.251353,0.614105,-0.257716,0.248310,0.731138,-0.131868,0.642905,0.545090,0.762370,-0.527934,0.929647,-0.888525,-0.054231,0.791892,-0.242546,0.650746,0.955153,0.152663,0.609591,0.935795,0.909019,0.761310,0.569967,0.668658,-0.820542,0.113419,-0.432028,-0.371685,0.824979,0.800084,0.248145,0.914339,0.840722,0.368922,0.456525,0.898558,0.205035,0.992622,-0.125978,0.311837,0.977829,-0.635822,-0.076802,0.189420,-0.239002,0.607791,0.796349,0.517307,0.967595,0.977129,-0.957534,0.078099,0.924058,0.106009,0.936894,0.868994,0.850266,0.992094,0.950820,0.983328,0.922187,0.352565,-0.885604,-0.343929,0.441709,0.400112,-0.706429,0.891874,0.841580,-0.799732,0.860057,0.872680,-0.750347,0.516742,0.754322,0.754307,-0.730762,-0.131454,-0.381229,0.578332,0.525797,-0.229990,0.428652,0.856421,0.784618,0.868973,0.752442,-0.611894,-0.871862
Agranular insular area ventral part,0.997931,0.995137,0.806981,0.997931,0.975610,0.990804,0.992783,0.985725,0.975407,0.725356,0.934185,0.893557,0.911896,0.307508,0.415133,0.991840,0.992691,0.954132,0.944780,0.993581,0.559553,0.963168,0.975456,0.972362,0.843073,0.931905,0.542701,0.882267,1.000000,0.956926,0.868014,0.712561,0.944348,0.512221,0.786523,0.995092,0.535902,0.930448,0.737189,0.997671,0.920699,0.770396,0.928910,0.774113,0.939898,0.986516,0.970590,-0.003272,0.917216,0.543045,0.180744,0.969918,0.984618,0.957407,0.828555,0.890754,0.919329,-0.401395,0.883784,0.257787,0.433815,0.918571,0.912273,0.965279,0.924966,0.699244,-0.424619,0.615835,0.917324,0.900818,0.815248,0.961528,0.960042,0.869111,0.278952,0.906722,0.796855,0.992262,0.783879,0.921208,0.224909,0.521750,0.972065,0.263546,0.090949,0.586353,0.483768,0.997871,0.644536,0.975255,0.944408,0.880986,0.976893,0.826030,0.865241,0.041744,0.351394,0.181853,0.873314,0.151369,-0.343784,0.892675,-0.290337,0.846081,0.925410,0.638892,0.918039,0.965820,-0.101465,-0.536900,0.994486,0.568150,0.298610,0.999116,0.058250,0.419102,-0.518492,0.799317,0.872978,0.236640,0.236966,0.313099,0.930360,0.627828,0.954831,0.723935,0.374591,0.856010,0.845782,0.789842,0.680230,-0.333812,0.677577,0.786670,0.949319,0.929831,0.970183,0.783591,0.929046,0.700873,0.994949,0.727455,0.982072,0.694426,-0.343679,0.426291,0.883122,0.996207,0.470209,0.701274,-0.077729,-0.035753,0.901492,0.237016,0.285796,0.815272,0.701469,-0.170966,0.880862,-0.725295,0.407063,0.489873,0.220250,0.335473,0.850431,-0.251619,0.336014,0.922192,0.909001,0.754636,0.607508,0.870474,-0.749194,0.324311,0.042072,0.089444,0.785774,0.914092,0.415214,0.963368,0.978750,0.555115,0.821508,0.997995,0.636089,0.917402,-0.522892,0.584875,0.877110,-0.395047,0.372103,0.627978,-0.419957,0.671332,0.540677,0.563009,0.898224,0.945509,-0.864203,-0.019727,0.983862,-0.079245,0.757656,0.947346,0.862889,0.916991,0.911174,0.794646,0.958371,0.187948,-0.691798,-0.734052,0.668279,0.508168,-0.807065,0.998055,0.934346,-0.824097,0.828892,0.562635,-0.853903,0.475040,0.900192,0.912970,-0.881351,-0.576280,-0.557641,0.838953,0.853542,0.116588,0.690938,0.980674,0.910094,0.999204,0.363692,-0.306036,-0.712771
Periventricular hypothalamic nucleus posterior part,0.959988,0.957274,0.612328,0.963188,0.947636,0.929357,0.983129,0.928968,0.940219,0.843621,0.932461,0.984501,0.988654,0.508372,0.544874,0.926271,0.937912,0.937250,0.883017,0.949480,0.756874,0.892293,0.880985,0.977028,0.892975,0.962565,0.288780,0.736241,0.956926,1.000000,0.969526,0.825342,0.923803,0.555658,0.650504,0.975374,0.675040,0.939829,0.814929,0.970256,0.993070,0.912805,0.925908,0.902253,0.971177,0.960136,0.979046,0.281085,0.965821,0.710175,0.432345,0.882128,0.901960,0.911194,0.654977,0.891007,0.880464,-0.447197,0.919892,0.502759,0.634087,0.974329,0.991399,0.858724,0.860989,0.569835,-0.297581,0.472539,0.783342,0.785082,0.624575,0.864097,0.949602,0.702764,0.264485,0.894361,0.841460,0.969975,0.908360,0.851318,0.472688,0.727871,0.938285,0.530191,0.374982,0.741568,0.711031,0.953839,0.828398,0.873825,0.998852,0.964962,0.983228,0.953983,0.747963,-0.068045,0.466579,0.284245,0.694403,0.353171,-0.406589,0.969331,-0.250484,0.836252,0.793337,0.820601,0.819491,0.934417,0.144761,-0.386608,0.958027,0.711838,0.276010,0.956691,-0.025112,0.644727,-0.492097,0.883113,0.968564,-0.038335,0.449289,0.570958,0.943081,0.694663,0.967023,0.889397,0.627409,0.669109,0.654741,0.579571,0.854421,-0.067838,0.861904,0.931976,0.837679,0.782954,0.859296,0.580124,0.795790,0.484083,0.970454,0.804396,0.971369,0.671485,-0.422274,0.621214,0.843454,0.942245,0.673961,0.546529,-0.144471,-0.313509,0.820912,0.277869,0.168177,0.944293,0.486726,0.122250,0.707193,-0.494316,0.635752,0.218778,0.477155,0.047551,0.766532,-0.325464,0.287496,0.873910,0.755542,0.564587,0.705469,0.802306,-0.740362,0.239452,0.281560,0.256278,0.589611,0.805749,0.610461,0.849456,0.983145,0.449387,0.913444,0.937251,0.809256,0.773821,-0.747094,0.537301,0.703050,-0.360121,0.615418,0.765245,-0.619554,0.766555,0.273238,0.675514,0.815809,0.856012,-0.681131,-0.239560,0.937934,-0.325960,0.537702,0.945921,0.865721,0.804069,0.752465,0.639783,0.921445,0.248632,-0.452463,-0.888188,0.831521,0.661886,-0.880040,0.939318,0.822648,-0.850119,0.643632,0.392500,-0.911154,0.559091,0.804884,0.828642,-0.948363,-0.764234,-0.729198,0.806682,0.892694,0.397871,0.858277,0.908080,0.806446,0.967567,0.167019,-0.235677,-0.648069
Anteromedial nucleus,0.882753,0.884924,0.408646,0.887467,0.898451,0.813305,0.911375,0.853460,0.887042,0.936700,0.918372,0.995948,0.995153,0.699661,0.703867,0.836615,0.856929,0.829888,0.742892,0.845271,0.893691,0.820727,0.743543,0.943287,0.933464,0.961259,0.127547,0.626143,0.868014,0.969526,1.000000,0.921131,0.895619,0.662689,0.581858,0.909684,0.816610,0.846024,0.894834,0.897238,0.991559,0.984880,0.913501,0.978219,0.965410,0.903326,0.903078,0.438372,0.907050,0.715690,0.638979,0.741523,0.774207,0.861155,0.452566,0.894588,0.851497,-0.570637,0.941465,0.698164,0.802889,0.925163,0.991962,0.712898,0.713823,0.359902,-0.298926,0.252092,0.610084,0.609432,0.422103,0.716326,0.849872,0.570939,0.365722,0.776334,0.893454,0.881413,0.980711,0.700012,0.673149,0.873222,0.888072,0.702418,0.565378,0.875387,0.853870,0.873089,0.877516,0.737506,0.980140,0.936650,0.909966,0.989171,0.563533,-0.018471,0.628962,0.460043,0.522300,0.565035,-0.545948,0.936045,-0.080388,0.708475,0.678795,0.935124,0.654393,0.889285,0.238188,-0.352318,0.887364,0.847960,0.369918,0.873834,-0.210088,0.811354,-0.556997,0.947367,0.999256,-0.186382,0.493043,0.696482,0.936879,0.793760,0.885621,0.969840,0.763154,0.493862,0.483717,0.383554,0.954288,0.174141,0.940978,0.976146,0.681052,0.631836,0.734364,0.428469,0.628369,0.259764,0.883525,0.733312,0.884066,0.518675,-0.569486,0.651334,0.701530,0.836110,0.834226,0.327817,-0.311529,-0.527254,0.659457,0.162889,0.192430,0.994803,0.261952,0.317676,0.531057,-0.297040,0.713991,0.031382,0.586154,-0.157462,0.726785,-0.235303,0.359771,0.837620,0.582487,0.346399,0.820844,0.641144,-0.776310,0.043227,0.360448,0.252051,0.379426,0.636114,0.783033,0.703790,0.943269,0.243015,0.874452,0.834849,0.836949,0.647814,-0.851610,0.363482,0.550295,-0.435216,0.716826,0.744867,-0.791202,0.867749,0.069962,0.804307,0.762499,0.777419,-0.513571,-0.467098,0.871882,-0.547612,0.362063,0.925756,0.879541,0.715971,0.591213,0.549801,0.876952,0.403165,-0.258305,-0.913007,0.941763,0.811959,-0.939122,0.836293,0.659028,-0.886521,0.444050,0.335198,-0.950293,0.691282,0.636448,0.668148,-0.978427,-0.802775,-0.870785,0.662285,0.806090,0.588684,0.957556,0.779243,0.637266,0.887043,0.109406,-0.295219,-0.654581
Midbrain reticular nucleus,0.750499,0.765910,0.196651,0.753850,0.825732,0.614864,0.745291,0.758236,0.815803,0.998852,0.896177,0.883412,0.893769,0.883038,0.922805,0.717816,0.743352,0.577890,0.478193,0.649472,0.937180,0.760368,0.543100,0.856629,0.970803,0.918267,0.130616,0.588433,0.712561,0.825342,0.921131,1.000000,0.867322,0.889203,0.639376,0.777658,0.973213,0.585610,0.990888,0.758397,0.875867,0.948314,0.898056,0.977024,0.909210,0.807063,0.693843,0.379761,0.675010,0.450312,0.775124,0.520781,0.580127,0.817298,0.208007,0.916895,0.852299,-0.836544,0.951231,0.816014,0.927339,0.707187,0.870192,0.510130,0.433315,0.016592,-0.527985,-0.097353,0.378584,0.339630,0.206684,0.492411,0.607807,0.508415,0.672854,0.486545,0.970874,0.690940,0.976035,0.418279,0.799571,0.924428,0.822498,0.719276,0.599649,0.983688,0.861142,0.741685,0.704529,0.552153,0.848469,0.726727,0.711916,0.877022,0.271760,0.307777,0.881407,0.768962,0.370861,0.801056,-0.825411,0.725255,0.313942,0.386655,0.605423,0.945455,0.384171,0.833475,0.068507,-0.525234,0.770555,0.982214,0.671232,0.733886,-0.573576,0.885868,-0.788356,0.990879,0.931283,-0.115194,0.250303,0.600912,0.911367,0.959777,0.654786,0.915813,0.705254,0.347322,0.355772,0.219320,0.937931,0.375132,0.849962,0.858156,0.457154,0.483588,0.596538,0.374283,0.411821,0.027735,0.701388,0.415798,0.676916,0.148510,-0.843276,0.403907,0.392868,0.652078,0.929745,0.004137,-0.656448,-0.635702,0.368001,-0.220057,0.466162,0.922743,0.025154,0.346128,0.359603,-0.164148,0.540212,-0.008556,0.445487,-0.219000,0.774682,0.136177,0.646921,0.834598,0.385031,0.085851,0.977575,0.328625,-0.901163,-0.344731,0.164531,-0.046152,0.151865,0.370275,0.926240,0.514127,0.840317,-0.133468,0.620589,0.672799,0.623433,0.562690,-0.759445,-0.023483,0.443695,-0.707514,0.580955,0.461118,-0.924434,0.991172,-0.019178,0.972163,0.771271,0.729634,-0.381657,-0.713162,0.783926,-0.731975,0.270056,0.886538,0.925122,0.682083,0.435271,0.581335,0.832318,0.725721,-0.147910,-0.725854,0.972627,0.966365,-0.987208,0.669072,0.415793,-0.953567,0.227431,0.479507,-0.971400,0.916299,0.351209,0.385966,-0.958159,-0.592680,-0.971813,0.333428,0.512972,0.629217,0.951559,0.564762,0.364518,0.734891,0.295769,-0.584642,-0.794446
Nucleus ambiguus,0.963504,0.972135,0.655304,0.962914,0.993520,0.892962,0.933508,0.979222,0.993224,0.867587,0.997897,0.891780,0.918871,0.534889,0.669873,0.963439,0.971027,0.814357,0.784409,0.901628,0.685617,0.982654,0.868167,0.983941,0.960925,0.983286,0.545450,0.900101,0.944348,0.923803,0.895619,0.867322,1.000000,0.765831,0.881565,0.964093,0.748348,0.786160,0.902593,0.959432,0.915023,0.834335,0.997850,0.866807,0.980480,0.984972,0.874788,-0.000853,0.804226,0.389861,0.364882,0.845534,0.886011,0.995621,0.654159,0.990149,0.994868,-0.680231,0.978361,0.431440,0.620490,0.819455,0.901781,0.852724,0.748477,0.434751,-0.640061,0.335823,0.769935,0.721709,0.662056,0.831758,0.830775,0.860033,0.571623,0.730289,0.944856,0.909049,0.873682,0.742174,0.403706,0.652909,0.994839,0.352918,0.183534,0.763848,0.576877,0.963024,0.584994,0.879909,0.923356,0.790988,0.891100,0.825622,0.663304,0.311812,0.627157,0.489736,0.783908,0.411319,-0.632652,0.801562,0.038564,0.636498,0.918364,0.739872,0.743384,0.997089,-0.212930,-0.708503,0.973636,0.764668,0.586362,0.957162,-0.272569,0.565329,-0.763588,0.925165,0.909491,0.267970,0.084966,0.306216,0.993568,0.842975,0.839311,0.772744,0.405421,0.767845,0.772286,0.675708,0.759969,-0.135862,0.693267,0.780912,0.815756,0.854413,0.914431,0.767111,0.796012,0.517830,0.918895,0.527627,0.885473,0.426193,-0.630559,0.283780,0.682740,0.912967,0.635328,0.449409,-0.401187,-0.187523,0.710089,-0.071211,0.529958,0.849411,0.514670,-0.105187,0.775508,-0.629031,0.334140,0.446740,0.165162,0.256288,0.952676,0.038901,0.609687,0.992820,0.787127,0.556397,0.818606,0.660118,-0.924493,-0.004538,-0.080942,-0.133290,0.618204,0.741072,0.615783,0.860777,0.976500,0.253036,0.689014,0.932978,0.538056,0.897092,-0.531349,0.287338,0.828458,-0.663519,0.332230,0.460510,-0.612997,0.858285,0.459458,0.782701,0.970573,0.970929,-0.790382,-0.280187,0.985662,-0.295831,0.702400,0.997302,0.980778,0.947622,0.825051,0.863931,0.997762,0.500417,-0.610752,-0.664365,0.786442,0.718983,-0.935567,0.928873,0.782404,-0.961849,0.676898,0.707558,-0.959833,0.731763,0.711334,0.730045,-0.955165,-0.478734,-0.729284,0.618247,0.679260,0.216455,0.779451,0.865670,0.731528,0.948572,0.522779,-0.574856,-0.887357
Intermediate reticular nucleus,0.566378,0.593985,0.112371,0.565377,0.688079,0.394430,0.503501,0.627216,0.686538,0.866276,0.782909,0.602185,0.634600,0.822195,0.952524,0.573411,0.593078,0.269266,0.202740,0.414249,0.727523,0.676964,0.354581,0.674885,0.870403,0.754850,0.325658,0.606962,0.512221,0.555658,0.662689,0.889203,0.765831,1.000000,0.744111,0.576278,0.925068,0.246184,0.927289,0.558082,0.607121,0.698251,0.792681,0.772513,0.732417,0.645428,0.397588,0.050005,0.324411,-0.007950,0.634955,0.307935,0.384933,0.725396,0.071519,0.846409,0.797546,-0.991960,0.835167,0.657912,0.800888,0.362219,0.590218,0.332312,0.147714,-0.239219,-0.816052,-0.336722,0.206335,0.116599,0.114588,0.286936,0.301301,0.525607,0.936748,0.144109,0.916621,0.439424,0.770945,0.137711,0.649836,0.717024,0.697329,0.448024,0.344751,0.871020,0.597214,0.564273,0.303328,0.384100,0.580309,0.365375,0.427216,0.566949,0.033946,0.705924,0.962119,0.930491,0.319347,0.802824,-0.982388,0.369064,0.661679,0.018905,0.573685,0.712925,0.142266,0.715467,-0.314712,-0.773714,0.599326,0.906123,0.935784,0.547044,-0.827435,0.690992,-0.970932,0.867492,0.687978,0.193117,-0.200408,0.231380,0.781411,0.981258,0.336933,0.632197,0.368501,0.309786,0.340146,0.195244,0.684361,0.331925,0.519179,0.529884,0.266775,0.398020,0.481251,0.443868,0.251215,-0.042347,0.459299,-0.020539,0.400047,-0.234850,-0.979745,-0.053319,0.062340,0.436850,0.770010,-0.209421,-0.895877,-0.459694,0.091043,-0.630695,0.799603,0.649025,-0.051302,0.103608,0.284093,-0.195181,0.118734,0.169636,0.045474,-0.028299,0.813442,0.570053,0.920097,0.785264,0.263429,-0.041566,0.962389,0.023652,-0.946760,-0.646305,-0.250456,-0.487796,0.057116,0.142282,0.823556,0.355538,0.643434,-0.427755,0.217732,0.483902,0.196806,0.532334,-0.404484,-0.386936,0.427675,-0.948005,0.183107,0.006688,-0.807999,0.942011,0.105738,0.957401,0.768304,0.677550,-0.352803,-0.719824,0.649127,-0.650535,0.324088,0.756226,0.876026,0.668297,0.356157,0.680073,0.730567,0.939611,-0.210856,-0.331693,0.773697,0.904843,-0.877719,0.473532,0.209480,-0.905257,0.127589,0.718802,-0.848043,0.989950,0.094362,0.119892,-0.785039,-0.160819,-0.839553,-0.018109,0.122737,0.380065,0.712960,0.341690,0.126100,0.526479,0.619197,-0.884196,-0.911761
Pontine reticular nucleus,0.810207,0.825862,0.720213,0.804192,0.858990,0.741709,0.721894,0.874337,0.870141,0.621199,0.856196,0.572856,0.623990,0.287617,0.530535,0.858700,0.852876,0.575164,0.606422,0.725682,0.336455,0.919607,0.766894,0.794524,0.786200,0.783444,0.845134,0.971195,0.786523,0.650504,0.581858,0.639376,0.881565,0.744111,1.000000,0.784376,0.546179,0.507228,0.731694,0.787253,0.618085,0.495561,0.862227,0.566614,0.771856,0.834539,0.617581,-0.450585,0.483649,-0.069657,0.036590,0.724834,0.769213,0.905344,0.668256,0.874374,0.921898,-0.690852,0.804188,0.092661,0.326101,0.495276,0.592962,0.769579,0.568528,0.351657,-0.884103,0.282002,0.719522,0.627161,0.718162,0.724886,0.586276,0.950399,0.709761,0.471908,0.804955,0.703759,0.575735,0.570876,0.069825,0.300050,0.873035,-0.070161,-0.231815,0.506130,0.175791,0.819170,0.133364,0.796639,0.641404,0.434546,0.641828,0.461799,0.564907,0.634351,0.535474,0.469860,0.846954,0.211697,-0.633243,0.453835,0.221838,0.366689,0.944526,0.385606,0.620764,0.877633,-0.648901,-0.942342,0.826505,0.539799,0.730761,0.806403,-0.342788,0.210119,-0.846671,0.709710,0.609334,0.677029,-0.386266,-0.168196,0.829367,0.739398,0.567822,0.397609,-0.051102,0.847660,0.869149,0.790471,0.397341,-0.379143,0.278001,0.394062,0.731635,0.863689,0.870072,0.928766,0.750475,0.620358,0.720734,0.148628,0.656015,0.172721,-0.604935,-0.191061,0.458472,0.757219,0.315878,0.413479,-0.467165,0.172907,0.552448,-0.360400,0.802590,0.505961,0.611659,-0.499800,0.819537,-0.799557,-0.150365,0.757422,-0.317599,0.602812,0.980070,0.373096,0.779860,0.931415,0.784030,0.597218,0.667181,0.477812,-0.894529,-0.122873,-0.540744,-0.544539,0.680435,0.635726,0.341023,0.795455,0.778275,0.138549,0.306886,0.798198,0.082792,0.935418,-0.078568,0.077312,0.906635,-0.797633,-0.149608,0.023692,-0.326050,0.684857,0.732440,0.621777,0.969043,0.944328,-0.870821,-0.077761,0.868735,-0.013768,0.872851,0.844612,0.877011,0.966785,0.850553,0.995829,0.893224,0.548274,-0.809856,-0.236720,0.465753,0.498089,-0.737335,0.788485,0.690648,-0.840256,0.722449,0.952496,-0.764436,0.654536,0.578816,0.581034,-0.720356,-0.011865,-0.447790,0.379042,0.350605,-0.195288,0.430706,0.724165,0.616291,0.775637,0.856679,-0.782739,-0.952810
Locus ceruleus,0.998047,0.997312,0.746614,0.998678,0.987232,0.973819,0.994826,0.986401,0.985343,0.789630,0.959594,0.927816,0.944753,0.400043,0.497859,0.986580,0.991165,0.939240,0.915622,0.981719,0.636624,0.964978,0.948886,0.990321,0.888896,0.962512,0.492784,0.865185,0.995092,0.975374,0.909684,0.777658,0.964093,0.576278,0.784376,1.000000,0.614923,0.920440,0.796505,0.999520,0.950369,0.826656,0.954896,0.832376,0.968801,0.995125,0.969819,0.062813,0.921776,0.561975,0.275190,0.941690,0.962499,0.968241,0.769242,0.922466,0.938088,-0.468914,0.922795,0.349959,0.520709,0.927334,0.942498,0.934803,0.892056,0.631744,-0.441002,0.541030,0.873432,0.855107,0.755650,0.929964,0.948644,0.842228,0.333210,0.885470,0.846249,0.987013,0.840918,0.886411,0.318169,0.601209,0.983179,0.345446,0.174830,0.663481,0.560596,0.996503,0.685947,0.949252,0.967494,0.897359,0.977553,0.868063,0.814471,0.066256,0.433622,0.264407,0.828945,0.247686,-0.416185,0.907331,-0.225571,0.818449,0.907670,0.708988,0.877372,0.978937,-0.066446,-0.541623,0.997368,0.645807,0.350391,0.996842,-0.020442,0.504255,-0.564959,0.853764,0.914979,0.182421,0.261903,0.376172,0.958956,0.692034,0.951089,0.782057,0.444310,0.809759,0.801094,0.732452,0.745344,-0.241344,0.733314,0.831139,0.913595,0.896272,0.949137,0.745483,0.888117,0.628061,0.990536,0.719845,0.976904,0.650767,-0.419364,0.451814,0.850837,0.983696,0.554529,0.630254,-0.153305,-0.128137,0.861671,0.193855,0.307483,0.863688,0.628454,-0.093829,0.834911,-0.665399,0.452783,0.426820,0.272902,0.259614,0.862609,-0.219530,0.379809,0.937924,0.865135,0.686048,0.677858,0.829593,-0.790496,0.249673,0.075609,0.088734,0.721838,0.871400,0.503198,0.932980,0.994223,0.484043,0.831068,0.987267,0.667882,0.894464,-0.584173,0.528518,0.841350,-0.441930,0.426697,0.638695,-0.507645,0.737616,0.472296,0.637610,0.906020,0.943830,-0.821576,-0.118304,0.988525,-0.176937,0.708275,0.970515,0.898145,0.910417,0.872646,0.783572,0.971580,0.261795,-0.632237,-0.768105,0.737688,0.589838,-0.859613,0.987032,0.895030,-0.867743,0.770970,0.558300,-0.899415,0.548482,0.857413,0.874003,-0.923678,-0.610670,-0.637041,0.804000,0.843775,0.201551,0.756232,0.957831,0.867415,0.997841,0.352787,-0.343444,-0.740483
Paraventricular nucleus of the thalamus,0.583678,0.604305,-0.010240,0.587172,0.685389,0.419623,0.572265,0.602637,0.674569,0.965584,0.784390,0.761493,0.771072,0.957448,0.984065,0.551049,0.580603,0.375934,0.263496,0.458410,0.931340,0.617285,0.342132,0.718100,0.901526,0.805602,0.020390,0.447449,0.535902,0.675040,0.816610,0.973213,0.748348,0.925068,0.546179,0.614923,1.000000,0.388477,0.960637,0.591302,0.746023,0.878485,0.789086,0.916964,0.790907,0.657140,0.510993,0.416014,0.497759,0.326081,0.856361,0.314278,0.382888,0.685938,-0.009033,0.826748,0.743133,-0.899688,0.864477,0.880637,0.965901,0.536430,0.740401,0.306982,0.214519,-0.213701,-0.539973,-0.323504,0.164570,0.116984,-0.001580,0.283712,0.410171,0.355606,0.752564,0.276782,0.920439,0.506406,0.912870,0.198250,0.871562,0.927396,0.684011,0.750339,0.659738,0.990309,0.856356,0.573952,0.606601,0.355374,0.706473,0.568808,0.532074,0.770197,0.044616,0.401473,0.959144,0.883710,0.182197,0.912359,-0.903370,0.564243,0.499770,0.172273,0.449321,0.915438,0.162945,0.699767,0.066863,-0.499366,0.610121,0.998101,0.744974,0.563184,-0.731168,0.912738,-0.811185,0.935576,0.829040,-0.170692,0.177406,0.583187,0.801700,0.965251,0.466455,0.849333,0.693629,0.160763,0.176375,0.028807,0.891964,0.540099,0.778758,0.757034,0.246934,0.296340,0.415964,0.226493,0.202183,-0.179311,0.519189,0.233676,0.489690,-0.069627,-0.922346,0.304835,0.173215,0.463077,0.954301,-0.224256,-0.788788,-0.728024,0.144394,-0.379456,0.511901,0.832134,-0.183305,0.434870,0.163771,0.011844,0.477306,-0.132308,0.421169,-0.337074,0.681415,0.286276,0.706051,0.721796,0.180573,-0.132261,0.988163,0.103178,-0.862705,-0.541069,0.135968,-0.132441,-0.058737,0.149122,0.972770,0.314543,0.695008,-0.355296,0.454621,0.490349,0.509300,0.400801,-0.712982,-0.240704,0.272158,-0.757384,0.538877,0.314670,-0.967635,0.981847,-0.165982,0.994721,0.658569,0.589379,-0.200371,-0.846372,0.633409,-0.841254,0.107824,0.767068,0.847174,0.545372,0.244848,0.473828,0.702444,0.836393,0.017760,-0.606784,0.943210,0.998356,-0.930549,0.485111,0.200074,-0.892528,0.018311,0.436212,-0.896416,0.963939,0.127063,0.163759,-0.866832,-0.489414,-0.982227,0.112692,0.318280,0.688229,0.906850,0.362459,0.142204,0.561854,0.284625,-0.643504,-0.754252
Accessory olfactory bulb,0.911398,0.897395,0.726224,0.914641,0.846535,0.949438,0.955198,0.856546,0.840474,0.614433,0.784358,0.890164,0.886279,0.216672,0.228134,0.876909,0.879819,0.995260,0.970381,0.960381,0.545307,0.798115,0.917668,0.876983,0.689562,0.821529,0.280885,0.663962,0.930448,0.939829,0.846024,0.585610,0.786160,0.246184,0.507228,0.920440,0.388477,1.000000,0.568279,0.923722,0.903422,0.754391,0.773226,0.716951,0.840210,0.877406,0.986845,0.229948,0.988850,0.787028,0.186946,0.935405,0.927024,0.794391,0.786222,0.710475,0.728165,-0.121845,0.738671,0.262143,0.372183,0.982007,0.906204,0.903719,0.966780,0.796013,-0.063873,0.724276,0.872524,0.904609,0.738570,0.925226,0.995370,0.662321,-0.053416,0.992846,0.612704,0.968418,0.725725,0.961034,0.229360,0.513051,0.833596,0.370354,0.224449,0.482953,0.534377,0.906727,0.798754,0.899676,0.925671,0.961962,0.980727,0.857968,0.893990,-0.325360,0.136876,-0.060393,0.736789,0.042510,-0.073374,0.967665,-0.563033,0.973206,0.739869,0.629887,0.930012,0.821311,0.223932,-0.191025,0.895793,0.437656,-0.037298,0.916359,0.317768,0.420589,-0.202680,0.669733,0.836649,-0.043878,0.544723,0.505283,0.793342,0.409554,0.995491,0.746460,0.519017,0.713179,0.685645,0.659825,0.682709,-0.283314,0.753303,0.841914,0.906182,0.800619,0.847287,0.561245,0.869308,0.642993,0.961812,0.927241,0.982239,0.883527,-0.088354,0.693025,0.972931,0.945818,0.429928,0.764147,0.200363,-0.109315,0.946725,0.560458,-0.083628,0.814209,0.649019,0.020763,0.764087,-0.565921,0.633269,0.264889,0.468638,0.146837,0.601254,-0.583188,-0.010510,0.727931,0.823087,0.729380,0.420911,0.947895,-0.497562,0.556643,0.360619,0.444196,0.721711,0.916663,0.337081,0.885836,0.896524,0.722383,0.957303,0.923446,0.821049,0.736441,-0.652850,0.793015,0.703141,-0.059705,0.580219,0.854007,-0.352593,0.501082,0.352570,0.383787,0.676133,0.760644,-0.709330,0.062868,0.855438,-0.057806,0.563120,0.810461,0.668595,0.710048,0.784649,0.525007,0.801768,-0.093997,-0.513171,-0.865840,0.624005,0.376953,-0.665148,0.929364,0.911052,-0.632451,0.754257,0.224936,-0.717527,0.242827,0.930782,0.945513,-0.782984,-0.778374,-0.476258,0.959367,0.984922,0.238155,0.677930,0.948308,0.922506,0.934124,0.007652,0.050970,-0.418895
Lateral dorsal nucleus of thalamus,0.776919,0.794473,0.267631,0.778716,0.857499,0.639392,0.754072,0.798355,0.850792,0.985042,0.924392,0.856558,0.875293,0.841941,0.920745,0.757732,0.779742,0.573627,0.489949,0.667391,0.882009,0.811531,0.580389,0.872435,0.984878,0.929484,0.254054,0.671761,0.737189,0.814929,0.894834,0.990888,0.902593,0.927289,0.731694,0.796505,0.960637,0.568279,1.000000,0.779337,0.857042,0.909131,0.927778,0.949914,0.918174,0.834501,0.687013,0.252328,0.645923,0.354087,0.700756,0.551649,0.613943,0.860925,0.265436,0.950468,0.899276,-0.876693,0.967633,0.743825,0.880617,0.677607,0.847257,0.551664,0.442610,0.034541,-0.633878,-0.077524,0.424896,0.371298,0.275713,0.526431,0.602787,0.595429,0.740824,0.472350,0.992456,0.700732,0.950165,0.429677,0.726593,0.865683,0.857765,0.621028,0.491431,0.957892,0.784873,0.770760,0.620645,0.594894,0.835092,0.685629,0.708090,0.832708,0.299104,0.410387,0.888957,0.785789,0.447954,0.763364,-0.858941,0.687419,0.355379,0.363892,0.678328,0.893697,0.409255,0.869226,-0.065533,-0.634856,0.798896,0.965011,0.742218,0.760874,-0.599560,0.819635,-0.856283,0.990567,0.909465,0.018347,0.129063,0.488674,0.932927,0.981715,0.642184,0.862572,0.603614,0.427970,0.440972,0.304355,0.886083,0.288708,0.781045,0.804364,0.496627,0.549910,0.651157,0.475169,0.460790,0.100854,0.713610,0.354012,0.678729,0.117783,-0.869318,0.295385,0.385909,0.676170,0.877847,0.035969,-0.690660,-0.540940,0.381479,-0.294615,0.571178,0.884501,0.096631,0.224348,0.431355,-0.260933,0.429745,0.112821,0.322799,-0.099561,0.845997,0.221885,0.727421,0.884898,0.444934,0.144854,0.984403,0.332334,-0.951318,-0.365376,0.033582,-0.163085,0.220089,0.400018,0.884182,0.560878,0.853656,-0.135804,0.566682,0.703516,0.536727,0.638058,-0.668703,-0.050603,0.526601,-0.781840,0.469784,0.376906,-0.879031,0.995558,0.093958,0.973409,0.836868,0.790041,-0.463508,-0.665344,0.820762,-0.664487,0.370389,0.912151,0.960686,0.753577,0.504529,0.677242,0.872014,0.762292,-0.250875,-0.654800,0.932990,0.946471,-0.992403,0.698077,0.451473,-0.981947,0.294479,0.593272,-0.980025,0.936132,0.371784,0.402965,-0.956585,-0.498459,-0.937068,0.318475,0.475178,0.524066,0.904673,0.590797,0.391005,0.755341,0.421021,-0.673534,-0.868996
Anterior olfactory nucleus,0.999150,0.997835,0.766590,0.999562,0.984965,0.980018,0.995017,0.987584,0.983642,0.770537,0.953093,0.917602,0.935128,0.371683,0.473244,0.989545,0.992944,0.944248,0.925208,0.986257,0.612808,0.966012,0.958192,0.985851,0.875941,0.954131,0.510432,0.872442,0.997671,0.970256,0.897238,0.758397,0.959432,0.558082,0.787253,0.999520,0.591302,0.923722,0.779337,1.000000,0.941701,0.809525,0.948247,0.814871,0.960894,0.993689,0.970549,0.040583,0.920455,0.554842,0.245553,0.951370,0.970409,0.966421,0.788663,0.914144,0.933925,-0.449646,0.911956,0.321095,0.494020,0.924742,0.933581,0.945354,0.902710,0.652802,-0.438334,0.564263,0.888071,0.870008,0.775364,0.940699,0.952593,0.852488,0.318365,0.892172,0.832332,0.989413,0.823810,0.897669,0.288943,0.576585,0.981127,0.319184,0.147675,0.640214,0.536410,0.998101,0.672359,0.958489,0.960920,0.892242,0.977913,0.855145,0.830788,0.060839,0.409295,0.240046,0.844274,0.218154,-0.395290,0.902798,-0.244435,0.826868,0.914957,0.687381,0.890646,0.976289,-0.079533,-0.542599,0.997674,0.622530,0.336359,0.998674,0.002743,0.477715,-0.552608,0.837922,0.902520,0.201352,0.252302,0.355334,0.951371,0.673566,0.952593,0.764074,0.421714,0.825709,0.816652,0.751786,0.725259,-0.270944,0.715724,0.817286,0.925674,0.908190,0.957105,0.759319,0.901923,0.651747,0.992732,0.721446,0.979124,0.663753,-0.397343,0.442396,0.860973,0.988546,0.528540,0.652630,-0.131298,-0.098644,0.874464,0.205577,0.303117,0.848959,0.652171,-0.119381,0.850621,-0.685663,0.437250,0.448341,0.254939,0.284844,0.860833,-0.227728,0.368377,0.934734,0.880015,0.708236,0.657250,0.842502,-0.779513,0.271912,0.063117,0.086820,0.742821,0.885367,0.476257,0.943601,0.990457,0.505702,0.827720,0.991707,0.657124,0.903353,-0.564410,0.545314,0.854205,-0.429493,0.408464,0.634308,-0.480733,0.718225,0.495295,0.615592,0.905484,0.946073,-0.836465,-0.087818,0.988448,-0.146388,0.725469,0.964647,0.888778,0.914319,0.886099,0.789203,0.968974,0.240422,-0.652495,-0.757024,0.716533,0.565267,-0.844450,0.991528,0.908107,-0.855697,0.790153,0.562091,-0.886459,0.527103,0.871226,0.886612,-0.911506,-0.598953,-0.612906,0.814759,0.846553,0.174145,0.736193,0.965810,0.881314,0.999277,0.358637,-0.334068,-0.734013
Nucleus prepositus,0.929115,0.928541,0.518007,0.933122,0.929438,0.880336,0.955887,0.897969,0.919946,0.893256,0.930662,0.997820,0.999259,0.602854,0.622532,0.888689,0.904625,0.893836,0.823167,0.906446,0.828438,0.862300,0.821025,0.967045,0.917027,0.967804,0.209265,0.685600,0.920699,0.993070,0.991559,0.875867,0.915023,0.607121,0.618085,0.950369,0.746023,0.903422,0.857042,0.941701,1.000000,0.954475,0.924768,0.945026,0.974519,0.938705,0.950640,0.362786,0.946492,0.722554,0.535202,0.821043,0.846827,0.891731,0.562246,0.896862,0.870414,-0.505454,0.935208,0.600753,0.719253,0.959548,0.999498,0.794495,0.797849,0.475116,-0.294621,0.372183,0.705605,0.707016,0.531001,0.799395,0.909858,0.641606,0.309734,0.846226,0.870120,0.934779,0.949428,0.786078,0.572873,0.803396,0.919362,0.618967,0.471690,0.810089,0.786198,0.921152,0.861186,0.814052,0.997538,0.960418,0.955950,0.979052,0.665796,-0.050858,0.544783,0.366977,0.614989,0.455999,-0.472322,0.962332,-0.175273,0.783647,0.741561,0.882048,0.746907,0.917805,0.196214,-0.367483,0.930095,0.780779,0.317771,0.923153,-0.109896,0.729980,-0.521979,0.918903,0.990457,-0.114439,0.479015,0.639033,0.945370,0.744218,0.936315,0.935541,0.700055,0.587877,0.575136,0.487854,0.909286,0.048739,0.908053,0.961572,0.768397,0.714453,0.804094,0.508197,0.720710,0.379199,0.935892,0.779986,0.937188,0.606562,-0.492157,0.645082,0.783489,0.897943,0.755697,0.446842,-0.221291,-0.419951,0.750642,0.230205,0.175046,0.976100,0.381735,0.220320,0.626270,-0.400825,0.682188,0.126742,0.537472,-0.053717,0.749428,-0.290242,0.318777,0.860237,0.676999,0.463835,0.763458,0.732562,-0.759382,0.150927,0.327006,0.262183,0.492260,0.730718,0.696976,0.784964,0.970481,0.356586,0.904266,0.894302,0.832105,0.716456,-0.805450,0.461524,0.632380,-0.393524,0.672524,0.765323,-0.705876,0.818489,0.174619,0.739834,0.793031,0.822023,-0.603489,-0.349448,0.911564,-0.434725,0.454372,0.941525,0.876062,0.764731,0.678895,0.597185,0.904835,0.320202,-0.359817,-0.909405,0.890413,0.737119,-0.913115,0.896183,0.750214,-0.871231,0.551633,0.362500,-0.934986,0.623233,0.730888,0.758685,-0.968763,-0.792220,-0.801718,0.745743,0.860397,0.494765,0.912633,0.852894,0.731803,0.935530,0.134762,-0.260251,-0.651506
Dorsal part of the lateral geniculate complex,0.791794,0.796634,0.245587,0.797611,0.824070,0.700232,0.826319,0.762095,0.809884,0.962423,0.866747,0.968711,0.963071,0.804242,0.779539,0.736754,0.762597,0.727494,0.619493,0.739931,0.957789,0.731063,0.616823,0.880314,0.919564,0.919591,-0.006942,0.512850,0.770396,0.912805,0.984880,0.948314,0.834335,0.698251,0.495561,0.826656,0.878485,0.754391,0.909131,0.809525,0.954475,1.000000,0.862869,0.993757,0.921116,0.824639,0.818694,0.548355,0.838101,0.709544,0.762558,0.614092,0.653249,0.785373,0.291247,0.854365,0.789163,-0.620173,0.914467,0.811625,0.889793,0.861838,0.957024,0.581111,0.587493,0.205204,-0.266884,0.094504,0.463619,0.464327,0.259677,0.584619,0.751793,0.444988,0.403534,0.671107,0.887170,0.786415,0.993549,0.571126,0.791063,0.944405,0.812748,0.805762,0.688025,0.932466,0.927656,0.779705,0.890828,0.610683,0.931237,0.888718,0.826475,0.981114,0.415409,-0.005712,0.707951,0.552719,0.374034,0.687746,-0.608147,0.884253,0.025418,0.601317,0.562552,0.982367,0.515654,0.817125,0.315931,-0.294193,0.800119,0.905944,0.402193,0.779460,-0.316969,0.900355,-0.563475,0.951225,0.983423,-0.301674,0.525678,0.772415,0.890960,0.822081,0.799540,0.993790,0.840973,0.343988,0.336100,0.223719,0.991236,0.341784,0.968291,0.976332,0.543918,0.494962,0.612735,0.292587,0.484446,0.088823,0.789026,0.669780,0.791357,0.404410,-0.637332,0.666224,0.582316,0.728666,0.915334,0.165948,-0.401046,-0.663979,0.525179,0.096200,0.179755,0.995296,0.090952,0.456225,0.380867,-0.137539,0.758081,-0.115875,0.657821,-0.308224,0.657633,-0.184070,0.376489,0.770419,0.434579,0.178759,0.861660,0.509722,-0.758638,-0.082207,0.423203,0.262269,0.213850,0.494235,0.872267,0.571442,0.876790,0.099334,0.824592,0.728577,0.838495,0.524864,-0.903390,0.241056,0.412354,-0.451960,0.776028,0.718317,-0.880168,0.897931,-0.087557,0.855628,0.684211,0.683093,-0.367673,-0.605950,0.786585,-0.683281,0.213338,0.870390,0.846196,0.615734,0.448791,0.450189,0.804923,0.480379,-0.101169,-0.906537,0.983558,0.881005,-0.938855,0.729896,0.518972,-0.869020,0.283016,0.261958,-0.935914,0.745684,0.497146,0.533451,-0.959024,-0.814242,-0.934875,0.544617,0.724790,0.710062,0.993009,0.658914,0.496280,0.794949,0.042761,-0.304580,-0.617812
Retrochiasmatic area,0.950724,0.960307,0.605261,0.950665,0.986863,0.870804,0.923841,0.965347,0.985256,0.898255,0.999837,0.905285,0.930464,0.588717,0.712725,0.946173,0.956255,0.796967,0.757259,0.883075,0.729787,0.968406,0.839318,0.982683,0.976882,0.990087,0.498059,0.872383,0.928910,0.925908,0.913501,0.898056,0.997850,0.792681,0.862227,0.954896,0.789086,0.773226,0.927778,0.948247,0.924768,0.862869,1.000000,0.895084,0.986491,0.976990,0.865499,0.050773,0.800968,0.405942,0.424769,0.816522,0.859974,0.987372,0.606014,0.995480,0.991099,-0.709904,0.989806,0.489035,0.670510,0.818613,0.912383,0.821293,0.719679,0.387680,-0.633259,0.285242,0.730866,0.683414,0.612584,0.800591,0.815384,0.826496,0.591905,0.710886,0.962449,0.895155,0.901033,0.712112,0.462330,0.699201,0.987539,0.407568,0.242130,0.804497,0.624021,0.949109,0.611389,0.850771,0.928536,0.796107,0.882221,0.846141,0.622988,0.313764,0.669284,0.532689,0.741562,0.468450,-0.666395,0.805230,0.073392,0.615051,0.891014,0.778932,0.708506,0.990928,-0.177141,-0.693584,0.962238,0.804835,0.604713,0.942957,-0.314695,0.616693,-0.777099,0.948038,0.927009,0.220051,0.110273,0.351306,0.998092,0.870570,0.829146,0.804363,0.452470,0.724208,0.729125,0.625944,0.795816,-0.070645,0.725753,0.804258,0.781749,0.818819,0.886815,0.726528,0.758204,0.461569,0.905176,0.523034,0.872619,0.398085,-0.666996,0.306118,0.656529,0.893331,0.684111,0.398776,-0.439284,-0.249964,0.677152,-0.089600,0.527626,0.872963,0.458472,-0.046288,0.732790,-0.577175,0.368296,0.392683,0.206454,0.196742,0.943148,0.049931,0.622091,0.986940,0.746634,0.503569,0.851565,0.627982,-0.934790,-0.047607,-0.047759,-0.121492,0.566663,0.704567,0.666080,0.828832,0.974050,0.207646,0.692307,0.913590,0.559417,0.866608,-0.570941,0.252739,0.790287,-0.677773,0.371826,0.469765,-0.663455,0.888588,0.402809,0.819127,0.958736,0.953852,-0.748578,-0.341032,0.974424,-0.357788,0.655767,0.998137,0.988166,0.926821,0.786506,0.839068,0.991285,0.536181,-0.558726,-0.684280,0.823467,0.762312,-0.956675,0.909509,0.746941,-0.975164,0.628459,0.686803,-0.976118,0.766327,0.675944,0.697082,-0.970520,-0.502995,-0.772502,0.591861,0.669514,0.275066,0.814738,0.840134,0.695435,0.935612,0.498998,-0.583009,-0.887606
Nucleus of Roller,0.800884,0.809247,0.253907,0.805742,0.846873,0.695106,0.820736,0.784340,0.834402,0.986024,0.897074,0.955695,0.956422,0.830007,0.832225,0.754351,0.779697,0.698076,0.594399,0.732477,0.955426,0.764610,0.616573,0.893202,0.953349,0.938200,0.061186,0.563207,0.774113,0.902253,0.978219,0.977024,0.866807,0.772513,0.566614,0.832376,0.916964,0.716951,0.949914,0.814871,0.945026,0.993757,0.895084,1.000000,0.936284,0.841089,0.797069,0.480244,0.800812,0.626996,0.761164,0.606820,0.652952,0.818745,0.287591,0.894907,0.832020,-0.700566,0.944749,0.809381,0.904323,0.827170,0.944344,0.582031,0.557684,0.161302,-0.369542,0.048220,0.459773,0.445969,0.266648,0.577906,0.724165,0.491709,0.501533,0.628625,0.931171,0.776399,0.999878,0.541912,0.789396,0.941100,0.838440,0.771979,0.649193,0.956664,0.906929,0.790137,0.834595,0.615849,0.921573,0.849669,0.808560,0.958846,0.389906,0.105757,0.770053,0.626149,0.398724,0.721798,-0.686945,0.846752,0.115510,0.547208,0.602214,0.976788,0.494712,0.844830,0.220389,-0.389972,0.813059,0.938685,0.500833,0.787294,-0.399610,0.895943,-0.652046,0.978839,0.981036,-0.222785,0.429288,0.711192,0.917592,0.879889,0.770677,0.976740,0.793419,0.370815,0.368407,0.247375,0.981277,0.335727,0.935823,0.947769,0.539329,0.516876,0.632517,0.345065,0.485038,0.091559,0.781812,0.596449,0.774243,0.333515,-0.711685,0.579036,0.538704,0.726351,0.922671,0.132150,-0.486862,-0.644582,0.494474,-0.007533,0.287629,0.983456,0.092025,0.403988,0.399381,-0.171105,0.684274,-0.058501,0.580763,-0.259701,0.719006,-0.078044,0.477400,0.814051,0.443337,0.170846,0.910450,0.469755,-0.823600,-0.161025,0.327216,0.153195,0.217339,0.476133,0.892159,0.577238,0.885487,0.036407,0.769692,0.733622,0.772725,0.563078,-0.857353,0.165790,0.448654,-0.548586,0.708641,0.639438,-0.896703,0.940516,-0.042434,0.903109,0.736388,0.722815,-0.398145,-0.634389,0.808784,-0.692130,0.257405,0.896485,0.891599,0.662451,0.470022,0.517837,0.836425,0.565404,-0.141158,-0.855284,0.988136,0.915147,-0.970001,0.733153,0.508490,-0.914605,0.289198,0.354473,-0.964309,0.810692,0.470789,0.506428,-0.975307,-0.744405,-0.952980,0.492387,0.669943,0.674446,0.987567,0.651012,0.475265,0.797459,0.144002,-0.408940,-0.695686
Ventral part of the lateral geniculate complex,0.956828,0.962431,0.572110,0.958561,0.979373,0.887276,0.952561,0.952234,0.974220,0.916660,0.988852,0.962530,0.977865,0.612967,0.693581,0.936407,0.949499,0.849669,0.794778,0.906127,0.790863,0.938945,0.842519,0.993534,0.971430,0.999421,0.378281,0.805208,0.939898,0.971177,0.965410,0.909210,0.980480,0.732417,0.771856,0.968801,0.790907,0.840210,0.918174,0.960894,0.974519,0.921116,0.986491,0.936284,1.000000,0.977213,0.915641,0.190809,0.876309,0.549196,0.487599,0.828922,0.866121,0.963529,0.591507,0.972474,0.957393,-0.640585,0.986158,0.553233,0.710291,0.892679,0.967051,0.820210,0.761464,0.424800,-0.500684,0.319811,0.727714,0.700150,0.582041,0.809983,0.867692,0.758463,0.486310,0.777996,0.943263,0.925953,0.941553,0.751806,0.525699,0.762373,0.975430,0.511964,0.351790,0.827121,0.710444,0.952342,0.731600,0.846358,0.975071,0.880493,0.927904,0.920377,0.646458,0.165742,0.634773,0.478448,0.695361,0.479791,-0.601259,0.886528,-0.025276,0.694188,0.839986,0.842042,0.732429,0.976955,-0.017569,-0.566220,0.964300,0.814880,0.497057,0.949479,-0.239923,0.682950,-0.685277,0.956029,0.972941,0.075917,0.271552,0.485544,0.994392,0.836806,0.887809,0.878709,0.571858,0.673391,0.671010,0.571743,0.863139,-0.012161,0.820395,0.888450,0.785264,0.784348,0.863846,0.641573,0.750559,0.427010,0.932418,0.640237,0.913693,0.489210,-0.610377,0.457914,0.718149,0.908492,0.733603,0.418963,-0.360599,-0.335166,0.715605,0.041167,0.387911,0.935545,0.426244,0.073881,0.694844,-0.505647,0.512318,0.279706,0.355825,0.085998,0.876923,-0.091202,0.506982,0.950316,0.724828,0.488255,0.834375,0.678793,-0.878988,0.029178,0.114356,0.039995,0.538030,0.723016,0.698287,0.820604,0.989670,0.267741,0.794684,0.919060,0.687638,0.814397,-0.685865,0.340456,0.732331,-0.571977,0.511120,0.604297,-0.700503,0.879284,0.305580,0.805573,0.904286,0.912865,-0.694764,-0.359429,0.963760,-0.405572,0.575825,0.992267,0.959630,0.872040,0.749662,0.748444,0.971647,0.459751,-0.477318,-0.794455,0.871814,0.771568,-0.958478,0.917427,0.756641,-0.950694,0.600357,0.559240,-0.978603,0.724624,0.706194,0.730870,-0.989394,-0.637601,-0.804894,0.663661,0.760714,0.381156,0.875745,0.856934,0.718092,0.950507,0.350773,-0.458381,-0.803895
Nucleus of reuniens,0.994970,0.997607,0.732696,0.994933,0.998107,0.955556,0.980012,0.994489,0.997302,0.814491,0.979947,0.914409,0.936152,0.436876,0.553911,0.989542,0.994461,0.901624,0.878809,0.962530,0.644288,0.982919,0.932895,0.994281,0.917222,0.974212,0.533454,0.894123,0.986516,0.960136,0.903326,0.807063,0.984972,0.645428,0.834539,0.995125,0.657140,0.877406,0.834501,0.993689,0.938705,0.824639,0.976990,0.841089,0.977213,1.000000,0.941355,0.019673,0.881955,0.491478,0.291215,0.919594,0.947272,0.987925,0.745366,0.953038,0.967656,-0.545037,0.946400,0.363997,0.545727,0.890525,0.928353,0.919101,0.850781,0.574177,-0.525014,0.480897,0.851570,0.821005,0.740680,0.907746,0.913157,0.866304,0.422573,0.836227,0.884272,0.967050,0.849351,0.845288,0.333257,0.608977,0.996387,0.331160,0.158594,0.692921,0.553774,0.994240,0.640764,0.937875,0.954066,0.858854,0.952391,0.849268,0.773793,0.163314,0.498070,0.340134,0.831148,0.293832,-0.492587,0.869639,-0.134573,0.758909,0.927135,0.711723,0.841963,0.994289,-0.137597,-0.616367,0.998083,0.682642,0.439575,0.992226,-0.105597,0.513351,-0.642362,0.879178,0.912182,0.234420,0.184396,0.334766,0.976927,0.746320,0.916182,0.771938,0.414941,0.813539,0.809849,0.732052,0.742994,-0.224099,0.710408,0.808031,0.892428,0.897754,0.950951,0.772980,0.870415,0.608122,0.973040,0.649665,0.951173,0.575666,-0.492741,0.380047,0.798675,0.968614,0.572666,0.580341,-0.239014,-0.130346,0.818504,0.096472,0.398380,0.854957,0.607086,-0.119765,0.831587,-0.673408,0.396415,0.456468,0.217232,0.280969,0.906952,-0.122328,0.468863,0.967492,0.853831,0.657548,0.726117,0.778853,-0.844793,0.165675,0.002257,-0.002919,0.703414,0.837981,0.533086,0.921364,0.994132,0.411496,0.778660,0.978636,0.612926,0.911760,-0.552774,0.448387,0.854893,-0.527422,0.377828,0.568677,-0.534636,0.779221,0.490152,0.686117,0.941332,0.966381,-0.829030,-0.161651,0.997402,-0.203206,0.726784,0.986760,0.933767,0.938089,0.872755,0.829016,0.990182,0.345322,-0.646004,-0.724613,0.748404,0.629287,-0.887493,0.976857,0.868404,-0.905628,0.755538,0.628227,-0.923087,0.612245,0.817270,0.833942,-0.936358,-0.553501,-0.662189,0.744615,0.787158,0.187931,0.757554,0.936185,0.831622,0.988989,0.430751,-0.434390,-0.803137
Frontal pole cerebral cortex,0.961233,0.952629,0.723581,0.963845,0.919477,0.970355,0.989535,0.921277,0.914130,0.716758,0.874271,0.935594,0.938657,0.325547,0.364750,0.932268,0.937366,0.988610,0.957890,0.982491,0.620859,0.875644,0.936546,0.943130,0.794683,0.901802,0.343481,0.743664,0.970590,0.979046,0.903078,0.693843,0.874788,0.397588,0.617581,0.969819,0.510993,0.986845,0.687013,0.970549,0.950640,0.818694,0.865499,0.797069,0.915641,0.941355,1.000000,0.200450,0.985955,0.728321,0.261301,0.944866,0.949453,0.878068,0.771571,0.814888,0.826906,-0.278371,0.836450,0.336917,0.469151,0.985210,0.949817,0.920680,0.945407,0.724489,-0.209401,0.641426,0.872394,0.885988,0.735278,0.932562,0.993535,0.730225,0.108650,0.964824,0.730227,0.992379,0.805435,0.938815,0.304284,0.587779,0.909315,0.401980,0.244956,0.589832,0.585863,0.957006,0.790379,0.925123,0.968783,0.964240,0.999396,0.895866,0.862148,-0.179001,0.281328,0.090493,0.767049,0.157406,-0.229367,0.970915,-0.424791,0.924910,0.808624,0.699831,0.912806,0.900534,0.136710,-0.324665,0.951888,0.553924,0.124469,0.963071,0.168694,0.494151,-0.357800,0.772385,0.899002,0.015745,0.462553,0.493922,0.881221,0.546905,0.997621,0.797984,0.530483,0.743816,0.723253,0.676126,0.745672,-0.236024,0.783715,0.872869,0.912421,0.837827,0.892778,0.624146,0.876851,0.620739,0.989677,0.866972,0.997778,0.798463,-0.241677,0.629231,0.934652,0.973408,0.518273,0.701638,0.044576,-0.155956,0.918371,0.420324,0.066218,0.868199,0.624748,0.010759,0.786465,-0.589126,0.598656,0.303591,0.428000,0.160040,0.713550,-0.449088,0.149501,0.825461,0.836992,0.700207,0.551674,0.907003,-0.631163,0.425381,0.277478,0.323083,0.710133,0.901058,0.440210,0.908336,0.956343,0.620915,0.934231,0.960780,0.794481,0.799444,-0.665751,0.689401,0.753035,-0.219420,0.557996,0.796847,-0.451875,0.624342,0.375455,0.514399,0.776659,0.841962,-0.747081,-0.042088,0.922949,-0.142174,0.607212,0.894444,0.780022,0.794634,0.816723,0.625303,0.885085,0.063983,-0.542606,-0.861308,0.706169,0.495371,-0.770743,0.964451,0.907377,-0.748666,0.751826,0.349279,-0.816714,0.389067,0.905169,0.922423,-0.867152,-0.746708,-0.576724,0.907593,0.949095,0.264124,0.746586,0.961398,0.903437,0.975445,0.129282,-0.107130,-0.555850
Lateral habenula,0.001097,-0.006191,-0.498227,0.012747,0.000469,-0.042266,0.115961,-0.084302,-0.024915,0.408483,0.059192,0.422682,0.369214,0.598172,0.342384,-0.100755,-0.066917,0.137227,-0.008891,0.015430,0.678534,-0.153097,-0.154361,0.119124,0.196414,0.180865,-0.835002,-0.425992,-0.003272,0.281085,0.438372,0.379761,-0.000853,0.050005,-0.450585,0.062813,0.416014,0.229948,0.252328,0.040583,0.362786,0.548355,0.050773,0.480244,0.190809,0.019673,0.200450,1.000000,0.346782,0.747573,0.790046,-0.120596,-0.117212,-0.078744,-0.407106,0.038590,-0.080859,-0.029783,0.167193,0.782069,0.636222,0.363330,0.388688,-0.194749,-0.008700,-0.208918,0.536329,-0.257432,-0.274698,-0.192136,-0.482307,-0.152093,0.153925,-0.481996,-0.205210,0.171066,0.153379,0.086591,0.470294,-0.028343,0.784969,0.702024,-0.023477,0.912588,0.952279,0.500555,0.796376,-0.020098,0.758560,-0.186486,0.312066,0.452715,0.187337,0.544566,-0.187105,-0.553561,0.270539,0.185885,-0.474789,0.563130,-0.076805,0.428954,-0.101243,0.194168,-0.356151,0.648430,-0.132455,-0.021200,0.926839,0.577726,-0.002686,0.445807,-0.228517,-0.009783,-0.077107,0.749564,0.189929,0.305805,0.412399,-0.961961,0.871414,0.948346,0.109978,0.169948,0.224345,0.633928,0.913601,-0.505688,-0.530744,-0.579029,0.640100,0.773692,0.716180,0.604652,-0.201135,-0.364405,-0.245517,-0.617764,-0.279927,-0.568321,0.074569,0.480278,0.134751,0.168043,-0.133688,0.825507,0.087383,-0.024551,0.666287,-0.305976,-0.038604,-0.886344,-0.060388,0.366444,-0.537088,0.525181,-0.558659,0.972012,-0.445344,0.670644,0.898129,-0.872364,0.965081,-0.926235,-0.264283,-0.473099,-0.306667,-0.110598,-0.360462,-0.458372,0.279888,-0.008130,0.057626,-0.053522,0.926672,0.739353,-0.495860,-0.168452,0.607592,-0.227213,0.127671,-0.117925,0.501010,-0.059812,0.744357,-0.389185,-0.843760,0.087458,-0.483143,0.248792,0.924721,0.661030,-0.628236,0.292792,-0.829549,0.320639,-0.234669,-0.224476,0.500375,-0.611439,-0.051628,-0.740746,-0.654171,0.070472,0.032786,-0.313547,-0.401410,-0.499706,-0.046660,0.036709,0.713536,-0.670395,0.575777,0.465281,-0.266870,-0.050092,-0.191360,-0.097492,-0.462453,-0.627792,-0.231099,0.186920,-0.114044,-0.077676,-0.288987,-0.789381,-0.558601,0.121350,0.345182,0.940870,0.611599,-0.071790,-0.148841,0.033746,-0.752800,0.383933,0.258147
Rhomboid nucleus,0.904612,0.892954,0.628079,0.909043,0.854271,0.919837,0.954783,0.847626,0.845234,0.703696,0.811629,0.941209,0.933614,0.350673,0.340376,0.859963,0.868691,0.974667,0.927021,0.939139,0.660960,0.788419,0.872358,0.896721,0.747684,0.859475,0.186139,0.621881,0.917216,0.965821,0.907050,0.675010,0.804226,0.324411,0.483649,0.921776,0.497759,0.988850,0.645923,0.920455,0.946492,0.838101,0.800968,0.800812,0.876309,0.881955,0.985955,0.346782,1.000000,0.832458,0.330780,0.889216,0.888486,0.798561,0.692358,0.745225,0.742438,-0.204484,0.786993,0.402325,0.499550,0.998968,0.950912,0.852214,0.918875,0.699589,-0.063061,0.617643,0.801847,0.834596,0.641872,0.873846,0.979675,0.606163,0.005464,0.965789,0.674143,0.957887,0.807647,0.910124,0.371229,0.632757,0.839903,0.502112,0.361246,0.592407,0.654284,0.897361,0.871961,0.853978,0.958608,0.991758,0.981134,0.923371,0.818071,-0.313923,0.246485,0.047913,0.658985,0.181133,-0.164127,0.994420,-0.483486,0.939385,0.699053,0.735235,0.868226,0.830244,0.300108,-0.173434,0.892360,0.546027,0.017552,0.906205,0.216331,0.549755,-0.250667,0.742682,0.897166,-0.146204,0.604034,0.614376,0.826361,0.491259,0.991812,0.835747,0.634803,0.632086,0.605721,0.562759,0.781255,-0.138918,0.842744,0.912691,0.848009,0.739710,0.805805,0.487009,0.802075,0.527632,0.951896,0.929063,0.973526,0.829832,-0.185158,0.750178,0.929382,0.922378,0.554851,0.659990,0.105088,-0.254876,0.888575,0.517361,-0.076866,0.887005,0.533730,0.151630,0.685258,-0.463040,0.718293,0.152810,0.565923,0.017983,0.601509,-0.557480,0.031421,0.737382,0.749570,0.622683,0.514199,0.890423,-0.542004,0.459225,0.433934,0.467956,0.619332,0.851142,0.464962,0.833346,0.913400,0.625610,0.980646,0.901019,0.881804,0.688050,-0.754663,0.721454,0.635790,-0.107063,0.677491,0.885616,-0.480777,0.589281,0.234938,0.484093,0.671587,0.744270,-0.632894,-0.081151,0.852633,-0.204722,0.473725,0.835225,0.707774,0.684708,0.716392,0.488531,0.809998,-0.001718,-0.409477,-0.926209,0.725806,0.491426,-0.734339,0.906899,0.848827,-0.684603,0.660238,0.194129,-0.776369,0.337729,0.867109,0.887760,-0.839633,-0.844332,-0.590737,0.913952,0.978549,0.375737,0.775651,0.910444,0.857699,0.926597,-0.034255,0.019456,-0.439744
Lateral hypothalamic area,0.520885,0.500899,0.188562,0.530323,0.449380,0.557897,0.633399,0.418628,0.430303,0.492503,0.420834,0.750033,0.708576,0.335900,0.163860,0.434425,0.452519,0.723510,0.632862,0.595833,0.634368,0.326104,0.477101,0.544329,0.417791,0.525431,-0.369778,0.083862,0.543045,0.710175,0.715690,0.450312,0.389861,-0.007950,-0.069657,0.561975,0.326081,0.787028,0.354087,0.554842,0.722554,0.709544,0.405942,0.626996,0.549196,0.491478,0.728321,0.747573,0.832458,1.000000,0.468965,0.519516,0.499445,0.357666,0.293636,0.343333,0.294749,0.105566,0.442228,0.512131,0.472203,0.829573,0.743521,0.447899,0.642034,0.484194,0.447042,0.425436,0.404823,0.495496,0.206258,0.497998,0.726809,0.066417,-0.357146,0.768359,0.328454,0.638638,0.627544,0.628386,0.492561,0.627965,0.424064,0.710130,0.653187,0.454198,0.724456,0.505402,0.949253,0.439092,0.713541,0.868186,0.709966,0.807598,0.508448,-0.707239,0.054936,-0.127333,0.166388,0.196868,0.109498,0.857231,-0.594757,0.794724,0.185805,0.678820,0.543531,0.412984,0.776474,0.373620,0.500742,0.382354,-0.359542,0.521943,0.351135,0.596940,0.175538,0.469772,0.688289,-0.645502,0.944412,0.871748,0.457760,0.182198,0.761416,0.768952,0.831783,0.133397,0.092734,0.076308,0.716924,0.193050,0.846631,0.839994,0.459614,0.260485,0.346654,-0.068315,0.389997,0.120907,0.622645,0.941516,0.685365,0.769633,0.064486,0.990103,0.721661,0.556997,0.537162,0.397643,0.306145,-0.508859,0.609048,0.744690,-0.547524,0.748048,0.132786,0.572816,0.210535,0.044237,0.955294,-0.370451,0.895161,-0.443759,0.092897,-0.811519,-0.384082,0.279423,0.306936,0.246968,0.259747,0.655241,-0.115402,0.494680,0.858750,0.855571,0.198441,0.512680,0.425717,0.411090,0.569762,0.526525,0.924820,0.510353,0.978845,0.172391,-0.876430,0.690054,0.114990,0.306155,0.920390,0.992267,-0.452196,0.327988,-0.269929,0.259068,0.172609,0.257094,-0.124811,-0.169235,0.432736,-0.345655,-0.063509,0.451497,0.304249,0.170388,0.236009,-0.073015,0.380900,-0.241853,0.110144,-0.937738,0.618543,0.351655,-0.441167,0.522489,0.480925,-0.311350,0.226375,-0.368144,-0.462819,0.073515,0.565143,0.591807,-0.556554,-0.983348,-0.490765,0.749351,0.871205,0.648561,0.690541,0.550588,0.531889,0.564714,-0.574228,0.451022,0.052088
Rostral linear nucleus raphe,0.221344,0.235141,-0.433880,0.229461,0.307626,0.072441,0.266060,0.200378,0.287434,0.779047,0.423583,0.581592,0.560273,0.961746,0.839563,0.150219,0.189057,0.128718,-0.025497,0.129086,0.915933,0.186110,-0.036872,0.388793,0.602093,0.496725,-0.498781,-0.054343,0.180744,0.432345,0.638979,0.775124,0.364882,0.634955,0.036590,0.275190,0.856361,0.186946,0.700756,0.245553,0.535202,0.762558,0.424769,0.761164,0.487599,0.291215,0.261301,0.790046,0.330780,0.468965,1.000000,-0.042276,0.010377,0.276281,-0.396513,0.458574,0.330250,-0.632625,0.549206,0.996826,0.954944,0.368853,0.544635,-0.080884,-0.059606,-0.437338,-0.081099,-0.526646,-0.219263,-0.215386,-0.421717,-0.079002,0.162208,-0.149973,0.437804,0.076760,0.608810,0.200237,0.750955,-0.080644,0.998974,0.932800,0.296440,0.951239,0.939455,0.874951,0.928633,0.203906,0.672791,-0.040962,0.474651,0.444778,0.270565,0.660847,-0.262068,0.056609,0.802440,0.745108,-0.285973,0.948025,-0.671194,0.427402,0.423318,0.018861,-0.031467,0.870037,-0.155653,0.311575,0.502241,-0.002265,0.241541,0.860576,0.416271,0.199735,-0.632549,0.968018,-0.432836,0.690016,0.635789,-0.634225,0.482088,0.822178,0.461559,0.693543,0.240583,0.789853,0.879273,-0.312960,-0.309469,-0.435516,0.837378,0.866443,0.782573,0.687490,-0.127774,-0.158306,-0.018418,-0.294083,-0.194538,-0.574756,0.204271,0.227796,0.211441,-0.148806,-0.712376,0.516293,-0.038323,0.113870,0.950532,-0.490658,-0.627552,-0.977262,-0.133416,-0.192980,0.092388,0.704000,-0.573667,0.833371,-0.289043,0.494029,0.691752,-0.624682,0.723404,-0.774762,0.213999,0.073462,0.340313,0.298928,-0.243704,-0.500110,0.767093,-0.134769,-0.477913,-0.535383,0.522091,0.210761,-0.466269,-0.182178,0.951879,-0.089240,0.372725,-0.473285,0.390404,0.119044,0.590781,-0.083306,-0.826406,-0.295238,-0.218995,-0.393257,0.761580,0.399456,-0.956068,0.752321,-0.644392,0.801872,0.197620,0.135528,0.280955,-0.949774,0.240321,-0.990271,-0.399005,0.411708,0.479034,0.066675,-0.211722,-0.045564,0.303886,0.637633,0.510161,-0.610662,0.851738,0.884389,-0.666295,0.119301,-0.156996,-0.554309,-0.400116,-0.077305,-0.611235,0.737704,-0.171466,-0.128698,-0.607406,-0.610181,-0.902101,-0.060216,0.202546,0.950670,0.833583,0.015836,-0.177741,0.218569,-0.206615,-0.262436,-0.308618
Medial vestibular nucleus,0.953721,0.944551,0.909392,0.952751,0.899029,0.993207,0.951703,0.934129,0.901845,0.537516,0.823859,0.786233,0.803880,0.070273,0.182666,0.955940,0.948444,0.965341,0.986909,0.985290,0.361907,0.904204,0.998004,0.886341,0.687799,0.815614,0.601646,0.861405,0.969918,0.882128,0.741523,0.520781,0.845534,0.307935,0.724834,0.941690,0.314278,0.935405,0.551649,0.951370,0.821043,0.614092,0.816522,0.606820,0.828922,0.919594,0.944866,-0.120596,0.889216,0.519516,-0.042276,1.000000,0.996620,0.878063,0.933692,0.762575,0.818566,-0.190474,0.744278,0.037363,0.210150,0.879568,0.813296,0.996602,0.978840,0.848407,-0.318902,0.786234,0.983691,0.979271,0.916245,0.999313,0.962110,0.873066,0.094463,0.940925,0.630102,0.970140,0.618963,0.979259,0.003002,0.320593,0.895343,0.082239,-0.085560,0.374225,0.298862,0.956395,0.552276,0.993800,0.859025,0.828205,0.945782,0.708177,0.960277,-0.071910,0.117872,-0.051393,0.928225,-0.092526,-0.124740,0.842595,-0.472490,0.903130,0.909705,0.455719,0.985537,0.883743,-0.129944,-0.456932,0.942143,0.351249,0.118704,0.960967,0.277774,0.209494,-0.347134,0.629085,0.743394,0.312146,0.218674,0.186745,0.814725,0.426873,0.940167,0.570606,0.223727,0.914853,0.898701,0.878427,0.509043,-0.529651,0.539262,0.667935,0.996063,0.959113,0.970244,0.813780,0.985934,0.838807,0.969401,0.752892,0.963720,0.802616,-0.119335,0.394575,0.944126,0.986730,0.254610,0.853371,0.141604,0.167805,0.972591,0.378560,0.170788,0.677987,0.840678,-0.314959,0.942196,-0.817216,0.323092,0.586410,0.129382,0.471902,0.758213,-0.368342,0.171810,0.827872,0.969328,0.886093,0.397779,0.949862,-0.592387,0.522118,0.011548,0.142137,0.899625,0.984967,0.187101,0.992123,0.900278,0.727680,0.794633,0.980675,0.570990,0.914662,-0.384764,0.728696,0.906319,-0.223574,0.265949,0.618095,-0.194015,0.471512,0.653557,0.345945,0.818772,0.892150,-0.912584,0.221342,0.923218,0.152338,0.818929,0.843753,0.725248,0.872482,0.952929,0.754809,0.874479,-0.031376,-0.781057,-0.652636,0.480437,0.283732,-0.639112,0.982304,0.992867,-0.668657,0.925902,0.504058,-0.701614,0.255330,0.975949,0.979813,-0.741341,-0.509624,-0.344485,0.912132,0.869696,-0.065026,0.516656,0.998299,0.982556,0.961627,0.323668,-0.155934,-0.582105
Linear nucleus of the medulla,0.973590,0.967127,0.893593,0.972509,0.931123,0.997167,0.965651,0.960267,0.933837,0.594230,0.866200,0.812377,0.832541,0.136596,0.258029,0.976824,0.971104,0.958474,0.974294,0.990942,0.410720,0.935889,0.998884,0.917129,0.741252,0.855211,0.615319,0.889602,0.984618,0.901960,0.774207,0.580127,0.886011,0.384933,0.769213,0.962499,0.382888,0.927024,0.613943,0.970409,0.846827,0.653249,0.859974,0.652952,0.866121,0.947272,0.949453,-0.117212,0.888486,0.499445,0.010377,0.996620,1.000000,0.914400,0.913185,0.812392,0.862988,-0.270467,0.793084,0.089602,0.270166,0.882334,0.837732,0.995783,0.961703,0.802663,-0.382346,0.734169,0.972721,0.960277,0.900354,0.994281,0.958040,0.894115,0.173702,0.923802,0.689528,0.978107,0.664634,0.961334,0.055581,0.369653,0.928463,0.114309,-0.057485,0.435923,0.337766,0.976099,0.558126,0.997516,0.881557,0.832402,0.952969,0.733092,0.934678,-0.005961,0.196384,0.029956,0.929677,-0.022734,-0.205698,0.846781,-0.400207,0.876208,0.933214,0.500534,0.968298,0.918779,-0.157541,-0.512672,0.965239,0.416948,0.197225,0.978989,0.197919,0.259479,-0.421526,0.683576,0.778333,0.323789,0.190563,0.196674,0.856980,0.498047,0.939531,0.604974,0.244568,0.916029,0.903119,0.871133,0.549788,-0.488257,0.564414,0.690592,0.989611,0.965923,0.983375,0.830191,0.978809,0.812087,0.979169,0.725824,0.968248,0.756903,-0.199965,0.374037,0.920208,0.994482,0.310449,0.810508,0.059809,0.126944,0.950974,0.310608,0.237345,0.711030,0.813080,-0.300848,0.940028,-0.812217,0.319316,0.587202,0.124879,0.459298,0.806713,-0.305463,0.247708,0.871083,0.964144,0.857482,0.467699,0.922859,-0.656559,0.450367,-0.014813,0.092078,0.879325,0.967914,0.249920,0.993605,0.927874,0.668872,0.786839,0.992854,0.567102,0.934589,-0.404115,0.672441,0.917868,-0.300037,0.269378,0.596675,-0.255178,0.537348,0.646557,0.416830,0.861368,0.924586,-0.917533,0.155021,0.951438,0.094736,0.824972,0.883120,0.778801,0.905133,0.956473,0.792948,0.911226,0.050842,-0.778722,-0.658281,0.530099,0.351297,-0.694363,0.993489,0.981501,-0.726176,0.910750,0.553828,-0.752545,0.332433,0.954767,0.960556,-0.785327,-0.504288,-0.404098,0.882064,0.852095,-0.034466,0.559779,0.997670,0.964083,0.977645,0.370911,-0.229566,-0.644491
Nucleus raphe magnus,0.972972,0.980410,0.720572,0.971569,0.994941,0.915452,0.937849,0.990989,0.996626,0.817307,0.987588,0.863132,0.893109,0.455096,0.606186,0.979854,0.983793,0.829187,0.813672,0.918758,0.616164,0.995683,0.900724,0.977120,0.931314,0.965421,0.612082,0.934186,0.957407,0.911194,0.861155,0.817298,0.995621,0.725396,0.905344,0.968241,0.685938,0.794391,0.860925,0.966421,0.891731,0.785373,0.987372,0.818745,0.963529,0.987925,0.878068,-0.078744,0.798561,0.357666,0.276281,0.878063,0.914400,1.000000,0.715930,0.975796,0.993543,-0.637031,0.954747,0.345391,0.544512,0.810393,0.877181,0.889172,0.780102,0.494375,-0.650528,0.401221,0.817697,0.767849,0.726358,0.867514,0.842729,0.902516,0.543996,0.747894,0.913773,0.919322,0.826876,0.775695,0.316505,0.580694,0.997358,0.269659,0.095966,0.700444,0.503001,0.974199,0.538072,0.913129,0.906447,0.773443,0.893893,0.787028,0.712390,0.313619,0.565552,0.429054,0.838128,0.328593,-0.584026,0.786079,-0.005107,0.657119,0.951024,0.676927,0.784292,0.998106,-0.268167,-0.729362,0.981307,0.702522,0.561378,0.968629,-0.215780,0.486685,-0.743078,0.885665,0.875700,0.338758,0.041676,0.235111,0.979384,0.799619,0.843685,0.719262,0.331509,0.824195,0.828292,0.741427,0.701094,-0.227519,0.638273,0.738309,0.855841,0.898182,0.946153,0.820881,0.842036,0.592869,0.929018,0.524072,0.894016,0.457151,-0.577828,0.243411,0.710391,0.931876,0.560471,0.514635,-0.349092,-0.095782,0.747900,-0.051485,0.535498,0.806993,0.589537,-0.191314,0.829915,-0.698842,0.277424,0.523054,0.099728,0.341623,0.961190,0.030085,0.593073,0.994563,0.837601,0.625468,0.767261,0.696642,-0.905388,0.051266,-0.133784,-0.156168,0.685626,0.784503,0.539821,0.898210,0.971157,0.310733,0.673965,0.951842,0.498081,0.934305,-0.466907,0.328550,0.877113,-0.643468,0.268252,0.437571,-0.536606,0.809904,0.538492,0.726693,0.981566,0.988508,-0.844164,-0.193072,0.993618,-0.205656,0.764806,0.988278,0.963929,0.971185,0.873244,0.895489,0.999479,0.450622,-0.681418,-0.626211,0.726629,0.652884,-0.898713,0.947620,0.824476,-0.936782,0.739536,0.736486,-0.929403,0.680081,0.752909,0.767949,-0.925274,-0.434938,-0.662152,0.646182,0.682813,0.128769,0.721491,0.893028,0.774270,0.957991,0.558375,-0.564843,-0.883746
Area postrema,0.800237,0.787586,0.993429,0.796249,0.721872,0.886885,0.779420,0.792376,0.732026,0.220965,0.612804,0.512916,0.538064,-0.273773,-0.121234,0.829423,0.808546,0.836201,0.912030,0.858887,0.005203,0.772238,0.931351,0.679180,0.424535,0.576701,0.745628,0.822198,0.828555,0.654977,0.452566,0.208007,0.654159,0.071519,0.668256,0.769242,-0.009033,0.786222,0.265436,0.788663,0.562246,0.291247,0.606014,0.287591,0.591507,0.745366,0.771571,-0.407106,0.692358,0.293636,-0.396513,0.933692,0.913185,0.715930,1.000000,0.545992,0.643832,0.034474,0.494687,-0.322280,-0.144929,0.670410,0.551091,0.946026,0.915836,0.927943,-0.285291,0.902167,0.982626,0.974225,0.995113,0.946297,0.821625,0.866360,-0.049617,0.829649,0.371127,0.819003,0.302430,0.923861,-0.354544,-0.039027,0.723065,-0.271110,-0.422311,0.036578,-0.061072,0.809201,0.256291,0.930045,0.618784,0.595131,0.769857,0.410899,0.971978,-0.063739,-0.165670,-0.298615,0.961231,-0.416972,0.109059,0.614895,-0.567679,0.813202,0.856290,0.107263,0.958121,0.707393,-0.318439,-0.439060,0.783149,0.022312,-0.019489,0.814370,0.464808,-0.154054,-0.182716,0.337843,0.456295,0.529854,0.009340,-0.134416,0.590079,0.156671,0.773180,0.239288,-0.118014,0.959005,0.944011,0.968640,0.167104,-0.798152,0.209918,0.363075,0.961166,0.943465,0.903287,0.864478,0.976757,0.977691,0.817451,0.596408,0.807651,0.777225,0.129652,0.160828,0.873488,0.866694,-0.103908,0.953616,0.337092,0.507541,0.936279,0.396178,0.146043,0.369822,0.978685,-0.598189,0.973927,-0.935244,0.035080,0.774413,-0.155116,0.720888,0.633606,-0.343603,0.056976,0.663744,0.980706,0.992360,0.101788,0.913969,-0.387459,0.655676,-0.195441,0.033298,0.995034,0.967652,-0.163952,0.945882,0.696892,0.825845,0.580452,0.860769,0.300876,0.879080,-0.049349,0.760651,0.919501,-0.084813,-0.041142,0.409919,0.159770,0.173645,0.840746,0.041403,0.693308,0.780477,-0.946222,0.537256,0.768055,0.492220,0.904999,0.634492,0.505325,0.788407,0.956724,0.724499,0.702389,-0.239439,-0.909045,-0.371841,0.138608,-0.048033,-0.356262,0.861813,0.967470,-0.426396,0.996120,0.510188,-0.432884,-0.015477,0.953850,0.941987,-0.468343,-0.236657,0.001724,0.850123,0.716654,-0.406771,0.176383,0.911234,0.963256,0.807166,0.392198,-0.070898,-0.441118
Lateral vestibular nucleus,0.918123,0.930860,0.552878,0.917760,0.968515,0.822310,0.883369,0.941454,0.967215,0.913138,0.993714,0.878270,0.906000,0.633337,0.765272,0.916609,0.928001,0.736035,0.693034,0.835316,0.740865,0.952745,0.790157,0.961222,0.985331,0.979217,0.496732,0.861718,0.890754,0.891007,0.894588,0.916895,0.990149,0.846409,0.874374,0.922466,0.826748,0.710475,0.950468,0.914144,0.896862,0.854365,0.995480,0.894907,0.972474,0.953038,0.814888,0.038590,0.745225,0.343333,0.458574,0.762575,0.812392,0.975796,0.545992,1.000000,0.990233,-0.773122,0.991570,0.518376,0.700988,0.766261,0.883080,0.771512,0.651695,0.304542,-0.686613,0.200632,0.674119,0.617679,0.559404,0.745837,0.756851,0.809811,0.664670,0.641030,0.980445,0.848800,0.899996,0.643803,0.493758,0.712205,0.970858,0.413002,0.251969,0.830716,0.626732,0.916673,0.570784,0.805159,0.896695,0.745881,0.834253,0.819508,0.552045,0.390698,0.729772,0.606691,0.703631,0.525745,-0.732996,0.754742,0.167754,0.537640,0.871909,0.781951,0.642762,0.976592,-0.215910,-0.733331,0.933326,0.837176,0.676025,0.908496,-0.401781,0.635456,-0.831542,0.958204,0.910648,0.235079,0.053604,0.329881,0.991272,0.909942,0.773431,0.791887,0.439925,0.687409,0.696735,0.584847,0.792399,-0.020859,0.704632,0.776377,0.726922,0.781796,0.852461,0.711672,0.705010,0.404374,0.860788,0.447292,0.822375,0.309221,-0.732345,0.248058,0.582032,0.848308,0.707693,0.320152,-0.521725,-0.277469,0.606480,-0.180704,0.591795,0.855888,0.400154,-0.037544,0.690121,-0.543467,0.327992,0.381060,0.174372,0.180011,0.953273,0.138114,0.689837,0.985102,0.697877,0.439705,0.888938,0.552402,-0.963786,-0.140762,-0.092942,-0.191514,0.510585,0.639809,0.701009,0.782126,0.948703,0.116888,0.631724,0.873756,0.509106,0.844641,-0.549931,0.159820,0.763056,-0.742017,0.340666,0.402522,-0.696032,0.917959,0.379453,0.859278,0.959515,0.941083,-0.715277,-0.400946,0.952330,-0.403130,0.631830,0.987953,0.998266,0.917240,0.747596,0.844907,0.979581,0.613165,-0.530351,-0.640039,0.831233,0.799565,-0.967856,0.868457,0.687524,-0.990551,0.575015,0.719595,-0.980738,0.819984,0.606662,0.628584,-0.965329,-0.453643,-0.797117,0.512642,0.599232,0.286355,0.813735,0.787763,0.629065,0.898314,0.541812,-0.651188,-0.919862
Lateral mammillary nucleus,0.941829,0.953062,0.656570,0.940200,0.981278,0.863943,0.898381,0.969431,0.983012,0.847890,0.989484,0.843449,0.876066,0.521174,0.679777,0.951096,0.957110,0.764232,0.742635,0.868939,0.643997,0.983237,0.846780,0.961109,0.952241,0.962988,0.604613,0.923629,0.919329,0.880464,0.851497,0.852299,0.994868,0.797546,0.921898,0.938088,0.743133,0.728165,0.899276,0.933925,0.870414,0.789163,0.991099,0.832020,0.957393,0.967656,0.826906,-0.080859,0.742438,0.294749,0.330250,0.818566,0.862988,0.993543,0.643832,0.990233,1.000000,-0.719665,0.967373,0.394432,0.594707,0.758708,0.854389,0.833837,0.704215,0.394952,-0.713748,0.298558,0.752222,0.692136,0.661650,0.806526,0.781026,0.883630,0.634276,0.671856,0.945563,0.872162,0.839045,0.699113,0.367868,0.610870,0.985420,0.290770,0.121452,0.745007,0.521274,0.942983,0.503568,0.863171,0.879803,0.725212,0.845902,0.768777,0.629944,0.402317,0.647470,0.525063,0.792995,0.408493,-0.670937,0.737322,0.108028,0.571436,0.931301,0.695101,0.709507,0.989050,-0.305165,-0.776195,0.954663,0.753802,0.649734,0.935045,-0.324373,0.523674,-0.813044,0.909744,0.868918,0.347081,-0.015110,0.223801,0.981041,0.856588,0.786350,0.718802,0.331347,0.779903,0.789053,0.690224,0.711555,-0.158728,0.627718,0.718925,0.794007,0.856145,0.909356,0.801697,0.781014,0.520987,0.884170,0.443084,0.842561,0.355488,-0.663925,0.186068,0.627279,0.884958,0.602834,0.419569,-0.452687,-0.141828,0.667782,-0.157614,0.610839,0.800257,0.516391,-0.169376,0.779354,-0.655016,0.242895,0.501820,0.074537,0.311901,0.978258,0.131059,0.676332,0.999452,0.780850,0.547240,0.822991,0.610820,-0.947640,-0.062071,-0.177407,-0.232634,0.616868,0.710436,0.594994,0.846253,0.950493,0.201688,0.612949,0.910923,0.451262,0.910523,-0.456709,0.219779,0.845192,-0.723683,0.245098,0.368565,-0.589173,0.856464,0.503722,0.785988,0.987863,0.978558,-0.804361,-0.275625,0.974702,-0.272358,0.733629,0.985400,0.984958,0.963765,0.828206,0.903645,0.993290,0.548445,-0.643340,-0.586879,0.750023,0.709957,-0.923616,0.905317,0.756931,-0.964858,0.674887,0.774271,-0.946131,0.753581,0.673804,0.690412,-0.930830,-0.389338,-0.705211,0.557237,0.608021,0.156147,0.734677,0.836224,0.698420,0.921453,0.605115,-0.647350,-0.927088
Red nucleus,-0.459417,-0.489476,-0.014482,-0.458067,-0.592627,-0.277901,-0.390263,-0.528210,-0.591624,-0.809508,-0.698500,-0.502693,-0.535921,-0.818714,-0.948363,-0.470266,-0.490326,-0.145275,-0.079122,-0.297269,-0.678993,-0.586270,-0.240287,-0.576155,-0.801882,-0.665942,-0.288811,-0.529878,-0.401395,-0.447197,-0.570637,-0.836544,-0.680231,-0.991960,-0.690852,-0.468914,-0.899688,-0.121845,-0.876693,-0.449646,-0.505454,-0.620173,-0.709904,-0.700566,-0.640585,-0.545037,-0.278371,-0.029783,-0.204484,0.105566,-0.632625,-0.190474,-0.270467,-0.637031,0.034474,-0.773122,-0.719665,1.000000,-0.759035,-0.646112,-0.776656,-0.244257,-0.488009,-0.218964,-0.023249,0.352208,0.822428,0.443003,-0.093361,0.002040,-0.015261,-0.170033,-0.178217,-0.446275,-0.964535,-0.017727,-0.858998,-0.322628,-0.697709,-0.013588,-0.642207,-0.672722,-0.603597,-0.418023,-0.331928,-0.832597,-0.548053,-0.457688,-0.211758,-0.272609,-0.474594,-0.250947,-0.309404,-0.471966,0.085233,-0.761003,-0.969619,-0.962573,-0.225257,-0.821610,0.997035,-0.253756,-0.751220,0.107687,-0.486383,-0.652579,-0.021421,-0.623818,0.343582,0.761870,-0.495189,-0.874047,-0.961205,-0.438862,0.890117,-0.658727,0.965789,-0.802511,-0.597542,-0.194913,0.269478,-0.178625,-0.696233,-0.952227,-0.215326,-0.554348,-0.316919,-0.218312,-0.252821,-0.107411,-0.616261,-0.384383,-0.438443,-0.436675,-0.151465,-0.298372,-0.378502,-0.374722,-0.139700,0.133580,-0.343747,0.139420,-0.280907,0.355921,0.992858,0.138885,0.064130,-0.321982,-0.737663,0.318350,0.944323,0.464283,0.032598,0.716760,-0.825096,-0.561637,0.143461,-0.112110,-0.185806,0.118949,-0.045874,-0.130811,0.006760,0.056755,-0.751087,-0.656705,-0.940891,-0.706850,-0.157601,0.143222,-0.932390,0.101297,0.903200,0.736024,0.295869,0.551674,0.041486,-0.022880,-0.804258,-0.244824,-0.541437,0.534723,-0.100799,-0.372811,-0.099592,-0.444191,0.335428,0.500418,-0.340572,0.960701,-0.119059,0.100218,0.786459,-0.901027,-0.054155,-0.932562,-0.695219,-0.591186,0.262923,0.750991,-0.551090,0.665227,-0.251480,-0.667821,-0.808943,-0.587604,-0.257281,-0.622476,-0.641640,-0.975017,0.141596,0.231135,-0.714940,-0.880945,0.813240,-0.361496,-0.092234,0.844243,-0.026679,-0.700696,0.775595,-0.983345,0.027573,0.003050,0.702933,0.068791,0.801781,0.144416,0.001543,-0.366176,-0.645925,-0.223775,-0.005712,-0.415843,-0.626322,0.908785,0.875963
Anterior pretectal nucleus,0.910658,0.921903,0.488895,0.911824,0.958520,0.812550,0.891995,0.921695,0.953961,0.951686,0.989340,0.924380,0.944613,0.695891,0.792510,0.895786,0.911183,0.751847,0.691176,0.832656,0.816543,0.923024,0.766594,0.966850,0.996721,0.991149,0.384045,0.797719,0.883784,0.919892,0.941465,0.951231,0.978361,0.835167,0.804188,0.922795,0.864477,0.738671,0.967633,0.911956,0.935208,0.914467,0.989806,0.944749,0.986158,0.946400,0.836450,0.167193,0.786993,0.442228,0.549206,0.744278,0.793084,0.954747,0.494687,0.991570,0.967373,-0.759035,1.000000,0.607791,0.769322,0.809441,0.925083,0.743115,0.650865,0.284530,-0.602672,0.175945,0.637650,0.593601,0.497469,0.723838,0.774223,0.740094,0.620786,0.663503,0.985200,0.854867,0.948613,0.640610,0.583593,0.791001,0.957568,0.523438,0.368969,0.880627,0.719959,0.906502,0.665387,0.776858,0.929072,0.800453,0.853561,0.881868,0.530107,0.305355,0.747294,0.613277,0.638881,0.583600,-0.724992,0.806203,0.140748,0.565338,0.817757,0.854285,0.625977,0.963222,-0.090021,-0.645235,0.924717,0.879246,0.629207,0.900001,-0.395454,0.720568,-0.789795,0.983677,0.953685,0.107471,0.171246,0.449342,0.993495,0.915005,0.799217,0.864206,0.552423,0.618782,0.624234,0.508720,0.864351,0.071790,0.789652,0.847110,0.698919,0.730012,0.814600,0.625661,0.667030,0.333958,0.864919,0.512427,0.835415,0.337956,-0.731763,0.357535,0.595172,0.840036,0.780649,0.286988,-0.509542,-0.383495,0.599975,-0.120118,0.507599,0.914100,0.331166,0.085811,0.629900,-0.455247,0.443462,0.266389,0.299305,0.061685,0.906098,0.064838,0.633326,0.958638,0.649154,0.383705,0.908545,0.553875,-0.940447,-0.133994,0.032167,-0.085893,0.447912,0.618346,0.765127,0.749063,0.956073,0.111844,0.695227,0.860004,0.603915,0.786986,-0.653187,0.180699,0.695126,-0.692665,0.458208,0.490208,-0.763144,0.939855,0.271750,0.884110,0.917221,0.902040,-0.646528,-0.466226,0.936372,-0.486720,0.543345,0.985605,0.988411,0.866737,0.691767,0.769631,0.962592,0.600263,-0.436152,-0.722972,0.893068,0.843977,-0.988111,0.856167,0.661853,-0.988379,0.515446,0.626170,-0.997096,0.826552,0.593135,0.619316,-0.990510,-0.554783,-0.855064,0.531600,0.644502,0.401277,0.881474,0.775170,0.610444,0.895861,0.433444,-0.585261,-0.871094
Superior vestibular nucleus,0.296988,0.309981,-0.361845,0.305050,0.378638,0.151511,0.341871,0.274175,0.358629,0.821380,0.488474,0.644462,0.624402,0.966920,0.853065,0.225843,0.264102,0.206110,0.053492,0.207585,0.944894,0.257280,0.042455,0.459024,0.656121,0.561227,-0.452521,0.013021,0.257787,0.502759,0.698164,0.816014,0.431440,0.657912,0.092661,0.349959,0.880637,0.262143,0.743825,0.321095,0.600753,0.811625,0.489035,0.809381,0.553233,0.363997,0.336917,0.782069,0.402325,0.512131,0.996826,0.037363,0.089602,0.345391,-0.322280,0.518376,0.394432,-0.646112,0.607791,1.000000,0.971480,0.439580,0.609642,-0.001701,0.018839,-0.369012,-0.104222,-0.463224,-0.141023,-0.137181,-0.349106,0.000564,0.239310,-0.081618,0.443245,0.152489,0.658030,0.277599,0.800133,-0.002182,0.999405,0.958500,0.367093,0.958661,0.933647,0.904306,0.952985,0.279731,0.718020,0.037912,0.543216,0.511529,0.346174,0.717726,-0.185224,0.048472,0.810580,0.739539,-0.212774,0.940076,-0.679496,0.495261,0.383864,0.091830,0.039972,0.906517,-0.076884,0.381265,0.494073,-0.036497,0.316184,0.887916,0.423621,0.275979,-0.608767,0.984917,-0.458565,0.739525,0.695030,-0.611232,0.501646,0.838484,0.525810,0.726321,0.315980,0.835703,0.898230,-0.240875,-0.238787,-0.366276,0.878188,0.824610,0.826267,0.741311,-0.048520,-0.082572,0.058269,-0.230588,-0.116213,-0.508232,0.281515,0.289275,0.288450,-0.083487,-0.720352,0.549637,0.037666,0.192370,0.970758,-0.422167,-0.614524,-0.964498,-0.055460,-0.160658,0.103626,0.758259,-0.506957,0.809604,-0.214600,0.429880,0.719150,-0.579418,0.735481,-0.738431,0.272963,0.041885,0.351823,0.363828,-0.166885,-0.429583,0.797767,-0.058418,-0.523658,-0.492247,0.525182,0.224469,-0.394910,-0.103520,0.966466,-0.010520,0.444154,-0.414147,0.454824,0.196903,0.637693,-0.011449,-0.858122,-0.235722,-0.147781,-0.408983,0.784306,0.450367,-0.971279,0.788989,-0.593527,0.828460,0.261595,0.205597,0.209125,-0.931709,0.313258,-0.978124,-0.334934,0.478270,0.535766,0.135017,-0.136473,0.012951,0.372755,0.633386,0.449029,-0.663750,0.889959,0.906336,-0.716521,0.197328,-0.077873,-0.606551,-0.326717,-0.039268,-0.666480,0.756697,-0.093344,-0.050248,-0.666072,-0.652306,-0.929229,0.013415,0.272902,0.946426,0.874899,0.095362,-0.099211,0.294984,-0.183127,-0.272597,-0.353238
Lateral posterior nucleus of the thalamus,0.476531,0.492507,-0.170398,0.482769,0.565283,0.322474,0.498393,0.469850,0.548916,0.928237,0.668592,0.749977,0.743021,0.986016,0.935469,0.420378,0.455307,0.335069,0.197589,0.371920,0.977852,0.464312,0.224859,0.626413,0.810740,0.720546,-0.228498,0.244310,0.433815,0.634087,0.802889,0.927339,0.620490,0.800888,0.326101,0.520709,0.965901,0.372183,0.880617,0.494020,0.719253,0.889793,0.670510,0.904323,0.710291,0.545727,0.469151,0.636222,0.499550,0.472203,0.954944,0.210150,0.270166,0.544512,-0.144929,0.700988,0.594707,-0.776656,0.769322,0.971480,1.000000,0.537615,0.721757,0.183556,0.155746,-0.264059,-0.308071,-0.370155,0.039445,0.021376,-0.158754,0.175217,0.369190,0.149611,0.588046,0.259787,0.816706,0.433184,0.897738,0.136339,0.965399,0.982038,0.557605,0.894170,0.831704,0.979230,0.947513,0.462263,0.715545,0.227515,0.670263,0.591441,0.483642,0.793111,-0.038953,0.194745,0.896004,0.812390,0.001010,0.941977,-0.794533,0.580589,0.414545,0.177303,0.263847,0.953371,0.077154,0.572091,0.316123,-0.258051,0.498537,0.971477,0.574453,0.455720,-0.657370,0.985507,-0.635866,0.871708,0.806377,-0.419965,0.386545,0.757482,0.697701,0.865260,0.437560,0.889452,0.841885,-0.025565,-0.018605,-0.158235,0.929461,0.691610,0.852255,0.799416,0.130181,0.128710,0.263994,0.002814,0.070285,-0.333168,0.440887,0.312897,0.432242,-0.035179,-0.826653,0.478747,0.147615,0.364888,0.997107,-0.299986,-0.692654,-0.874478,0.081391,-0.235566,0.287706,0.841842,-0.333994,0.649955,-0.007103,0.216763,0.648955,-0.369667,0.624324,-0.557483,0.492770,0.125813,0.518045,0.567924,0.029981,-0.263718,0.916006,0.060948,-0.709993,-0.493992,0.371693,0.085833,-0.211183,0.055375,0.998644,0.181241,0.608536,-0.357513,0.507457,0.378793,0.627471,0.212902,-0.834971,-0.202474,0.076650,-0.576723,0.710752,0.435919,-0.999726,0.912147,-0.388640,0.934257,0.479650,0.420993,-0.010014,-0.902000,0.505597,-0.931341,-0.109380,0.656268,0.717956,0.359163,0.074415,0.249564,0.567633,0.730103,0.232685,-0.688735,0.956586,0.978871,-0.856399,0.376921,0.092666,-0.776287,-0.136445,0.188700,-0.815524,0.873414,0.051628,0.093088,-0.804954,-0.624415,-0.989059,0.105786,0.345314,0.852510,0.934210,0.265059,0.054890,0.466542,0.028798,-0.443422,-0.561819
Lateral preoptic area,0.908750,0.898418,0.607384,0.913294,0.864937,0.915055,0.957550,0.853860,0.855473,0.734839,0.828783,0.955508,0.948326,0.392271,0.382253,0.863166,0.873319,0.967099,0.914348,0.936076,0.692997,0.796683,0.864407,0.908475,0.773251,0.877003,0.177560,0.624801,0.918571,0.974329,0.925163,0.707187,0.819455,0.362219,0.495276,0.927334,0.536430,0.982007,0.677607,0.924742,0.959548,0.861838,0.818613,0.827170,0.892679,0.890525,0.985210,0.363330,0.998968,0.829573,0.368853,0.879568,0.882334,0.810393,0.670410,0.766261,0.758708,-0.244257,0.809441,0.439580,0.537615,1.000000,0.963697,0.842842,0.903963,0.668172,-0.085674,0.582727,0.786284,0.816156,0.621313,0.862922,0.973780,0.604599,0.042145,0.953652,0.702491,0.957094,0.833556,0.894533,0.408911,0.665507,0.850774,0.530703,0.389417,0.628391,0.683351,0.901100,0.882163,0.847038,0.969065,0.995094,0.981516,0.939250,0.796474,-0.287846,0.289350,0.092080,0.647246,0.225011,-0.205461,0.997327,-0.445331,0.922842,0.700279,0.764237,0.851477,0.842191,0.299983,-0.190699,0.898153,0.583410,0.053389,0.909208,0.173041,0.584337,-0.283531,0.770682,0.916044,-0.155795,0.600694,0.631597,0.844244,0.527062,0.988785,0.858532,0.656835,0.619856,0.594882,0.545431,0.807744,-0.103742,0.862213,0.928522,0.835695,0.732049,0.802952,0.481553,0.788374,0.500856,0.951851,0.917412,0.971708,0.804024,-0.227161,0.748932,0.912603,0.919808,0.590945,0.628636,0.062206,-0.289112,0.870703,0.485721,-0.051761,0.906918,0.506633,0.174433,0.672012,-0.445967,0.727011,0.137271,0.576424,-0.004390,0.617639,-0.529976,0.064498,0.752562,0.735822,0.596202,0.551095,0.870699,-0.570022,0.418850,0.433550,0.452110,0.596452,0.833985,0.504188,0.824711,0.923569,0.589606,0.978795,0.900233,0.886753,0.686965,-0.773952,0.689630,0.629188,-0.140918,0.690591,0.880213,-0.519411,0.623830,0.215634,0.522376,0.684765,0.751985,-0.622665,-0.124753,0.860450,-0.245296,0.462469,0.850907,0.730854,0.691400,0.706593,0.496117,0.822511,0.040664,-0.393376,-0.934439,0.756087,0.530451,-0.762113,0.905737,0.834181,-0.710957,0.640273,0.207369,-0.801061,0.377845,0.848681,0.870796,-0.861371,-0.849565,-0.626667,0.894733,0.969065,0.404878,0.802896,0.902888,0.840114,0.929193,-0.022930,-0.011483,-0.464097
Nucleus raphe pallidus,0.919778,0.918481,0.503602,0.924117,0.917747,0.873082,0.950819,0.885169,0.907603,0.888805,0.918696,0.998982,0.998397,0.603760,0.614247,0.876475,0.892948,0.893724,0.820379,0.900370,0.833640,0.846680,0.811496,0.958787,0.906963,0.959633,0.181415,0.663867,0.912273,0.991399,0.991962,0.870192,0.901781,0.590218,0.592962,0.942498,0.740401,0.906204,0.847257,0.933581,0.999498,0.957024,0.912383,0.944344,0.967051,0.928353,0.949817,0.388688,0.950912,0.743521,0.544635,0.813296,0.837732,0.877181,0.551091,0.883080,0.854389,-0.488009,0.925083,0.609642,0.721757,0.963697,1.000000,0.784288,0.796081,0.474994,-0.265339,0.372491,0.695573,0.700879,0.516993,0.791189,0.909595,0.619892,0.286857,0.849328,0.857962,0.930135,0.948522,0.783967,0.581948,0.809376,0.906849,0.635345,0.490855,0.807830,0.796930,0.911285,0.876690,0.803100,0.996214,0.966857,0.954222,0.984063,0.661310,-0.079040,0.534300,0.354589,0.597382,0.456118,-0.456242,0.968079,-0.190925,0.789659,0.722393,0.886827,0.741909,0.905000,0.226926,-0.338044,0.920027,0.776360,0.294313,0.913891,-0.096211,0.737590,-0.499193,0.911772,0.989690,-0.143607,0.506536,0.660544,0.934790,0.731049,0.937260,0.941576,0.718119,0.569598,0.555595,0.469686,0.914439,0.062770,0.918374,0.968845,0.759238,0.698397,0.789709,0.484270,0.709703,0.365698,0.930553,0.794266,0.934569,0.616472,-0.477654,0.668843,0.785861,0.890368,0.759644,0.443551,-0.205461,-0.435092,0.748527,0.252318,0.145865,0.979021,0.368663,0.244225,0.610132,-0.380109,0.704612,0.100772,0.562827,-0.077595,0.728082,-0.314090,0.293569,0.843650,0.663571,0.453344,0.753571,0.733085,-0.740922,0.162178,0.356693,0.291401,0.478936,0.724748,0.698256,0.773443,0.963057,0.362282,0.914717,0.884891,0.849234,0.697173,-0.821159,0.472003,0.612502,-0.369422,0.694395,0.783806,-0.708012,0.809422,0.151079,0.731075,0.773401,0.804451,-0.584549,-0.352256,0.899224,-0.442400,0.431700,0.930385,0.861525,0.744903,0.662613,0.571968,0.891051,0.303643,-0.337606,-0.922126,0.892129,0.733165,-0.904755,0.887230,0.742384,-0.857825,0.537930,0.332792,-0.926292,0.610146,0.727267,0.755575,-0.962854,-0.811159,-0.801575,0.750491,0.868507,0.512989,0.916494,0.845833,0.726661,0.927827,0.103312,-0.233607,-0.628274
Anterior tegmental nucleus,0.951057,0.943666,0.930947,0.949156,0.902063,0.986883,0.937790,0.940835,0.906757,0.523384,0.827443,0.755619,0.778215,0.050779,0.185297,0.961502,0.952219,0.941070,0.971267,0.975315,0.325734,0.918821,0.998979,0.879855,0.686939,0.808804,0.664705,0.896057,0.965279,0.858724,0.712898,0.510130,0.852724,0.332312,0.769579,0.934803,0.306982,0.903719,0.551664,0.945354,0.794495,0.581111,0.821293,0.582031,0.820210,0.919101,0.920680,-0.194749,0.852214,0.447899,-0.080884,0.996602,0.995783,0.889172,0.946026,0.771512,0.833837,-0.218964,0.743115,-0.001701,0.183556,0.842842,0.784288,1.000000,0.961412,0.836073,-0.382669,0.775730,0.989205,0.975182,0.936460,0.997665,0.937743,0.908950,0.141798,0.910106,0.635661,0.955816,0.594612,0.963013,-0.035757,0.283181,0.900682,0.024329,-0.146274,0.356905,0.250259,0.955263,0.490115,0.998461,0.834610,0.785773,0.923664,0.668563,0.953295,-0.001378,0.128056,-0.031621,0.954866,-0.106061,-0.150753,0.801823,-0.429618,0.866927,0.936511,0.419158,0.977509,0.889827,-0.211119,-0.519154,0.941229,0.340046,0.167263,0.958298,0.247698,0.170061,-0.388449,0.620901,0.717674,0.387399,0.137617,0.115791,0.814471,0.438287,0.912046,0.529564,0.159520,0.943908,0.931200,0.910046,0.470845,-0.566139,0.488454,0.623225,0.997639,0.979122,0.983586,0.858866,0.993407,0.862053,0.956751,0.696320,0.944349,0.761820,-0.140899,0.318182,0.916909,0.980678,0.223482,0.849631,0.109304,0.217257,0.957365,0.318135,0.237566,0.643551,0.862798,-0.380352,0.964925,-0.857516,0.248820,0.647212,0.051848,0.532624,0.789950,-0.301918,0.224700,0.844827,0.983981,0.899571,0.400550,0.928656,-0.616553,0.490808,-0.070701,0.063065,0.919255,0.979791,0.164122,0.999015,0.891663,0.704332,0.743929,0.979226,0.505702,0.942477,-0.323498,0.690592,0.938006,-0.271662,0.193243,0.551467,-0.168688,0.470777,0.707101,0.346563,0.845118,0.912702,-0.942809,0.238567,0.928391,0.183876,0.862489,0.845021,0.736591,0.900194,0.974509,0.800425,0.883330,-0.000000,-0.826161,-0.596040,0.451180,0.272561,-0.634122,0.979680,0.991704,-0.677294,0.944786,0.567141,-0.696892,0.269814,0.964991,0.966807,-0.728860,-0.440970,-0.322179,0.880132,0.826093,-0.124071,0.481543,0.992300,0.975314,0.954778,0.397360,-0.214013,-0.621073
Lateral reticular nucleus,0.898651,0.883070,0.871302,0.899295,0.818980,0.965912,0.922572,0.856151,0.818992,0.458714,0.730233,0.769799,0.775638,0.000132,0.061945,0.886762,0.879608,0.982237,0.998433,0.961320,0.333855,0.806926,0.963962,0.823131,0.588847,0.742140,0.466487,0.740049,0.924966,0.860989,0.713823,0.433315,0.748477,0.147714,0.568528,0.892056,0.214519,0.966780,0.442610,0.902710,0.797849,0.587493,0.719679,0.557684,0.761464,0.850781,0.945407,-0.008700,0.918875,0.642034,-0.059606,0.978840,0.961703,0.780102,0.915836,0.651695,0.704215,-0.023249,0.650865,0.018839,0.155746,0.903963,0.796081,0.961412,1.000000,0.908015,-0.118221,0.854305,0.960628,0.982811,0.880118,0.977939,0.975133,0.759989,-0.097390,0.983678,0.514373,0.949868,0.569458,0.999766,-0.015408,0.295362,0.810382,0.120759,-0.031623,0.298056,0.306337,0.899151,0.621171,0.950091,0.836174,0.860803,0.939309,0.709723,0.978547,-0.274359,-0.016978,-0.199741,0.856381,-0.171769,0.038069,0.872225,-0.629531,0.969712,0.805706,0.431211,0.992302,0.795187,0.038579,-0.265630,0.880013,0.260581,-0.074718,0.908399,0.432551,0.189463,-0.163688,0.541613,0.707885,0.170445,0.376854,0.274494,0.727365,0.291276,0.954550,0.564721,0.283958,0.840152,0.814479,0.813429,0.491354,-0.518371,0.562826,0.681842,0.971965,0.888523,0.900168,0.695355,0.954149,0.816431,0.943946,0.855461,0.956413,0.907024,0.036038,0.528980,0.991292,0.953639,0.211880,0.895473,0.306894,0.147299,0.997186,0.558939,-0.034434,0.660613,0.821254,-0.226138,0.881213,-0.737516,0.431814,0.474140,0.250219,0.383069,0.614633,-0.550720,-0.026018,0.712446,0.924253,0.879919,0.278125,0.992223,-0.442467,0.659190,0.175458,0.332010,0.871404,0.987127,0.123775,0.948356,0.844580,0.827107,0.858557,0.934234,0.658411,0.814241,-0.437658,0.846839,0.812593,-0.030618,0.363462,0.731904,-0.136491,0.360910,0.561731,0.229772,0.690213,0.785091,-0.830614,0.285806,0.844855,0.184295,0.717942,0.757416,0.606364,0.754803,0.884947,0.605424,0.779474,-0.199333,-0.691238,-0.710206,0.436876,0.192381,-0.545335,0.939068,0.980279,-0.549831,0.890416,0.318757,-0.611834,0.111693,0.993292,0.997323,-0.672380,-0.606235,-0.279927,0.976652,0.934885,-0.017936,0.490522,0.977110,0.990032,0.918367,0.131557,0.045973,-0.412564
Nucleus raphe pontis,0.652997,0.629070,0.886504,0.651869,0.531226,0.789539,0.678494,0.605036,0.536430,0.044317,0.399931,0.439088,0.442367,-0.414673,-0.357207,0.657481,0.637128,0.819153,0.886067,0.767252,-0.073223,0.551715,0.822888,0.518539,0.206477,0.399683,0.479218,0.563121,0.699244,0.569835,0.359902,0.016592,0.434751,-0.239219,0.351657,0.631744,-0.213701,0.796013,0.034541,0.652802,0.475116,0.205204,0.387680,0.161302,0.424800,0.574177,0.724489,-0.208918,0.699589,0.484194,-0.437338,0.848407,0.802663,0.494375,0.927943,0.304542,0.394952,0.352208,0.284530,-0.369012,-0.264059,0.668172,0.474994,0.836073,0.908015,1.000000,0.092439,0.993473,0.896745,0.936444,0.891259,0.861087,0.797365,0.622756,-0.404889,0.860957,0.125507,0.733926,0.175016,0.915087,-0.399460,-0.110597,0.523875,-0.216667,-0.331959,-0.128657,-0.072627,0.658117,0.346300,0.804413,0.531169,0.609240,0.709987,0.372267,0.962187,-0.425748,-0.423582,-0.572118,0.790872,-0.566355,0.416153,0.623171,-0.833044,0.889920,0.625919,0.031285,0.925158,0.502103,-0.014430,-0.072568,0.623506,-0.167788,-0.378492,0.671543,0.737801,-0.211371,0.169389,0.142246,0.349508,0.267025,0.278337,0.005248,0.388492,-0.116046,0.751503,0.192322,-0.030359,0.784450,0.753029,0.814727,0.101252,-0.762653,0.217593,0.348323,0.871769,0.772413,0.731004,0.615737,0.874766,0.904081,0.723024,0.742700,0.746109,0.928835,0.423566,0.378207,0.913932,0.758730,-0.204072,0.994512,0.635457,0.473947,0.935803,0.705394,-0.232942,0.298037,0.910291,-0.432818,0.822507,-0.758437,0.207551,0.551434,0.048047,0.547338,0.336286,-0.655520,-0.311616,0.412847,0.856132,0.944822,-0.141671,0.946603,-0.083553,0.883995,0.093285,0.366198,0.906733,0.926726,-0.298023,0.820784,0.549308,0.975819,0.653237,0.728981,0.424327,0.655524,-0.116725,0.942231,0.709982,0.278081,0.113044,0.580893,0.283765,-0.056846,0.651634,-0.193715,0.420358,0.543492,-0.758305,0.653893,0.580077,0.554043,0.688650,0.433943,0.250996,0.534022,0.791287,0.419898,0.486009,-0.547978,-0.715915,-0.437384,0.027336,-0.236423,-0.149102,0.735718,0.899305,-0.173994,0.892708,0.153188,-0.230586,-0.295020,0.940587,0.928345,-0.301708,-0.379365,0.144938,0.923615,0.790321,-0.329865,0.094995,0.825303,0.931973,0.680859,0.033025,0.303382,-0.104312
Midbrain reticular nucleus retrorubral area,-0.468260,-0.496039,-0.373151,-0.460663,-0.572621,-0.346960,-0.348254,-0.569707,-0.586008,-0.491645,-0.619986,-0.256110,-0.314433,-0.349986,-0.607651,-0.533306,-0.530460,-0.136899,-0.164944,-0.330404,-0.219343,-0.652233,-0.378119,-0.492725,-0.616333,-0.525665,-0.753482,-0.751698,-0.424619,-0.297581,-0.298926,-0.527985,-0.640061,-0.816052,-0.884103,-0.441002,-0.539973,-0.063873,-0.633878,-0.438334,-0.294621,-0.266884,-0.633259,-0.369542,-0.500684,-0.525014,-0.209401,0.536329,-0.063061,0.447042,-0.081099,-0.318902,-0.382346,-0.650528,-0.285291,-0.686613,-0.713748,0.822428,-0.602672,-0.104222,-0.308071,-0.085674,-0.265339,-0.382669,-0.118221,0.092439,1.000000,0.146282,-0.322279,-0.198247,-0.365709,-0.319362,-0.154444,-0.714987,-0.913119,-0.011319,-0.681261,-0.310671,-0.373832,-0.121122,-0.096113,-0.197315,-0.594415,0.150253,0.258860,-0.444284,-0.041127,-0.478739,0.189578,-0.421873,-0.300818,-0.037127,-0.242150,-0.156444,-0.125400,-0.921390,-0.658295,-0.682683,-0.535020,-0.355909,0.787837,-0.053866,-0.626359,0.107903,-0.682319,-0.223247,-0.185326,-0.608636,0.803371,0.986357,-0.498570,-0.506140,-0.925523,-0.458070,0.661147,-0.149017,0.930116,-0.551117,-0.335442,-0.718253,0.678529,0.356221,-0.589358,-0.729056,-0.144103,-0.161697,0.220117,-0.545000,-0.585515,-0.490778,-0.203167,0.160571,-0.018416,-0.090615,-0.330746,-0.537366,-0.538894,-0.725123,-0.363385,-0.283364,-0.334528,0.305535,-0.249377,0.306903,0.752653,0.529220,0.009576,-0.372773,-0.263857,0.010885,0.739890,-0.121996,-0.100184,0.752775,-0.988326,-0.237746,-0.270132,0.472156,-0.487831,0.544652,0.424411,-0.642903,0.523034,-0.507563,-0.834434,-0.763059,-0.956892,-0.720462,-0.420694,-0.219635,-0.649604,-0.012935,0.829760,0.524120,0.750493,0.844907,-0.324992,-0.206235,-0.344216,-0.421280,-0.460892,0.303784,0.115816,-0.433253,0.271998,-0.666322,-0.151053,0.388326,-0.632101,0.946354,0.384480,0.385626,0.318944,-0.623896,-0.562975,-0.622370,-0.778175,-0.694301,0.578463,0.259025,-0.569484,0.124308,-0.644502,-0.590541,-0.715590,-0.738379,-0.523379,-0.857870,-0.636345,-0.776740,0.583299,-0.115591,-0.316689,-0.494596,0.582267,-0.418789,-0.276476,0.703562,-0.365104,-0.968205,0.577051,-0.728728,-0.134096,-0.134616,0.489479,-0.327908,0.384260,0.097181,0.106971,0.222518,-0.243889,-0.319257,-0.181148,-0.415345,-0.958442,0.971451,0.916537
Lateral septal nucleus caudal (caudodorsal) part,0.565637,0.540208,0.862952,0.564055,0.436294,0.716697,0.590666,0.517778,0.442761,-0.069897,0.297559,0.335083,0.337605,-0.514614,-0.459948,0.574503,0.551185,0.748842,0.827518,0.690267,-0.181938,0.465087,0.758660,0.419345,0.095988,0.293924,0.468151,0.497595,0.615835,0.472539,0.252092,-0.097353,0.335823,-0.336722,0.282002,0.541030,-0.323504,0.724276,-0.077524,0.564263,0.372183,0.094504,0.285242,0.048220,0.319811,0.480897,0.641426,-0.257432,0.617643,0.425436,-0.526646,0.786234,0.734169,0.401221,0.902167,0.200632,0.298558,0.443003,0.175945,-0.463224,-0.370155,0.582727,0.372491,0.775730,0.854305,0.993473,0.146282,1.000000,0.851226,0.894359,0.866441,0.802223,0.723744,0.566161,-0.475385,0.800253,0.015852,0.652003,0.062033,0.863150,-0.491679,-0.217844,0.429532,-0.302116,-0.403719,-0.240809,-0.173821,0.571866,0.260130,0.739545,0.431312,0.521310,0.625112,0.268452,0.927429,-0.452936,-0.520760,-0.655236,0.748420,-0.655977,0.505673,0.535500,-0.861838,0.839934,0.557575,-0.078774,0.877744,0.406662,-0.029083,-0.018310,0.534136,-0.279108,-0.448795,0.585993,0.797366,-0.314073,0.254297,0.029092,0.240837,0.285537,0.242104,-0.068745,0.284115,-0.223077,0.672418,0.084648,-0.115433,0.744886,0.712919,0.789736,-0.008349,-0.805422,0.116430,0.246288,0.817126,0.716723,0.662131,0.575110,0.825740,0.899693,0.640103,0.688204,0.665294,0.905219,0.515459,0.324662,0.863929,0.681818,-0.311044,0.990150,0.704562,0.548303,0.889560,0.722534,-0.279038,0.189767,0.906076,-0.475977,0.780877,-0.740625,0.139404,0.555637,-0.009106,0.575323,0.250284,-0.662849,-0.379041,0.318533,0.810815,0.932885,-0.251362,0.904256,0.016479,0.917077,0.067304,0.363311,0.888003,0.881122,-0.403562,0.760344,0.451663,0.985387,0.576430,0.650230,0.346770,0.591988,-0.025253,0.938228,0.660025,0.352884,0.040767,0.520995,0.389353,-0.168679,0.656053,-0.302793,0.333976,0.460875,-0.715057,0.733588,0.489875,0.637450,0.659405,0.332339,0.146555,0.457425,0.741122,0.356629,0.390994,-0.625302,-0.700503,-0.348955,-0.085152,-0.345703,-0.036612,0.657263,0.849001,-0.066385,0.865428,0.103880,-0.119612,-0.396233,0.896590,0.880290,-0.191309,-0.305155,0.256119,0.879882,0.725788,-0.404830,-0.015858,0.758020,0.886822,0.594803,0.005816,0.363356,-0.017531
Lateral septal nucleus rostral (rostroventral) part,0.895573,0.885007,0.968393,0.892952,0.830080,0.957195,0.882112,0.883317,0.836834,0.393019,0.737795,0.662463,0.685045,-0.095839,0.042280,0.912430,0.898082,0.914078,0.963601,0.938830,0.190698,0.859317,0.982476,0.800862,0.573872,0.713910,0.693417,0.864226,0.917324,0.783342,0.610084,0.378584,0.769935,0.206335,0.719522,0.873432,0.164570,0.872524,0.424896,0.888071,0.705605,0.463619,0.730866,0.459773,0.727714,0.851570,0.872394,-0.274698,0.801847,0.404823,-0.219263,0.983691,0.972721,0.817697,0.982626,0.674119,0.752222,-0.093361,0.637650,-0.141023,0.039445,0.786284,0.695573,0.989205,0.960628,0.896745,-0.322279,0.851226,1.000000,0.991481,0.972609,0.989677,0.905404,0.891733,0.038320,0.896270,0.518724,0.910760,0.473483,0.964918,-0.174868,0.147073,0.829161,-0.096665,-0.259890,0.216442,0.122350,0.901610,0.407025,0.980401,0.753450,0.721512,0.872541,0.569817,0.979469,-0.053434,-0.012217,-0.164829,0.964502,-0.250608,-0.021842,0.739044,-0.515465,0.866781,0.904813,0.289814,0.986377,0.815616,-0.239361,-0.469602,0.881594,0.198591,0.066005,0.906194,0.364002,0.031903,-0.284021,0.499347,0.613514,0.436956,0.104941,0.021822,0.721225,0.308268,0.869729,0.413634,0.051154,0.956733,0.941643,0.942108,0.346703,-0.673297,0.380547,0.524211,0.995673,0.971365,0.956894,0.860737,0.998875,0.923033,0.909998,0.678107,0.900777,0.794201,-0.008168,0.273112,0.919564,0.944183,0.081969,0.913510,0.229181,0.342337,0.967408,0.379406,0.176688,0.535151,0.924267,-0.468630,0.977217,-0.895034,0.175281,0.698275,-0.020562,0.610806,0.718320,-0.347635,0.131977,0.767072,0.993341,0.953445,0.264575,0.943181,-0.510152,0.586625,-0.104622,0.075209,0.963425,0.991216,0.018744,0.987487,0.816332,0.780465,0.694505,0.939122,0.437584,0.918516,-0.218393,0.746859,0.933990,-0.172162,0.108550,0.514458,-0.023950,0.337805,0.764480,0.207391,0.778229,0.858004,-0.949712,0.378249,0.865543,0.322694,0.882372,0.758336,0.635156,0.852688,0.974638,0.762601,0.808839,-0.123366,-0.864090,-0.517408,0.319692,0.128673,-0.514219,0.940237,0.996311,-0.566490,0.978026,0.529029,-0.584456,0.134407,0.978500,0.974523,-0.621059,-0.373144,-0.181065,0.890081,0.801286,-0.241023,0.355914,0.971556,0.987366,0.902208,0.377690,-0.131115,-0.533282
Reticular nucleus of the thalamus,0.873060,0.858515,0.946234,0.871587,0.792378,0.950548,0.876863,0.845633,0.797055,0.359832,0.692455,0.668572,0.683445,-0.125239,-0.020262,0.879818,0.866213,0.936297,0.980223,0.935105,0.190371,0.808774,0.969879,0.775058,0.526541,0.682508,0.605150,0.794162,0.900818,0.785082,0.609432,0.339630,0.721709,0.116599,0.627161,0.855107,0.116984,0.904609,0.371298,0.870008,0.707016,0.464327,0.683414,0.445969,0.700150,0.821005,0.885988,-0.192136,0.834596,0.495496,-0.215386,0.979271,0.960277,0.767849,0.974225,0.617679,0.692136,0.002040,0.593601,-0.137181,0.021376,0.816156,0.700879,0.975182,0.982811,0.936444,-0.198247,0.894359,0.991481,1.000000,0.951960,0.984549,0.925629,0.825609,-0.076771,0.933995,0.460198,0.910346,0.459404,0.986364,-0.171255,0.148406,0.788108,-0.056588,-0.211771,0.184821,0.144333,0.877463,0.466845,0.961515,0.754521,0.757298,0.881800,0.587887,0.996509,-0.182791,-0.085002,-0.248785,0.923206,-0.287632,0.070782,0.772805,-0.614045,0.918492,0.846677,0.291965,0.997939,0.772382,-0.125087,-0.351706,0.854762,0.157248,-0.050184,0.885019,0.456013,0.036019,-0.176700,0.460140,0.607834,0.339593,0.215693,0.092431,0.680390,0.236349,0.891814,0.427588,0.105396,0.913064,0.891778,0.902407,0.353235,-0.657930,0.412925,0.550206,0.988020,0.933137,0.921254,0.788397,0.985179,0.908072,0.906324,0.754588,0.908768,0.866553,0.079117,0.370897,0.958374,0.934401,0.071735,0.941238,0.326665,0.315828,0.990593,0.495542,0.048478,0.541485,0.911230,-0.402064,0.942959,-0.844428,0.258635,0.622568,0.069137,0.546666,0.637156,-0.466787,0.012320,0.705907,0.970223,0.950461,0.203703,0.977490,-0.427371,0.671190,0.008388,0.201319,0.946987,0.999418,-0.005305,0.967804,0.795222,0.843908,0.749170,0.920820,0.508179,0.861921,-0.268701,0.825024,0.879511,-0.056941,0.185248,0.599453,-0.003745,0.283217,0.702206,0.148775,0.707015,0.800308,-0.901862,0.407050,0.828120,0.329400,0.819626,0.717672,0.573546,0.786946,0.937197,0.673699,0.761271,-0.221324,-0.806409,-0.570007,0.309613,0.086599,-0.470711,0.924005,0.995543,-0.505522,0.958214,0.414210,-0.543268,0.056348,0.996493,0.993318,-0.593520,-0.449317,-0.156998,0.939344,0.854604,-0.196911,0.357059,0.967994,0.999014,0.887285,0.254764,-0.007495,-0.435243
Anteroventral preoptic nucleus,0.790652,0.780740,0.999833,0.785671,0.722381,0.868511,0.756420,0.794615,0.734439,0.215041,0.617725,0.477963,0.508772,-0.276584,-0.099789,0.828713,0.806558,0.796356,0.879342,0.837262,-0.023751,0.784705,0.919703,0.669512,0.429664,0.570070,0.807741,0.855238,0.815248,0.624575,0.422103,0.206684,0.662056,0.114588,0.718162,0.755650,-0.001580,0.738570,0.275713,0.775364,0.531001,0.259677,0.612584,0.266648,0.582041,0.740680,0.735278,-0.482307,0.641872,0.206258,-0.421717,0.916245,0.900354,0.726358,0.995113,0.559404,0.661650,-0.015261,0.497469,-0.349106,-0.158754,0.621313,0.516993,0.936460,0.880118,0.891259,-0.365709,0.866441,0.972609,0.951960,1.000000,0.930232,0.782503,0.898545,0.020899,0.780392,0.385397,0.793663,0.281659,0.889155,-0.380512,-0.068675,0.726324,-0.323901,-0.476985,0.030820,-0.105004,0.801141,0.185638,0.923106,0.588376,0.541120,0.736446,0.367182,0.945084,0.029526,-0.134592,-0.254508,0.977541,-0.410461,0.060800,0.562434,-0.496447,0.756055,0.879174,0.075570,0.932138,0.712118,-0.409531,-0.513920,0.776450,0.024378,0.051795,0.804171,0.407388,-0.184125,-0.242299,0.336347,0.429482,0.607926,-0.086283,-0.208413,0.591072,0.182989,0.731365,0.198494,-0.182371,0.977940,0.967670,0.988368,0.131870,-0.817971,0.156721,0.313907,0.948124,0.953923,0.908380,0.905777,0.969838,0.983731,0.794378,0.519819,0.776144,0.711317,0.086075,0.069930,0.826066,0.849747,-0.124225,0.926679,0.278563,0.545777,0.901698,0.308976,0.232402,0.334191,0.983276,-0.658696,0.984945,-0.965503,-0.047986,0.830760,-0.239298,0.774892,0.670599,-0.251664,0.131379,0.682867,0.982068,0.987023,0.119075,0.871910,-0.423043,0.596065,-0.289145,-0.065386,0.998291,0.944716,-0.172905,0.940678,0.683922,0.775533,0.514857,0.849961,0.223983,0.901958,0.014426,0.695575,0.944203,-0.153671,-0.119815,0.326116,0.171735,0.185163,0.886441,0.057375,0.722219,0.799529,-0.967467,0.533916,0.769410,0.507207,0.941735,0.635897,0.522785,0.815276,0.967996,0.773187,0.710611,-0.183186,-0.945550,-0.305663,0.115604,-0.044537,-0.358196,0.849475,0.950228,-0.442861,0.999692,0.583673,-0.433083,0.017935,0.923818,0.910297,-0.457957,-0.156626,0.012906,0.796386,0.654788,-0.459269,0.144947,0.891851,0.937791,0.792017,0.478429,-0.150311,-0.491846
Anteroventral periventricular nucleus,0.944083,0.934564,0.923892,0.942779,0.886870,0.988402,0.939845,0.925821,0.890490,0.508768,0.807882,0.762807,0.781455,0.035808,0.153537,0.949249,0.940320,0.957561,0.984926,0.978326,0.327442,0.896926,0.997400,0.870831,0.665664,0.796501,0.621500,0.863714,0.961528,0.864097,0.716326,0.492411,0.831758,0.286936,0.724886,0.929964,0.283712,0.925226,0.526431,0.940699,0.799395,0.584619,0.800591,0.577906,0.809983,0.907746,0.932562,-0.152093,0.873846,0.497998,-0.079002,0.999313,0.994281,0.867514,0.946297,0.745837,0.806526,-0.170033,0.723838,0.000564,0.175217,0.862922,0.791189,0.997665,0.977939,0.861087,-0.319362,0.802223,0.989677,0.984549,0.930232,1.000000,0.953176,0.878722,0.082066,0.934585,0.608237,0.960489,0.590404,0.979155,-0.033786,0.285552,0.883717,0.045779,-0.121459,0.342294,0.263327,0.947446,0.524244,0.993569,0.839520,0.808695,0.933282,0.681624,0.967024,-0.069439,0.090607,-0.075772,0.937901,-0.125842,-0.102946,0.823757,-0.483560,0.898532,0.910655,0.422631,0.988505,0.871663,-0.151931,-0.459748,0.931937,0.320230,0.107076,0.952060,0.297210,0.173332,-0.334053,0.603589,0.718480,0.337969,0.196713,0.153739,0.797224,0.402837,0.928347,0.539787,0.189092,0.925631,0.909599,0.893655,0.476878,-0.560702,0.508162,0.640233,0.998633,0.963925,0.969810,0.825076,0.991182,0.858402,0.959715,0.740148,0.953390,0.803712,-0.095862,0.371378,0.941965,0.980526,0.219468,0.868401,0.160996,0.204163,0.974380,0.380808,0.171328,0.650320,0.860164,-0.347041,0.951713,-0.835106,0.294115,0.610495,0.099492,0.501376,0.751297,-0.366126,0.162960,0.816996,0.976739,0.902431,0.370740,0.951379,-0.576236,0.537657,-0.011462,0.129796,0.915143,0.989023,0.152538,0.993695,0.885165,0.741163,0.776559,0.974584,0.545558,0.917450,-0.351817,0.735146,0.914034,-0.212508,0.234771,0.599085,-0.159151,0.444627,0.677751,0.317676,0.811975,0.886999,-0.922335,0.254692,0.913462,0.188087,0.833739,0.828007,0.708022,0.870177,0.959690,0.757687,0.862849,-0.051385,-0.799865,-0.626889,0.448376,0.252025,-0.614607,0.976130,0.996283,-0.648782,0.939045,0.509576,-0.678903,0.230291,0.979303,0.981561,-0.718214,-0.483438,-0.311373,0.910497,0.858383,-0.101249,0.484794,0.995455,0.986338,0.951816,0.334636,-0.150114,-0.572708
Barrington's nucleus,0.943883,0.932108,0.771293,0.946146,0.886364,0.975092,0.974859,0.899426,0.882216,0.632976,0.825261,0.891606,0.893859,0.218116,0.257435,0.917869,0.919278,0.999304,0.982010,0.982656,0.534434,0.849429,0.949818,0.906653,0.724960,0.851146,0.365627,0.732759,0.960042,0.949602,0.849872,0.607807,0.830775,0.301301,0.586276,0.948644,0.410171,0.995370,0.602787,0.952593,0.909858,0.751793,0.815384,0.724165,0.867692,0.913157,0.993535,0.153925,0.979675,0.726809,0.162208,0.962110,0.958040,0.842729,0.821625,0.756851,0.781026,-0.178217,0.774223,0.239310,0.369190,0.973780,0.909595,0.937743,0.975133,0.797365,-0.154444,0.723744,0.905404,0.925629,0.782503,0.953176,1.000000,0.730703,0.018379,0.986803,0.654319,0.986575,0.733619,0.970346,0.205856,0.499743,0.875873,0.324670,0.169678,0.494678,0.506508,0.940762,0.756125,0.936128,0.934484,0.946909,0.990214,0.847761,0.909722,-0.239526,0.172506,-0.019751,0.792281,0.045760,-0.125532,0.954694,-0.515165,0.957938,0.801108,0.620422,0.947827,0.864499,0.132037,-0.282198,0.930549,0.455824,0.036257,0.948548,0.274385,0.402098,-0.275010,0.696368,0.844053,0.043364,0.463610,0.443776,0.830148,0.453930,0.996691,0.733215,0.468366,0.770563,0.746834,0.716247,0.672146,-0.324211,0.726870,0.824796,0.936818,0.852016,0.894210,0.635580,0.905266,0.684495,0.982102,0.887159,0.994253,0.855361,-0.135860,0.624084,0.968647,0.972598,0.422672,0.774945,0.150020,-0.066685,0.955807,0.493553,0.006194,0.810448,0.689222,-0.049638,0.815138,-0.629659,0.568888,0.343334,0.394826,0.217913,0.669642,-0.511458,0.068237,0.782405,0.866163,0.762174,0.455500,0.948863,-0.557708,0.521879,0.272394,0.356542,0.763321,0.937328,0.337727,0.923815,0.923633,0.705468,0.929693,0.955820,0.773193,0.797830,-0.609681,0.762273,0.765756,-0.135471,0.517623,0.801393,-0.350673,0.533354,0.423753,0.414913,0.739427,0.817655,-0.768853,0.068226,0.897047,-0.038020,0.633213,0.848863,0.717232,0.773580,0.836494,0.604103,0.847879,-0.041031,-0.581275,-0.831760,0.623873,0.393581,-0.695461,0.960350,0.937513,-0.677769,0.797380,0.316755,-0.748835,0.286571,0.944305,0.957670,-0.805923,-0.724887,-0.481553,0.947651,0.963912,0.186362,0.671312,0.973158,0.940660,0.961646,0.103649,-0.031776,-0.492841
Suprachiasmatic nucleus,0.873094,0.878372,0.899408,0.867282,0.873090,0.863922,0.804119,0.913659,0.885060,0.501321,0.825191,0.590200,0.635420,0.070861,0.299445,0.918819,0.905846,0.729549,0.783694,0.840891,0.218385,0.936337,0.900569,0.810891,0.698587,0.760164,0.883901,0.994843,0.869111,0.702764,0.570939,0.508415,0.860033,0.525607,0.950399,0.842228,0.355606,0.662321,0.595429,0.852488,0.641606,0.444988,0.826496,0.491709,0.758463,0.866304,0.730225,-0.481996,0.606163,0.066417,-0.149973,0.873066,0.894115,0.902516,0.866360,0.809811,0.883630,-0.446275,0.740094,-0.081618,0.149611,0.604599,0.619892,0.908950,0.759989,0.622756,-0.714987,0.566161,0.891733,0.825609,0.898545,0.878722,0.730703,1.000000,0.455465,0.657517,0.689433,0.808823,0.504081,0.765130,-0.110296,0.175430,0.883249,-0.170589,-0.341760,0.346805,0.082209,0.883058,0.186229,0.920265,0.681276,0.531709,0.745851,0.472223,0.783076,0.403527,0.285153,0.187164,0.970310,-0.038869,-0.376272,0.553082,-0.086623,0.580196,0.990363,0.293954,0.813921,0.879778,-0.576586,-0.818244,0.876915,0.364010,0.482279,0.876561,-0.034649,0.067050,-0.643167,0.610194,0.591139,0.683628,-0.264474,-0.179640,0.797229,0.556381,0.697402,0.356998,-0.094271,0.970233,0.978646,0.936971,0.326751,-0.594052,0.263984,0.406423,0.890002,0.972748,0.958864,0.986439,0.910011,0.827096,0.819651,0.341129,0.771662,0.436142,-0.348134,-0.070722,0.667788,0.865665,0.159467,0.675857,-0.171174,0.337065,0.758384,-0.080324,0.602749,0.484858,0.821587,-0.593890,0.956932,-0.930275,-0.096703,0.837793,-0.288132,0.713048,0.920432,0.111941,0.547765,0.898616,0.935023,0.816411,0.484050,0.698677,-0.758560,0.191108,-0.453310,-0.358515,0.873504,0.828303,0.152012,0.926552,0.807304,0.437030,0.439842,0.890976,0.171184,0.994158,-0.062642,0.366578,0.992893,-0.570485,-0.128193,0.178075,-0.143508,0.525544,0.848164,0.428167,0.937520,0.957125,-0.980311,0.178805,0.899418,0.204367,0.966411,0.826336,0.794743,0.976490,0.969944,0.971584,0.888412,0.265892,-0.926784,-0.304279,0.361342,0.306713,-0.636755,0.884810,0.865153,-0.736635,0.901582,0.855184,-0.687111,0.428022,0.783933,0.780040,-0.671727,-0.096627,-0.291256,0.604667,0.527506,-0.310792,0.353216,0.862692,0.813270,0.852509,0.743749,-0.556413,-0.822188
Bed nucleus of the anterior commissure,0.337672,0.370578,0.024962,0.333538,0.477345,0.162798,0.240343,0.429986,0.482338,0.636652,0.577523,0.296376,0.340621,0.656979,0.835944,0.373660,0.386118,-0.010657,-0.042712,0.168655,0.461184,0.508755,0.152761,0.432869,0.663232,0.515717,0.420928,0.526182,0.278952,0.264485,0.365722,0.672854,0.571623,0.936748,0.709761,0.333210,0.752564,-0.053416,0.740824,0.318365,0.309734,0.403534,0.591905,0.501533,0.486310,0.422573,0.108650,-0.205210,0.005464,-0.357146,0.437804,0.094463,0.173702,0.543996,-0.049617,0.664670,0.634276,-0.964535,0.620786,0.443245,0.588046,0.042145,0.286857,0.141798,-0.097390,-0.404889,-0.913119,-0.475385,0.038320,-0.076771,0.020899,0.082066,0.018379,0.455465,1.000000,-0.143076,0.738102,0.178018,0.499653,-0.102153,0.442938,0.454246,0.494718,0.177845,0.103222,0.657100,0.309231,0.340914,-0.047989,0.193507,0.286920,0.032902,0.142718,0.245093,-0.158496,0.905252,0.883196,0.918563,0.226645,0.689033,-0.958069,0.039835,0.832656,-0.269007,0.459353,0.430644,-0.069113,0.515740,-0.557568,-0.845855,0.375694,0.714946,0.999471,0.319014,-0.901981,0.442354,-0.965751,0.643873,0.398773,0.395452,-0.513621,-0.082603,0.563716,0.852283,0.040481,0.322041,0.059168,0.229129,0.271784,0.141588,0.389873,0.255781,0.189983,0.199971,0.076242,0.267989,0.316671,0.425581,0.085494,-0.096115,0.202149,-0.353298,0.125235,-0.497081,-0.940367,-0.394146,-0.204075,0.203080,0.536124,-0.347530,-0.948516,-0.261823,-0.139301,-0.852860,0.934535,0.343023,-0.108605,-0.091860,0.178244,-0.183655,-0.219344,0.274832,-0.264212,0.115866,0.718988,0.818436,0.992120,0.627781,0.125534,-0.139132,0.808692,-0.217930,-0.839599,-0.785055,-0.527749,-0.752040,-0.030141,-0.058589,0.625581,0.176228,0.394411,-0.594259,-0.124489,0.263272,-0.158486,0.424973,-0.074871,-0.611568,0.346316,-0.990890,-0.145946,-0.342544,-0.601828,0.764989,0.179371,0.805174,0.648356,0.533006,-0.272511,-0.622780,0.445971,-0.496394,0.311305,0.541658,0.706473,0.554172,0.237095,0.650189,0.541014,0.965738,-0.221464,0.019235,0.507810,0.725412,-0.663033,0.249369,0.015214,-0.732547,0.026096,0.791543,-0.626650,0.900536,-0.121304,-0.106459,-0.534837,0.192722,-0.615629,-0.288510,-0.196863,0.137605,0.425585,0.115637,-0.080287,0.285126,0.771342,-0.981453,-0.863892
Bed nucleus of the accessory olfactory tract,0.880964,0.863980,0.768847,0.883709,0.800930,0.941359,0.925936,0.822986,0.796385,0.517029,0.722922,0.829390,0.825172,0.099140,0.112659,0.850803,0.849631,0.991145,0.981510,0.947012,0.443955,0.761484,0.919661,0.826548,0.607192,0.756896,0.306410,0.647063,0.906722,0.894361,0.776334,0.486545,0.730289,0.144109,0.471908,0.885470,0.276782,0.992846,0.472350,0.892172,0.846226,0.671107,0.710886,0.628625,0.777996,0.836227,0.964824,0.171066,0.965789,0.768359,0.076760,0.940925,0.923802,0.747894,0.829649,0.641030,0.671856,-0.017727,0.663503,0.152489,0.259787,0.953652,0.849328,0.910106,0.983678,0.860957,-0.011319,0.800253,0.896270,0.933995,0.780392,0.934585,0.986803,0.657517,-0.143076,1.000000,0.525451,0.948264,0.638468,0.980014,0.119302,0.410314,0.788033,0.278823,0.136702,0.375028,0.439424,0.877660,0.746430,0.899871,0.875193,0.927133,0.956128,0.792444,0.931576,-0.378017,0.021728,-0.173541,0.756139,-0.076603,0.034209,0.934084,-0.646536,0.991717,0.724794,0.534759,0.953840,0.773255,0.208430,-0.149778,0.861538,0.327808,-0.124891,0.888829,0.421785,0.314654,-0.116950,0.580322,0.765524,-0.007192,0.531041,0.439286,0.729259,0.307591,0.978799,0.664758,0.440902,0.734658,0.704485,0.696294,0.592913,-0.375673,0.678915,0.776153,0.920068,0.806907,0.838932,0.570144,0.888455,0.703721,0.940043,0.930945,0.963821,0.927855,0.021926,0.671321,0.993308,0.931986,0.320928,0.830773,0.305451,-0.009443,0.972192,0.624329,-0.139285,0.739613,0.710316,-0.049121,0.786324,-0.604874,0.586686,0.308895,0.420329,0.211429,0.550235,-0.634789,-0.090748,0.674751,0.844313,0.786175,0.314624,0.977430,-0.416153,0.647754,0.342790,0.466058,0.769964,0.942247,0.222837,0.891124,0.849589,0.799522,0.935194,0.905982,0.781756,0.727706,-0.579607,0.855565,0.710267,0.024728,0.523339,0.841294,-0.239271,0.398860,0.403728,0.274305,0.630636,0.727069,-0.725744,0.179547,0.817493,0.055335,0.587151,0.752065,0.594934,0.681230,0.797157,0.500151,0.753000,-0.200115,-0.551310,-0.818103,0.526611,0.264029,-0.576871,0.912614,0.930645,-0.550494,0.793993,0.193769,-0.636364,0.133340,0.958646,0.968905,-0.707215,-0.738765,-0.367932,0.985840,0.983451,0.147777,0.586652,0.947652,0.948820,0.906727,-0.012425,0.123979,-0.350885
Superior colliculus motor related,0.833327,0.849989,0.378257,0.834053,0.906099,0.707822,0.802084,0.858958,0.901893,0.964472,0.959179,0.861822,0.885658,0.769967,0.876072,0.823080,0.840939,0.627840,0.560701,0.729531,0.828262,0.874401,0.660266,0.909993,0.994461,0.953751,0.364259,0.757489,0.796855,0.841460,0.893454,0.970874,0.944856,0.916621,0.804955,0.846249,0.920439,0.612704,0.992456,0.832332,0.870120,0.887170,0.962449,0.931171,0.943263,0.884272,0.730227,0.153379,0.674143,0.328454,0.608810,0.630102,0.689528,0.913773,0.371127,0.980445,0.945563,-0.858998,0.985200,0.658030,0.816706,0.702491,0.857962,0.635661,0.514373,0.125507,-0.681261,0.015852,0.518724,0.460198,0.385397,0.608237,0.654319,0.689433,0.738102,0.525451,1.000000,0.754676,0.933281,0.503503,0.638137,0.806997,0.907915,0.533479,0.390550,0.916481,0.719787,0.829307,0.587233,0.676393,0.856372,0.698581,0.751642,0.822269,0.388576,0.432477,0.845338,0.737538,0.551758,0.682516,-0.832322,0.703464,0.308053,0.415800,0.762620,0.850270,0.492607,0.917738,-0.147815,-0.697793,0.853758,0.925603,0.743447,0.819380,-0.546545,0.748977,-0.870658,0.986069,0.909761,0.121412,0.075102,0.412522,0.962578,0.970200,0.684749,0.831697,0.529263,0.533755,0.546811,0.417233,0.848357,0.169736,0.743894,0.786639,0.583111,0.644005,0.733132,0.579025,0.553906,0.216860,0.767961,0.370303,0.729114,0.171858,-0.837347,0.254615,0.449086,0.741267,0.815638,0.134980,-0.649479,-0.436087,0.459017,-0.278835,0.607707,0.870983,0.212199,0.111282,0.534698,-0.377173,0.371904,0.229825,0.246327,0.019304,0.903327,0.218114,0.740103,0.934892,0.543504,0.254788,0.961520,0.405534,-0.973654,-0.301044,-0.039709,-0.202683,0.331411,0.486499,0.820339,0.646696,0.892478,-0.056508,0.577216,0.769845,0.509204,0.726884,-0.611839,0.009442,0.626206,-0.792571,0.403266,0.366059,-0.814368,0.977830,0.214278,0.943089,0.897607,0.858257,-0.567359,-0.572799,0.876987,-0.567939,0.481443,0.948277,0.987410,0.828407,0.602665,0.759063,0.921603,0.728460,-0.367640,-0.636043,0.896050,0.900182,-0.991803,0.763986,0.538568,-0.997730,0.402767,0.665901,-0.988284,0.909642,0.454211,0.481717,-0.964692,-0.463317,-0.889192,0.378606,0.508083,0.424714,0.869188,0.663805,0.476057,0.810677,0.493757,-0.692881,-0.909266
Basolateral amygdalar nucleus,0.985103,0.978734,0.783743,0.986309,0.949578,0.990735,0.996929,0.958167,0.947109,0.709316,0.902438,0.912632,0.923454,0.295603,0.370609,0.968366,0.970503,0.982023,0.965030,0.997133,0.575782,0.923113,0.968049,0.958780,0.811627,0.914423,0.454574,0.819742,0.992262,0.969975,0.881413,0.690940,0.909049,0.439424,0.703759,0.987013,0.506406,0.968418,0.700732,0.989413,0.934779,0.786415,0.895155,0.776399,0.925953,0.967050,0.992379,0.086591,0.957887,0.638638,0.200237,0.970140,0.978107,0.919322,0.819003,0.848800,0.872162,-0.322628,0.854867,0.277599,0.433184,0.957094,0.930135,0.955816,0.949868,0.733926,-0.310671,0.652003,0.910760,0.910346,0.793663,0.960489,0.986575,0.808823,0.178018,0.948264,0.754676,1.000000,0.785804,0.945079,0.244366,0.539605,0.942678,0.316994,0.150937,0.572501,0.520902,0.983238,0.714497,0.961836,0.957388,0.926039,0.994750,0.857251,0.881953,-0.079594,0.296294,0.114450,0.834515,0.131235,-0.267919,0.935613,-0.378817,0.899681,0.874735,0.657194,0.931425,0.934562,0.013610,-0.428167,0.977854,0.544789,0.196419,0.987239,0.136197,0.439582,-0.426080,0.776639,0.881598,0.136302,0.350166,0.393773,0.903420,0.573361,0.984265,0.752653,0.440948,0.814474,0.798382,0.749892,0.702406,-0.308106,0.723378,0.825582,0.945103,0.896128,0.941221,0.714832,0.918012,0.681798,0.999676,0.806986,0.997876,0.764273,-0.273478,0.528713,0.923856,0.993816,0.477115,0.723844,0.004764,-0.075568,0.926122,0.345261,0.167343,0.835975,0.684234,-0.096463,0.848716,-0.673822,0.498341,0.411482,0.317034,0.264992,0.781233,-0.364572,0.229604,0.873554,0.888217,0.748283,0.564483,0.905447,-0.681868,0.398039,0.156991,0.212369,0.767357,0.923883,0.408783,0.948415,0.969404,0.610979,0.883306,0.987629,0.714980,0.867373,-0.585508,0.657474,0.826853,-0.293930,0.457942,0.717605,-0.417250,0.634364,0.474966,0.522406,0.838445,0.897841,-0.819229,-0.006717,0.957136,-0.088053,0.696277,0.919914,0.816202,0.860537,0.877324,0.713972,0.922860,0.105728,-0.633216,-0.796720,0.674889,0.484160,-0.780005,0.989652,0.936130,-0.778937,0.808491,0.455763,-0.828462,0.414627,0.919335,0.933575,-0.868909,-0.660428,-0.551192,0.889023,0.911435,0.173083,0.708016,0.982629,0.923191,0.993522,0.246191,-0.194562,-0.628299
Magnocellular nucleus,0.810132,0.818299,0.268972,0.814888,0.854813,0.706084,0.829341,0.793728,0.842593,0.985130,0.903097,0.959190,0.960413,0.821844,0.826918,0.764423,0.789298,0.707871,0.605998,0.742783,0.950798,0.773926,0.628729,0.900080,0.956077,0.943267,0.074001,0.574561,0.783879,0.908360,0.980711,0.976035,0.873682,0.770945,0.575735,0.840918,0.912870,0.725725,0.950165,0.823810,0.949428,0.993549,0.901033,0.999878,0.941553,0.849351,0.805435,0.470294,0.807647,0.627544,0.750955,0.618963,0.664634,0.826876,0.302430,0.899996,0.839045,-0.697709,0.948613,0.800133,0.897738,0.833556,0.948522,0.594612,0.569458,0.175016,-0.373832,0.062033,0.473483,0.459404,0.281659,0.590404,0.733619,0.504081,0.499653,0.638468,0.933281,0.785804,1.000000,0.553903,0.779728,0.935809,0.846481,0.763302,0.638582,0.952917,0.901200,0.799603,0.833890,0.628064,0.927009,0.854655,0.816894,0.960532,0.403478,0.105775,0.764460,0.619253,0.412786,0.711949,-0.682917,0.852097,0.106965,0.557018,0.613781,0.973673,0.507609,0.852614,0.212770,-0.396571,0.822024,0.934914,0.499456,0.796821,-0.391245,0.888982,-0.653082,0.979941,0.983634,-0.211944,0.425975,0.704653,0.923092,0.878950,0.779096,0.975615,0.786938,0.385008,0.382445,0.262285,0.979054,0.320989,0.934202,0.948641,0.552288,0.530031,0.644421,0.358206,0.498590,0.107084,0.791204,0.602213,0.783373,0.343548,-0.707138,0.577590,0.549686,0.736887,0.916562,0.146568,-0.480196,-0.632879,0.506878,-0.002505,0.290125,0.984500,0.107540,0.391522,0.413561,-0.185984,0.680451,-0.044782,0.574302,-0.245994,0.726678,-0.081763,0.477417,0.821499,0.457273,0.186071,0.908340,0.481786,-0.826799,-0.150664,0.321072,0.151446,0.232542,0.489317,0.885399,0.589910,0.892632,0.048799,0.774607,0.744129,0.772915,0.575188,-0.853308,0.176312,0.461956,-0.548647,0.703548,0.641873,-0.889942,0.939342,-0.027886,0.900032,0.744818,0.732557,-0.412048,-0.622928,0.817655,-0.680844,0.271517,0.902804,0.896110,0.672717,0.483613,0.528065,0.844222,0.559934,-0.155848,-0.856431,0.985621,0.910365,-0.971497,0.743655,0.521620,-0.917720,0.304104,0.362359,-0.967043,0.807388,0.483657,0.518918,-0.978394,-0.743630,-0.948540,0.503093,0.677568,0.664010,0.985528,0.662563,0.488340,0.806744,0.151120,-0.409568,-0.700569
Superior colliculus sensory related,0.894287,0.878577,0.880656,0.894717,0.813433,0.964023,0.916605,0.852824,0.813946,0.443362,0.722604,0.756898,0.763470,-0.018890,0.046689,0.884274,0.876284,0.978071,0.997696,0.958138,0.314480,0.804415,0.964586,0.815435,0.577649,0.732448,0.479953,0.743349,0.921208,0.851318,0.700012,0.418279,0.742174,0.137711,0.570876,0.886411,0.198250,0.961034,0.429677,0.897669,0.786078,0.571126,0.712112,0.541912,0.751806,0.845288,0.938815,-0.028343,0.910124,0.628386,-0.080644,0.979259,0.961334,0.775695,0.923861,0.643803,0.699113,-0.013588,0.640610,-0.002182,0.136339,0.894533,0.783967,0.963013,0.999766,0.915087,-0.121122,0.863150,0.964918,0.986364,0.889155,0.979155,0.970346,0.765130,-0.102153,0.980014,0.503503,0.945079,0.553903,1.000000,-0.036444,0.275596,0.805202,0.099261,-0.053080,0.280742,0.285874,0.895213,0.604433,0.951047,0.825659,0.849589,0.932691,0.694752,0.982759,-0.270491,-0.031020,-0.212043,0.863371,-0.190106,0.048602,0.861443,-0.634270,0.966742,0.808035,0.412640,0.994483,0.789782,0.023734,-0.269855,0.875401,0.243959,-0.079003,0.904430,0.442044,0.168924,-0.158568,0.528299,0.694334,0.187280,0.362346,0.254447,0.718774,0.279282,0.948066,0.547298,0.263326,0.847806,0.822310,0.823516,0.473263,-0.536751,0.544863,0.666033,0.974301,0.892704,0.901316,0.703788,0.958121,0.828498,0.939200,0.847258,0.951069,0.906826,0.047635,0.514146,0.989992,0.951008,0.192234,0.904119,0.316157,0.168658,0.998461,0.558240,-0.031513,0.645213,0.833223,-0.245944,0.887985,-0.749288,0.413914,0.489763,0.231535,0.401456,0.612817,-0.547411,-0.028615,0.708035,0.929629,0.889931,0.264184,0.993110,-0.435299,0.666783,0.160157,0.322631,0.881220,0.989993,0.104678,0.950353,0.837028,0.834088,0.847771,0.931829,0.642960,0.817592,-0.418181,0.849526,0.818706,-0.026710,0.344396,0.719866,-0.117153,0.346987,0.577204,0.215049,0.688315,0.783922,-0.837762,0.304416,0.840690,0.204651,0.728195,0.749843,0.598268,0.755398,0.890219,0.609338,0.774403,-0.208858,-0.703644,-0.694983,0.419147,0.175331,-0.532677,0.936576,0.982962,-0.540172,0.898963,0.324497,-0.600197,0.099122,0.995562,0.998665,-0.660270,-0.590201,-0.261771,0.975425,0.928032,-0.039485,0.472714,0.976282,0.992674,0.913761,0.140431,0.046777,-0.409533
Basomedial amygdalar nucleus,0.264836,0.278246,-0.392990,0.272912,0.348780,0.117524,0.309432,0.243025,0.328705,0.804233,0.461467,0.617709,0.597200,0.965917,0.848847,0.193787,0.232319,0.172474,0.019119,0.173850,0.933157,0.227439,0.008352,0.429397,0.633983,0.534246,-0.471626,-0.015092,0.224909,0.472688,0.673149,0.799571,0.403706,0.649836,0.069825,0.318169,0.871562,0.229360,0.726593,0.288943,0.572873,0.791063,0.462330,0.789396,0.525699,0.333257,0.304284,0.784969,0.371229,0.492561,0.998974,0.003002,0.055581,0.316505,-0.354544,0.493758,0.367868,-0.642207,0.583593,0.999405,0.965399,0.408911,0.581948,-0.035757,-0.015408,-0.399460,-0.096113,-0.491679,-0.174868,-0.171255,-0.380512,-0.033786,0.205856,-0.110296,0.442938,0.119302,0.638137,0.244366,0.779728,-0.036444,1.000000,0.948161,0.337429,0.955665,0.936238,0.892821,0.942923,0.247510,0.698179,0.004093,0.513989,0.482554,0.313615,0.693453,-0.218874,0.053919,0.808796,0.743790,-0.244020,0.944840,-0.677821,0.465823,0.402691,0.059582,0.009944,0.891459,-0.111197,0.352061,0.496353,-0.023435,0.284544,0.877431,0.422489,0.243530,-0.620906,0.978367,-0.449380,0.719293,0.670062,-0.620270,0.491988,0.831100,0.499046,0.713794,0.283300,0.816359,0.889987,-0.271627,-0.268841,-0.395960,0.861169,0.843174,0.807580,0.718264,-0.082739,-0.114851,0.025658,-0.257197,-0.149999,-0.537220,0.248383,0.261802,0.255256,-0.112872,-0.718774,0.534244,0.004255,0.158710,0.962966,-0.452557,-0.622095,-0.970439,-0.089572,-0.176469,0.100719,0.735324,-0.536052,0.819592,-0.246488,0.457255,0.706681,-0.598382,0.729562,-0.753831,0.248863,0.057319,0.348881,0.336944,-0.199923,-0.460412,0.786049,-0.092000,-0.505510,-0.512554,0.522635,0.216887,-0.425874,-0.137758,0.961312,-0.044301,0.413928,-0.441004,0.426535,0.163648,0.616899,-0.041723,-0.844382,-0.262809,-0.177921,-0.404200,0.774010,0.427477,-0.965803,0.774578,-0.615122,0.818502,0.235172,0.176294,0.239680,-0.940722,0.282508,-0.984293,-0.362019,0.450463,0.512566,0.106519,-0.168598,-0.011059,0.343963,0.637180,0.475012,-0.640568,0.874312,0.898210,-0.696022,0.163970,-0.112160,-0.585343,-0.358457,-0.054084,-0.643734,0.750249,-0.127484,-0.084506,-0.641647,-0.633514,-0.918618,-0.019149,0.241912,0.948409,0.857737,0.061086,-0.133440,0.262386,-0.191650,-0.270230,-0.335657
Suprageniculate nucleus,0.554672,0.564625,-0.082613,0.561969,0.617439,0.427018,0.595586,0.528398,0.599399,0.933927,0.700629,0.834628,0.821113,0.938564,0.864682,0.488475,0.522567,0.469064,0.330857,0.477746,0.998973,0.504647,0.325356,0.689305,0.820934,0.766398,-0.252181,0.262078,0.521750,0.727871,0.873222,0.924428,0.652909,0.717024,0.300050,0.601209,0.927396,0.513051,0.865683,0.576585,0.803396,0.944405,0.699201,0.941100,0.762373,0.608977,0.587779,0.702024,0.632757,0.627965,0.932800,0.320593,0.369653,0.580694,-0.039027,0.712205,0.610870,-0.672722,0.791001,0.958500,0.982038,0.665507,0.809376,0.283181,0.295362,-0.110597,-0.197315,-0.217844,0.147073,0.148406,-0.068675,0.285552,0.499743,0.175430,0.454246,0.410314,0.806997,0.539605,0.935809,0.275596,0.948161,1.000000,0.605651,0.929857,0.857841,0.965931,0.987307,0.539174,0.834402,0.320239,0.759687,0.718723,0.597084,0.881114,0.096919,0.033446,0.806575,0.691687,0.065266,0.867202,-0.685475,0.707524,0.235406,0.341173,0.300655,0.989162,0.207170,0.615916,0.424359,-0.172052,0.569840,0.944446,0.442616,0.536736,-0.503704,0.993222,-0.540278,0.882781,0.871094,-0.484570,0.531076,0.843809,0.733147,0.814670,0.566067,0.954027,0.911999,0.034960,0.032720,-0.094554,0.977225,0.629963,0.935015,0.891521,0.238246,0.197319,0.333862,0.017685,0.171553,-0.241954,0.543308,0.484040,0.547545,0.145048,-0.722341,0.627490,0.302297,0.464104,0.993537,-0.158840,-0.548294,-0.864992,0.223077,-0.051630,0.154810,0.911665,-0.240331,0.673744,0.067081,0.171623,0.768728,-0.377607,0.728633,-0.561702,0.479812,-0.057881,0.389888,0.584573,0.119362,-0.154655,0.873437,0.213112,-0.670350,-0.323161,0.494242,0.245535,-0.117097,0.181962,0.971087,0.273893,0.678887,-0.189248,0.654232,0.467202,0.762911,0.253219,-0.920094,-0.020703,0.121457,-0.458554,0.814633,0.597842,-0.977382,0.885733,-0.372682,0.887630,0.485673,0.452654,-0.064674,-0.822062,0.562327,-0.884364,-0.080368,0.696334,0.718376,0.380630,0.144406,0.232804,0.605476,0.597610,0.199643,-0.811987,0.981260,0.942719,-0.864092,0.467941,0.209081,-0.769324,-0.044749,0.113456,-0.834312,0.794975,0.188437,0.230347,-0.844402,-0.758940,-0.980622,0.269545,0.503222,0.876053,0.976608,0.375044,0.185148,0.554557,-0.073829,-0.310495,-0.506789
Primary somatosensory area barrel field,0.984964,0.990419,0.719387,0.984290,0.999604,0.933624,0.959579,0.994337,0.999888,0.825905,0.988975,0.893367,0.919310,0.459608,0.593523,0.985316,0.990225,0.862791,0.841888,0.939356,0.640783,0.991499,0.913837,0.989221,0.932293,0.975239,0.569201,0.914462,0.972065,0.938285,0.888072,0.822498,0.994839,0.697329,0.873035,0.983179,0.684011,0.833596,0.857765,0.981127,0.919362,0.812748,0.987539,0.838440,0.975430,0.996387,0.909315,-0.023477,0.839903,0.424064,0.296440,0.895343,0.928463,0.997358,0.723065,0.970858,0.985420,-0.603597,0.957568,0.367093,0.557605,0.850774,0.906849,0.900682,0.810382,0.523875,-0.594415,0.429532,0.829161,0.788108,0.726324,0.883717,0.875873,0.883249,0.494718,0.788033,0.907915,0.942678,0.846481,0.805202,0.337429,0.605651,1.000000,0.310149,0.136974,0.708349,0.538116,0.985069,0.593055,0.922826,0.933525,0.817280,0.923092,0.823366,0.735782,0.246325,0.545565,0.398751,0.830240,0.325584,-0.551423,0.828831,-0.057670,0.702621,0.938889,0.703866,0.807388,0.999672,-0.202160,-0.677735,0.991214,0.704657,0.511616,0.981051,-0.174559,0.511488,-0.702871,0.891322,0.899995,0.282700,0.112580,0.291068,0.983636,0.784305,0.878834,0.753122,0.380840,0.814294,0.814924,0.730506,0.730765,-0.213886,0.680885,0.778432,0.869744,0.894938,0.947134,0.794451,0.851338,0.591290,0.950748,0.583297,0.921801,0.508092,-0.548659,0.311842,0.748968,0.949082,0.578437,0.537030,-0.307719,-0.124656,0.777167,0.012625,0.474421,0.837466,0.589011,-0.147455,0.825894,-0.679922,0.340270,0.483965,0.162512,0.303331,0.938725,-0.037650,0.541155,0.985476,0.840757,0.632466,0.758466,0.731174,-0.883727,0.095460,-0.065171,-0.084040,0.686585,0.805345,0.549292,0.906543,0.985665,0.349371,0.725849,0.964616,0.557458,0.922082,-0.516478,0.378208,0.863234,-0.595906,0.327819,0.501718,-0.548286,0.805580,0.507344,0.718670,0.965170,0.979417,-0.832663,-0.191727,0.997639,-0.217913,0.741448,0.992261,0.955946,0.956223,0.869265,0.864017,0.998467,0.411442,-0.657795,-0.678322,0.747398,0.653718,-0.901898,0.961504,0.841318,-0.929409,0.740543,0.685898,-0.934014,0.658935,0.778836,0.795182,-0.937681,-0.496319,-0.673874,0.689097,0.731957,0.168336,0.748457,0.911823,0.796930,0.974018,0.497461,-0.509071,-0.850764
Accessory supraoptic group,0.286875,0.290112,-0.339619,0.296937,0.328518,0.185306,0.366492,0.231475,0.305231,0.737723,0.411996,0.668570,0.633942,0.857572,0.684580,0.197790,0.235249,0.297662,0.142100,0.244324,0.915706,0.186081,0.069348,0.429650,0.559022,0.510531,-0.585273,-0.089985,0.263546,0.530191,0.702418,0.719276,0.352918,0.448024,-0.070161,0.345446,0.750339,0.370354,0.621028,0.319184,0.618967,0.805762,0.407568,0.771979,0.511964,0.331160,0.401980,0.912588,0.502112,0.710130,0.951239,0.082239,0.114309,0.269659,-0.271110,0.413002,0.290770,-0.418023,0.523438,0.958661,0.894170,0.530703,0.635345,0.024329,0.120759,-0.216667,0.150253,-0.302116,-0.096665,-0.056588,-0.323901,0.045779,0.324670,-0.170589,0.177845,0.278823,0.533479,0.316994,0.763302,0.099261,0.955665,0.929857,0.310149,1.000000,0.984146,0.810533,0.967861,0.267144,0.840787,0.051264,0.565812,0.608771,0.401475,0.759399,-0.084870,-0.236597,0.618589,0.517636,-0.238400,0.806531,-0.451955,0.589794,0.125151,0.249285,-0.036025,0.889933,0.007495,0.318239,0.707239,0.193488,0.295127,0.772764,0.158239,0.270243,-0.363532,0.954642,-0.223336,0.652296,0.688727,-0.771666,0.726473,0.957663,0.456584,0.557956,0.400144,0.854666,0.981163,-0.270910,-0.283180,-0.383335,0.875506,0.785217,0.883620,0.796560,-0.006385,-0.106587,0.033170,-0.328579,-0.084160,-0.466913,0.313645,0.481387,0.345017,0.121814,-0.501888,0.753972,0.172455,0.216938,0.912858,-0.292570,-0.364878,-0.962239,0.052108,0.119019,-0.168156,0.770866,-0.461457,0.893314,-0.224191,0.470575,0.879619,-0.679425,0.897857,-0.811756,0.126802,-0.237570,0.085677,0.259950,-0.153430,-0.363884,0.647852,0.071973,-0.351709,-0.255309,0.741987,0.492385,-0.359207,-0.025030,0.875241,0.003526,0.426441,-0.215146,0.593754,0.202551,0.788866,-0.081190,-0.943729,-0.014195,-0.206386,-0.152349,0.923857,0.644887,-0.888470,0.657211,-0.660101,0.678896,0.140855,0.120991,0.249932,-0.809046,0.268484,-0.904519,-0.406583,0.413507,0.416257,0.035631,-0.156355,-0.136615,0.300316,0.387952,0.506004,-0.779430,0.849292,0.784855,-0.621786,0.207502,-0.019577,-0.481576,-0.300325,-0.256057,-0.582850,0.563878,0.005192,0.048005,-0.614088,-0.811279,-0.848758,0.170164,0.422568,0.988792,0.861217,0.138991,-0.013660,0.301761,-0.420092,-0.001122,-0.156673
Septohippocampal nucleus,0.113542,0.116300,-0.491965,0.124097,0.155950,0.015321,0.200062,0.055263,0.131708,0.617724,0.246273,0.528183,0.487707,0.813380,0.609786,0.021169,0.059403,0.143683,-0.014739,0.075764,0.836427,0.009577,-0.101774,0.262691,0.411463,0.350725,-0.713629,-0.262882,0.090949,0.374982,0.565378,0.599649,0.183534,0.344751,-0.231815,0.174830,0.659738,0.224449,0.491431,0.147675,0.471690,0.688025,0.242130,0.649193,0.351790,0.158594,0.244956,0.952279,0.361246,0.653187,0.939455,-0.085560,-0.057485,0.095966,-0.422311,0.251969,0.121452,-0.331928,0.368969,0.933647,0.831704,0.389417,0.490855,-0.146274,-0.031623,-0.331959,0.258860,-0.403719,-0.259890,-0.211771,-0.476985,-0.121459,0.169678,-0.341760,0.103222,0.136702,0.390550,0.150937,0.638582,-0.053080,0.936238,0.857841,0.136974,0.984146,1.000000,0.716474,0.908505,0.093015,0.760825,-0.121799,0.413297,0.477057,0.242229,0.635587,-0.232233,-0.281842,0.550921,0.474526,-0.405216,0.786463,-0.377234,0.455158,0.152522,0.120717,-0.212275,0.797026,-0.148639,0.145742,0.768140,0.320835,0.121438,0.678617,0.079539,0.096726,-0.356989,0.901636,-0.110050,0.516245,0.549262,-0.852912,0.728130,0.940265,0.293558,0.441371,0.248009,0.749363,0.949332,-0.435972,-0.448306,-0.538089,0.776276,0.862424,0.791680,0.682347,-0.173175,-0.279843,-0.143690,-0.489602,-0.250511,-0.601479,0.146213,0.384322,0.183442,0.022394,-0.429538,0.719974,0.032632,0.045824,0.846466,-0.412785,-0.333359,-0.981664,-0.097284,0.110196,-0.254108,0.646116,-0.595524,0.957593,-0.390224,0.618648,0.847686,-0.797212,0.900326,-0.902356,-0.039204,-0.229307,-0.001824,0.089256,-0.320087,-0.502675,0.539398,-0.068780,-0.207240,-0.294732,0.778340,0.519027,-0.506780,-0.181980,0.814089,-0.168612,0.259523,-0.299276,0.476937,0.028647,0.712136,-0.256534,-0.884425,-0.095765,-0.376638,-0.057054,0.897134,0.570469,-0.827747,0.539490,-0.782858,0.579351,-0.030600,-0.055566,0.417085,-0.813987,0.093385,-0.906700,-0.562154,0.246737,0.258787,-0.139722,-0.327142,-0.300083,0.127642,0.337639,0.650783,-0.680876,0.747337,0.701161,-0.482686,0.034219,-0.182251,-0.332277,-0.455100,-0.388295,-0.435463,0.472330,-0.146230,-0.104591,-0.466071,-0.746802,-0.762376,0.040656,0.296503,0.999255,0.758461,-0.029344,-0.168806,0.130457,-0.523112,0.083852,-0.010777
Primary somatosensory area lower limb,0.628089,0.644584,0.020066,0.632754,0.713346,0.479038,0.633733,0.630996,0.700380,0.982692,0.802261,0.828581,0.831605,0.951057,0.951332,0.584755,0.615215,0.461954,0.342876,0.521086,0.970681,0.631236,0.394276,0.757968,0.911827,0.837468,-0.033214,0.435836,0.586353,0.741568,0.875387,0.983688,0.763848,0.871020,0.506130,0.663481,0.990309,0.482953,0.957892,0.640214,0.810089,0.932466,0.804497,0.956664,0.827121,0.692921,0.589832,0.500555,0.592407,0.454198,0.874951,0.374225,0.435923,0.700444,0.036578,0.830716,0.745007,-0.832597,0.880627,0.904306,0.979230,0.628391,0.807830,0.356905,0.298056,-0.128657,-0.444284,-0.240809,0.216442,0.184821,0.030820,0.342294,0.494678,0.346805,0.657100,0.375028,0.916481,0.572501,0.952917,0.280742,0.892821,0.965931,0.708349,0.810533,0.716474,1.000000,0.913021,0.616677,0.711134,0.401201,0.771612,0.664394,0.607017,0.844979,0.118490,0.274934,0.911820,0.813780,0.198158,0.887920,-0.835331,0.658532,0.382944,0.280330,0.452576,0.962410,0.235132,0.721548,0.175840,-0.417072,0.650034,0.996813,0.649661,0.608955,-0.636909,0.947329,-0.739412,0.951335,0.883107,-0.254113,0.305305,0.676886,0.823927,0.936879,0.552688,0.913557,0.775189,0.173126,0.181866,0.040412,0.945981,0.535619,0.858320,0.837203,0.302046,0.319472,0.444746,0.205396,0.249718,-0.149234,0.582210,0.359199,0.563549,0.048554,-0.859754,0.432435,0.270669,0.519826,0.977879,-0.151202,-0.698079,-0.759563,0.227175,-0.247984,0.402832,0.894571,-0.151262,0.492370,0.187269,0.015602,0.589656,-0.177192,0.527535,-0.381050,0.657299,0.150492,0.609549,0.722696,0.217214,-0.086423,0.969694,0.195026,-0.830950,-0.436312,0.253277,0.000289,-0.024203,0.217613,0.978868,0.358652,0.739956,-0.256167,0.565001,0.538703,0.623835,0.404928,-0.800322,-0.124383,0.275357,-0.669390,0.642430,0.442563,-0.977908,0.973872,-0.194098,0.975646,0.647544,0.594861,-0.209180,-0.821416,0.662014,-0.842478,0.094322,0.790461,0.844170,0.540720,0.267384,0.437559,0.719371,0.752565,0.030870,-0.709874,0.979846,0.992413,-0.942455,0.535542,0.261001,-0.887790,0.052514,0.358494,-0.913611,0.919382,0.204458,0.242921,-0.899502,-0.605608,-0.997643,0.217613,0.428935,0.742690,0.956178,0.424137,0.213890,0.613938,0.185218,-0.540833,-0.704349
Subfornical organ,0.509307,0.514466,-0.120537,0.517930,0.553789,0.401609,0.570712,0.465207,0.533383,0.877299,0.627892,0.823255,0.800320,0.892613,0.777918,0.431534,0.466280,0.478508,0.334642,0.455462,0.983738,0.426537,0.293713,0.639486,0.746364,0.709961,-0.364298,0.163370,0.483768,0.711031,0.853870,0.861142,0.576877,0.597214,0.175791,0.560596,0.856356,0.534377,0.784873,0.536410,0.786198,0.927656,0.624021,0.906929,0.710444,0.553774,0.585863,0.796376,0.654284,0.724456,0.928633,0.298862,0.337766,0.503001,-0.061072,0.626732,0.521274,-0.548053,0.719959,0.952985,0.947513,0.683351,0.796930,0.250259,0.306337,-0.072627,-0.041127,-0.173821,0.122350,0.144333,-0.105004,0.263327,0.506508,0.082209,0.309231,0.439424,0.719787,0.520902,0.901200,0.285874,0.942923,0.987307,0.538116,0.967861,0.908505,0.913021,1.000000,0.491954,0.891065,0.281098,0.742019,0.743859,0.589819,0.884763,0.103921,-0.122389,0.708861,0.583848,0.002457,0.814892,-0.564899,0.730134,0.120023,0.388392,0.215349,0.975790,0.206102,0.545793,0.559988,-0.021725,0.519250,0.880296,0.296071,0.493075,-0.390997,0.985424,-0.400469,0.818183,0.845659,-0.601536,0.656785,0.918233,0.665649,0.713858,0.574701,0.953773,0.965455,-0.030237,-0.039735,-0.153167,0.968570,0.649157,0.957647,0.905179,0.213487,0.136483,0.274631,-0.080682,0.140292,-0.268637,0.520633,0.561749,0.539010,0.220531,-0.607920,0.734230,0.333767,0.434615,0.967786,-0.134927,-0.426728,-0.890530,0.236076,0.084366,-0.004054,0.901210,-0.264729,0.751592,0.012582,0.241840,0.857529,-0.473069,0.828061,-0.639810,0.366840,-0.196555,0.238982,0.493815,0.077452,-0.168358,0.785774,0.239962,-0.555681,-0.224495,0.625776,0.393703,-0.147627,0.177092,0.929742,0.234277,0.634668,-0.120181,0.703292,0.427457,0.833081,0.170191,-0.966593,0.064454,0.042426,-0.311641,0.895673,0.686472,-0.940532,0.804577,-0.452831,0.803235,0.383879,0.366577,0.005850,-0.781847,0.499254,-0.869334,-0.166212,0.629033,0.627079,0.285808,0.085136,0.113011,0.530338,0.473523,0.277659,-0.858823,0.952851,0.878591,-0.794350,0.430671,0.192985,-0.679034,-0.080435,-0.033179,-0.766855,0.689192,0.195461,0.237868,-0.792827,-0.836703,-0.937091,0.314408,0.551188,0.921418,0.961344,0.353824,0.184445,0.518267,-0.226006,-0.155807,-0.375452
Primary somatosensory area mouth,0.999775,0.999271,0.793368,0.999460,0.987299,0.981190,0.987841,0.994288,0.987516,0.751693,0.953282,0.893492,0.914586,0.343339,0.461532,0.996545,0.998109,0.933077,0.922224,0.984122,0.576727,0.977705,0.965838,0.980763,0.869399,0.946521,0.562240,0.900513,0.997871,0.953839,0.873089,0.741685,0.963024,0.564273,0.819170,0.996503,0.573952,0.906727,0.770760,0.998101,0.921152,0.779705,0.949109,0.790137,0.952342,0.994240,0.957006,-0.020098,0.897361,0.505402,0.203906,0.956395,0.976099,0.974199,0.809201,0.916673,0.942983,-0.457688,0.906502,0.279731,0.462263,0.901100,0.911285,0.955263,0.899151,0.658117,-0.478739,0.571866,0.901610,0.877463,0.801141,0.947446,0.940762,0.883058,0.340914,0.877660,0.829307,0.983238,0.799603,0.895213,0.247510,0.539174,0.985069,0.267144,0.093015,0.616677,0.491954,1.000000,0.625500,0.968477,0.942992,0.863399,0.965505,0.823551,0.837126,0.103380,0.402519,0.239155,0.871786,0.192720,-0.400698,0.875384,-0.228055,0.809757,0.938050,0.652453,0.894653,0.980359,-0.139673,-0.584289,0.998967,0.602908,0.360198,0.999716,-0.003287,0.437722,-0.573108,0.824916,0.880250,0.261251,0.194819,0.298063,0.948452,0.671422,0.936924,0.728475,0.367900,0.855107,0.848034,0.784670,0.690218,-0.312083,0.673961,0.781796,0.935254,0.929556,0.971964,0.797739,0.916271,0.681564,0.987526,0.687056,0.969567,0.646035,-0.399230,0.388358,0.850718,0.989130,0.494317,0.664258,-0.139674,-0.049825,0.873514,0.173664,0.344254,0.819654,0.681279,-0.176595,0.875836,-0.724580,0.381042,0.500822,0.194906,0.339138,0.881783,-0.189941,0.396572,0.945444,0.899584,0.730975,0.648257,0.837701,-0.790112,0.264998,0.002871,0.034778,0.768897,0.891607,0.446660,0.955805,0.984409,0.503997,0.794444,0.995032,0.609854,0.928004,-0.514378,0.531334,0.883564,-0.454110,0.351657,0.589814,-0.449644,0.707774,0.544022,0.604323,0.923744,0.962265,-0.866024,-0.059226,0.993435,-0.108613,0.764785,0.963725,0.892214,0.936041,0.909329,0.823276,0.974843,0.248755,-0.694454,-0.715352,0.686635,0.544820,-0.833910,0.994127,0.916465,-0.855781,0.814787,0.605997,-0.877439,0.525009,0.873617,0.887011,-0.897968,-0.548854,-0.585599,0.801696,0.821436,0.120462,0.703189,0.968197,0.886174,0.997391,0.410239,-0.366744,-0.756706
Subparaventricular zone,0.641573,0.631575,0.167924,0.650578,0.614671,0.618918,0.731571,0.562280,0.595242,0.737443,0.622368,0.888656,0.857531,0.596961,0.464071,0.558768,0.583485,0.742132,0.629808,0.663215,0.841682,0.489519,0.526076,0.704416,0.656362,0.716431,-0.292189,0.230889,0.644536,0.828398,0.877516,0.704529,0.584994,0.303328,0.133364,0.685947,0.606601,0.798754,0.620645,0.672359,0.861186,0.890828,0.611389,0.834595,0.731600,0.640764,0.790379,0.758560,0.871961,0.949253,0.672791,0.552276,0.558126,0.538072,0.256291,0.570784,0.503568,-0.211758,0.665387,0.718020,0.715545,0.882163,0.876690,0.490115,0.621171,0.346300,0.189578,0.260130,0.407025,0.466845,0.185638,0.524244,0.756125,0.186229,-0.047989,0.746430,0.587233,0.714497,0.833890,0.604433,0.698179,0.834402,0.593055,0.840787,0.760825,0.711134,0.891065,0.625500,1.000000,0.498694,0.841215,0.924236,0.782047,0.938303,0.453473,-0.458239,0.364043,0.184587,0.213216,0.463660,-0.208674,0.913821,-0.338261,0.733344,0.317237,0.874948,0.522147,0.588837,0.667323,0.139626,0.633325,0.653458,-0.052115,0.635807,0.055814,0.801980,-0.126662,0.710016,0.858803,-0.589569,0.849197,0.921994,0.658719,0.476940,0.803202,0.930059,0.925687,0.178435,0.149437,0.086748,0.899796,0.330887,0.971045,0.960342,0.480063,0.329791,0.441259,0.030400,0.407109,0.054654,0.705371,0.873638,0.747835,0.631066,-0.252374,0.932055,0.673385,0.632403,0.766559,0.270745,-0.002813,-0.661762,0.570442,0.501480,-0.284901,0.908626,0.063268,0.616083,0.244155,0.028101,0.958826,-0.343362,0.887172,-0.473800,0.314004,-0.587772,-0.084587,0.483898,0.330481,0.175996,0.548694,0.595000,-0.389998,0.241980,0.760904,0.671733,0.160008,0.491860,0.678702,0.461856,0.718215,0.333003,0.933256,0.602423,0.992860,0.290126,-0.971789,0.507143,0.199707,0.001888,0.949154,0.940572,-0.699188,0.604642,-0.269632,0.549487,0.373856,0.422597,-0.184309,-0.416856,0.584024,-0.563307,-0.004662,0.642523,0.544362,0.335495,0.292305,0.107162,0.562830,0.073823,0.085556,-0.992019,0.834245,0.626903,-0.684668,0.610837,0.482320,-0.564366,0.209121,-0.155164,-0.692426,0.383246,0.528177,0.562570,-0.761423,-0.989101,-0.738489,0.676005,0.844748,0.766686,0.882832,0.594046,0.505553,0.671032,-0.379767,0.161270,-0.214437
Subceruleus nucleus,0.964509,0.958880,0.917557,0.962604,0.923666,0.989454,0.947979,0.957955,0.928140,0.563825,0.856231,0.775772,0.799730,0.098697,0.237732,0.975018,0.967124,0.937486,0.962967,0.979362,0.362494,0.939227,0.998818,0.901299,0.723952,0.836491,0.668916,0.912481,0.975255,0.873825,0.737506,0.552153,0.879909,0.384100,0.796639,0.949252,0.355374,0.899676,0.594894,0.958489,0.814052,0.610683,0.850771,0.615849,0.846358,0.937875,0.925123,-0.186486,0.853978,0.439092,-0.040962,0.993800,0.997516,0.913129,0.930045,0.805159,0.863171,-0.272609,0.776858,0.037912,0.227515,0.847038,0.803100,0.998461,0.950091,0.804413,-0.421873,0.739545,0.980401,0.961515,0.923106,0.993569,0.936128,0.920265,0.193507,0.899871,0.676393,0.961836,0.628064,0.951047,0.004093,0.320239,0.922826,0.051264,-0.121799,0.401201,0.281098,0.968477,0.498694,1.000000,0.851697,0.791455,0.929766,0.688615,0.935244,0.039324,0.182149,0.023826,0.953144,-0.056066,-0.205314,0.807357,-0.382033,0.850278,0.950234,0.453082,0.965376,0.913262,-0.223992,-0.552988,0.956811,0.386680,0.218356,0.970452,0.193944,0.208003,-0.437058,0.659256,0.743632,0.389436,0.124131,0.128171,0.843506,0.486929,0.913144,0.556443,0.178986,0.941813,0.931117,0.901845,0.502010,-0.533924,0.509667,0.642123,0.992299,0.981650,0.991054,0.866254,0.987141,0.840933,0.963902,0.681270,0.948361,0.732444,-0.195583,0.309509,0.901631,0.985888,0.264841,0.819312,0.054462,0.184654,0.942739,0.275023,0.278818,0.668909,0.841151,-0.365126,0.960965,-0.850285,0.251769,0.642591,0.054678,0.518710,0.820891,-0.262835,0.273580,0.873174,0.978523,0.877860,0.449011,0.910743,-0.659177,0.442654,-0.082724,0.034109,0.902871,0.967564,0.209777,0.998816,0.911029,0.664472,0.741886,0.987179,0.507694,0.953609,-0.341578,0.653676,0.942974,-0.321277,0.201154,0.541255,-0.213363,0.516602,0.697545,0.395906,0.872305,0.933178,-0.943266,0.190625,0.947097,0.140965,0.862732,0.871894,0.772691,0.920273,0.974631,0.823026,0.907752,0.055133,-0.820444,-0.603968,0.487908,0.320546,-0.672752,0.987028,0.983141,-0.716423,0.932046,0.596694,-0.732432,0.322487,0.950332,0.953654,-0.760117,-0.442254,-0.365425,0.860946,0.816574,-0.098002,0.514126,0.991628,0.962257,0.965855,0.424439,-0.260911,-0.661294
Bed nuclei of the stria terminalis,0.949836,0.948110,0.575853,0.953332,0.943080,0.911295,0.973941,0.919192,0.934875,0.866236,0.934767,0.991395,0.994699,0.548467,0.579262,0.913661,0.927040,0.920560,0.859750,0.933786,0.787187,0.883268,0.858595,0.975475,0.905754,0.967334,0.259843,0.719198,0.944408,0.998852,0.980140,0.848469,0.923356,0.580309,0.641404,0.967494,0.706473,0.925671,0.835092,0.960920,0.997538,0.931237,0.928536,0.921573,0.975071,0.954066,0.968783,0.312066,0.958608,0.713541,0.474651,0.859025,0.881557,0.906447,0.618784,0.896695,0.879803,-0.474594,0.929072,0.543216,0.670263,0.969065,0.996214,0.834610,0.836174,0.531169,-0.300818,0.431312,0.753450,0.754521,0.588376,0.839520,0.934484,0.681276,0.286920,0.875193,0.856372,0.957388,0.927009,0.825659,0.513989,0.759687,0.933525,0.565812,0.413297,0.771612,0.742019,0.942992,0.841215,0.851697,1.000000,0.963644,0.973567,0.965208,0.715406,-0.057102,0.501378,0.320920,0.664716,0.396623,-0.436859,0.967089,-0.217312,0.814730,0.775554,0.846845,0.791114,0.930656,0.162246,-0.383252,0.949199,0.742309,0.297086,0.945410,-0.062429,0.680255,-0.508449,0.900375,0.979279,-0.066163,0.458602,0.597293,0.946920,0.718215,0.955537,0.909183,0.656212,0.638717,0.625180,0.544651,0.877917,-0.021194,0.881062,0.944748,0.811279,0.757745,0.839526,0.554258,0.767160,0.442879,0.958228,0.793463,0.958930,0.644035,-0.454084,0.628858,0.819370,0.926216,0.708568,0.506187,-0.178938,-0.356348,0.793108,0.255353,0.175307,0.958604,0.445422,0.160099,0.676694,-0.458875,0.653025,0.184248,0.499580,0.008620,0.763485,-0.307977,0.304454,0.871804,0.725738,0.524817,0.732108,0.774331,-0.751961,0.201309,0.296885,0.255120,0.551688,0.776463,0.647333,0.825399,0.980368,0.410540,0.909562,0.922032,0.817671,0.753691,-0.770434,0.505038,0.677339,-0.377924,0.637191,0.763900,-0.656242,0.790646,0.235709,0.704596,0.810231,0.845532,-0.652347,-0.285418,0.930041,-0.370813,0.506838,0.947050,0.873348,0.791586,0.725124,0.626430,0.917800,0.281165,-0.417517,-0.896646,0.857135,0.694844,-0.896332,0.923961,0.794728,-0.862064,0.608078,0.384649,-0.923680,0.588517,0.775706,0.801116,-0.959130,-0.774477,-0.760602,0.781809,0.879449,0.436427,0.881743,0.887385,0.777209,0.956715,0.158123,-0.249953,-0.653677
Primary somatosensory area nose,0.872962,0.862797,0.526148,0.878508,0.833150,0.871642,0.930605,0.812637,0.821425,0.755715,0.806520,0.962879,0.950865,0.449542,0.414818,0.818888,0.832452,0.938275,0.871519,0.898083,0.742521,0.751730,0.810926,0.886973,0.769712,0.864883,0.084982,0.558156,0.880986,0.964962,0.936650,0.726727,0.790988,0.365375,0.434546,0.897359,0.568808,0.961962,0.685629,0.892242,0.960418,0.888718,0.796107,0.849669,0.880493,0.858854,0.964240,0.452715,0.991758,0.868186,0.444778,0.828205,0.832402,0.773443,0.595131,0.745881,0.725212,-0.250947,0.800453,0.511529,0.591441,0.995094,0.966857,0.785773,0.860803,0.609240,-0.037127,0.521310,0.721512,0.757298,0.541120,0.808695,0.946909,0.531709,0.032902,0.927133,0.698581,0.926039,0.854655,0.849589,0.482554,0.718723,0.817280,0.608771,0.477057,0.664394,0.743859,0.863399,0.924236,0.791455,0.963644,1.000000,0.959796,0.959852,0.737826,-0.321547,0.318993,0.121932,0.569788,0.286490,-0.218922,0.999650,-0.423790,0.898338,0.636831,0.806815,0.797638,0.809647,0.378978,-0.131903,0.863001,0.616350,0.041095,0.871936,0.143324,0.646209,-0.264556,0.778875,0.925611,-0.247544,0.660759,0.705104,0.826605,0.534576,0.969233,0.893653,0.727547,0.540306,0.514371,0.459941,0.846843,-0.011020,0.904140,0.955471,0.777270,0.663402,0.744778,0.398985,0.723646,0.414978,0.920086,0.923030,0.944444,0.778614,-0.245569,0.799108,0.877911,0.878713,0.644861,0.561782,0.040980,-0.376474,0.822788,0.490922,-0.093874,0.928336,0.421359,0.270987,0.595916,-0.355621,0.788700,0.040253,0.651517,-0.103268,0.571809,-0.545306,0.043086,0.716008,0.665298,0.517347,0.568838,0.827293,-0.550639,0.382372,0.506952,0.500925,0.515140,0.777173,0.556968,0.765442,0.901741,0.541281,0.987333,0.857085,0.925417,0.620006,-0.832018,0.658890,0.553428,-0.122342,0.757918,0.907343,-0.573396,0.639043,0.118312,0.545796,0.638072,0.701642,-0.544217,-0.195015,0.822725,-0.322304,0.375086,0.828337,0.712065,0.634411,0.634603,0.429110,0.788462,0.057305,-0.301299,-0.964990,0.792282,0.568054,-0.766742,0.863190,0.775973,-0.700499,0.561464,0.141558,-0.799495,0.394656,0.796188,0.821487,-0.862010,-0.894292,-0.668443,0.863279,0.959995,0.491094,0.839647,0.856103,0.784835,0.895250,-0.092268,0.016108,-0.428028
Preparasubthalamic nucleus,0.969491,0.962049,0.725011,0.971892,0.932510,0.973020,0.993820,0.933212,0.927490,0.733395,0.890440,0.940166,0.944994,0.342987,0.389470,0.942389,0.947694,0.984434,0.953572,0.984985,0.630426,0.890728,0.939617,0.953938,0.813167,0.915142,0.361153,0.761281,0.976893,0.983228,0.909966,0.711916,0.891100,0.427216,0.641828,0.977553,0.532074,0.980727,0.708090,0.977913,0.955950,0.826475,0.882221,0.808560,0.927904,0.952391,0.999396,0.187337,0.981134,0.709966,0.270565,0.945782,0.952969,0.893893,0.769857,0.834253,0.845902,-0.309404,0.853561,0.346174,0.483642,0.981516,0.954222,0.923664,0.939309,0.709987,-0.242150,0.625112,0.872541,0.881800,0.736446,0.933282,0.990214,0.745851,0.142718,0.956128,0.751642,0.994750,0.816894,0.932691,0.313615,0.597084,0.923092,0.401475,0.242229,0.607017,0.589819,0.965505,0.782047,0.929766,0.973567,0.959796,1.000000,0.898164,0.855288,-0.145220,0.308283,0.119690,0.774915,0.176628,-0.260069,0.966817,-0.395233,0.912020,0.823424,0.708310,0.908451,0.915025,0.112497,-0.355058,0.961460,0.573453,0.158603,0.970765,0.138632,0.503080,-0.389876,0.789673,0.907149,0.034299,0.439112,0.484275,0.896621,0.572585,0.994623,0.802635,0.525632,0.752012,0.733072,0.682037,0.752703,-0.231186,0.783553,0.873397,0.913288,0.846223,0.901949,0.639876,0.878582,0.618859,0.992927,0.849835,0.998105,0.778530,-0.271430,0.609509,0.924496,0.977301,0.530716,0.689663,0.013131,-0.159148,0.911256,0.388604,0.100124,0.873948,0.622385,0.002157,0.792496,-0.597222,0.584427,0.316741,0.412424,0.168655,0.736751,-0.417818,0.183757,0.844414,0.840633,0.696028,0.575267,0.897014,-0.657454,0.398281,0.253824,0.292896,0.709759,0.897293,0.456201,0.912687,0.965784,0.599921,0.924374,0.966913,0.782543,0.813317,-0.661402,0.666455,0.764969,-0.253092,0.546180,0.779257,-0.466922,0.646185,0.384968,0.537759,0.797150,0.858360,-0.756678,-0.059189,0.935224,-0.154032,0.619403,0.909295,0.800917,0.812387,0.824367,0.647825,0.900608,0.095676,-0.552346,-0.854213,0.717606,0.515317,-0.788894,0.970055,0.906175,-0.770156,0.753004,0.378076,-0.833717,0.416741,0.898998,0.916486,-0.880620,-0.733524,-0.592241,0.894522,0.937672,0.262546,0.754963,0.962690,0.898832,0.981728,0.158794,-0.141600,-0.584318
Sublaterodorsal nucleus,0.835354,0.833678,0.352073,0.841477,0.837471,0.779615,0.883550,0.789756,0.823391,0.898464,0.853086,0.990286,0.980260,0.681563,0.644570,0.776995,0.798967,0.829305,0.733078,0.815912,0.898348,0.743631,0.701445,0.896942,0.872741,0.912570,0.006551,0.525040,0.826030,0.953983,0.989171,0.877022,0.825622,0.566949,0.461799,0.868063,0.770197,0.857968,0.832708,0.855145,0.979052,0.981114,0.846141,0.958846,0.920377,0.849268,0.895866,0.544566,0.923371,0.807598,0.660847,0.708177,0.733092,0.787028,0.410899,0.819508,0.768777,-0.471966,0.881868,0.717726,0.793111,0.939250,0.984063,0.668563,0.709723,0.372267,-0.156444,0.268452,0.569817,0.587887,0.367182,0.681624,0.847761,0.472223,0.245093,0.792444,0.822269,0.857251,0.960532,0.694752,0.693453,0.881114,0.823366,0.759399,0.635587,0.844979,0.884763,0.823551,0.938303,0.688615,0.965208,0.959852,0.898164,1.000000,0.551019,-0.156268,0.559714,0.382410,0.446820,0.542948,-0.452762,0.956356,-0.167508,0.739900,0.589701,0.939109,0.636968,0.822778,0.374402,-0.211371,0.835921,0.807378,0.247064,0.827334,-0.128139,0.825947,-0.437705,0.898565,0.982854,-0.311445,0.615388,0.781645,0.877373,0.715058,0.887437,0.982147,0.830422,0.415727,0.399348,0.308731,0.961017,0.219879,0.974082,0.997156,0.642890,0.560935,0.668273,0.322267,0.582814,0.210666,0.855902,0.799309,0.869411,0.572592,-0.482937,0.755238,0.716835,0.799873,0.831662,0.326140,-0.219753,-0.576864,0.655405,0.275518,0.049713,0.994414,0.214913,0.412593,0.462793,-0.211094,0.807075,-0.077600,0.692056,-0.253143,0.620899,-0.353468,0.230414,0.752952,0.526335,0.310243,0.756181,0.649805,-0.677629,0.111872,0.491674,0.388764,0.328814,0.614613,0.767340,0.653284,0.901379,0.283980,0.918232,0.789596,0.907586,0.559406,-0.909243,0.423369,0.462184,-0.310118,0.805409,0.826708,-0.779568,0.807627,-0.026600,0.744115,0.665483,0.692043,-0.431477,-0.457574,0.809425,-0.560871,0.264425,0.864807,0.800213,0.621255,0.520461,0.431316,0.805860,0.307970,-0.165402,-0.962121,0.931453,0.772855,-0.884971,0.793251,0.627963,-0.810707,0.390126,0.194976,-0.896019,0.611403,0.626026,0.659196,-0.937833,-0.881510,-0.849872,0.689494,0.843219,0.654147,0.958149,0.747835,0.619654,0.847635,-0.036745,-0.160710,-0.536798
Primary somatosensory area trunk,0.832739,0.815668,0.939324,0.831463,0.741127,0.924881,0.843113,0.799033,0.745698,0.294373,0.633019,0.628094,0.639782,-0.189007,-0.096895,0.837856,0.822848,0.922995,0.971304,0.908266,0.138098,0.756930,0.946512,0.726060,0.459834,0.626671,0.573761,0.745124,0.865241,0.747963,0.563533,0.271760,0.663304,0.033946,0.564907,0.814471,0.044616,0.893990,0.299104,0.830788,0.665796,0.415409,0.622988,0.389906,0.646458,0.773793,0.862148,-0.187105,0.818071,0.508448,-0.262068,0.960277,0.934678,0.712390,0.971978,0.552045,0.629944,0.085233,0.530107,-0.185224,-0.038953,0.796474,0.661310,0.953295,0.978547,0.962187,-0.125400,0.927429,0.979469,0.996509,0.945084,0.967024,0.909722,0.783076,-0.158496,0.931576,0.388576,0.881953,0.403478,0.982759,-0.218874,0.096919,0.735782,-0.084870,-0.232233,0.118490,0.103921,0.837126,0.453473,0.935244,0.715406,0.737826,0.855288,0.551019,1.000000,-0.249759,-0.163767,-0.327184,0.898934,-0.351516,0.153237,0.752894,-0.676006,0.926732,0.801641,0.241448,0.992917,0.718422,-0.089585,-0.283264,0.811472,0.087136,-0.131857,0.846308,0.528661,-0.013705,-0.094395,0.394307,0.559511,0.315750,0.243837,0.084027,0.621529,0.157583,0.873388,0.384850,0.085182,0.889176,0.864883,0.887275,0.305548,-0.683004,0.380471,0.516793,0.971689,0.903524,0.885827,0.750958,0.969279,0.913103,0.876093,0.767876,0.884198,0.895433,0.160802,0.387466,0.962134,0.905220,0.014755,0.963459,0.404404,0.347557,0.990604,0.556776,-0.024253,0.497107,0.917146,-0.403615,0.922140,-0.827819,0.260566,0.604053,0.076368,0.543590,0.571173,-0.523834,-0.068356,0.644543,0.952295,0.956976,0.127445,0.983631,-0.350645,0.730656,0.039601,0.252099,0.944760,0.994017,-0.068077,0.943548,0.749134,0.885732,0.742581,0.887181,0.503967,0.820135,-0.246073,0.865482,0.845662,0.025080,0.181432,0.611107,0.057418,0.209483,0.690205,0.072918,0.645740,0.747568,-0.874317,0.464427,0.779883,0.378888,0.792136,0.660816,0.504985,0.733905,0.910741,0.616694,0.705670,-0.301879,-0.787695,-0.554158,0.253341,0.016213,-0.403684,0.891372,0.984204,-0.434630,0.950512,0.350372,-0.478961,-0.024479,0.995691,0.990736,-0.535568,-0.448128,-0.093712,0.950085,0.855206,-0.220345,0.306687,0.946593,0.995185,0.850796,0.196612,0.071038,-0.359352
Mediodorsal nucleus of thalamus,0.092602,0.125066,0.040764,0.084600,0.221276,-0.044811,-0.035384,0.208760,0.235195,0.262343,0.296789,-0.079387,-0.024049,0.296140,0.527777,0.163687,0.161957,-0.257828,-0.229911,-0.061673,0.040526,0.308869,-0.008801,0.138341,0.340523,0.197167,0.571831,0.442649,0.041744,-0.068045,-0.018471,0.307777,0.311812,0.705924,0.634351,0.066256,0.401473,-0.325360,0.410387,0.060839,-0.050858,-0.005712,0.313764,0.105757,0.165742,0.163314,-0.179001,-0.553561,-0.313923,-0.707239,0.056609,-0.071910,-0.005961,0.313619,-0.063739,0.390698,0.402317,-0.761003,0.305355,0.048472,0.194745,-0.287846,-0.079040,-0.001378,-0.274359,-0.425748,-0.921390,-0.452936,-0.053434,-0.182791,0.029526,-0.069439,-0.239526,0.403527,0.905252,-0.378017,0.432477,-0.079594,0.105775,-0.270491,0.053919,0.033446,0.246325,-0.236597,-0.281842,0.274934,-0.122389,0.103380,-0.458239,0.039324,-0.057102,-0.321547,-0.145220,-0.156268,-0.249759,1.000000,0.609596,0.707524,0.197119,0.369889,-0.749676,-0.308972,0.835903,-0.485722,0.348480,0.008254,-0.201782,0.265406,-0.818395,-0.853955,0.128431,0.350363,0.909396,0.079867,-0.782970,0.026428,-0.819669,0.291680,0.019474,0.659799,-0.828778,-0.491052,0.266431,0.562482,-0.245073,-0.100211,-0.365147,0.214403,0.263662,0.177784,-0.033337,0.007725,-0.238322,-0.210502,-0.053818,0.180988,0.171540,0.445266,-0.012089,-0.018538,-0.054281,-0.642442,-0.142211,-0.646831,-0.712826,-0.744915,-0.396059,-0.016812,0.129996,-0.339182,-0.810443,0.105276,-0.287416,-0.941527,0.969364,-0.060009,-0.033331,-0.407978,0.141687,-0.262534,-0.613010,0.467146,-0.639086,0.378201,0.559954,0.953737,0.924242,0.407039,0.057537,-0.108726,0.487107,-0.370166,-0.610872,-0.743107,-0.821577,-0.960471,-0.004584,-0.178234,0.242527,0.041626,0.099744,-0.597706,-0.466762,0.049308,-0.549163,0.331955,0.355888,-0.695672,0.305537,-0.889397,-0.550612,-0.679635,-0.212802,0.430362,0.356072,0.478017,0.476428,0.360595,-0.249191,-0.320387,0.211152,-0.147893,0.362875,0.258072,0.435680,0.418418,0.171235,0.598148,0.298831,0.803625,-0.318948,0.418432,0.097637,0.364793,-0.321560,0.033352,-0.108465,-0.442726,0.023919,0.819124,-0.292939,0.630534,-0.251216,-0.254237,-0.184315,0.583910,-0.222494,-0.474426,-0.479531,-0.252414,0.006720,-0.073533,-0.203945,0.033599,0.888893,-0.949750,-0.714596
Parasubthalamic nucleus,0.409322,0.437098,-0.138859,0.410812,0.540461,0.221490,0.369557,0.456548,0.533363,0.861354,0.659938,0.557636,0.576513,0.933129,0.993935,0.395617,0.423380,0.136475,0.036857,0.254253,0.805508,0.497696,0.158255,0.553096,0.797938,0.657518,0.059149,0.379956,0.351394,0.466579,0.628962,0.881407,0.627157,0.962119,0.535474,0.433622,0.959144,0.136876,0.888957,0.409295,0.544783,0.707951,0.669284,0.770053,0.634773,0.498070,0.281328,0.270539,0.246485,0.054936,0.802440,0.117872,0.196384,0.565552,-0.165670,0.729772,0.647470,-0.969619,0.747294,0.810580,0.896004,0.289350,0.534300,0.128056,-0.016978,-0.423582,-0.658295,-0.520760,-0.012217,-0.085002,-0.134592,0.090607,0.172506,0.285153,0.883196,0.021728,0.845338,0.296294,0.764460,-0.031020,0.808796,0.806575,0.545565,0.618589,0.550921,0.911820,0.708861,0.402519,0.364043,0.182149,0.501378,0.318993,0.308283,0.559714,-0.163767,0.609596,1.000000,0.979580,0.070396,0.933862,-0.980405,0.315534,0.722656,-0.092981,0.352479,0.769164,-0.048341,0.566160,-0.108554,-0.584467,0.443563,0.939923,0.873513,0.386531,-0.892188,0.808523,-0.878363,0.826725,0.648827,-0.050932,-0.063164,0.390885,0.670127,0.947462,0.226028,0.666060,0.515358,0.056848,0.084995,-0.066700,0.729925,0.576460,0.574345,0.541269,0.061099,0.166289,0.271758,0.185844,0.031399,-0.296370,0.313956,-0.050189,0.267493,-0.336076,-0.990044,0.045877,-0.077618,0.268689,0.863612,-0.413941,-0.930421,-0.666804,-0.083154,-0.622777,0.666372,0.643241,-0.303734,0.351188,0.038579,0.074883,0.245016,-0.102360,0.217253,-0.292658,0.636776,0.538860,0.833255,0.627636,0.030306,-0.281469,0.955397,-0.136525,-0.839635,-0.746502,-0.067734,-0.365226,-0.192205,-0.055438,0.916870,0.145612,0.520918,-0.574404,0.186104,0.309858,0.251176,0.303539,-0.510591,-0.492490,0.181092,-0.864204,0.324484,0.035836,-0.904236,0.925217,-0.169127,0.967207,0.587294,0.486006,-0.101460,-0.881754,0.486901,-0.826585,0.057491,0.632097,0.764566,0.462172,0.117902,0.456369,0.577764,0.955521,0.061702,-0.358096,0.811476,0.953813,-0.827517,0.301126,0.006092,-0.816306,-0.119182,0.511467,-0.780136,0.988231,-0.091128,-0.058871,-0.721865,-0.234325,-0.896831,-0.146208,0.047038,0.580646,0.751648,0.161802,-0.067348,0.374499,0.416607,-0.784409,-0.766082
Submedial nucleus of the thalamus,0.244222,0.275479,-0.255784,0.244589,0.390007,0.047824,0.190175,0.306598,0.385096,0.741777,0.520683,0.379812,0.402222,0.881344,0.952840,0.241480,0.267633,-0.055638,-0.145614,0.076450,0.685581,0.362699,-0.005377,0.391650,0.672771,0.505591,0.045498,0.280779,0.181853,0.284245,0.460043,0.768962,0.489736,0.930491,0.469860,0.264407,0.883710,-0.060393,0.785789,0.240046,0.366977,0.552719,0.532689,0.626149,0.478448,0.340134,0.090493,0.185885,0.047913,-0.127333,0.745108,-0.051393,0.029956,0.429054,-0.298615,0.606691,0.525063,-0.962573,0.613277,0.739539,0.812390,0.092080,0.354589,-0.031621,-0.199741,-0.572118,-0.682683,-0.655236,-0.164829,-0.248785,-0.254508,-0.075772,-0.019751,0.187164,0.918563,-0.173541,0.737538,0.114450,0.619253,-0.212043,0.743790,0.691687,0.398751,0.517636,0.474526,0.813780,0.583848,0.239155,0.184587,0.023826,0.320920,0.121932,0.119690,0.382410,-0.327184,0.707524,0.979580,1.000000,-0.045857,0.916644,-0.980557,0.118426,0.846753,-0.287654,0.235239,0.633973,-0.219018,0.421934,-0.195495,-0.585387,0.282201,0.853473,0.906731,0.220584,-0.964727,0.708971,-0.864502,0.700792,0.483232,0.000712,-0.207417,0.258687,0.527019,0.879154,0.031467,0.507640,0.384391,-0.053760,-0.018748,-0.166056,0.584424,0.604778,0.409204,0.363907,-0.099950,0.034603,0.127665,0.111440,-0.119582,-0.397150,0.134231,-0.248564,0.080303,-0.516940,-0.984919,-0.122361,-0.267051,0.095738,0.767112,-0.551812,-0.983211,-0.617295,-0.260931,-0.756800,0.718838,0.476602,-0.406230,0.308832,-0.084762,0.152410,0.088307,-0.114160,0.088105,-0.283060,0.546621,0.680586,0.864280,0.506286,-0.108247,-0.403380,0.880024,-0.317883,-0.763219,-0.862698,-0.179789,-0.489801,-0.309341,-0.222060,0.841586,-0.008875,0.354806,-0.715902,-0.014678,0.143499,0.066135,0.187591,-0.357438,-0.655329,0.073571,-0.879841,0.178010,-0.155463,-0.824843,0.833546,-0.200677,0.897193,0.480727,0.361171,0.007866,-0.881311,0.336200,-0.796381,-0.017891,0.486887,0.650296,0.350577,-0.009928,0.388234,0.438613,0.988730,0.127042,-0.169901,0.681498,0.878197,-0.704257,0.133044,-0.157312,-0.706822,-0.242702,0.506968,-0.647766,0.951407,-0.263563,-0.235188,-0.573407,-0.054982,-0.797118,-0.335867,-0.154290,0.502716,0.608751,-0.011361,-0.236191,0.202973,0.457258,-0.825767,-0.712453
Primary somatosensory area upper limb,0.861697,0.858555,0.977446,0.856425,0.823764,0.899354,0.812329,0.881281,0.835585,0.372825,0.744007,0.562231,0.599819,-0.103545,0.098534,0.902282,0.884590,0.798976,0.867419,0.872373,0.110386,0.884941,0.942568,0.767425,0.581906,0.689274,0.854389,0.945239,0.873314,0.694403,0.522300,0.370861,0.783908,0.319347,0.846954,0.828945,0.182197,0.736789,0.447954,0.844274,0.614989,0.374034,0.741562,0.398724,0.695361,0.831148,0.767049,-0.474789,0.658985,0.166388,-0.285973,0.928225,0.929677,0.838128,0.961231,0.703631,0.792995,-0.225257,0.638881,-0.212774,0.001010,0.647246,0.597382,0.954866,0.856381,0.790872,-0.535020,0.748420,0.964502,0.923206,0.977541,0.937901,0.792281,0.970310,0.226645,0.756139,0.551758,0.834515,0.412786,0.863371,-0.244020,0.065266,0.830240,-0.238400,-0.405216,0.198158,0.002457,0.871786,0.213216,0.953144,0.664716,0.569788,0.774915,0.446820,0.898934,0.197119,0.070396,-0.045857,1.000000,-0.231927,-0.150374,0.591343,-0.320296,0.705807,0.958204,0.201327,0.908113,0.820731,-0.482081,-0.666215,0.855559,0.201465,0.256167,0.870596,0.207443,-0.050053,-0.440850,0.490182,0.535491,0.643143,-0.152963,-0.177702,0.717010,0.375389,0.749619,0.299724,-0.122836,0.999371,0.997079,0.987131,0.248247,-0.721398,0.233673,0.386969,0.952005,0.990972,0.962092,0.964185,0.971672,0.931658,0.839836,0.466444,0.808068,0.610552,-0.124217,0.026357,0.784270,0.890244,0.025748,0.833687,0.070835,0.442885,0.866227,0.142369,0.406645,0.434103,0.928994,-0.627641,0.998413,-0.968778,-0.049790,0.843872,-0.246923,0.751049,0.810945,-0.098048,0.330000,0.811248,0.988448,0.931212,0.307783,0.822163,-0.600562,0.422112,-0.355564,-0.190353,0.964115,0.921111,-0.006441,0.964873,0.773917,0.639109,0.512011,0.901684,0.226855,0.971823,-0.044538,0.566018,0.992196,-0.354901,-0.104221,0.284714,0.009363,0.364908,0.880942,0.247545,0.848663,0.901354,-0.998572,0.366943,0.861252,0.361075,0.973502,0.754950,0.675849,0.917125,0.996456,0.886472,0.823401,0.027926,-0.954877,-0.334685,0.254261,0.135974,-0.514146,0.898686,0.941404,-0.605044,0.979363,0.721513,-0.579164,0.222047,0.889464,0.881029,-0.587057,-0.154548,-0.148518,0.738131,0.628046,-0.380690,0.267567,0.910943,0.910506,0.853352,0.605837,-0.342663,-0.664285
Infracerebellar nucleus,0.205603,0.228929,-0.418009,0.210651,0.327969,0.022781,0.206872,0.223330,0.313513,0.789872,0.461776,0.491166,0.488259,0.984526,0.940581,0.161867,0.197628,0.008785,-0.126327,0.070326,0.852501,0.242536,-0.067560,0.377619,0.645536,0.498578,-0.301536,0.062646,0.151369,0.353171,0.565035,0.801056,0.411319,0.802824,0.211697,0.247686,0.912359,0.042510,0.763364,0.218154,0.455999,0.687746,0.468450,0.721798,0.479791,0.293832,0.157406,0.563130,0.181133,0.196868,0.948025,-0.092526,-0.022734,0.328593,-0.416972,0.525745,0.408493,-0.821610,0.583600,0.940076,0.941977,0.225011,0.456118,-0.106061,-0.171769,-0.566355,-0.355909,-0.655977,-0.250608,-0.287632,-0.410461,-0.125842,0.045760,-0.038869,0.689033,-0.076603,0.682516,0.131235,0.711949,-0.190106,0.944840,0.867202,0.325584,0.806531,0.786463,0.887920,0.814892,0.192720,0.463660,-0.056066,0.396623,0.286490,0.176628,0.542948,-0.351516,0.369889,0.933862,0.916644,-0.231927,1.000000,-0.855878,0.273872,0.671071,-0.163167,0.052743,0.796829,-0.238322,0.346010,0.212624,-0.257208,0.236008,0.899038,0.669595,0.181296,-0.842788,0.901104,-0.649719,0.713613,0.573972,-0.390772,0.179966,0.603270,0.487765,0.808407,0.117485,0.684653,0.694846,-0.251139,-0.231881,-0.375405,0.751756,0.823474,0.635331,0.551838,-0.166124,-0.119366,0.007258,-0.157766,-0.214682,-0.565394,0.142981,-0.013874,0.122108,-0.366602,-0.882685,0.232782,-0.189286,0.070285,0.916115,-0.588759,-0.842637,-0.879734,-0.244254,-0.487520,0.386044,0.614288,-0.569101,0.655195,-0.252673,0.401179,0.439516,-0.451006,0.466628,-0.614938,0.352028,0.380036,0.602091,0.380602,-0.237904,-0.525922,0.853867,-0.270890,-0.618294,-0.747446,0.225731,-0.111224,-0.462085,-0.255524,0.954892,-0.100134,0.350106,-0.650237,0.191251,0.096111,0.358258,-0.000768,-0.643729,-0.515751,-0.134878,-0.638706,0.525789,0.137983,-0.949205,0.820008,-0.506369,0.884895,0.308640,0.212219,0.210379,-0.989968,0.261519,-0.971120,-0.281347,0.437936,0.560066,0.167084,-0.171868,0.123060,0.349684,0.846480,0.397282,-0.415422,0.807240,0.927771,-0.700688,0.091271,-0.210390,-0.633940,-0.392459,0.170879,-0.638611,0.876121,-0.268295,-0.229638,-0.599611,-0.367207,-0.897525,-0.233337,0.010431,0.805525,0.760620,-0.039006,-0.259430,0.184191,0.078268,-0.538275,-0.494035
Substantia nigra compact part,-0.403440,-0.434019,0.061782,-0.402598,-0.541078,-0.216346,-0.338384,-0.470639,-0.538894,-0.798247,-0.654774,-0.474067,-0.504351,-0.844164,-0.957756,-0.410237,-0.432249,-0.091476,-0.017726,-0.238623,-0.688291,-0.528319,-0.173739,-0.529928,-0.772847,-0.627255,-0.220685,-0.463450,-0.343784,-0.406589,-0.545948,-0.825411,-0.632652,-0.982388,-0.633243,-0.416185,-0.903370,-0.073374,-0.858941,-0.395290,-0.472322,-0.608147,-0.666395,-0.686945,-0.601259,-0.492587,-0.229367,-0.076805,-0.164127,0.109498,-0.671194,-0.124740,-0.205698,-0.584026,0.109059,-0.732996,-0.670937,0.997035,-0.724992,-0.679496,-0.794533,-0.205461,-0.456242,-0.150753,0.038069,0.416153,0.787837,0.505673,-0.021842,0.070782,0.060800,-0.102946,-0.125532,-0.376272,-0.958069,0.034209,-0.832322,-0.267919,-0.682917,0.048602,-0.677821,-0.685475,-0.551423,-0.451955,-0.377234,-0.835331,-0.564899,-0.400698,-0.208674,-0.205314,-0.436859,-0.218922,-0.260069,-0.452762,0.153237,-0.749676,-0.980405,-0.980557,-0.150374,-0.855878,1.000000,-0.219920,-0.782601,0.157328,-0.419342,-0.654629,0.045188,-0.572615,0.301749,0.716559,-0.440065,-0.876390,-0.952283,-0.381846,0.917412,-0.680179,0.944145,-0.781444,-0.571925,-0.139162,0.251026,-0.205572,-0.655054,-0.939623,-0.167064,-0.547888,-0.341265,-0.142997,-0.177800,-0.030632,-0.614370,-0.450833,-0.436269,-0.422070,-0.082512,-0.226459,-0.311183,-0.302537,-0.068196,0.209335,-0.288777,0.168690,-0.228165,0.402236,0.998361,0.132211,0.120186,-0.261869,-0.753639,0.386152,0.962020,0.513167,0.095989,0.731594,-0.799750,-0.544254,0.219030,-0.170816,-0.110899,0.042487,-0.061300,-0.060944,-0.022989,0.123039,-0.699173,-0.666248,-0.925426,-0.656273,-0.084111,0.217691,-0.925766,0.161750,0.870941,0.776463,0.262511,0.535816,0.117481,0.045095,-0.822666,-0.175819,-0.494405,0.588970,-0.071601,-0.312086,-0.093911,-0.375216,0.347115,0.546400,-0.267625,0.944427,-0.139668,0.113665,0.805107,-0.890059,0.018823,-0.930777,-0.640250,-0.531225,0.188305,0.794656,-0.495661,0.708990,-0.176588,-0.623057,-0.771199,-0.525347,-0.183983,-0.560534,-0.590154,-0.985991,0.065886,0.218470,-0.713077,-0.888324,0.790101,-0.300963,-0.023404,0.812850,0.049117,-0.650001,0.746854,-0.982367,0.093241,0.067341,0.673418,0.068472,0.808413,0.197764,0.042343,-0.410017,-0.642670,-0.160321,0.061476,-0.360315,-0.581412,0.891029,0.836263
Supplemental somatosensory area,0.884443,0.874375,0.547740,0.889715,0.844193,0.884311,0.939398,0.825897,0.833068,0.753756,0.815524,0.963049,0.952478,0.437997,0.410462,0.832692,0.845438,0.946430,0.883110,0.909393,0.732329,0.766266,0.826115,0.895189,0.774217,0.871022,0.110960,0.578248,0.892675,0.969331,0.936045,0.725255,0.801562,0.369064,0.453835,0.907331,0.564243,0.967665,0.687419,0.902798,0.962332,0.884253,0.805230,0.846752,0.886528,0.869639,0.970915,0.428954,0.994420,0.857231,0.427402,0.842595,0.846781,0.786079,0.614895,0.754742,0.737322,-0.253756,0.806203,0.495261,0.580589,0.997327,0.968079,0.801823,0.872225,0.623171,-0.053866,0.535500,0.739044,0.772805,0.562434,0.823757,0.954694,0.553082,0.039835,0.934084,0.703464,0.935613,0.852097,0.861443,0.465823,0.707524,0.828831,0.589794,0.455158,0.658532,0.730134,0.875384,0.913821,0.807357,0.967089,0.999650,0.966817,0.956356,0.752894,-0.308972,0.315534,0.118426,0.591343,0.273872,-0.219920,1.000000,-0.425950,0.904176,0.655853,0.798337,0.811908,0.821041,0.356266,-0.151071,0.874481,0.611507,0.048823,0.883717,0.147075,0.632655,-0.274038,0.780256,0.925644,-0.222154,0.643373,0.686210,0.834362,0.536884,0.975237,0.886687,0.710035,0.562392,0.536878,0.483111,0.839114,-0.033926,0.894821,0.950122,0.793370,0.682930,0.761872,0.422630,0.741381,0.437141,0.929949,0.920693,0.952812,0.783566,-0.245225,0.784934,0.886669,0.890968,0.633792,0.577991,0.042240,-0.355285,0.835225,0.486106,-0.078809,0.925046,0.443315,0.245738,0.616920,-0.380159,0.772320,0.066689,0.631351,-0.077178,0.587382,-0.538061,0.053147,0.728875,0.684672,0.537574,0.568323,0.838210,-0.559879,0.388590,0.485925,0.485259,0.536494,0.792246,0.546529,0.782203,0.909879,0.551555,0.985321,0.870128,0.915389,0.639771,-0.817938,0.664615,0.575069,-0.131724,0.740382,0.899463,-0.562550,0.639041,0.144457,0.543775,0.653601,0.717647,-0.566216,-0.179750,0.835159,-0.304817,0.399446,0.837275,0.720676,0.652183,0.654836,0.449755,0.800344,0.057388,-0.326415,-0.957725,0.785796,0.562011,-0.769125,0.876018,0.791741,-0.707057,0.582458,0.162308,-0.803346,0.394662,0.809873,0.834433,-0.864923,-0.882513,-0.660900,0.870804,0.962203,0.469731,0.832683,0.869422,0.799419,0.906033,-0.070875,0.004537,-0.441611
Field CA1,-0.229151,-0.194949,-0.489262,-0.232120,-0.074803,-0.406941,-0.312837,-0.137517,-0.072288,0.272918,0.056671,-0.166983,-0.138237,0.552803,0.645771,-0.199861,-0.184164,-0.542975,-0.585459,-0.396537,0.218321,-0.051945,-0.420093,-0.105586,0.210176,0.008077,0.028287,-0.016574,-0.290337,-0.250484,-0.080388,0.313942,0.038564,0.661679,0.221838,-0.225571,0.499770,-0.563033,0.355379,-0.244435,-0.175273,0.025418,0.073392,0.115510,-0.025276,-0.134573,-0.424791,-0.101243,-0.483486,-0.594757,0.423318,-0.472490,-0.400207,-0.005107,-0.567679,0.167754,0.108028,-0.751220,0.140748,0.383864,0.414545,-0.445331,-0.190925,-0.429618,-0.629531,-0.833044,-0.626359,-0.861838,-0.515465,-0.614045,-0.496447,-0.483560,-0.515165,-0.086623,0.832656,-0.646536,0.308053,-0.378817,0.106965,-0.634270,0.402691,0.235406,-0.057670,0.125151,0.152522,0.382944,0.120023,-0.228055,-0.338261,-0.382033,-0.217312,-0.423790,-0.395233,-0.167508,-0.676006,0.835903,0.722656,0.846753,-0.320296,0.671071,-0.782601,-0.425950,1.000000,-0.737067,-0.101722,0.138744,-0.609880,-0.032537,-0.409961,-0.489489,-0.189021,0.446280,0.818413,-0.249891,-0.956065,0.287139,-0.662311,0.227093,-0.052443,0.164455,-0.565087,-0.163574,0.050192,0.522397,-0.482378,-0.021618,-0.058693,-0.311108,-0.264627,-0.369667,0.072848,0.531793,-0.120334,-0.184406,-0.487619,-0.299163,-0.260436,-0.082186,-0.474895,-0.558607,-0.357150,-0.724551,-0.421447,-0.884199,-0.770682,-0.557213,-0.703654,-0.367331,0.344204,-0.786233,-0.921314,-0.338040,-0.664008,-0.962105,0.727519,-0.064079,-0.570599,0.106819,-0.370608,0.299653,-0.361327,-0.093512,-0.292780,-0.171909,0.214141,0.924369,0.781329,0.096681,-0.431265,-0.621483,0.501376,-0.720483,-0.416125,-0.987440,-0.461967,-0.736196,-0.532740,-0.600727,0.460256,-0.397019,-0.147345,-0.932949,-0.544243,-0.311022,-0.446956,-0.135463,0.135055,-0.945990,-0.202001,-0.752339,-0.264084,-0.637689,-0.435620,0.421855,-0.214917,0.527577,0.118250,-0.024731,0.271254,-0.684373,-0.116812,-0.535697,-0.187025,0.013949,0.225496,0.003718,-0.323686,0.151625,-0.005315,0.875439,0.246628,0.369637,0.192529,0.493297,-0.237997,-0.324133,-0.539898,-0.280948,-0.496910,0.414418,-0.170519,0.660631,-0.650646,-0.639095,-0.067774,0.442683,-0.363433,-0.760402,-0.652336,0.171502,0.099933,-0.452057,-0.618379,-0.279735,0.494778,-0.779575,-0.440575
Primary visual area,0.813416,0.792619,0.744277,0.816636,0.717448,0.894788,0.869915,0.744948,0.712349,0.421039,0.628634,0.769065,0.759168,0.012021,0.001697,0.779292,0.776576,0.965907,0.960519,0.899595,0.372980,0.674823,0.874850,0.748270,0.505082,0.669836,0.242647,0.560925,0.846081,0.836252,0.708475,0.386655,0.636498,0.018905,0.366689,0.818449,0.172273,0.973206,0.363892,0.826868,0.783647,0.601317,0.615051,0.547208,0.694188,0.758909,0.924910,0.194168,0.939385,0.794724,0.018861,0.903130,0.876208,0.657119,0.813202,0.537640,0.571436,0.107687,0.565338,0.091830,0.177303,0.922842,0.789659,0.866927,0.969712,0.889920,0.107903,0.839934,0.866781,0.918492,0.756055,0.898532,0.957938,0.580196,-0.269007,0.991717,0.415800,0.899681,0.557018,0.966742,0.059582,0.341173,0.702621,0.249285,0.120717,0.280330,0.388392,0.809757,0.733344,0.850278,0.814730,0.898338,0.912020,0.739900,0.926732,-0.485722,-0.092981,-0.287654,0.705807,-0.163167,0.157328,0.904176,-0.737067,1.000000,0.645294,0.465254,0.936876,0.685521,0.276093,-0.035484,0.789585,0.226828,-0.251272,0.823474,0.527166,0.249693,0.011550,0.481570,0.693646,-0.059326,0.584232,0.439198,0.636647,0.189050,0.947367,0.605795,0.422363,0.684550,0.649637,0.658481,0.527110,-0.397785,0.636773,0.729963,0.885106,0.749973,0.774961,0.498901,0.853059,0.696517,0.888541,0.952116,0.921711,0.967384,0.143019,0.705190,0.993014,0.880469,0.243553,0.853010,0.420048,0.023727,0.963908,0.718378,-0.257214,0.675786,0.704564,-0.034788,0.741482,-0.563977,0.600276,0.263951,0.444303,0.189653,0.441916,-0.724217,-0.217187,0.575060,0.804830,0.782442,0.201666,0.979251,-0.296064,0.731908,0.402959,0.551745,0.752505,0.924192,0.136455,0.843960,0.775682,0.854783,0.926629,0.847329,0.782017,0.652544,-0.555207,0.911788,0.645660,0.152725,0.529161,0.863699,-0.155546,0.289303,0.368639,0.162938,0.529330,0.638115,-0.670262,0.254691,0.737569,0.117313,0.530213,0.661649,0.487367,0.590670,0.744447,0.401831,0.662510,-0.319792,-0.506913,-0.799256,0.447246,0.163438,-0.475685,0.855594,0.903316,-0.440822,0.768637,0.085267,-0.538244,0.013274,0.948335,0.956435,-0.619143,-0.744674,-0.278864,0.996726,0.982782,0.127025,0.516359,0.906988,0.933421,0.845329,-0.112882,0.248226,-0.229184
Supraoptic nucleus,0.930778,0.935488,0.877611,0.926406,0.931735,0.912860,0.874841,0.961126,0.940492,0.602138,0.890845,0.696266,0.736234,0.174663,0.378645,0.963588,0.955231,0.797027,0.831288,0.897526,0.342661,0.974977,0.934056,0.884000,0.778569,0.840449,0.811014,0.994253,0.925410,0.793337,0.678795,0.605423,0.918364,0.573685,0.944526,0.907670,0.449321,0.739869,0.678328,0.914957,0.741561,0.562552,0.891014,0.602214,0.839986,0.927135,0.808624,-0.356151,0.699053,0.185805,-0.031467,0.909705,0.933214,0.951024,0.856290,0.871909,0.931301,-0.486383,0.817757,0.039972,0.263847,0.700279,0.722393,0.936511,0.805706,0.625919,-0.682319,0.557575,0.904813,0.846677,0.879174,0.910655,0.801108,0.990363,0.459353,0.724794,0.762620,0.874735,0.613781,0.808035,0.009944,0.300655,0.938889,-0.036025,-0.212275,0.452576,0.215349,0.938050,0.317237,0.950234,0.775554,0.636831,0.823424,0.589701,0.801641,0.348480,0.352479,0.235239,0.958204,0.052743,-0.419342,0.655853,-0.101722,0.645294,1.000000,0.418005,0.843726,0.935718,-0.470909,-0.785033,0.934531,0.462667,0.484175,0.932605,-0.055841,0.192862,-0.661019,0.701722,0.696420,0.577917,-0.147564,-0.041983,0.869029,0.624675,0.776986,0.481904,0.044354,0.953267,0.958581,0.905679,0.451242,-0.507455,0.395008,0.528895,0.914865,0.978521,0.982886,0.954306,0.923775,0.788773,0.884532,0.435672,0.842432,0.486322,-0.398271,0.052047,0.722048,0.917814,0.278672,0.667488,-0.195239,0.216480,0.795528,-0.034054,0.563060,0.600817,0.784346,-0.478641,0.948262,-0.884429,0.037214,0.755001,-0.156043,0.612701,0.942130,0.050576,0.541399,0.942490,0.937962,0.794432,0.564803,0.739710,-0.803584,0.188731,-0.339675,-0.270165,0.850033,0.853415,0.262169,0.950361,0.881244,0.441420,0.545605,0.939612,0.298166,0.998562,-0.200245,0.398799,0.981800,-0.574668,0.008494,0.290949,-0.256206,0.610612,0.772053,0.511804,0.964429,0.985999,-0.965147,0.088882,0.951264,0.096616,0.926407,0.893569,0.855295,0.992694,0.969469,0.958844,0.941070,0.295750,-0.874240,-0.429029,0.478760,0.404916,-0.723958,0.934486,0.889531,-0.803934,0.885573,0.815988,-0.771564,0.491281,0.814358,0.816070,-0.763646,-0.225759,-0.402372,0.659671,0.613657,-0.180897,0.475148,0.906539,0.840365,0.913648,0.677668,-0.538322,-0.839771
Anteromedial visual area,0.666749,0.674307,0.061276,0.673559,0.715822,0.554430,0.706472,0.637622,0.699119,0.957508,0.781607,0.906428,0.895751,0.889802,0.834740,0.603972,0.634904,0.592290,0.465287,0.601126,0.994446,0.609479,0.459124,0.782468,0.873344,0.843404,-0.151845,0.373174,0.638892,0.820601,0.935124,0.945455,0.739872,0.712925,0.385606,0.708988,0.915438,0.629887,0.893697,0.687381,0.882048,0.982367,0.778932,0.976788,0.842042,0.711723,0.699831,0.648430,0.735235,0.678820,0.870037,0.455719,0.500534,0.676927,0.107263,0.781951,0.695101,-0.652579,0.854285,0.906517,0.953371,0.764237,0.886827,0.419158,0.431211,0.031285,-0.223247,-0.078774,0.289814,0.291965,0.075570,0.422631,0.620422,0.293954,0.430644,0.534759,0.850270,0.657194,0.973673,0.412640,0.891459,0.989162,0.703866,0.889933,0.797026,0.962410,0.975790,0.652453,0.874948,0.453082,0.846845,0.806815,0.708310,0.939109,0.241448,0.008254,0.769164,0.633973,0.201327,0.796829,-0.654629,0.798337,0.138744,0.465254,0.418005,1.000000,0.348419,0.711508,0.389102,-0.221478,0.678801,0.937764,0.423373,0.651148,-0.421558,0.965836,-0.551339,0.923095,0.932948,-0.415853,0.543049,0.828137,0.811156,0.824737,0.679496,0.985897,0.896402,0.170566,0.165383,0.043630,0.997457,0.511100,0.964893,0.943385,0.377455,0.330444,0.460671,0.136011,0.312676,-0.098672,0.660254,0.578473,0.664438,0.267363,-0.688917,0.659671,0.433890,0.587972,0.971791,-0.014375,-0.484039,-0.788989,0.362435,0.020961,0.159978,0.962038,-0.096679,0.590256,0.205851,0.039264,0.779924,-0.270859,0.712829,-0.460461,0.560679,-0.122527,0.381752,0.671740,0.260202,-0.008227,0.876457,0.350584,-0.713812,-0.214787,0.476558,0.264390,0.027901,0.324339,0.938956,0.409212,0.775278,-0.059100,0.742786,0.589152,0.811694,0.374358,-0.928598,0.100748,0.249491,-0.454688,0.813571,0.665274,-0.946298,0.900019,-0.254578,0.881966,0.576495,0.558106,-0.197737,-0.735227,0.667827,-0.806498,0.045593,0.781090,0.781483,0.486655,0.279854,0.327405,0.699863,0.547402,0.071847,-0.868775,0.995271,0.925609,-0.906694,0.590291,0.350204,-0.820631,0.099620,0.174025,-0.888623,0.779081,0.329933,0.369975,-0.905526,-0.798971,-0.972302,0.399137,0.612442,0.816944,0.997557,0.506684,0.327278,0.668571,-0.030611,-0.304345,-0.557159
Medullary reticular nucleus,0.891536,0.877057,0.925370,0.890728,0.812920,0.963200,0.900871,0.860133,0.816075,0.405732,0.717900,0.711678,0.724158,-0.072286,0.020940,0.892392,0.881150,0.956868,0.990888,0.951540,0.248247,0.819986,0.975076,0.802301,0.560975,0.714561,0.566419,0.787392,0.918039,0.819491,0.654393,0.384171,0.743384,0.142266,0.620764,0.877372,0.162945,0.930012,0.409255,0.890646,0.746907,0.515654,0.708506,0.494712,0.732429,0.841963,0.912806,-0.132455,0.868226,0.543531,-0.155653,0.985537,0.968298,0.784292,0.958121,0.642762,0.709507,-0.021421,0.625977,-0.076884,0.077154,0.851477,0.741909,0.977509,0.992302,0.925158,-0.185326,0.877744,0.986377,0.997939,0.932138,0.988505,0.947827,0.813921,-0.069113,0.953840,0.492607,0.931425,0.507609,0.994483,-0.111197,0.207170,0.807388,0.007495,-0.148639,0.235132,0.206102,0.894653,0.522147,0.965376,0.791114,0.797638,0.908451,0.636968,0.992917,-0.201782,-0.048341,-0.219018,0.908113,-0.238322,0.045188,0.811908,-0.609880,0.936876,0.843726,0.348419,1.000000,0.792087,-0.077301,-0.336438,0.873605,0.204857,-0.043759,0.902503,0.436447,0.096287,-0.187771,0.500606,0.651780,0.288525,0.265009,0.154948,0.708761,0.269619,0.918777,0.482344,0.168919,0.895841,0.873570,0.878211,0.408988,-0.608857,0.470037,0.601816,0.988621,0.926447,0.923425,0.766531,0.980699,0.879362,0.927089,0.788121,0.931860,0.877465,0.050230,0.421750,0.971586,0.948931,0.128987,0.924821,0.307016,0.254851,0.995801,0.507125,0.034118,0.590879,0.882924,-0.344336,0.928996,-0.814342,0.316826,0.578307,0.128430,0.494325,0.643506,-0.485889,0.014150,0.721323,0.961082,0.928648,0.242922,0.984266,-0.447570,0.658482,0.058490,0.236339,0.925062,0.999333,0.049070,0.968644,0.822429,0.833313,0.789118,0.934172,0.560587,0.856192,-0.329953,0.827496,0.865985,-0.063158,0.245934,0.643341,-0.059079,0.323313,0.659662,0.189948,0.714634,0.807197,-0.885821,0.357485,0.844936,0.273067,0.793174,0.743383,0.598624,0.788204,0.927402,0.663279,0.779703,-0.200106,-0.773833,-0.621360,0.363165,0.134859,-0.509141,0.937735,0.995528,-0.534646,0.939909,0.395172,-0.579407,0.089582,0.998600,0.998140,-0.632097,-0.503229,-0.209907,0.952701,0.883866,-0.133588,0.411756,0.977845,0.999748,0.906942,0.224958,-0.003878,-0.442717
Superior olivary complex,0.980330,0.986635,0.705278,0.979636,0.998952,0.924142,0.953325,0.991651,0.999177,0.835973,0.991977,0.892284,0.918736,0.477337,0.612556,0.980935,0.986420,0.850604,0.827865,0.930432,0.650539,0.990671,0.903441,0.988348,0.939842,0.977572,0.566552,0.913106,0.965820,0.934417,0.889285,0.833475,0.997089,0.715467,0.877633,0.978937,0.699767,0.821311,0.869226,0.976289,0.917805,0.817125,0.990928,0.844830,0.976955,0.994289,0.900534,-0.021200,0.830244,0.412984,0.311575,0.883743,0.918779,0.998106,0.707393,0.976592,0.989050,-0.623818,0.963222,0.381265,0.572091,0.842191,0.905000,0.889827,0.795187,0.502103,-0.608636,0.406662,0.815616,0.772382,0.712118,0.871663,0.864499,0.879778,0.515740,0.773255,0.917738,0.934562,0.852614,0.789782,0.352061,0.615916,0.999672,0.318239,0.145742,0.721548,0.545793,0.980359,0.588837,0.913262,0.930656,0.809647,0.915025,0.822778,0.718422,0.265406,0.566160,0.421934,0.820731,0.346010,-0.572615,0.821041,-0.032537,0.685521,0.935718,0.711508,0.792087,1.000000,-0.208404,-0.688341,0.987601,0.719210,0.532180,0.975825,-0.199733,0.523196,-0.719855,0.899791,0.901813,0.282564,0.102476,0.291888,0.986714,0.799561,0.868652,0.756634,0.384299,0.804849,0.806552,0.719089,0.736707,-0.196691,0.682172,0.777649,0.857327,0.886596,0.940437,0.790314,0.838838,0.574893,0.943141,0.567771,0.912800,0.486835,-0.569820,0.301968,0.732261,0.940724,0.591289,0.516001,-0.331980,-0.137854,0.760790,-0.010290,0.491086,0.839460,0.572350,-0.140125,0.815230,-0.669791,0.335823,0.477893,0.159930,0.294750,0.944123,-0.016260,0.560419,0.988668,0.828969,0.615044,0.773689,0.713543,-0.895261,0.069939,-0.072579,-0.099440,0.671329,0.790100,0.564802,0.896374,0.983756,0.325255,0.715240,0.957553,0.550332,0.917860,-0.517804,0.354803,0.856766,-0.614778,0.325987,0.489209,-0.563263,0.818883,0.498392,0.734716,0.968282,0.978923,-0.824291,-0.212562,0.995650,-0.235595,0.734370,0.994225,0.963116,0.955993,0.860078,0.866558,0.999369,0.434646,-0.648788,-0.672973,0.756121,0.669511,-0.910470,0.954147,0.827570,-0.938288,0.726440,0.694338,-0.940717,0.677669,0.762541,0.779384,-0.942032,-0.489446,-0.686813,0.671023,0.717813,0.177576,0.754978,0.901009,0.781316,0.968230,0.507114,-0.527870,-0.861901
Anterolateral visual area,-0.120455,-0.139365,-0.424668,-0.108984,-0.175123,-0.089748,0.014443,-0.228599,-0.198569,0.106948,-0.164404,0.251896,0.189656,0.256113,-0.028835,-0.220739,-0.196861,0.129042,0.017482,-0.043081,0.402110,-0.317531,-0.181026,-0.057403,-0.082010,-0.037426,-0.865412,-0.556304,-0.101465,0.144761,0.238188,0.068507,-0.212930,-0.314712,-0.648901,-0.066446,0.066863,0.223932,-0.065533,-0.079533,0.196214,0.315931,-0.177141,0.220389,-0.017569,-0.137597,0.136710,0.926839,0.300108,0.776474,0.502241,-0.129944,-0.157541,-0.268167,-0.318439,-0.215910,-0.305165,0.343582,-0.090021,0.494073,0.316123,0.299983,0.226926,-0.211119,0.038579,-0.014430,0.803371,-0.029083,-0.239361,-0.125087,-0.409531,-0.151931,0.132037,-0.576586,-0.557568,0.208430,-0.147815,0.013610,0.212770,0.023734,0.496353,0.424359,-0.202160,0.707239,0.768140,0.175840,0.559988,-0.139673,0.667323,-0.223992,0.162246,0.378978,0.112497,0.374402,-0.089585,-0.818395,-0.108554,-0.195495,-0.482081,0.212624,0.301749,0.356266,-0.409961,0.276093,-0.470909,0.389102,-0.077301,-0.208404,1.000000,0.811474,-0.138375,0.106933,-0.576942,-0.122462,0.283462,0.468321,0.529229,0.017794,0.203454,-0.965950,0.939105,0.838566,-0.116060,-0.179386,0.183146,0.419513,0.754926,-0.509388,-0.547190,-0.538347,0.398157,0.554023,0.539807,0.442401,-0.191362,-0.403972,-0.321633,-0.680899,-0.261904,-0.438286,-0.005874,0.550085,0.074721,0.340649,0.246698,0.855766,0.160840,-0.090239,0.361985,-0.118829,0.332841,-0.650511,0.010739,0.642073,-0.813537,0.320059,-0.425268,0.857832,-0.438365,0.632829,0.849650,-0.841144,0.922041,-0.826816,-0.493973,-0.719317,-0.640008,-0.327839,-0.345809,-0.327994,-0.069549,0.085116,0.366291,0.260704,0.989640,0.917899,-0.401575,-0.111912,0.277194,-0.251948,-0.035250,0.134522,0.480154,-0.143354,0.697876,-0.485707,-0.691001,0.315563,-0.535338,0.589945,0.843533,0.698245,-0.303907,-0.041159,-0.767533,-0.034050,-0.441166,-0.387557,0.521562,-0.277968,-0.207093,-0.436912,-0.667865,-0.140875,-0.237224,-0.471487,-0.423577,-0.667461,-0.239811,-0.340102,0.684087,-0.582297,0.297987,0.118858,0.022537,-0.129746,-0.159646,0.192795,-0.394585,-0.832707,0.038386,-0.185011,-0.041703,-0.016493,-0.046382,-0.748720,-0.240796,0.221836,0.376305,0.745424,0.360306,-0.096654,-0.086947,-0.072479,-0.932662,0.701653,0.545968
Medial amygdalar nucleus,-0.572818,-0.596671,-0.520710,-0.564955,-0.656992,-0.474579,-0.456321,-0.666891,-0.671415,-0.493268,-0.682274,-0.322689,-0.381835,-0.275661,-0.544136,-0.639309,-0.632845,-0.268418,-0.308614,-0.453917,-0.200301,-0.741085,-0.512098,-0.574213,-0.645873,-0.587117,-0.836538,-0.844595,-0.536900,-0.386608,-0.352318,-0.525234,-0.708503,-0.773714,-0.942342,-0.541623,-0.499366,-0.191025,-0.634856,-0.542599,-0.367483,-0.294193,-0.693584,-0.389972,-0.566220,-0.616367,-0.324665,0.577726,-0.173434,0.373620,-0.002265,-0.456932,-0.512672,-0.729362,-0.439060,-0.733331,-0.776195,0.761870,-0.645235,-0.036497,-0.258051,-0.190699,-0.338044,-0.519154,-0.265630,-0.072568,0.986357,-0.018310,-0.469602,-0.351706,-0.513920,-0.459748,-0.282198,-0.818244,-0.845855,-0.149778,-0.697793,-0.428167,-0.396571,-0.269855,-0.023435,-0.172052,-0.677735,0.193488,0.320835,-0.417072,-0.021725,-0.584289,0.139626,-0.552988,-0.383252,-0.131903,-0.355058,-0.211371,-0.283264,-0.853955,-0.584467,-0.585387,-0.666215,-0.257208,0.716559,-0.151071,-0.489489,-0.035484,-0.785033,-0.221478,-0.336438,-0.688341,0.811474,1.000000,-0.598255,-0.472848,-0.862727,-0.565784,0.537984,-0.107085,0.900970,-0.569420,-0.387254,-0.768094,0.638925,0.362936,-0.649421,-0.705955,-0.263774,-0.186489,0.232793,-0.675403,-0.710892,-0.626988,-0.212933,0.291316,-0.047070,-0.141323,-0.473287,-0.664518,-0.658193,-0.828468,-0.507032,-0.434762,-0.450277,0.188063,-0.368628,0.156222,0.679765,0.473475,-0.138360,-0.495120,-0.223477,-0.153841,0.633456,-0.206953,-0.252663,0.638696,-0.951870,-0.280482,-0.422498,0.549957,-0.624069,0.672363,0.397491,-0.738459,0.522339,-0.603444,-0.888612,-0.658054,-0.905596,-0.786075,-0.561854,-0.376866,-0.621594,-0.166997,0.840900,0.377883,0.741258,0.789173,-0.475995,-0.357863,-0.288806,-0.555441,-0.547422,0.142799,0.013779,-0.550870,0.208919,-0.774220,-0.139393,0.234419,-0.749862,0.900011,0.373332,0.295882,0.265752,-0.609660,-0.674724,-0.585608,-0.845959,-0.782330,0.704441,0.145978,-0.662302,0.026787,-0.760343,-0.658364,-0.753544,-0.825539,-0.653999,-0.927767,-0.713569,-0.684425,0.704352,-0.050261,-0.314618,-0.449996,0.601936,-0.537464,-0.423602,0.728426,-0.513369,-0.995500,0.610332,-0.676346,-0.287731,-0.285918,0.534109,-0.272364,0.354073,-0.052329,-0.018795,0.284176,-0.252756,-0.453071,-0.333537,-0.524322,-0.967386,0.922163,0.932613
Lateral visual area,0.999158,0.999973,0.768567,0.998968,0.993248,0.971734,0.986009,0.995718,0.993018,0.779508,0.965910,0.903854,0.925216,0.383669,0.501369,0.994928,0.997932,0.921219,0.905208,0.976413,0.606484,0.981179,0.953203,0.987926,0.890923,0.959653,0.550335,0.898802,0.994486,0.958027,0.887364,0.770555,0.973636,0.599326,0.826505,0.997368,0.610121,0.895793,0.798896,0.997674,0.930095,0.800119,0.962238,0.813059,0.964300,0.998083,0.951888,-0.002686,0.892360,0.500742,0.241541,0.942143,0.965239,0.981307,0.783149,0.933326,0.954663,-0.495189,0.924717,0.316184,0.498537,0.898153,0.920027,0.941229,0.880013,0.623506,-0.498570,0.534136,0.881594,0.854762,0.776450,0.931937,0.930549,0.876915,0.375694,0.861538,0.853758,0.977854,0.822024,0.875401,0.284544,0.569840,0.991214,0.295127,0.121438,0.650034,0.519250,0.998967,0.633325,0.956811,0.949199,0.863001,0.961460,0.835921,0.811472,0.128431,0.443563,0.282201,0.855559,0.236008,-0.440065,0.874481,-0.189021,0.789585,0.934531,0.678801,0.873605,0.987601,-0.138375,-0.598255,1.000000,0.637681,0.394028,0.997959,-0.046489,0.470734,-0.602995,0.849166,0.895232,0.249661,0.191280,0.314595,0.961870,0.704067,0.929647,0.748254,0.388867,0.838444,0.832771,0.763199,0.713875,-0.274901,0.690759,0.794365,0.918377,0.917211,0.964308,0.788009,0.898037,0.651173,0.982858,0.672576,0.963266,0.617382,-0.439317,0.385952,0.830027,0.981855,0.528500,0.629601,-0.181790,-0.084444,0.851506,0.141600,0.367206,0.836047,0.650578,-0.152228,0.858112,-0.703573,0.388662,0.482240,0.205241,0.314466,0.893463,-0.162011,0.427412,0.956000,0.881316,0.700733,0.682192,0.814059,-0.814247,0.223450,0.003235,0.019424,0.742034,0.870136,0.484143,0.942476,0.989982,0.465619,0.789242,0.989480,0.612506,0.922202,-0.531858,0.497161,0.872395,-0.485500,0.363807,0.582173,-0.486540,0.739097,0.521517,0.639883,0.932306,0.965206,-0.851309,-0.102912,0.996473,-0.149153,0.749400,0.974845,0.911017,0.938014,0.894918,0.826522,0.982654,0.289854,-0.674524,-0.720714,0.714036,0.581520,-0.857860,0.988211,0.897360,-0.878073,0.790640,0.615807,-0.898080,0.562663,0.851009,0.865829,-0.915617,-0.552115,-0.619097,0.778834,0.808368,0.149713,0.727515,0.956013,0.864318,0.995276,0.418964,-0.395532,-0.777181
Field CA2,0.613220,0.632058,0.014831,0.617144,0.707485,0.455999,0.608408,0.625630,0.695906,0.977417,0.801210,0.796865,0.804141,0.953369,0.971369,0.576572,0.606286,0.422314,0.307933,0.495825,0.949296,0.634226,0.375979,0.744528,0.913103,0.827657,0.008409,0.454341,0.568150,0.711838,0.847960,0.982214,0.764668,0.906123,0.539799,0.645807,0.998101,0.437656,0.965011,0.622530,0.780779,0.905944,0.804835,0.938685,0.814880,0.682642,0.553924,0.445807,0.546027,0.382354,0.860576,0.351249,0.416948,0.702522,0.022312,0.837176,0.753802,-0.874047,0.879246,0.887916,0.971477,0.583410,0.776360,0.340046,0.260581,-0.167788,-0.506140,-0.279108,0.198591,0.157248,0.024378,0.320230,0.455824,0.364010,0.714946,0.327808,0.925603,0.544789,0.934914,0.243959,0.877431,0.944446,0.704657,0.772764,0.678617,0.996813,0.880296,0.602908,0.653458,0.386680,0.742309,0.616350,0.573453,0.807378,0.087136,0.350363,0.939923,0.853473,0.201465,0.899038,-0.876390,0.611507,0.446280,0.226828,0.462667,0.937764,0.204857,0.719210,0.106933,-0.472848,0.637681,1.000000,0.707790,0.593415,-0.688623,0.926675,-0.786271,0.948311,0.858562,-0.197922,0.229598,0.620564,0.820024,0.957870,0.512300,0.880197,0.726548,0.178503,0.191177,0.046083,0.917861,0.529122,0.815291,0.795746,0.282163,0.318521,0.440164,0.229627,0.234456,-0.154897,0.556338,0.292618,0.531030,-0.011962,-0.897342,0.359137,0.224266,0.498207,0.964525,-0.182879,-0.749452,-0.735763,0.190265,-0.322007,0.470800,0.863927,-0.158092,0.451304,0.186210,0.001296,0.524187,-0.140718,0.463052,-0.346246,0.681316,0.227565,0.669292,0.732283,0.208448,-0.101186,0.984124,0.152337,-0.856722,-0.491407,0.181143,-0.078648,-0.032040,0.189633,0.975191,0.345272,0.723669,-0.305312,0.507708,0.522068,0.560569,0.414691,-0.750442,-0.184370,0.285921,-0.724533,0.581348,0.372332,-0.971787,0.982965,-0.166829,0.989671,0.664483,0.602944,-0.216594,-0.831146,0.656253,-0.837181,0.114299,0.786364,0.854302,0.554850,0.266849,0.469548,0.719866,0.801203,0.011343,-0.654552,0.961823,0.997465,-0.941954,0.517672,0.237635,-0.898032,0.045053,0.412329,-0.910877,0.947788,0.170947,0.208283,-0.887942,-0.540480,-0.990532,0.166330,0.372949,0.706450,0.931003,0.399943,0.183935,0.594540,0.250127,-0.604299,-0.741397
Posterolateral visual area,0.356452,0.389080,0.056028,0.352068,0.493921,0.184668,0.257237,0.449555,0.499502,0.635027,0.590411,0.302411,0.347912,0.640619,0.826455,0.394482,0.405936,0.007870,-0.020247,0.189032,0.450942,0.528614,0.177286,0.446860,0.669447,0.526176,0.449749,0.550993,0.298610,0.276010,0.369918,0.671232,0.586362,0.935784,0.730761,0.350391,0.744974,-0.037298,0.742218,0.336359,0.317771,0.402193,0.604713,0.500833,0.497057,0.439575,0.124469,-0.228517,0.017552,-0.359542,0.416271,0.118704,0.197225,0.561378,-0.019489,0.676025,0.649734,-0.961205,0.629207,0.423621,0.574453,0.053389,0.294313,0.167263,-0.074718,-0.378492,-0.925523,-0.448795,0.066005,-0.050184,0.051795,0.107076,0.036257,0.482279,0.999471,-0.124891,0.743447,0.196419,0.499456,-0.079003,0.422489,0.442616,0.511616,0.158239,0.079539,0.649661,0.296071,0.360198,-0.052115,0.218356,0.297086,0.041095,0.158603,0.247064,-0.131857,0.909396,0.873513,0.906731,0.256167,0.669595,-0.952283,0.048823,0.818413,-0.251272,0.484175,0.423373,-0.043759,0.532180,-0.576942,-0.862727,0.394028,0.707790,1.000000,0.338329,-0.887633,0.427285,-0.970752,0.646502,0.403348,0.420818,-0.524328,-0.098808,0.575377,0.851921,0.056157,0.318426,0.043538,0.259019,0.301562,0.172915,0.384266,0.225067,0.184799,0.200043,0.102306,0.295464,0.341418,0.454290,0.113006,-0.064203,0.220625,-0.344623,0.142807,-0.479371,-0.933331,-0.400779,-0.183533,0.224126,0.523228,-0.319289,-0.937716,-0.236630,-0.115325,-0.846421,0.943506,0.344049,-0.076776,-0.119686,0.207773,-0.215342,-0.230425,0.305187,-0.280762,0.146001,0.736549,0.814827,0.995610,0.644150,0.154170,-0.108289,0.805566,-0.195051,-0.848040,-0.766629,-0.544185,-0.759824,0.001050,-0.032529,0.611838,0.202063,0.408798,-0.571202,-0.116983,0.284531,-0.161090,0.450881,-0.064255,-0.592902,0.374678,-0.994262,-0.159413,-0.340940,-0.587953,0.763532,0.210958,0.800019,0.667115,0.554000,-0.301922,-0.599883,0.464461,-0.473082,0.341752,0.554996,0.716826,0.576544,0.265470,0.673368,0.557629,0.957309,-0.253023,0.019385,0.502142,0.716248,-0.666609,0.270549,0.041427,-0.740024,0.056731,0.810959,-0.632668,0.895636,-0.096197,-0.082176,-0.541117,0.197441,-0.606543,-0.268825,-0.183725,0.114385,0.420521,0.138611,-0.054558,0.303737,0.789650,-0.986373,-0.876360
Spinal nucleus of the trigeminal oral part,0.999685,0.998366,0.796152,0.999531,0.983840,0.984801,0.990587,0.991511,0.983797,0.744982,0.947547,0.895929,0.915850,0.334040,0.447517,0.995010,0.996487,0.941388,0.930371,0.987946,0.574286,0.972565,0.968927,0.978967,0.861782,0.942869,0.552046,0.892815,0.999116,0.956691,0.873834,0.733886,0.957162,0.547044,0.806403,0.996842,0.563184,0.916359,0.760874,0.998674,0.923153,0.779460,0.942957,0.787294,0.949479,0.992226,0.963071,-0.009783,0.906205,0.521943,0.199735,0.960967,0.978989,0.968629,0.814370,0.908496,0.935045,-0.438862,0.900001,0.275979,0.455720,0.909208,0.913891,0.958298,0.908399,0.671543,-0.458070,0.585993,0.906194,0.885019,0.804171,0.952060,0.948548,0.876561,0.319014,0.888829,0.819380,0.987239,0.796821,0.904430,0.243530,0.536736,0.981051,0.270243,0.096726,0.608955,0.493075,0.999716,0.635807,0.970452,0.945410,0.871936,0.970765,0.827334,0.846308,0.079867,0.386531,0.220584,0.870596,0.181296,-0.381846,0.883717,-0.249891,0.823474,0.932605,0.651148,0.902503,0.975825,-0.122462,-0.565784,0.997959,0.593415,0.338329,1.000000,0.017354,0.435039,-0.553909,0.818025,0.880130,0.248583,0.213299,0.307701,0.943290,0.657686,0.944563,0.730222,0.374568,0.853553,0.845285,0.784198,0.690114,-0.316116,0.678838,0.786649,0.939631,0.928475,0.970750,0.790505,0.919836,0.685910,0.990928,0.703409,0.974969,0.663661,-0.381103,0.405293,0.862629,0.991960,0.489411,0.675840,-0.118791,-0.049114,0.883250,0.197052,0.322030,0.821004,0.685970,-0.170312,0.875977,-0.722136,0.394241,0.493354,0.208082,0.333822,0.870345,-0.213255,0.374716,0.937508,0.901625,0.737337,0.635983,0.849293,-0.776309,0.285131,0.020496,0.056838,0.772792,0.898982,0.438955,0.957854,0.983590,0.521166,0.806400,0.996300,0.622544,0.923098,-0.521426,0.550286,0.879619,-0.433060,0.363060,0.606181,-0.442636,0.697061,0.539368,0.592020,0.914454,0.956032,-0.863571,-0.048584,0.990463,-0.102047,0.759762,0.958974,0.882836,0.928604,0.908604,0.811656,0.969530,0.228309,-0.690647,-0.725188,0.683379,0.534739,-0.826420,0.995769,0.922178,-0.845875,0.817914,0.588648,-0.870937,0.509098,0.882628,0.895986,-0.894103,-0.562124,-0.578934,0.815392,0.834411,0.123519,0.702189,0.972642,0.894126,0.998697,0.391125,-0.344467,-0.740936
Field CA3,-0.006052,-0.039804,0.404834,-0.005087,-0.161910,0.189664,0.061646,-0.083209,-0.159824,-0.539089,-0.300049,-0.122900,-0.147656,-0.763929,-0.840649,-0.016470,-0.039321,0.308001,0.381605,0.167490,-0.490815,-0.154531,0.227804,-0.150719,-0.463438,-0.271019,-0.009645,-0.121461,0.058250,-0.025112,-0.210088,-0.573576,-0.272569,-0.827435,-0.342788,-0.020442,-0.731168,0.317768,-0.599560,0.002743,-0.109896,-0.316969,-0.314695,-0.399610,-0.239923,-0.105597,0.168694,-0.077107,0.216331,0.351135,-0.632549,0.277774,0.197919,-0.215780,0.464808,-0.401781,-0.324373,0.890117,-0.395454,-0.608767,-0.657370,0.173041,-0.096211,0.247698,0.432551,0.737801,0.661147,0.797366,0.364002,0.456013,0.407388,0.297210,0.274385,-0.034649,-0.901981,0.421785,-0.546545,0.136197,-0.391245,0.442044,-0.620906,-0.503704,-0.174559,-0.363532,-0.356989,-0.636909,-0.390997,-0.003287,0.055814,0.193944,-0.062429,0.143324,0.138632,-0.128139,0.528661,-0.782970,-0.892188,-0.964727,0.207443,-0.842788,0.917412,0.147075,-0.956065,0.527166,-0.055841,-0.421558,0.436447,-0.199733,0.283462,0.537984,-0.046489,-0.688623,-0.887633,0.017354,1.000000,-0.541302,0.785534,-0.490476,-0.235768,-0.053440,0.372650,-0.080257,-0.301665,-0.732226,0.228422,-0.272062,-0.198721,0.207769,0.166267,0.298793,-0.361264,-0.616400,-0.172505,-0.111821,0.313475,0.151136,0.078838,0.006712,0.319637,0.516373,0.115080,0.490671,0.174447,0.723206,0.915374,0.326263,0.502727,0.143641,-0.598268,0.706173,0.990030,0.525360,0.483895,0.880793,-0.732672,-0.230127,0.526995,-0.248354,0.252804,-0.258274,0.112725,0.137639,0.074679,0.267550,-0.384708,-0.818117,-0.843678,-0.307741,0.293731,0.548707,-0.725445,0.541002,0.609085,0.963015,0.302576,0.612229,0.455100,0.434461,-0.695349,0.220034,-0.110178,0.861054,0.275091,0.090777,0.174211,-0.012500,0.142492,0.829619,0.084293,0.838517,0.014711,0.391055,0.674539,-0.660334,0.244272,-0.749396,-0.301599,-0.165534,-0.163084,0.833189,-0.110418,0.716071,0.129461,-0.260668,-0.454261,-0.171904,0.188184,-0.262305,-0.221697,-0.968813,-0.218931,-0.082816,-0.471700,-0.726628,0.496633,0.102691,0.370053,0.514620,0.400865,-0.456581,0.430993,-0.842358,0.480101,0.458188,0.340904,-0.176183,0.620103,0.566718,0.408931,-0.381056,-0.386994,0.244781,0.450306,0.040551,-0.468712,0.820262,0.588839
Medial geniculate complex,0.454247,0.465106,-0.197874,0.462040,0.523639,0.319829,0.498939,0.427537,0.504418,0.894396,0.617554,0.767014,0.749941,0.956068,0.861981,0.384372,0.420547,0.370314,0.224391,0.373502,0.986960,0.404978,0.213590,0.600859,0.757843,0.688212,-0.344244,0.157345,0.419102,0.644727,0.811354,0.885868,0.565329,0.690992,0.210119,0.504255,0.912738,0.420589,0.819635,0.477715,0.729980,0.900355,0.616693,0.895943,0.682950,0.513351,0.494151,0.749564,0.549755,0.596940,0.968018,0.209494,0.259479,0.486685,-0.154054,0.635456,0.523674,-0.658727,0.720568,0.984917,0.985507,0.584337,0.737590,0.170061,0.189463,-0.211371,-0.149017,-0.314073,0.031903,0.036019,-0.184125,0.173332,0.402098,0.067050,0.442354,0.314654,0.748977,0.439582,0.888982,0.168924,0.978367,0.993222,0.511488,0.954642,0.901636,0.947329,0.985424,0.437722,0.801980,0.208003,0.680255,0.646209,0.503080,0.825947,-0.013705,0.026428,0.808523,0.708971,-0.050053,0.901104,-0.680179,0.632655,0.287139,0.249693,0.192862,0.965836,0.096287,0.523196,0.468321,-0.107085,0.470734,0.926675,0.427285,0.435039,-0.541302,1.000000,-0.501625,0.829793,0.808281,-0.550245,0.535890,0.857205,0.652791,0.779689,0.473417,0.917247,0.920974,-0.080014,-0.081179,-0.208729,0.947651,0.715884,0.903802,0.842569,0.124589,0.082862,0.222731,-0.089352,0.056219,-0.352821,0.443069,0.418438,0.449638,0.062148,-0.719559,0.612453,0.202962,0.358468,0.993020,-0.263296,-0.570163,-0.916141,0.115768,-0.083916,0.122499,0.859592,-0.351123,0.741774,-0.048954,0.282269,0.764933,-0.470185,0.747769,-0.644804,0.393009,-0.030696,0.366024,0.495279,0.003155,-0.266907,0.845265,0.109670,-0.609403,-0.385485,0.523180,0.252512,-0.231532,0.069912,0.976215,0.160284,0.589037,-0.274870,0.586169,0.361292,0.727357,0.143522,-0.909379,-0.099190,0.008859,-0.431198,0.818331,0.553226,-0.982374,0.849866,-0.471468,0.866457,0.393036,0.351863,0.049625,-0.871145,0.463894,-0.929958,-0.189897,0.611327,0.645659,0.278884,0.029117,0.137568,0.512982,0.607677,0.307731,-0.765803,0.953115,0.932948,-0.808743,0.362126,0.095777,-0.705139,-0.160497,0.041340,-0.770775,0.779280,0.078949,0.121828,-0.778158,-0.731389,-0.967054,0.174386,0.421129,0.917429,0.945398,0.265990,0.073936,0.454157,-0.131167,-0.285514,-0.439913
Medial mammillary nucleus,-0.570102,-0.598646,-0.243780,-0.566350,-0.688228,-0.413010,-0.481429,-0.649427,-0.692781,-0.759445,-0.765686,-0.502366,-0.547012,-0.663229,-0.853125,-0.601120,-0.612201,-0.247711,-0.217655,-0.418585,-0.556826,-0.713802,-0.400679,-0.647028,-0.816320,-0.709321,-0.526511,-0.709218,-0.518492,-0.492097,-0.556997,-0.788356,-0.763588,-0.970932,-0.846671,-0.564959,-0.811185,-0.202680,-0.856283,-0.552608,-0.521979,-0.563475,-0.777099,-0.652046,-0.685277,-0.642362,-0.357800,0.189929,-0.250667,0.175538,-0.432836,-0.347134,-0.421526,-0.743078,-0.182716,-0.831542,-0.813044,0.965789,-0.789795,-0.458565,-0.635866,-0.283531,-0.499193,-0.388449,-0.163688,0.169389,0.930116,0.254297,-0.284021,-0.176700,-0.242299,-0.334053,-0.275010,-0.643167,-0.965751,-0.116950,-0.870658,-0.426080,-0.653082,-0.158568,-0.449380,-0.540278,-0.702871,-0.223336,-0.110050,-0.739412,-0.400469,-0.573108,-0.126662,-0.437058,-0.508449,-0.264556,-0.389876,-0.437705,-0.094395,-0.819669,-0.878363,-0.864502,-0.440850,-0.649719,0.944145,-0.274038,-0.662311,0.011550,-0.661019,-0.551339,-0.187771,-0.719855,0.529229,0.900970,-0.602995,-0.786271,-0.970752,-0.553909,0.785534,-0.501625,1.000000,-0.786551,-0.587892,-0.421916,0.398250,-0.004982,-0.752041,-0.926325,-0.292781,-0.477898,-0.147870,-0.438583,-0.473900,-0.343352,-0.526334,-0.131949,-0.347423,-0.386550,-0.325899,-0.492159,-0.545562,-0.594368,-0.329161,-0.107912,-0.448337,0.120464,-0.376085,0.255143,0.928004,0.240527,-0.056897,-0.450162,-0.599357,0.117209,0.863939,0.236542,-0.120425,0.696451,-0.911607,-0.521977,-0.096907,0.134344,-0.399672,0.363894,0.090822,-0.382599,0.181684,-0.199880,-0.870927,-0.662607,-0.974854,-0.808243,-0.359866,-0.083488,-0.881351,-0.041792,0.949388,0.609782,0.463894,0.649219,-0.189044,-0.196296,-0.664390,-0.418752,-0.614512,0.377317,-0.108236,-0.504387,-0.026247,-0.628510,0.202407,0.386014,-0.548313,0.989345,0.035209,0.139010,0.644422,-0.859681,-0.311199,-0.865917,-0.820871,-0.731056,0.479327,0.554895,-0.662916,0.457790,-0.486011,-0.737289,-0.861203,-0.742747,-0.459894,-0.796239,-0.740475,-0.909074,0.388727,0.177021,-0.628365,-0.779220,0.805937,-0.491980,-0.267533,0.873459,-0.250477,-0.859982,0.786501,-0.927778,-0.136427,-0.152839,0.711926,-0.020663,0.694395,0.030332,-0.053599,-0.147625,-0.561165,-0.368543,-0.175797,-0.523520,-0.789039,0.957774,0.962459
Subiculum,0.832090,0.845301,0.326530,0.834718,0.894143,0.713119,0.823588,0.838997,0.886077,0.991349,0.947091,0.919188,0.932884,0.811819,0.872243,0.805076,0.826710,0.669558,0.584413,0.742409,0.901184,0.838745,0.650507,0.917514,0.992944,0.962833,0.231389,0.681140,0.799317,0.883113,0.947367,0.990879,0.925165,0.867492,0.709710,0.853764,0.935576,0.669733,0.990567,0.837922,0.918903,0.951225,0.948038,0.978839,0.956029,0.879178,0.772385,0.305805,0.742682,0.469772,0.690016,0.629085,0.683576,0.885665,0.337843,0.958204,0.909744,-0.802511,0.983677,0.739525,0.871708,0.770682,0.911772,0.620901,0.541613,0.142246,-0.551117,0.029092,0.499347,0.460140,0.336347,0.603589,0.696368,0.610194,0.643873,0.580322,0.986069,0.776639,0.979941,0.528299,0.719293,0.882781,0.891322,0.652296,0.516245,0.951335,0.818183,0.824916,0.710016,0.659256,0.900375,0.778875,0.789673,0.898565,0.394307,0.291680,0.826725,0.700792,0.490182,0.713613,-0.781444,0.780256,0.227093,0.481570,0.701722,0.923095,0.500606,0.899791,0.017794,-0.569420,0.849166,0.948311,0.646502,0.818025,-0.490476,0.829793,-0.786551,1.000000,0.957820,-0.034163,0.237723,0.556272,0.958391,0.946372,0.734769,0.912359,0.659383,0.467347,0.473628,0.345541,0.923944,0.249980,0.844370,0.873563,0.571852,0.595934,0.698831,0.481286,0.530664,0.161803,0.786583,0.478816,0.761293,0.247047,-0.795578,0.406640,0.496312,0.746209,0.879381,0.134252,-0.587885,-0.539943,0.481637,-0.161143,0.472698,0.937269,0.159390,0.247768,0.480855,-0.288333,0.520819,0.101173,0.403388,-0.108817,0.834533,0.087898,0.633799,0.895517,0.505812,0.219223,0.955511,0.440325,-0.922227,-0.244048,0.127035,-0.044379,0.283512,0.488690,0.868252,0.624930,0.904108,-0.016861,0.674183,0.765615,0.637841,0.663744,-0.734637,0.079299,0.554900,-0.695687,0.549716,0.496372,-0.866952,0.978239,0.099608,0.941915,0.839111,0.810611,-0.498729,-0.612302,0.860323,-0.635769,0.386372,0.940644,0.960699,0.766310,0.551307,0.661560,0.898149,0.667906,-0.269383,-0.746678,0.953966,0.923425,-0.999166,0.762102,0.532728,-0.977139,0.356389,0.535166,-0.994442,0.881122,0.468112,0.499844,-0.986102,-0.599247,-0.934375,0.435602,0.589585,0.546941,0.938513,0.668219,0.482427,0.817769,0.342680,-0.576022,-0.827639
Main olfactory bulb,0.889396,0.892706,0.416491,0.893755,0.909366,0.815597,0.912842,0.864603,0.898610,0.945155,0.931265,0.993351,0.994878,0.706404,0.720671,0.846377,0.866390,0.823551,0.738526,0.846584,0.892106,0.835672,0.747811,0.950527,0.946515,0.969894,0.154843,0.647303,0.872978,0.968564,0.999256,0.931283,0.909491,0.687978,0.609334,0.914979,0.829040,0.836649,0.909465,0.902520,0.990457,0.983423,0.927009,0.981036,0.972941,0.912182,0.899002,0.412399,0.897166,0.688289,0.635789,0.743394,0.778333,0.875700,0.456295,0.910648,0.868918,-0.597542,0.953685,0.695030,0.806377,0.916044,0.989690,0.717674,0.707885,0.349508,-0.335442,0.240837,0.613514,0.607834,0.429482,0.718480,0.844053,0.591139,0.398773,0.765524,0.909761,0.881598,0.983634,0.694334,0.670062,0.871094,0.899995,0.688727,0.549262,0.883107,0.845659,0.880250,0.858803,0.743632,0.979279,0.925611,0.907149,0.982854,0.559511,0.019474,0.648827,0.483232,0.535491,0.573972,-0.571925,0.925644,-0.052443,0.693646,0.696420,0.932948,0.651780,0.901813,0.203454,-0.387254,0.895232,0.858562,0.403348,0.880130,-0.235768,0.808281,-0.587892,0.957820,1.000000,-0.156273,0.459556,0.674112,0.948364,0.813741,0.879085,0.964406,0.745506,0.507800,0.499464,0.396554,0.950914,0.167603,0.930118,0.967421,0.684047,0.643879,0.745366,0.450763,0.633274,0.265740,0.884662,0.710692,0.881751,0.498059,-0.593804,0.621682,0.690635,0.839238,0.835437,0.321059,-0.338897,-0.517386,0.653370,0.129262,0.230082,0.991839,0.267361,0.296232,0.542187,-0.313340,0.688198,0.055227,0.558335,-0.136775,0.750620,-0.200540,0.394403,0.855428,0.590259,0.348721,0.837408,0.631774,-0.800006,0.019661,0.326114,0.214554,0.385647,0.634544,0.788277,0.710248,0.949166,0.225643,0.857948,0.840473,0.815238,0.665093,-0.835306,0.341414,0.567221,-0.468459,0.692824,0.719327,-0.795309,0.882529,0.089924,0.820111,0.783467,0.794567,-0.528673,-0.473548,0.882863,-0.547506,0.381746,0.937305,0.897065,0.735619,0.603129,0.576440,0.890767,0.430705,-0.276704,-0.896595,0.943237,0.822695,-0.950894,0.841307,0.660053,-0.903676,0.451144,0.369412,-0.961523,0.712899,0.631969,0.663348,-0.985665,-0.779353,-0.876211,0.648341,0.790399,0.573736,0.955779,0.780743,0.634672,0.891460,0.146182,-0.331168,-0.683109
Medial preoptic nucleus,0.241055,0.252273,0.621768,0.229592,0.258475,0.253601,0.118499,0.332119,0.282807,-0.144937,0.211055,-0.177376,-0.117436,-0.398327,-0.112710,0.340082,0.310649,0.053379,0.182680,0.201342,-0.454432,0.403707,0.353430,0.140745,0.078908,0.088083,0.944329,0.644733,0.236640,-0.038335,-0.186382,-0.115194,0.267970,0.193117,0.677029,0.182421,-0.170692,-0.043878,0.018347,0.201352,-0.114439,-0.301674,0.220051,-0.222785,0.075917,0.234420,0.015745,-0.961961,-0.146204,-0.645502,-0.634225,0.312146,0.323789,0.338758,0.529854,0.235079,0.347081,-0.194913,0.107471,-0.611232,-0.419965,-0.155795,-0.143607,0.387399,0.170445,0.267025,-0.718253,0.285537,0.436956,0.339593,0.607926,0.337969,0.043364,0.683628,0.395452,-0.007192,0.121412,0.136302,-0.211944,0.187280,-0.620270,-0.484570,0.282700,-0.771666,-0.852912,-0.254113,-0.601536,0.261251,-0.589569,0.389436,-0.066163,-0.247544,0.034299,-0.311445,0.315750,0.659799,-0.050932,0.000712,0.643143,-0.390772,-0.139162,-0.222154,0.164455,-0.059326,0.577917,-0.415853,0.288525,0.282564,-0.965950,-0.768094,0.249661,-0.197922,0.420818,0.248583,-0.053440,-0.550245,-0.421916,-0.034163,-0.156273,1.000000,-0.842958,-0.834811,0.160989,0.090897,-0.019806,-0.402495,-0.769288,0.668952,0.696752,0.711285,-0.406352,-0.745025,-0.507849,-0.381699,0.380376,0.557519,0.461998,0.789047,0.451196,0.648365,0.151648,-0.360949,0.081570,-0.098525,-0.083547,-0.745948,0.056923,0.244243,-0.448815,0.366378,-0.122325,0.778166,0.207703,-0.424437,0.695621,-0.280670,0.637602,-0.950894,0.609880,-0.790518,-0.790772,0.946894,-0.895603,0.943427,0.517338,0.515663,0.499572,0.374315,0.528332,0.549868,-0.021861,0.141265,-0.323930,-0.006776,-0.933811,-0.784374,0.607177,0.322849,-0.391217,0.422438,0.128204,0.126161,-0.327649,0.286487,-0.594673,0.601920,0.673550,-0.061830,0.669729,-0.456845,-0.811110,-0.546524,0.413105,-0.028253,0.902360,-0.068823,0.488262,0.470397,-0.672134,0.470930,0.303781,0.598935,0.800680,0.197660,0.241462,0.551001,0.583705,0.715279,0.308644,0.147790,-0.829723,0.486065,-0.330973,-0.225940,-0.006437,0.275354,0.359192,-0.177779,0.592852,0.811389,-0.043183,0.053151,0.260092,0.230948,0.019293,0.653183,0.319879,0.004105,-0.187485,-0.832193,-0.372389,0.272000,0.300559,0.202982,0.886549,-0.564103,-0.507177
Medial preoptic area,0.212831,0.191122,-0.103570,0.223792,0.140457,0.256190,0.344813,0.099726,0.118331,0.293881,0.125325,0.521813,0.466707,0.279144,0.037730,0.114840,0.135830,0.461676,0.359036,0.299483,0.523476,0.001938,0.167814,0.251985,0.159722,0.247463,-0.643430,-0.248272,0.236966,0.449289,0.493043,0.250303,0.084966,-0.200408,-0.386266,0.261903,0.177406,0.544723,0.129063,0.252302,0.479015,0.525678,0.110273,0.429288,0.271552,0.184396,0.462553,0.871414,0.604034,0.944412,0.482088,0.218674,0.190563,0.041676,0.009340,0.053604,-0.015110,0.269478,0.171246,0.501646,0.386545,0.600694,0.506536,0.137617,0.376854,0.278337,0.678529,0.242104,0.104941,0.215693,-0.086283,0.196713,0.463610,-0.264474,-0.513621,0.531041,0.075102,0.350166,0.425975,0.362346,0.491988,0.531076,0.112580,0.726473,0.728130,0.305305,0.656785,0.194819,0.849197,0.124131,0.458602,0.660759,0.439112,0.615388,0.243837,-0.828778,-0.063164,-0.207417,-0.152963,0.179966,0.251026,0.643373,-0.565087,0.584232,-0.147564,0.543049,0.265009,0.102476,0.939105,0.638925,0.191280,0.229598,-0.524328,0.213299,0.372650,0.535890,0.398250,0.237723,0.459556,-0.842958,1.000000,0.891282,0.169783,-0.026051,0.506478,0.612469,0.822111,-0.184513,-0.227237,-0.225990,0.570313,0.363656,0.719770,0.668340,0.156687,-0.065099,0.020114,-0.387975,0.083652,-0.141870,0.330781,0.802056,0.408019,0.612278,0.198677,0.979181,0.485015,0.253600,0.446992,0.177311,0.373999,-0.584191,0.347094,0.761345,-0.739798,0.551679,-0.128428,0.736417,-0.105183,0.340217,0.948984,-0.625281,0.953093,-0.651374,-0.221903,-0.834089,-0.568139,-0.034265,-0.004699,-0.016881,0.072023,0.412287,0.153044,0.435272,0.978016,0.951752,-0.084372,0.230720,0.340302,0.095925,0.278525,0.382729,0.748349,0.199336,0.885429,-0.160556,-0.814928,0.561536,-0.212656,0.500843,0.923405,0.901481,-0.368956,0.125413,-0.529760,0.089054,-0.149093,-0.071205,0.197154,-0.199538,0.117207,-0.379738,-0.373732,0.155295,0.019798,-0.160705,-0.086680,-0.394386,0.068384,-0.342909,0.403159,-0.800229,0.462035,0.217999,-0.201495,0.213270,0.186643,-0.044089,-0.068182,-0.643720,-0.207398,-0.090868,0.296609,0.322857,-0.304432,-0.914183,-0.358908,0.533785,0.671710,0.712963,0.535750,0.250983,0.254426,0.262697,-0.804851,0.634461,0.333692
Medial pretectal area,0.318234,0.311309,-0.226056,0.329246,0.314555,0.269856,0.423680,0.235433,0.290388,0.631302,0.360581,0.687489,0.643297,0.684046,0.477876,0.220072,0.252988,0.425214,0.281918,0.325969,0.833233,0.164924,0.157800,0.425649,0.465840,0.474383,-0.618421,-0.120170,0.313099,0.570958,0.696482,0.600912,0.306216,0.231380,-0.168196,0.376172,0.583187,0.505283,0.488674,0.355334,0.639033,0.772415,0.351306,0.711192,0.485544,0.334766,0.493922,0.948346,0.614376,0.871748,0.822178,0.186745,0.196674,0.235111,-0.134416,0.329881,0.223801,-0.178625,0.449342,0.838484,0.757482,0.631597,0.660544,0.115791,0.274494,0.005248,0.356221,-0.068745,0.021822,0.092431,-0.208413,0.153739,0.443776,-0.179640,-0.082603,0.439286,0.412522,0.393773,0.704653,0.254447,0.831100,0.843809,0.291068,0.957663,0.940265,0.676886,0.918233,0.298063,0.921994,0.128171,0.597293,0.705104,0.484275,0.781645,0.084027,-0.491052,0.390885,0.258687,-0.177702,0.603270,-0.205572,0.686210,-0.163574,0.439198,-0.041983,0.828137,0.154948,0.291888,0.838566,0.362936,0.314595,0.620564,-0.098808,0.307701,-0.080257,0.857205,-0.004982,0.556272,0.674112,-0.834811,0.891282,1.000000,0.407522,0.379295,0.510019,0.837572,0.989664,-0.212481,-0.238402,-0.305327,0.831828,0.642796,0.898210,0.825647,0.102980,-0.053720,0.073593,-0.336500,0.021732,-0.329042,0.383780,0.673511,0.435179,0.361226,-0.259378,0.909130,0.350426,0.289538,0.796008,-0.085247,-0.086723,-0.864591,0.216748,0.399822,-0.399204,0.762484,-0.319971,0.872957,-0.148574,0.411588,0.977314,-0.674388,0.982373,-0.777819,0.029688,-0.507119,-0.162094,0.196108,-0.060268,-0.208626,0.476822,0.254933,-0.199082,0.027565,0.883518,0.713139,-0.231843,0.119641,0.725425,0.085139,0.434734,0.042496,0.728575,0.258059,0.902810,-0.076939,-0.969165,0.247339,-0.181244,0.088642,0.993921,0.815714,-0.745955,0.507651,-0.620427,0.501909,0.070791,0.091971,0.203696,-0.606969,0.266495,-0.745372,-0.382388,0.374436,0.316878,-0.001311,-0.095659,-0.214223,0.265966,0.119399,0.461854,-0.866211,0.769931,0.620935,-0.522005,0.266981,0.106028,-0.367409,-0.185101,-0.404286,-0.501308,0.349666,0.165597,0.204676,-0.562554,-0.926414,-0.722325,0.366929,0.587680,0.938221,0.808890,0.237249,0.136542,0.348372,-0.585610,0.245423,0.002984
posteromedial visual area,0.951301,0.959845,0.582735,0.951965,0.984636,0.872207,0.932569,0.959381,0.981528,0.913923,0.998701,0.929268,0.950783,0.611643,0.718870,0.940393,0.952122,0.811310,0.764046,0.887584,0.762561,0.957000,0.834597,0.987838,0.981115,0.996831,0.447650,0.844982,0.930360,0.943081,0.936879,0.911367,0.993568,0.781411,0.829367,0.958956,0.801700,0.793342,0.932927,0.951371,0.945370,0.890960,0.998092,0.917592,0.994392,0.976927,0.881221,0.109978,0.826361,0.457760,0.461559,0.814725,0.856980,0.979384,0.590079,0.991272,0.981041,-0.696233,0.993495,0.525810,0.697701,0.844244,0.934790,0.814471,0.727365,0.388492,-0.589358,0.284115,0.721225,0.680390,0.591072,0.797224,0.830148,0.797229,0.563716,0.729259,0.962578,0.903420,0.923092,0.718774,0.499046,0.733147,0.983636,0.456584,0.293558,0.823927,0.665649,0.948452,0.658719,0.843506,0.946920,0.826605,0.896621,0.877373,0.621529,0.266431,0.670127,0.527019,0.717010,0.487765,-0.655054,0.834362,0.050192,0.636647,0.869029,0.811156,0.708761,0.986714,-0.116060,-0.649421,0.961870,0.820024,0.575377,0.943290,-0.301665,0.652791,-0.752041,0.958391,0.948364,0.160989,0.169783,0.407522,1.000000,0.868318,0.847360,0.838401,0.504527,0.697780,0.700439,0.596640,0.828626,-0.034878,0.766503,0.839393,0.775692,0.799993,0.873938,0.689715,0.747470,0.436701,0.912341,0.561241,0.884470,0.421468,-0.659137,0.362145,0.671248,0.894998,0.714190,0.393152,-0.424182,-0.294391,0.682600,-0.051700,0.482330,0.901212,0.434378,0.008093,0.710827,-0.541566,0.424938,0.342580,0.266363,0.145575,0.920872,0.006669,0.588821,0.975376,0.730553,0.485966,0.856079,0.637585,-0.921004,-0.033637,0.013739,-0.065841,0.545155,0.702605,0.690856,0.819553,0.980442,0.216057,0.728020,0.912189,0.607973,0.843383,-0.619853,0.273053,0.763056,-0.648137,0.428325,0.517099,-0.689851,0.895073,0.357214,0.825659,0.939751,0.937917,-0.721687,-0.363361,0.969956,-0.390054,0.618901,0.998388,0.982661,0.905361,0.766082,0.804660,0.985136,0.521408,-0.519804,-0.726802,0.850423,0.777972,-0.964566,0.908907,0.742466,-0.972489,0.608043,0.641062,-0.983030,0.763063,0.678074,0.701036,-0.982547,-0.554276,-0.795727,0.609741,0.698173,0.325394,0.845373,0.840717,0.694937,0.938991,0.445348,-0.545455,-0.862011
Central amygdalar nucleus,0.675973,0.699009,0.177572,0.676557,0.779756,0.516999,0.633898,0.716929,0.775152,0.945336,0.863902,0.742668,0.767824,0.857259,0.959171,0.668278,0.690113,0.422424,0.343437,0.542317,0.827604,0.748354,0.464881,0.782485,0.942782,0.854019,0.277750,0.637786,0.627828,0.694663,0.793760,0.959777,0.842975,0.981258,0.739398,0.692034,0.965251,0.409554,0.981715,0.673566,0.744218,0.822081,0.870570,0.879889,0.836806,0.746320,0.546905,0.169948,0.491259,0.182198,0.693543,0.426873,0.498047,0.799619,0.156671,0.909942,0.856588,-0.952227,0.915005,0.726321,0.865260,0.527062,0.731049,0.438287,0.291276,-0.116046,-0.729056,-0.223077,0.308268,0.236349,0.182989,0.402837,0.453930,0.556381,0.852283,0.307591,0.970200,0.573361,0.878950,0.279282,0.713794,0.814670,0.784305,0.557956,0.441371,0.936879,0.713858,0.671422,0.476940,0.486929,0.718215,0.534576,0.572585,0.715058,0.157583,0.562482,0.947462,0.879154,0.375389,0.808407,-0.939623,0.536884,0.522397,0.189050,0.624675,0.824737,0.269619,0.799561,-0.179386,-0.705955,0.704067,0.957870,0.851921,0.657686,-0.732226,0.779689,-0.926325,0.946372,0.813741,0.090897,-0.026051,0.379295,0.868318,1.000000,0.493461,0.766280,0.507067,0.360000,0.381932,0.237759,0.805614,0.333269,0.668491,0.682948,0.376662,0.468859,0.564615,0.451925,0.349395,0.013189,0.589912,0.169521,0.542794,-0.065431,-0.944445,0.131469,0.220501,0.557741,0.848071,-0.101560,-0.811722,-0.525183,0.230470,-0.470796,0.690144,0.783407,0.006585,0.184585,0.349208,-0.214862,0.289624,0.125653,0.200574,-0.083385,0.835471,0.401084,0.834699,0.842458,0.346542,0.037153,0.993621,0.171976,-0.961924,-0.522386,-0.097436,-0.322966,0.125239,0.264399,0.878468,0.454420,0.756831,-0.296680,0.399549,0.595265,0.379351,0.582490,-0.556017,-0.229409,0.470918,-0.877029,0.343875,0.199071,-0.868128,0.988355,0.083352,0.986576,0.807590,0.736777,-0.400192,-0.718017,0.740130,-0.683384,0.336738,0.843999,0.930567,0.712358,0.423860,0.677912,0.808417,0.869461,-0.217475,-0.506564,0.874510,0.948718,-0.951865,0.587320,0.324548,-0.957841,0.199391,0.655507,-0.929254,0.983149,0.226408,0.255837,-0.885569,-0.342721,-0.911329,0.145838,0.301358,0.475679,0.829210,0.464803,0.251848,0.644987,0.516776,-0.787919,-0.899257
Temporal association areas,0.941584,0.930697,0.719210,0.944591,0.890413,0.961944,0.977552,0.894548,0.884473,0.680453,0.838980,0.922692,0.922305,0.288586,0.313530,0.909157,0.913769,0.993521,0.963431,0.974283,0.598554,0.842879,0.927620,0.918239,0.754787,0.871878,0.308417,0.706718,0.954831,0.967023,0.885621,0.654786,0.839311,0.336933,0.567822,0.951089,0.466455,0.995491,0.642184,0.952593,0.936315,0.799540,0.829146,0.770677,0.887809,0.916182,0.997621,0.224345,0.991812,0.761416,0.240583,0.940167,0.939531,0.843685,0.773180,0.773431,0.786350,-0.215326,0.799217,0.315980,0.437560,0.988785,0.937260,0.912046,0.954550,0.751503,-0.144103,0.672418,0.869729,0.891814,0.731365,0.928347,0.996691,0.697402,0.040481,0.978799,0.684749,0.984265,0.779096,0.948066,0.283300,0.566067,0.878834,0.400144,0.248009,0.552688,0.574701,0.936924,0.803202,0.913144,0.955537,0.969233,0.994623,0.887437,0.873388,-0.245073,0.226028,0.031467,0.749619,0.117485,-0.167064,0.975237,-0.482378,0.947367,0.776986,0.679496,0.918777,0.868652,0.183146,-0.263774,0.929647,0.512300,0.056157,0.944563,0.228422,0.473417,-0.292781,0.734769,0.879085,-0.019806,0.506478,0.510019,0.847360,0.493461,1.000000,0.785017,0.536922,0.725855,0.702153,0.663080,0.728101,-0.246242,0.780283,0.867954,0.908061,0.818920,0.871943,0.591689,0.871011,0.623444,0.979834,0.897631,0.993655,0.835467,-0.181136,0.665252,0.951787,0.962497,0.490568,0.723833,0.107410,-0.147565,0.929722,0.481806,-0.000929,0.852990,0.628388,0.026295,0.772595,-0.572144,0.623666,0.277765,0.456144,0.143848,0.665258,-0.509394,0.080994,0.785045,0.827594,0.707066,0.502205,0.924056,-0.576607,0.478308,0.322338,0.381181,0.709411,0.905947,0.405762,0.897063,0.934130,0.661100,0.950070,0.945489,0.814526,0.769747,-0.670864,0.732922,0.727525,-0.151758,0.578263,0.828334,-0.419239,0.578116,0.356600,0.465450,0.733533,0.806796,-0.726295,-0.006705,0.895477,-0.116737,0.581954,0.861707,0.735627,0.757062,0.799452,0.579053,0.851231,0.000301,-0.522560,-0.871573,0.680018,0.453068,-0.731472,0.950189,0.907155,-0.703071,0.747808,0.291588,-0.779651,0.332119,0.914767,0.931436,-0.836901,-0.769327,-0.542861,0.930593,0.968284,0.264836,0.726367,0.955811,0.909966,0.959647,0.071086,-0.038462,-0.497522
Medial septal nucleus,0.742310,0.744789,0.183246,0.749224,0.767107,0.657918,0.791087,0.701339,0.750769,0.933751,0.809536,0.955774,0.943082,0.800897,0.743760,0.677872,0.705456,0.709549,0.592939,0.701438,0.964145,0.661353,0.567305,0.834758,0.870212,0.874986,-0.109094,0.424483,0.723935,0.889397,0.969840,0.915813,0.772744,0.632197,0.397609,0.782057,0.849333,0.746460,0.862572,0.764074,0.935541,0.993790,0.804363,0.976740,0.878709,0.771938,0.797984,0.633928,0.835747,0.768952,0.789853,0.570606,0.604974,0.719262,0.239288,0.791887,0.718802,-0.554348,0.864206,0.835703,0.889452,0.858532,0.941576,0.529564,0.564721,0.192322,-0.161697,0.084648,0.413634,0.427588,0.198494,0.539787,0.733215,0.356998,0.322041,0.664758,0.831697,0.752653,0.975615,0.547298,0.816359,0.954027,0.753122,0.854666,0.749363,0.913557,0.953773,0.728475,0.930059,0.556443,0.909183,0.893653,0.802635,0.982147,0.384850,-0.100211,0.666060,0.507640,0.299724,0.684653,-0.547888,0.886687,-0.021618,0.605795,0.481904,0.985897,0.482344,0.756634,0.419513,-0.186489,0.748254,0.880197,0.318426,0.730222,-0.272062,0.917247,-0.477898,0.912359,0.964406,-0.402495,0.612469,0.837572,0.838401,0.766280,0.785017,1.000000,0.893502,0.267781,0.255882,0.149182,0.995277,0.393890,0.989606,0.985586,0.496183,0.424676,0.547160,0.198912,0.430986,0.031537,0.752899,0.703761,0.764507,0.424754,-0.582288,0.737019,0.574059,0.685155,0.919125,0.142537,-0.346521,-0.712922,0.501741,0.165521,0.077439,0.989545,0.035084,0.538200,0.311304,-0.055760,0.824655,-0.210713,0.737535,-0.393165,0.570933,-0.258801,0.286275,0.698161,0.373474,0.130443,0.817087,0.495622,-0.683184,-0.050339,0.520732,0.357607,0.155517,0.457785,0.868202,0.515566,0.833902,0.108462,0.843999,0.678926,0.883346,0.444021,-0.945415,0.265404,0.330373,-0.364302,0.841350,0.767959,-0.878857,0.854925,-0.175233,0.815593,0.602352,0.607256,-0.289093,-0.614209,0.727361,-0.706598,0.124393,0.815695,0.781703,0.532972,0.378136,0.351836,0.741316,0.421405,-0.015047,-0.934925,0.976383,0.857886,-0.895781,0.681765,0.475947,-0.808940,0.222583,0.152949,-0.890912,0.692921,0.468755,0.506491,-0.922783,-0.866188,-0.923505,0.545084,0.735969,0.767796,0.992560,0.617468,0.462652,0.750877,-0.068297,-0.210201,-0.527291
Postpiriform transition area,0.387485,0.384939,-0.199557,0.397860,0.401920,0.315900,0.478976,0.317334,0.378599,0.730912,0.459891,0.745635,0.708183,0.774870,0.597062,0.294721,0.329075,0.445905,0.299164,0.372443,0.903435,0.257297,0.202946,0.506135,0.573390,0.564502,-0.543005,-0.025447,0.374591,0.627409,0.763154,0.705254,0.405421,0.368501,-0.051102,0.444310,0.693629,0.519017,0.603614,0.421714,0.700055,0.840973,0.452470,0.793419,0.571858,0.414941,0.530483,0.913601,0.634803,0.831783,0.879273,0.223727,0.244568,0.331509,-0.118014,0.439925,0.331347,-0.316919,0.552423,0.898230,0.841885,0.656835,0.718119,0.159520,0.283958,-0.030359,0.220117,-0.115433,0.051154,0.105396,-0.182371,0.189092,0.468366,-0.094271,0.059168,0.440902,0.529263,0.440948,0.786938,0.263326,0.889987,0.911999,0.380840,0.981163,0.949332,0.775189,0.965455,0.367900,0.925687,0.178986,0.656212,0.727547,0.525632,0.830422,0.085182,-0.365147,0.515358,0.384391,-0.122836,0.694846,-0.341265,0.710035,-0.058693,0.422363,0.044354,0.896402,0.168919,0.384299,0.754926,0.232793,0.388867,0.726548,0.043538,0.374568,-0.198721,0.920974,-0.147870,0.659383,0.745506,-0.769288,0.822111,0.989664,0.504527,0.507067,0.536922,0.893502,1.000000,-0.157479,-0.177770,-0.263083,0.895711,0.663242,0.934786,0.867009,0.137616,0.007232,0.141160,-0.256207,0.057685,-0.320769,0.434329,0.640468,0.474709,0.310454,-0.392292,0.860831,0.343934,0.340963,0.874142,-0.112441,-0.214974,-0.893977,0.220423,0.289025,-0.263598,0.824217,-0.313422,0.849489,-0.100202,0.364625,0.951361,-0.619488,0.945418,-0.747492,0.148209,-0.400497,-0.019256,0.303073,-0.018870,-0.205594,0.597483,0.246979,-0.329753,-0.069014,0.807338,0.609519,-0.213232,0.135183,0.814597,0.133655,0.510177,-0.022549,0.728212,0.317820,0.891648,0.004854,-0.985697,0.179213,-0.110247,-0.055041,0.976729,0.780384,-0.831920,0.623928,-0.577353,0.620725,0.180823,0.187673,0.142741,-0.686160,0.350249,-0.808190,-0.317716,0.469194,0.431871,0.097173,-0.039015,-0.104529,0.361756,0.252633,0.410342,-0.876552,0.849739,0.726722,-0.628145,0.324816,0.132082,-0.484473,-0.158179,-0.280407,-0.603984,0.480056,0.172034,0.213140,-0.653215,-0.908905,-0.813974,0.347846,0.579561,0.952582,0.878007,0.276965,0.148948,0.410400,-0.468339,0.104174,-0.131505
Tegmental reticular nucleus,0.844362,0.841530,0.978486,0.838727,0.807000,0.883282,0.791446,0.866890,0.819610,0.348137,0.726285,0.533745,0.572700,-0.126636,0.081596,0.888224,0.869492,0.777843,0.850906,0.854485,0.080140,0.873151,0.930200,0.747023,0.561678,0.667785,0.870903,0.943288,0.856010,0.669109,0.493862,0.347322,0.767845,0.309786,0.847660,0.809759,0.160763,0.713179,0.427970,0.825709,0.587877,0.343988,0.724208,0.370815,0.673391,0.813539,0.743816,-0.505688,0.632086,0.133397,-0.312960,0.914853,0.916029,0.824195,0.959005,0.687409,0.779903,-0.218312,0.618782,-0.240875,-0.025565,0.619856,0.569598,0.943908,0.840152,0.784450,-0.545000,0.744886,0.956733,0.913064,0.977940,0.925631,0.770563,0.970233,0.229129,0.734658,0.533755,0.814474,0.385008,0.847806,-0.271627,0.034960,0.814294,-0.270910,-0.435972,0.173126,-0.030237,0.855107,0.178435,0.941813,0.638717,0.540306,0.752012,0.415727,0.889176,0.214403,0.056848,-0.053760,0.999371,-0.251139,-0.142997,0.562392,-0.311108,0.684550,0.953267,0.170566,0.895841,0.804849,-0.509388,-0.675403,0.838444,0.178503,0.259019,0.853553,0.207769,-0.080014,-0.438583,0.467347,0.507800,0.668952,-0.184513,-0.212481,0.697780,0.360000,0.725855,0.267781,-0.157479,1.000000,0.998707,0.991088,0.216964,-0.738971,0.199876,0.354677,0.941452,0.985996,0.952803,0.969762,0.963909,0.936596,0.820144,0.438402,0.786669,0.592529,-0.115074,-0.007002,0.765710,0.873577,-0.002454,0.830275,0.072335,0.470459,0.851955,0.125954,0.419132,0.403906,0.933610,-0.654582,0.996691,-0.976740,-0.084844,0.862306,-0.280775,0.773696,0.804804,-0.078136,0.334582,0.799012,0.983560,0.931771,0.289327,0.806747,-0.590001,0.417131,-0.385374,-0.215499,0.965396,0.910027,-0.031765,0.954984,0.753096,0.632232,0.481923,0.886136,0.192536,0.968004,-0.009432,0.552283,0.991890,-0.356657,-0.139391,0.252893,0.035432,0.344876,0.897054,0.228620,0.840687,0.892098,-0.998941,0.385382,0.845907,0.384684,0.980528,0.736609,0.660346,0.911135,0.992913,0.888476,0.808462,0.024551,-0.964794,-0.301060,0.225299,0.113488,-0.492391,0.882823,0.930747,-0.588269,0.978916,0.731722,-0.557638,0.208897,0.876883,0.867121,-0.563163,-0.119868,-0.122165,0.719216,0.602097,-0.411511,0.237011,0.895904,0.898865,0.834932,0.623389,-0.350139,-0.660558
Central lateral nucleus of the thalamus,0.836806,0.835662,0.968843,0.830798,0.806375,0.868551,0.777739,0.865192,0.819618,0.354179,0.730288,0.520076,0.561478,-0.113002,0.104977,0.884061,0.865348,0.753182,0.827286,0.839052,0.077715,0.876668,0.917125,0.742568,0.569557,0.667093,0.890813,0.953760,0.845782,0.654741,0.483717,0.355772,0.772286,0.340146,0.869149,0.801094,0.176375,0.685645,0.440972,0.816652,0.575136,0.336100,0.729125,0.368407,0.671010,0.809849,0.723253,-0.530744,0.605721,0.092734,-0.309469,0.898701,0.903119,0.828292,0.944011,0.696735,0.789053,-0.252821,0.624234,-0.238787,-0.018605,0.594882,0.555595,0.931200,0.814479,0.753029,-0.585515,0.712919,0.941643,0.891778,0.967670,0.909599,0.746834,0.978646,0.271784,0.704485,0.546811,0.798382,0.382445,0.822310,-0.268841,0.032720,0.814924,-0.283180,-0.448306,0.181866,-0.039735,0.848034,0.149437,0.931117,0.625180,0.514371,0.733072,0.399348,0.864883,0.263662,0.084995,-0.018748,0.997079,-0.231881,-0.177800,0.536878,-0.264627,0.649637,0.958581,0.165383,0.873570,0.806552,-0.547190,-0.710892,0.832771,0.191177,0.301562,0.845285,0.166267,-0.081179,-0.473900,0.473628,0.499464,0.696752,-0.227237,-0.238402,0.700439,0.381932,0.702153,0.255882,-0.177770,0.998707,1.000000,0.988459,0.209088,-0.731699,0.181697,0.336192,0.926206,0.982561,0.948800,0.980912,0.950794,0.924950,0.805286,0.397862,0.767635,0.551064,-0.148174,-0.047894,0.734599,0.860291,0.000812,0.802963,0.031231,0.473209,0.825714,0.075607,0.463844,0.392572,0.921225,-0.670130,0.991542,-0.978971,-0.118415,0.877321,-0.313146,0.785830,0.822313,-0.027355,0.377154,0.808266,0.974010,0.915182,0.308000,0.776794,-0.612129,0.374482,-0.425118,-0.263678,0.953677,0.888896,-0.022204,0.944410,0.746595,0.594021,0.449382,0.876124,0.158889,0.972446,0.012463,0.509362,0.995131,-0.396901,-0.169207,0.212301,0.027395,0.359869,0.905845,0.247519,0.853388,0.898257,-0.999365,0.366885,0.844472,0.375389,0.987608,0.738485,0.672323,0.920323,0.989073,0.907818,0.811896,0.063932,-0.970205,-0.272701,0.224119,0.127720,-0.499984,0.872018,0.912894,-0.601320,0.968257,0.764913,-0.563044,0.236302,0.852341,0.842393,-0.562814,-0.085322,-0.128753,0.684717,0.567947,-0.422680,0.230974,0.879709,0.876523,0.824423,0.662209,-0.394128,-0.687792
Accessory facial motor nucleus,0.772259,0.767073,0.990336,0.765935,0.722502,0.832205,0.718155,0.794403,0.737006,0.220410,0.628401,0.430505,0.469480,-0.257320,-0.046663,0.822406,0.799301,0.728091,0.818188,0.797368,-0.049356,0.800441,0.891127,0.655859,0.446462,0.564571,0.886796,0.897534,0.789842,0.579571,0.383554,0.219320,0.675708,0.195244,0.790471,0.732452,0.028807,0.659825,0.304355,0.751786,0.487854,0.223719,0.625944,0.247375,0.571743,0.732052,0.676126,-0.579029,0.562759,0.076308,-0.435516,0.878427,0.871133,0.741427,0.968640,0.584847,0.690224,-0.107411,0.508720,-0.366276,-0.158235,0.545431,0.469686,0.910046,0.813429,0.814727,-0.490778,0.789736,0.942108,0.902407,0.988368,0.893655,0.716247,0.936971,0.141588,0.696294,0.417233,0.749892,0.262285,0.823516,-0.395960,-0.094554,0.730506,-0.383335,-0.538089,0.040412,-0.153167,0.784670,0.086748,0.901845,0.544651,0.459941,0.682037,0.308731,0.887275,0.177784,-0.066700,-0.166056,0.987131,-0.375405,-0.030632,0.483111,-0.369667,0.658481,0.905679,0.043630,0.878211,0.719089,-0.538347,-0.626988,0.763199,0.046083,0.172915,0.784198,0.298793,-0.208729,-0.343352,0.345541,0.396554,0.711285,-0.225990,-0.305327,0.596640,0.237759,0.663080,0.149182,-0.263083,0.991088,0.988459,1.000000,0.093051,-0.822123,0.088084,0.247966,0.915083,0.957282,0.906765,0.955398,0.944797,0.970763,0.754268,0.398480,0.723053,0.596719,0.000890,-0.063161,0.741902,0.816788,-0.134412,0.864025,0.169637,0.579392,0.834982,0.163883,0.368462,0.289787,0.968047,-0.729468,0.986034,-0.992732,-0.163695,0.897737,-0.354131,0.835477,0.726849,-0.102268,0.254965,0.712607,0.968917,0.957672,0.161827,0.793657,-0.485320,0.484194,-0.422884,-0.216033,0.983135,0.894899,-0.164616,0.920931,0.664556,0.677871,0.414467,0.826808,0.113063,0.927095,0.097078,0.579274,0.968844,-0.269420,-0.226336,0.199082,0.168124,0.217808,0.935596,0.099436,0.764819,0.824418,-0.985064,0.502573,0.768927,0.504206,0.981503,0.640576,0.555440,0.850859,0.971337,0.841227,0.722954,-0.078609,-0.982499,-0.211266,0.096582,-0.019356,-0.372070,0.823915,0.909895,-0.476395,0.986456,0.692130,-0.442257,0.086552,0.863237,0.848162,-0.450072,-0.041856,0.010847,0.702071,0.554784,-0.516872,0.111913,0.852484,0.884145,0.764760,0.605285,-0.279926,-0.573670
Taenia tecta,0.704276,0.709805,0.117174,0.711099,0.743497,0.603161,0.747286,0.670547,0.727002,0.952355,0.799506,0.931660,0.920449,0.855082,0.800631,0.641048,0.670565,0.645794,0.523239,0.648464,0.984776,0.637683,0.509897,0.810221,0.877827,0.862438,-0.128671,0.401242,0.680230,0.854421,0.954288,0.937931,0.759969,0.684361,0.397341,0.745344,0.891964,0.682709,0.886083,0.725259,0.909286,0.991236,0.795816,0.981277,0.863139,0.742994,0.745672,0.640100,0.781255,0.716924,0.837378,0.509043,0.549788,0.701094,0.167104,0.792399,0.711555,-0.616261,0.864351,0.878188,0.929461,0.807744,0.914439,0.470845,0.491354,0.101252,-0.203167,-0.008349,0.346703,0.353235,0.131870,0.476878,0.672146,0.326751,0.389873,0.592913,0.848357,0.702406,0.979054,0.473263,0.861169,0.977225,0.730765,0.875506,0.776276,0.945981,0.968570,0.690218,0.899796,0.502010,0.877917,0.846843,0.752703,0.961017,0.305548,-0.033337,0.729925,0.584424,0.248247,0.751756,-0.614370,0.839114,0.072848,0.527110,0.451242,0.997457,0.408988,0.736707,0.398157,-0.212933,0.713875,0.917861,0.384266,0.690114,-0.361264,0.947651,-0.526334,0.923944,0.950914,-0.406352,0.570313,0.831828,0.828626,0.805614,0.728101,0.995277,0.895711,0.216964,0.209088,0.093051,1.000000,0.459904,0.977958,0.964517,0.432363,0.375841,0.502976,0.168460,0.367465,-0.040093,0.704393,0.632644,0.711294,0.334890,-0.648559,0.691614,0.496140,0.634182,0.952565,0.054204,-0.429627,-0.756661,0.424848,0.079488,0.130497,0.977717,-0.037500,0.565768,0.255569,-0.005709,0.798524,-0.241038,0.721887,-0.428791,0.571719,-0.177587,0.346897,0.689376,0.313035,0.053850,0.856543,0.414924,-0.707266,-0.146619,0.492167,0.300396,0.085890,0.384778,0.912252,0.459350,0.805585,0.012178,0.787991,0.632507,0.843117,0.409919,-0.937048,0.170569,0.289469,-0.422156,0.825079,0.709234,-0.920900,0.886241,-0.216826,0.858825,0.594041,0.585273,-0.241844,-0.685530,0.698986,-0.765344,0.084289,0.801722,0.787862,0.512705,0.326823,0.344284,0.723605,0.498408,0.030258,-0.898912,0.991219,0.901160,-0.907627,0.634300,0.407776,-0.821806,0.155986,0.171349,-0.895262,0.747729,0.392279,0.431403,-0.918196,-0.828069,-0.955538,0.463281,0.667182,0.795819,0.999126,0.558327,0.388408,0.708718,-0.041071,-0.269996,-0.551152
Central linear nucleus raphe,-0.295110,-0.281285,-0.825741,-0.287119,-0.204310,-0.430857,-0.246347,-0.312002,-0.223934,0.373576,-0.074020,0.107708,0.076564,0.759485,0.581896,-0.362071,-0.325197,-0.352883,-0.496809,-0.377490,0.594467,-0.316822,-0.528877,-0.122687,0.142239,-0.000160,-0.767758,-0.509961,-0.333812,-0.067838,0.174141,0.375132,-0.135862,0.331925,-0.379143,-0.241344,0.540099,-0.283314,0.288708,-0.270944,0.048739,0.341784,-0.070645,0.335727,-0.012161,-0.224099,-0.236024,0.773692,-0.138918,0.193050,0.866443,-0.529651,-0.488257,-0.227519,-0.798152,-0.020859,-0.158728,-0.384383,0.071790,0.824610,0.691610,-0.103742,0.062770,-0.566139,-0.518371,-0.762653,0.160571,-0.805422,-0.673297,-0.657930,-0.817971,-0.560702,-0.324211,-0.594052,0.255781,-0.375673,0.169736,-0.308106,0.320989,-0.536751,0.843174,0.629963,-0.213886,0.785217,0.862424,0.535619,0.649157,-0.312083,0.330887,-0.533924,-0.021194,-0.011020,-0.231186,0.219879,-0.683004,0.007725,0.576460,0.604778,-0.721398,0.823474,-0.450833,-0.033926,0.531793,-0.397785,-0.507455,0.511100,-0.608857,-0.196691,0.554023,0.291316,-0.274901,0.529122,0.225067,-0.316116,-0.616400,0.715884,-0.131949,0.249980,0.167603,-0.745025,0.363656,0.642796,-0.034878,0.333269,-0.246242,0.393890,0.663242,-0.738971,-0.731699,-0.822123,0.459904,1.000000,0.413887,0.266741,-0.601710,-0.627115,-0.513094,-0.690082,-0.656563,-0.905677,-0.306240,-0.133307,-0.290606,-0.477778,-0.491332,0.298509,-0.473677,-0.394559,0.670604,-0.817038,-0.542081,-0.922137,-0.576969,-0.281138,-0.080697,0.264273,-0.904557,0.896429,-0.726753,0.847746,0.473214,-0.859140,0.598799,-0.922709,-0.239395,0.173557,0.132886,-0.190347,-0.695357,-0.858981,0.416035,-0.560460,-0.063740,-0.658863,0.500496,0.181374,-0.844926,-0.632906,0.696868,-0.574282,-0.140352,-0.719811,-0.029384,-0.392183,0.258799,-0.552714,-0.537225,-0.561568,-0.661823,-0.154686,0.556311,0.082674,-0.699243,0.371003,-0.900936,0.472155,-0.277173,-0.357726,0.713298,-0.893042,-0.272800,-0.906159,-0.775516,-0.091089,0.011728,-0.410820,-0.668669,-0.461148,-0.201148,0.496139,0.847705,-0.224961,0.476395,0.581960,-0.222541,-0.391561,-0.620775,-0.103400,-0.804011,-0.379792,-0.146740,0.451238,-0.613737,-0.579097,-0.131938,-0.308567,-0.577533,-0.470329,-0.225498,0.859457,0.449823,-0.479303,-0.625971,-0.296914,-0.404929,-0.072697,0.082880
Diagonal band nucleus,0.689408,0.687675,0.140185,0.697483,0.698238,0.622913,0.756273,0.632891,0.679842,0.873608,0.733017,0.933706,0.912499,0.755201,0.660855,0.614928,0.643026,0.705686,0.584405,0.669081,0.942436,0.580044,0.527137,0.778028,0.792988,0.812783,-0.214207,0.326335,0.677577,0.861904,0.940978,0.849962,0.693267,0.519179,0.278001,0.733314,0.778758,0.753303,0.781045,0.715724,0.908053,0.968291,0.725753,0.935823,0.820395,0.710408,0.783715,0.716180,0.842744,0.846631,0.782573,0.539262,0.564414,0.638273,0.209918,0.704632,0.627718,-0.438443,0.789652,0.826267,0.852255,0.862213,0.918374,0.488454,0.562826,0.217593,-0.018416,0.116430,0.380547,0.412925,0.156721,0.508162,0.726870,0.263984,0.189983,0.678915,0.743894,0.723378,0.934202,0.544863,0.807580,0.935015,0.680885,0.883620,0.791680,0.858320,0.957647,0.673961,0.971045,0.509667,0.881062,0.904140,0.783553,0.974082,0.380471,-0.238322,0.574345,0.409204,0.233673,0.635331,-0.436269,0.894821,-0.120334,0.636773,0.395008,0.964893,0.470037,0.682172,0.539807,-0.047070,0.690759,0.815291,0.184799,0.678838,-0.172505,0.903802,-0.347423,0.844370,0.930118,-0.507849,0.719770,0.898210,0.766503,0.668491,0.780283,0.989606,0.934786,0.199876,0.181697,0.088084,0.977958,0.413887,1.000000,0.986812,0.462541,0.359484,0.482691,0.102625,0.391950,-0.000081,0.720080,0.762862,0.744318,0.482805,-0.476048,0.825150,0.590749,0.646427,0.889218,0.155449,-0.237439,-0.733712,0.502025,0.282792,-0.066468,0.969111,0.005473,0.607945,0.252495,0.014688,0.896968,-0.300296,0.821537,-0.465290,0.460244,-0.378094,0.148429,0.606057,0.325358,0.109503,0.731060,0.508522,-0.571924,0.033346,0.635577,0.486946,0.119292,0.442208,0.825225,0.468586,0.782054,0.163038,0.876418,0.631119,0.936464,0.359304,-0.978761,0.333568,0.249871,-0.229165,0.907162,0.837724,-0.839781,0.773855,-0.251918,0.732964,0.500946,0.519204,-0.216343,-0.577216,0.658986,-0.691025,0.039623,0.743823,0.689632,0.437655,0.314632,0.236174,0.662533,0.308697,0.061839,-0.966193,0.941765,0.793723,-0.823186,0.636140,0.450175,-0.718146,0.181177,0.016569,-0.819816,0.592613,0.463835,0.501791,-0.865361,-0.926735,-0.876870,0.574178,0.767269,0.805097,0.969279,0.586362,0.450796,0.705971,-0.206889,-0.069499,-0.402007
Central medial nucleus of the thalamus,0.794841,0.792036,0.298090,0.801706,0.794169,0.741300,0.851926,0.742654,0.778579,0.881662,0.811852,0.977301,0.962649,0.688138,0.629188,0.730194,0.753685,0.806336,0.703189,0.780528,0.906075,0.691522,0.657722,0.861363,0.839844,0.879624,-0.067238,0.460130,0.786670,0.931976,0.976146,0.858156,0.780912,0.529884,0.394062,0.831139,0.757034,0.841914,0.804364,0.817286,0.961572,0.976332,0.804258,0.947769,0.888450,0.808031,0.872869,0.604652,0.912691,0.839994,0.687490,0.667935,0.690592,0.738309,0.363075,0.776377,0.718925,-0.436675,0.847110,0.741311,0.799416,0.928522,0.968845,0.623225,0.681842,0.348323,-0.090615,0.246288,0.524211,0.550206,0.313907,0.640233,0.824796,0.406423,0.199971,0.776153,0.786639,0.825582,0.948641,0.666033,0.718264,0.891521,0.778432,0.796560,0.682347,0.837203,0.905179,0.781796,0.960342,0.642123,0.944748,0.955471,0.873397,0.997156,0.516793,-0.210502,0.541269,0.363907,0.386969,0.551838,-0.422070,0.950122,-0.184406,0.729963,0.528895,0.943385,0.601816,0.777649,0.442401,-0.141323,0.794365,0.795746,0.200043,0.786649,-0.111821,0.842569,-0.386550,0.873563,0.967421,-0.381699,0.668340,0.825647,0.839393,0.682948,0.867954,0.985586,0.867009,0.354677,0.336192,0.247966,0.964517,0.266741,0.986812,1.000000,0.599346,0.504292,0.615643,0.252517,0.535369,0.159268,0.822887,0.810995,0.842026,0.571783,-0.455810,0.796595,0.698230,0.761354,0.839734,0.295378,-0.195780,-0.617842,0.626487,0.309192,-0.012215,0.988418,0.164337,0.473732,0.405518,-0.146337,0.848691,-0.148103,0.744485,-0.317671,0.561097,-0.391668,0.178081,0.701537,0.474122,0.264215,0.731843,0.626710,-0.629432,0.117998,0.554294,0.445154,0.277015,0.577351,0.771740,0.605370,0.867019,0.274386,0.922333,0.747587,0.931865,0.497900,-0.936825,0.424517,0.398777,-0.259088,0.847787,0.851253,-0.785539,0.783027,-0.094018,0.723537,0.607520,0.635984,-0.369376,-0.475007,0.763778,-0.586623,0.196355,0.824659,0.756622,0.560701,0.463156,0.362103,0.758945,0.279911,-0.098432,-0.975720,0.928875,0.763965,-0.857106,0.752120,0.586955,-0.771270,0.337372,0.122700,-0.865586,0.583951,0.593758,0.628143,-0.911975,-0.911040,-0.847238,0.676276,0.839535,0.698599,0.958852,0.709399,0.584137,0.810179,-0.108964,-0.105369,-0.478168
Subparafascicular area,0.930835,0.921253,0.942625,0.928984,0.871868,0.979939,0.922046,0.915809,0.876739,0.472421,0.788762,0.729113,0.749759,-0.007159,0.120426,0.940837,0.929966,0.942531,0.978021,0.966759,0.280940,0.889566,0.995034,0.850319,0.638970,0.771951,0.654367,0.870972,0.949319,0.837679,0.681052,0.457154,0.815756,0.266775,0.731635,0.913595,0.246934,0.906182,0.496627,0.925674,0.768397,0.543918,0.781749,0.539329,0.785264,0.892428,0.912421,-0.201135,0.848009,0.459614,-0.127774,0.996063,0.989611,0.855841,0.961166,0.726922,0.794007,-0.151465,0.698919,-0.048520,0.130181,0.835695,0.759238,0.997639,0.971965,0.871769,-0.330746,0.817126,0.995673,0.988020,0.948124,0.998633,0.936818,0.890002,0.076242,0.920068,0.583111,0.945103,0.552288,0.974301,-0.082739,0.238246,0.869744,-0.006385,-0.173175,0.302046,0.213487,0.935254,0.480063,0.992299,0.811279,0.777270,0.913288,0.642890,0.971689,-0.053818,0.061099,-0.099950,0.952005,-0.166124,-0.082512,0.793370,-0.487619,0.885106,0.914865,0.377455,0.988621,0.857327,-0.191362,-0.473287,0.918377,0.282163,0.102306,0.939631,0.313475,0.124589,-0.325899,0.571852,0.684047,0.380376,0.156687,0.102980,0.775692,0.376662,0.908061,0.496183,0.137616,0.941452,0.926206,0.915083,0.432363,-0.601710,0.462541,0.599346,1.000000,0.971232,0.969909,0.844556,0.996684,0.883384,0.944589,0.714045,0.936332,0.796147,-0.072723,0.330451,0.932858,0.970528,0.173297,0.883299,0.177065,0.254229,0.971882,0.371819,0.183620,0.611300,0.884815,-0.394816,0.964907,-0.861245,0.247106,0.647815,0.051213,0.545045,0.747694,-0.350985,0.162040,0.806090,0.986030,0.921853,0.339639,0.947538,-0.561043,0.548799,-0.052517,0.101247,0.934711,0.990895,0.108616,0.994886,0.864699,0.751009,0.745351,0.965553,0.503748,0.923930,-0.302497,0.734311,0.926849,-0.208099,0.185638,0.564275,-0.114452,0.412934,0.713766,0.284882,0.807429,0.883155,-0.937197,0.295437,0.901541,0.234268,0.856945,0.808696,0.689053,0.870903,0.969513,0.767763,0.849543,-0.068529,-0.827981,-0.586128,0.405637,0.213304,-0.584558,0.966789,0.998131,-0.626409,0.955717,0.526268,-0.650831,0.203841,0.979350,0.979401,-0.688200,-0.440277,-0.268937,0.901191,0.836026,-0.153075,0.441166,0.989279,0.987531,0.937603,0.359789,-0.153613,-0.567900
Nucleus of the lateral lemniscus,0.921872,0.919527,0.951768,0.917792,0.890574,0.944386,0.880949,0.935601,0.899570,0.487602,0.821722,0.667127,0.701389,0.018032,0.203244,0.951772,0.938917,0.854844,0.903354,0.924866,0.241534,0.934255,0.972764,0.846113,0.677221,0.778326,0.798364,0.958913,0.929831,0.782954,0.631836,0.483588,0.854413,0.398020,0.863689,0.896272,0.296340,0.800619,0.549910,0.908190,0.714453,0.494962,0.818819,0.516876,0.784348,0.897754,0.837827,-0.364405,0.739710,0.260485,-0.158306,0.959113,0.965923,0.898182,0.943465,0.781796,0.856145,-0.298372,0.730012,-0.082572,0.128710,0.732049,0.698397,0.979122,0.888523,0.772413,-0.537366,0.716723,0.971365,0.933137,0.953923,0.963925,0.852016,0.972748,0.267989,0.806907,0.644005,0.896128,0.530031,0.892704,-0.114851,0.197319,0.894938,-0.106587,-0.279843,0.319472,0.136483,0.929556,0.329791,0.981650,0.757745,0.663402,0.846223,0.560935,0.903524,0.180988,0.166289,0.034603,0.990972,-0.119366,-0.226459,0.682930,-0.299163,0.749973,0.978521,0.330444,0.926447,0.886596,-0.403972,-0.664518,0.917211,0.318521,0.295464,0.928475,0.151136,0.082862,-0.492159,0.595934,0.643879,0.557519,-0.065099,-0.053720,0.799993,0.468859,0.818920,0.424676,0.007232,0.985996,0.982561,0.957282,0.375841,-0.627115,0.359484,0.504292,0.971232,1.000000,0.989938,0.944897,0.980967,0.886403,0.901418,0.535889,0.872233,0.632742,-0.206255,0.123054,0.820530,0.939862,0.155784,0.806633,0.011006,0.319162,0.888806,0.150196,0.404287,0.550768,0.884256,-0.521448,0.990637,-0.927388,0.064511,0.773105,-0.134707,0.658595,0.853528,-0.121352,0.360938,0.870541,0.989295,0.899229,0.411406,0.845510,-0.670687,0.386156,-0.269864,-0.137756,0.934827,0.935473,0.119052,0.986980,0.851807,0.615364,0.600417,0.950376,0.335304,0.985904,-0.173141,0.567570,0.988857,-0.395277,0.015877,0.372611,-0.117541,0.470370,0.812281,0.354083,0.892978,0.942570,-0.988559,0.257609,0.920347,0.240434,0.942449,0.832625,0.754434,0.947466,0.998511,0.894305,0.887239,0.093058,-0.908938,-0.445828,0.379978,0.253475,-0.616528,0.947804,0.957858,-0.691317,0.959015,0.711821,-0.677152,0.313859,0.906440,0.903777,-0.688213,-0.264114,-0.273435,0.772067,0.694855,-0.253757,0.394092,0.949379,0.925902,0.914681,0.571534,-0.362362,-0.709809
Tuberal nucleus,0.966881,0.965812,0.904211,0.964065,0.944820,0.971199,0.934340,0.975437,0.950777,0.602115,0.889945,0.763241,0.793866,0.150395,0.316333,0.985594,0.978143,0.892649,0.919228,0.959841,0.376234,0.969962,0.983599,0.912993,0.767818,0.858391,0.728056,0.957735,0.970183,0.859296,0.734364,0.596538,0.914431,0.481251,0.870072,0.949137,0.415964,0.847287,0.651157,0.957105,0.804094,0.612735,0.886815,0.632517,0.863846,0.950951,0.892778,-0.245517,0.805805,0.346654,-0.018418,0.970244,0.983375,0.946153,0.903287,0.852461,0.909356,-0.378502,0.814600,0.058269,0.263994,0.802952,0.789709,0.983586,0.900168,0.731004,-0.538894,0.662131,0.956894,0.921254,0.908380,0.969810,0.894210,0.958864,0.316671,0.838932,0.733132,0.941221,0.644421,0.901316,0.025658,0.333862,0.947134,0.033170,-0.143690,0.444746,0.274631,0.971964,0.441259,0.991054,0.839526,0.744778,0.901949,0.668273,0.885827,0.171540,0.271758,0.127665,0.962092,0.007258,-0.311183,0.761872,-0.260436,0.774961,0.982886,0.460671,0.923425,0.940437,-0.321633,-0.658193,0.964308,0.440164,0.341418,0.970750,0.078838,0.222731,-0.545562,0.698831,0.745366,0.461998,0.020114,0.073593,0.873938,0.564615,0.871943,0.547160,0.141160,0.952803,0.948800,0.906765,0.502976,-0.513094,0.482691,0.615643,0.969909,0.989938,1.000000,0.908997,0.969356,0.818756,0.946657,0.590600,0.919831,0.635033,-0.297321,0.214543,0.836617,0.971976,0.292209,0.756348,-0.062307,0.181851,0.890121,0.144285,0.404269,0.662160,0.817035,-0.401904,0.962449,-0.866234,0.177534,0.686448,-0.019869,0.550331,0.886758,-0.132387,0.396750,0.919392,0.969327,0.844368,0.518334,0.847621,-0.737783,0.330851,-0.182410,-0.090004,0.883272,0.928306,0.252756,0.989489,0.917266,0.569750,0.675934,0.982047,0.436951,0.983283,-0.302004,0.548761,0.967335,-0.439973,0.136850,0.450067,-0.252433,0.577309,0.725719,0.465254,0.926219,0.970084,-0.959290,0.131984,0.965621,0.105165,0.893130,0.900115,0.826664,0.963982,0.980952,0.890133,0.939299,0.169666,-0.844005,-0.549457,0.506553,0.377175,-0.715742,0.979797,0.953241,-0.773181,0.916773,0.695557,-0.770039,0.412018,0.901834,0.905333,-0.782963,-0.368095,-0.402931,0.785826,0.745197,-0.116170,0.520158,0.968732,0.919743,0.960385,0.532960,-0.386487,-0.751097
Cuneiform nucleus,0.784845,0.790118,0.909397,0.777516,0.781246,0.789167,0.703467,0.835071,0.796692,0.363483,0.724167,0.450729,0.500563,-0.063601,0.186815,0.844303,0.825918,0.638389,0.715496,0.757400,0.060909,0.866320,0.843485,0.703925,0.581382,0.644177,0.947034,0.969517,0.783591,0.580124,0.428469,0.374283,0.767111,0.443868,0.928766,0.745483,0.226493,0.561245,0.475169,0.759319,0.508197,0.292587,0.726528,0.345065,0.641573,0.772980,0.624146,-0.617764,0.487009,-0.068315,-0.294083,0.813780,0.830191,0.820881,0.864478,0.711672,0.801697,-0.374722,0.625661,-0.230588,0.002814,0.481553,0.484270,0.858866,0.695355,0.615737,-0.725123,0.575110,0.860737,0.788397,0.905777,0.825076,0.635580,0.986439,0.425581,0.570144,0.579025,0.714832,0.358206,0.703788,-0.257197,0.017685,0.794451,-0.328579,-0.489602,0.205396,-0.080682,0.797739,0.030400,0.866254,0.554258,0.398985,0.639876,0.322267,0.750958,0.445266,0.185844,0.111440,0.964185,-0.157766,-0.302537,0.422630,-0.082186,0.498901,0.954306,0.136011,0.766531,0.790314,-0.680899,-0.828468,0.788009,0.229627,0.454290,0.790505,0.006712,-0.089352,-0.594368,0.481286,0.450763,0.789047,-0.387975,-0.336500,0.689715,0.451925,0.591689,0.198912,-0.256207,0.969762,0.980912,0.955398,0.168460,-0.690082,0.102625,0.252517,0.844556,0.944897,0.908997,1.000000,0.877073,0.859811,0.726260,0.230831,0.673536,0.378784,-0.266902,-0.206458,0.596576,0.786407,0.007600,0.680448,-0.123331,0.477357,0.704565,-0.118133,0.622621,0.334739,0.853346,-0.717362,0.947862,-0.965127,-0.248157,0.915891,-0.433435,0.816628,0.866825,0.167519,0.528488,0.820996,0.913645,0.830909,0.366979,0.642694,-0.678203,0.204555,-0.569549,-0.442749,0.886866,0.785986,0.009294,0.879960,0.700105,0.435041,0.310691,0.814345,0.022280,0.964778,0.101010,0.333460,0.983088,-0.538483,-0.283662,0.048842,0.001625,0.403490,0.919944,0.308717,0.878768,0.897778,-0.976792,0.292199,0.815654,0.335993,0.991553,0.724076,0.697932,0.931293,0.950009,0.958696,0.802201,0.209363,-0.968877,-0.153294,0.208677,0.173641,-0.512131,0.807310,0.821772,-0.632431,0.904730,0.872762,-0.565506,0.330771,0.737242,0.726583,-0.543253,0.052939,-0.145248,0.535136,0.421147,-0.460244,0.196849,0.794760,0.769265,0.761484,0.795067,-0.550920,-0.772494
Nucleus of the lateral olfactory tract,0.910177,0.901183,0.965759,0.907410,0.851519,0.963096,0.892535,0.902030,0.858396,0.424607,0.764464,0.677251,0.701699,-0.061593,0.083821,0.928313,0.914730,0.912459,0.959746,0.945286,0.215335,0.881578,0.987385,0.820706,0.605530,0.738153,0.708937,0.886187,0.929046,0.795790,0.628369,0.411821,0.796012,0.251215,0.750475,0.888117,0.202183,0.869308,0.460790,0.901923,0.720710,0.484446,0.758204,0.485038,0.750559,0.870415,0.876851,-0.279927,0.802075,0.389997,-0.194538,0.985934,0.978809,0.842036,0.976757,0.705010,0.781014,-0.139700,0.667030,-0.116213,0.070285,0.788374,0.709703,0.993407,0.954149,0.874766,-0.363385,0.825740,0.998875,0.985179,0.969838,0.991182,0.905266,0.910011,0.085494,0.888455,0.553906,0.918012,0.498590,0.958121,-0.149999,0.171553,0.851338,-0.084160,-0.250511,0.249718,0.140292,0.916271,0.407109,0.987141,0.767160,0.723646,0.878582,0.582814,0.969279,-0.012089,0.031399,-0.119582,0.971672,-0.214682,-0.068196,0.741381,-0.474895,0.853059,0.923775,0.312676,0.980699,0.838838,-0.261904,-0.507032,0.898037,0.234456,0.113006,0.919836,0.319637,0.056219,-0.329161,0.530664,0.633274,0.451196,0.083652,0.021732,0.747470,0.349395,0.871011,0.430986,0.057685,0.963909,0.950794,0.944797,0.367465,-0.656563,0.391950,0.535369,0.996684,0.980967,0.969356,0.877073,1.000000,0.914369,0.918362,0.661861,0.905708,0.769536,-0.053931,0.257071,0.908427,0.952119,0.110359,0.893858,0.182984,0.325452,0.958687,0.339210,0.219087,0.552841,0.915040,-0.468170,0.982158,-0.899454,0.168126,0.706606,-0.029239,0.611428,0.750490,-0.309594,0.178181,0.795402,0.996068,0.943112,0.304141,0.930940,-0.549359,0.547574,-0.125979,0.041962,0.958160,0.985887,0.051309,0.993214,0.834333,0.749969,0.689319,0.949816,0.432240,0.935662,-0.225084,0.716441,0.946937,-0.218472,0.105158,0.499777,-0.055449,0.375189,0.768276,0.247061,0.807015,0.881138,-0.959009,0.345076,0.885192,0.295166,0.893022,0.783289,0.668105,0.876481,0.982596,0.790407,0.833184,-0.076543,-0.870207,-0.518309,0.345910,0.165250,-0.546269,0.950301,0.994427,-0.601086,0.975577,0.563531,-0.614479,0.178244,0.970402,0.967297,-0.646839,-0.366458,-0.212651,0.875077,0.791779,-0.230072,0.378259,0.975041,0.981081,0.914408,0.410981,-0.176488,-0.572785
Motor nucleus of trigeminal,0.669113,0.656393,0.985524,0.663330,0.586443,0.772747,0.634001,0.672718,0.600733,0.036100,0.467027,0.323348,0.353380,-0.444470,-0.269210,0.714701,0.687292,0.704064,0.807667,0.734226,-0.198356,0.663052,0.838728,0.525952,0.261324,0.413360,0.806060,0.768282,0.700873,0.484083,0.259764,0.027735,0.517830,-0.042347,0.620358,0.628061,-0.179311,0.642993,0.100854,0.651747,0.379199,0.088823,0.461569,0.091559,0.427010,0.608122,0.620739,-0.568321,0.527632,0.120907,-0.574756,0.838807,0.812087,0.592869,0.977691,0.404374,0.520987,0.133580,0.333958,-0.508232,-0.333168,0.500856,0.365698,0.862053,0.816431,0.904081,-0.283364,0.899693,0.923033,0.908072,0.983731,0.858402,0.684495,0.827096,-0.096115,0.703721,0.216860,0.681798,0.107084,0.828498,-0.537220,-0.241954,0.591290,-0.466913,-0.601479,-0.149234,-0.268637,0.681564,0.054654,0.840933,0.442879,0.414978,0.618859,0.210666,0.913103,-0.018538,-0.296370,-0.397150,0.931658,-0.565394,0.209335,0.437141,-0.558607,0.696517,0.788773,-0.098672,0.879362,0.574893,-0.438286,-0.434762,0.651173,-0.154897,-0.064203,0.685910,0.516373,-0.352821,-0.107912,0.161803,0.265740,0.648365,-0.141870,-0.329042,0.436701,0.013189,0.623444,0.031537,-0.320769,0.936596,0.924950,0.970763,-0.040093,-0.905677,-0.000081,0.159268,0.883384,0.886403,0.818756,0.859811,0.914369,1.000000,0.680801,0.448329,0.665968,0.693741,0.238807,-0.010098,0.767678,0.746885,-0.298885,0.943339,0.399909,0.676977,0.850530,0.348643,0.159050,0.169266,0.999888,-0.741074,0.940846,-0.958392,-0.154842,0.854590,-0.332945,0.835902,0.545930,-0.274356,0.021779,0.546005,0.932451,0.991775,-0.056086,0.826707,-0.269836,0.666938,-0.333158,-0.066465,0.991896,0.895005,-0.347016,0.865989,0.543384,0.812270,0.406648,0.743813,0.108155,0.819869,0.159145,0.709247,0.884962,-0.032984,-0.235296,0.241621,0.345739,0.008435,0.912518,-0.118210,0.598602,0.684365,-0.919801,0.675624,0.642199,0.653308,0.915250,0.487059,0.365806,0.709804,0.909694,0.687083,0.573854,-0.315390,-0.941507,-0.173685,-0.062051,-0.222251,-0.185071,0.743873,0.892763,-0.278895,0.979507,0.514258,-0.264298,-0.146811,0.876571,0.856258,-0.291251,-0.044745,0.192159,0.747737,0.569571,-0.588625,-0.028923,0.805678,0.888778,0.672907,0.441500,-0.052937,-0.360902
Cortical amygdalar area anterior part,0.989163,0.983639,0.784701,0.990187,0.957050,0.990977,0.997873,0.965081,0.954883,0.718648,0.912035,0.913107,0.925290,0.305717,0.386381,0.974034,0.976221,0.977003,0.960331,0.997090,0.579667,0.932481,0.968915,0.964359,0.822640,0.921690,0.468403,0.831798,0.994949,0.970454,0.883525,0.701388,0.918895,0.459299,0.720734,0.990536,0.519189,0.961812,0.713610,0.992732,0.935892,0.789026,0.905176,0.781812,0.932418,0.973040,0.989677,0.074569,0.951896,0.622645,0.204271,0.969401,0.979169,0.929018,0.817451,0.860788,0.884170,-0.343747,0.864919,0.281515,0.440887,0.951851,0.930553,0.956751,0.943946,0.723024,-0.334528,0.640103,0.909998,0.906324,0.794378,0.959715,0.982102,0.819651,0.202149,0.940043,0.767961,0.999676,0.791204,0.939200,0.248383,0.543308,0.950748,0.313645,0.146213,0.582210,0.520633,0.987526,0.705371,0.963902,0.958228,0.920086,0.992927,0.855902,0.876093,-0.054281,0.313956,0.134231,0.839836,0.142981,-0.288777,0.929949,-0.357150,0.888541,0.884532,0.660254,0.927089,0.943141,-0.005874,-0.450277,0.982858,0.556338,0.220625,0.990928,0.115080,0.443069,-0.448337,0.786583,0.884662,0.151648,0.330781,0.383780,0.912341,0.589912,0.979834,0.752899,0.434329,0.820144,0.805286,0.754268,0.704393,-0.306240,0.720080,0.822887,0.944589,0.901418,0.946657,0.726260,0.918362,0.680801,1.000000,0.792266,0.995993,0.748501,-0.293509,0.511746,0.914877,0.994867,0.483224,0.714992,-0.017196,-0.075306,0.919667,0.321427,0.192266,0.837135,0.682869,-0.104925,0.852646,-0.680110,0.485085,0.422315,0.302973,0.273045,0.796840,-0.340736,0.254047,0.885609,0.890175,0.745264,0.579291,0.896873,-0.699265,0.378476,0.137648,0.188848,0.767072,0.920071,0.417656,0.950408,0.973982,0.595497,0.873502,0.990356,0.703363,0.876621,-0.579175,0.639992,0.835064,-0.317695,0.446378,0.702241,-0.425392,0.647788,0.483022,0.537015,0.851972,0.908365,-0.825860,-0.017065,0.964203,-0.094235,0.705353,0.928526,0.829336,0.872316,0.882218,0.729850,0.932251,0.127673,-0.640843,-0.788553,0.680187,0.496055,-0.790652,0.991978,0.934155,-0.792382,0.809133,0.476838,-0.838315,0.432809,0.913697,0.927979,-0.876057,-0.647912,-0.559615,0.877970,0.900899,0.169157,0.711014,0.982001,0.918738,0.996094,0.268470,-0.219424,-0.647853
Nucleus of the trapezoid body,0.696772,0.674484,0.504491,0.703306,0.604439,0.765112,0.786106,0.605977,0.592110,0.456607,0.538287,0.785764,0.758661,0.152393,0.057106,0.634401,0.641408,0.890801,0.844281,0.786215,0.504617,0.519429,0.714718,0.669389,0.465798,0.614226,-0.058995,0.336951,0.727455,0.804396,0.733312,0.415798,0.527627,-0.020539,0.148628,0.719845,0.233676,0.927241,0.354012,0.721446,0.779986,0.669780,0.523034,0.596449,0.640237,0.649665,0.866972,0.480278,0.929063,0.941516,0.227796,0.752892,0.725824,0.524072,0.596408,0.447292,0.443084,0.139420,0.512427,0.289275,0.312897,0.917412,0.794266,0.696320,0.855461,0.742700,0.305535,0.688204,0.678107,0.754588,0.519819,0.740148,0.887159,0.341129,-0.353298,0.930945,0.370303,0.806986,0.602213,0.847258,0.261802,0.484040,0.583297,0.481387,0.384322,0.359199,0.561749,0.687056,0.873638,0.681270,0.793463,0.923030,0.849835,0.799309,0.767876,-0.642442,-0.050189,-0.248564,0.466444,-0.013874,0.168690,0.920693,-0.724551,0.952116,0.435672,0.578473,0.788121,0.567771,0.550085,0.188063,0.672576,0.292618,-0.344623,0.703409,0.490671,0.418438,0.120464,0.478816,0.710692,-0.360949,0.802056,0.673511,0.561241,0.169521,0.897631,0.703761,0.640468,0.438402,0.397862,0.398480,0.632644,-0.133307,0.762862,0.810995,0.714045,0.535889,0.590600,0.230831,0.661861,0.448329,0.792266,1.000000,0.843649,0.928326,0.138165,0.888083,0.910527,0.755565,0.382999,0.678121,0.410551,-0.228842,0.837277,0.788310,-0.438238,0.731713,0.458980,0.264317,0.509280,-0.285732,0.807770,-0.043282,0.693083,-0.115835,0.269805,-0.823329,-0.337545,0.437765,0.593217,0.559053,0.215815,0.870719,-0.196470,0.671227,0.659928,0.747370,0.515495,0.765651,0.266358,0.664533,0.698177,0.749461,0.971052,0.712567,0.918342,0.434109,-0.735579,0.861780,0.404415,0.263542,0.749090,0.975550,-0.290620,0.299149,0.066839,0.194108,0.359421,0.464523,-0.425012,0.076263,0.608342,-0.090106,0.253860,0.572673,0.399034,0.395074,0.521715,0.168194,0.538543,-0.323920,-0.220668,-0.903708,0.536689,0.242105,-0.460968,0.723505,0.736362,-0.375951,0.536514,-0.156198,-0.507332,0.017344,0.806587,0.823726,-0.600826,-0.900833,-0.377522,0.928611,0.977990,0.384556,0.612708,0.769658,0.780818,0.737487,-0.366573,0.387281,-0.076531
Cortical amygdalar area posterior part,0.972403,0.964245,0.765399,0.974249,0.930431,0.984299,0.993108,0.937914,0.926749,0.698090,0.880898,0.917903,0.924682,0.289709,0.346917,0.950056,0.952941,0.990359,0.969130,0.992677,0.582594,0.896541,0.957678,0.946257,0.791268,0.900416,0.404420,0.781569,0.982072,0.971369,0.884066,0.676916,0.885473,0.400047,0.656015,0.976904,0.489690,0.982239,0.678729,0.979124,0.937188,0.791357,0.872619,0.774243,0.913693,0.951173,0.997778,0.134751,0.973526,0.685365,0.211441,0.963720,0.968248,0.894016,0.807651,0.822375,0.842561,-0.280907,0.835415,0.288450,0.432242,0.971708,0.934569,0.944349,0.956413,0.746109,-0.249377,0.665294,0.900777,0.908768,0.776144,0.953390,0.994253,0.771662,0.125235,0.963821,0.729114,0.997876,0.783373,0.951069,0.255256,0.547545,0.921801,0.345017,0.183442,0.563549,0.539010,0.969567,0.747835,0.948361,0.958930,0.944444,0.998105,0.869411,0.884198,-0.142211,0.267493,0.080303,0.808068,0.122108,-0.228165,0.952812,-0.421447,0.921711,0.842432,0.664438,0.931860,0.912800,0.074721,-0.368628,0.963266,0.531030,0.142807,0.974969,0.174447,0.449638,-0.376085,0.761293,0.881751,0.081570,0.408019,0.435179,0.884470,0.542794,0.993655,0.764507,0.474709,0.786669,0.767635,0.723053,0.711294,-0.290606,0.744318,0.842026,0.936332,0.872233,0.919831,0.673536,0.905708,0.665968,0.995993,0.843649,1.000000,0.795277,-0.236739,0.579842,0.938881,0.986247,0.479801,0.729652,0.046269,-0.098144,0.932508,0.398964,0.104677,0.842893,0.669349,-0.054997,0.825638,-0.641339,0.544275,0.366393,0.367117,0.224645,0.740470,-0.420887,0.173393,0.843101,0.870909,0.738823,0.540115,0.917362,-0.643365,0.432581,0.217118,0.275566,0.751559,0.922431,0.404970,0.934114,0.958982,0.634941,0.910599,0.975953,0.752778,0.835332,-0.616236,0.690276,0.794641,-0.240177,0.501472,0.760531,-0.415333,0.612657,0.436022,0.499663,0.802175,0.867346,-0.789676,-0.002135,0.937418,-0.094406,0.658705,0.900480,0.787574,0.825546,0.853350,0.667056,0.898938,0.063656,-0.597258,-0.825562,0.675876,0.470520,-0.762295,0.978987,0.930479,-0.751531,0.791542,0.396822,-0.811145,0.382116,0.922815,0.937824,-0.858095,-0.701376,-0.546307,0.909096,0.936060,0.203648,0.714199,0.977168,0.923478,0.984486,0.182791,-0.135758,-0.580809
Nucleus of the solitary tract,0.648887,0.621717,0.700542,0.652178,0.524669,0.771966,0.718839,0.567548,0.520306,0.187548,0.413713,0.593107,0.575722,-0.201197,-0.242057,0.614734,0.606832,0.871360,0.884160,0.771151,0.173564,0.487260,0.763566,0.557023,0.270125,0.459908,0.160958,0.396337,0.694426,0.671485,0.518675,0.148510,0.426193,-0.234850,0.172721,0.650767,-0.069627,0.883527,0.117783,0.663753,0.606562,0.404410,0.398085,0.333515,0.489210,0.575666,0.798463,0.168043,0.829832,0.769633,-0.148806,0.802616,0.756903,0.457151,0.777225,0.309221,0.355488,0.355921,0.337956,-0.083487,-0.035179,0.804024,0.616472,0.761820,0.907024,0.928835,0.306903,0.905219,0.794201,0.866553,0.711317,0.803712,0.855361,0.436142,-0.497081,0.927855,0.171858,0.764273,0.343548,0.906826,-0.112872,0.145048,0.508092,0.121814,0.022394,0.048554,0.220531,0.646035,0.631066,0.732444,0.644035,0.778614,0.778530,0.572592,0.895433,-0.646831,-0.336076,-0.516940,0.610552,-0.366602,0.402236,0.783566,-0.884199,0.967384,0.486322,0.267363,0.877465,0.486835,0.340649,0.156222,0.617382,-0.011962,-0.479371,0.663661,0.723206,0.062148,0.255143,0.247047,0.498059,-0.098525,0.612278,0.361226,0.421468,-0.065431,0.835467,0.424754,0.310454,0.592529,0.551064,0.596719,0.334890,-0.477778,0.482805,0.571783,0.796147,0.632742,0.635033,0.378784,0.769536,0.693741,0.748501,0.928326,0.795277,1.000000,0.388111,0.693261,0.950495,0.747148,0.036889,0.886173,0.635877,0.146773,0.916135,0.855940,-0.448136,0.489569,0.703759,-0.068231,0.653958,-0.505476,0.546985,0.221465,0.413061,0.199612,0.226883,-0.845398,-0.441558,0.362372,0.720158,0.776293,-0.049298,0.947676,-0.049411,0.876588,0.447946,0.654413,0.722505,0.865411,-0.080448,0.733856,0.591597,0.941524,0.843088,0.703276,0.705515,0.504115,-0.431306,0.984992,0.524662,0.386327,0.461235,0.833825,0.058097,0.041087,0.339206,-0.086092,0.323171,0.451965,-0.567694,0.435148,0.554548,0.284937,0.439866,0.452514,0.252826,0.408850,0.638256,0.223546,0.460823,-0.549289,-0.446304,-0.688818,0.235071,-0.073530,-0.239057,0.713865,0.828284,-0.199567,0.720116,-0.093440,-0.307781,-0.238941,0.900581,0.901708,-0.402003,-0.677871,-0.054596,0.974165,0.923096,0.019704,0.317429,0.797428,0.878325,0.689778,-0.260163,0.462058,0.005184
Abducens nucleus,-0.403170,-0.433114,0.087985,-0.403003,-0.539768,-0.214858,-0.345145,-0.464973,-0.536142,-0.817980,-0.655952,-0.497262,-0.524313,-0.873447,-0.971833,-0.404057,-0.427863,-0.101066,-0.019411,-0.240302,-0.723882,-0.518250,-0.166071,-0.535501,-0.780867,-0.635603,-0.172550,-0.437960,-0.343679,-0.422274,-0.569486,-0.843276,-0.630559,-0.979745,-0.604935,-0.419364,-0.922346,-0.088354,-0.869318,-0.397343,-0.492157,-0.637332,-0.666996,-0.711685,-0.610377,-0.492741,-0.241677,-0.133688,-0.185158,0.064486,-0.712376,-0.119335,-0.199965,-0.577828,0.129652,-0.732345,-0.663925,0.992858,-0.731763,-0.720352,-0.826653,-0.227161,-0.477654,-0.140899,0.036038,0.423566,0.752653,0.515459,-0.008168,0.079117,0.086075,-0.095862,-0.135860,-0.348134,-0.940367,0.021926,-0.837347,-0.273478,-0.707138,0.047635,-0.718774,-0.722341,-0.548659,-0.501888,-0.429538,-0.859754,-0.607920,-0.399230,-0.252374,-0.195583,-0.454084,-0.245569,-0.271430,-0.482937,0.160802,-0.712826,-0.990044,-0.984919,-0.124217,-0.882685,0.998361,-0.245225,-0.770682,0.143019,-0.398271,-0.688917,0.050230,-0.569820,0.246698,0.679765,-0.439317,-0.897342,-0.933331,-0.381103,0.915374,-0.719559,0.928004,-0.795578,-0.593804,-0.083547,0.198677,-0.259378,-0.659137,-0.944445,-0.181136,-0.582288,-0.392292,-0.115074,-0.148174,0.000890,-0.648559,-0.491332,-0.476048,-0.455810,-0.072723,-0.206255,-0.297321,-0.266902,-0.053931,0.238807,-0.293509,0.138165,-0.236739,0.388111,1.000000,0.082853,0.112174,-0.261098,-0.787857,0.399340,0.957797,0.560612,0.096583,0.704929,-0.764100,-0.572659,0.247879,-0.225032,-0.086723,0.005465,-0.113447,-0.011634,-0.078786,0.174553,-0.681266,-0.633873,-0.902263,-0.647662,-0.065064,0.240659,-0.936947,0.158967,0.863467,0.773389,0.207389,0.489450,0.143217,0.052215,-0.852903,-0.163923,-0.500729,0.590320,-0.101891,-0.308949,-0.137565,-0.352533,0.394455,0.536178,-0.240189,0.924601,-0.192716,0.073385,0.836662,-0.902384,0.065000,-0.944154,-0.624566,-0.516993,0.160395,0.824336,-0.491694,0.746832,-0.139666,-0.625133,-0.769883,-0.505972,-0.161901,-0.529927,-0.585759,-0.981764,0.026157,0.257259,-0.742863,-0.910165,0.801959,-0.298461,-0.014547,0.814867,0.073300,-0.610853,0.757071,-0.987495,0.096938,0.069097,0.687532,0.114740,0.836284,0.187375,0.020137,-0.461502,-0.675054,-0.157500,0.067367,-0.362221,-0.535071,0.863593,0.817425
Facial motor nucleus,0.405492,0.385683,0.052004,0.415810,0.338428,0.437615,0.526575,0.299049,0.317404,0.446395,0.320866,0.680452,0.633078,0.355455,0.152294,0.312061,0.332928,0.619780,0.518122,0.479921,0.627558,0.204737,0.349542,0.442707,0.340882,0.434694,-0.496471,-0.049449,0.426291,0.621214,0.651334,0.403907,0.283780,-0.053319,-0.191061,0.451814,0.304835,0.693025,0.295385,0.442396,0.645082,0.666224,0.306118,0.579036,0.457914,0.380047,0.629231,0.825507,0.750178,0.990103,0.516293,0.394575,0.374037,0.243411,0.160828,0.248058,0.186068,0.138885,0.357535,0.549637,0.478747,0.748932,0.668843,0.318182,0.528980,0.378207,0.529220,0.324662,0.273112,0.370897,0.069930,0.371378,0.624084,-0.070722,-0.394146,0.671321,0.254615,0.528713,0.577590,0.514146,0.534244,0.627490,0.311842,0.753972,0.719974,0.432435,0.734230,0.388358,0.932055,0.309509,0.628858,0.799108,0.609509,0.755238,0.387466,-0.744915,0.045877,-0.122361,0.026357,0.232782,0.132211,0.784934,-0.557213,0.705190,0.052047,0.659671,0.421750,0.301968,0.855766,0.473475,0.385952,0.359137,-0.400779,0.405293,0.326263,0.612453,0.240527,0.406640,0.621682,-0.745948,0.979181,0.909130,0.362145,0.131469,0.665252,0.737019,0.860831,-0.007002,-0.047894,-0.063161,0.691614,0.298509,0.825150,0.796595,0.330451,0.123054,0.214543,-0.206458,0.257071,-0.010098,0.511746,0.888083,0.579842,0.693261,0.082853,1.000000,0.619956,0.438010,0.541072,0.284371,0.300090,-0.579044,0.494124,0.734557,-0.612811,0.696695,0.002322,0.670115,0.071331,0.182755,0.975591,-0.495690,0.942683,-0.556834,-0.021122,-0.808633,-0.436174,0.167929,0.170477,0.117766,0.219710,0.547215,-0.031681,0.441260,0.921176,0.894377,0.063905,0.388622,0.432685,0.279445,0.467559,0.442691,0.864719,0.389103,0.960090,0.036500,-0.882268,0.618894,-0.024616,0.360712,0.947969,0.965418,-0.459942,0.280754,-0.399073,0.227599,0.054310,0.132438,0.015584,-0.223975,0.316208,-0.401980,-0.202939,0.350388,0.212398,0.042287,0.097451,-0.200106,0.269064,-0.248965,0.247589,-0.903090,0.591038,0.337339,-0.374231,0.401830,0.353554,-0.229685,0.090069,-0.475809,-0.386916,0.043124,0.446306,0.474544,-0.480807,-0.974944,-0.476568,0.654580,0.793821,0.711800,0.662122,0.428544,0.409603,0.451105,-0.668287,0.505849,0.147202
Caudoputamen,0.852158,0.833236,0.815799,0.854070,0.760869,0.931121,0.893517,0.795267,0.758466,0.423395,0.668881,0.761762,0.759292,-0.014653,0.009860,0.829303,0.823722,0.977032,0.984677,0.930504,0.337684,0.734298,0.921508,0.778196,0.532532,0.695668,0.355326,0.645951,0.883122,0.843454,0.701530,0.392868,0.682740,0.062340,0.458472,0.850837,0.173215,0.972931,0.385909,0.860973,0.783489,0.582316,0.656529,0.538704,0.718149,0.798675,0.934652,0.087383,0.929382,0.721661,-0.038323,0.944126,0.920208,0.710391,0.873488,0.582032,0.627279,0.064130,0.595172,0.037666,0.147615,0.912603,0.785861,0.916909,0.991292,0.913932,0.009576,0.863929,0.919564,0.958374,0.826066,0.941965,0.968647,0.667788,-0.204075,0.993308,0.449086,0.923856,0.549686,0.989992,0.004255,0.302297,0.748968,0.172455,0.032632,0.270669,0.333767,0.850718,0.673385,0.901631,0.819370,0.877911,0.924496,0.716835,0.962134,-0.396059,-0.077618,-0.267051,0.784270,-0.189286,0.120186,0.886669,-0.703654,0.993014,0.722048,0.433890,0.971586,0.732261,0.160840,-0.138360,0.830027,0.224266,-0.183533,0.862629,0.502727,0.202962,-0.056897,0.496312,0.690635,0.056923,0.485015,0.350426,0.671248,0.220501,0.951787,0.574059,0.343934,0.765710,0.734599,0.741902,0.496140,-0.473677,0.590749,0.698230,0.932858,0.820530,0.836617,0.596576,0.908427,0.767678,0.914877,0.910527,0.938881,0.950495,0.112174,0.619956,1.000000,0.916691,0.209911,0.888827,0.386482,0.100824,0.988429,0.656540,-0.161668,0.658008,0.774318,-0.138992,0.815423,-0.656341,0.513855,0.373496,0.344662,0.294547,0.517271,-0.653481,-0.140997,0.633682,0.869139,0.842524,0.220068,0.994849,-0.352778,0.716493,0.292612,0.452841,0.821182,0.962756,0.110512,0.898391,0.803495,0.858932,0.893988,0.889334,0.719125,0.731078,-0.488185,0.895732,0.729509,0.080759,0.441921,0.801988,-0.126798,0.306479,0.471724,0.176001,0.600378,0.705099,-0.752728,0.291530,0.785198,0.170103,0.626553,0.699789,0.533158,0.666515,0.817027,0.496473,0.712518,-0.282494,-0.604052,-0.751457,0.426727,0.157758,-0.495201,0.896119,0.947432,-0.480155,0.837235,0.191756,-0.561181,0.040820,0.978807,0.984193,-0.633647,-0.674471,-0.261152,0.996038,0.963722,0.042026,0.489824,0.944221,0.969128,0.878912,-0.000000,0.165569,-0.305708
Visceral area,0.988641,0.983119,0.841571,0.988551,0.953314,0.998807,0.987580,0.971264,0.953666,0.667260,0.899677,0.869051,0.885921,0.231220,0.335176,0.983225,0.981632,0.969836,0.968963,0.998828,0.503015,0.943876,0.988483,0.949291,0.793488,0.898080,0.549454,0.870520,0.996207,0.942245,0.836110,0.652078,0.912967,0.436850,0.757219,0.983696,0.463077,0.945818,0.676170,0.988546,0.897943,0.728666,0.893331,0.726351,0.908492,0.968614,0.973408,-0.024551,0.922378,0.556997,0.113870,0.986730,0.994482,0.931876,0.866694,0.848308,0.884958,-0.321982,0.840036,0.192370,0.364888,0.919808,0.890368,0.980678,0.953639,0.758730,-0.372773,0.681818,0.944183,0.934401,0.849747,0.980526,0.972598,0.865665,0.203080,0.931986,0.741267,0.993816,0.736887,0.951008,0.158710,0.464104,0.949082,0.216938,0.045824,0.519826,0.434615,0.989130,0.632403,0.985888,0.926216,0.878713,0.977301,0.799873,0.905220,-0.016812,0.268689,0.095738,0.890244,0.070285,-0.261869,0.890968,-0.367331,0.880469,0.917814,0.587972,0.948931,0.940724,-0.090239,-0.495120,0.981855,0.498207,0.224126,0.991960,0.143641,0.358468,-0.450162,0.746209,0.839238,0.244243,0.253600,0.289538,0.894998,0.557741,0.962497,0.685155,0.340963,0.873577,0.860291,0.816788,0.634182,-0.394559,0.646427,0.761354,0.970528,0.939862,0.971976,0.786407,0.952119,0.746885,0.994867,0.755565,0.986247,0.747148,-0.261098,0.438010,0.916691,1.000000,0.405528,0.759495,0.007441,0.022185,0.935487,0.304181,0.229118,0.780851,0.748233,-0.204875,0.901137,-0.750727,0.399777,0.510126,0.210390,0.368889,0.814261,-0.311767,0.266082,0.889646,0.931244,0.801293,0.536550,0.908809,-0.691840,0.403882,0.053660,0.129631,0.824776,0.945382,0.343654,0.976918,0.958933,0.624969,0.830213,0.997812,0.634276,0.914038,-0.493759,0.648769,0.883692,-0.324179,0.356423,0.645848,-0.349814,0.605142,0.568890,0.489810,0.868242,0.926493,-0.877831,0.060101,0.966629,-0.006911,0.771642,0.915893,0.816325,0.899002,0.925056,0.772818,0.931856,0.103637,-0.714823,-0.724724,0.613924,0.435243,-0.753942,0.998738,0.960337,-0.771802,0.862425,0.528269,-0.806461,0.396708,0.934669,0.944940,-0.840449,-0.574494,-0.491933,0.877832,0.875612,0.069366,0.643036,0.993874,0.942472,0.993371,0.331891,-0.239493,-0.660416
Superior central nucleus raphe,0.509160,0.522770,-0.136850,0.515861,0.587823,0.365075,0.538900,0.494486,0.570691,0.934129,0.683537,0.786831,0.777138,0.971250,0.910765,0.448639,0.483404,0.389787,0.251320,0.415292,0.990554,0.481540,0.265336,0.653643,0.817670,0.741387,-0.240204,0.251353,0.470209,0.673961,0.834226,0.929745,0.635328,0.770010,0.315878,0.554529,0.954301,0.429928,0.877847,0.528540,0.755697,0.915334,0.684111,0.922671,0.733603,0.572666,0.518273,0.666287,0.554851,0.537162,0.950532,0.254610,0.310449,0.560471,-0.103908,0.707693,0.602834,-0.737663,0.780649,0.970758,0.997107,0.590945,0.759644,0.223482,0.211880,-0.204072,-0.263857,-0.311044,0.081969,0.071735,-0.124225,0.219468,0.422672,0.159467,0.536124,0.320928,0.815638,0.477115,0.916562,0.192234,0.962966,0.993537,0.578437,0.912858,0.846466,0.977879,0.967786,0.494317,0.766559,0.264841,0.708568,0.644861,0.530716,0.831662,0.014755,0.129996,0.863612,0.767112,0.025748,0.916115,-0.753639,0.633792,0.344204,0.243553,0.278672,0.971791,0.128987,0.591289,0.361985,-0.223477,0.528500,0.964525,0.523228,0.489411,-0.598268,0.993020,-0.599357,0.879381,0.835437,-0.448815,0.446992,0.796008,0.714190,0.848071,0.490568,0.919125,0.874142,-0.002454,0.000812,-0.134412,0.952565,0.670604,0.889218,0.839734,0.173297,0.155784,0.292209,0.007600,0.110359,-0.298885,0.483224,0.382999,0.479801,0.036889,-0.787857,0.541072,0.209911,0.405528,1.000000,-0.245201,-0.637299,-0.875045,0.138025,-0.162266,0.234600,0.873258,-0.298719,0.663257,0.021624,0.200683,0.700389,-0.375600,0.669641,-0.562612,0.488628,0.052072,0.467968,0.576106,0.065041,-0.221898,0.902378,0.121794,-0.696266,-0.427498,0.423433,0.151156,-0.175244,0.105706,0.991867,0.218319,0.638701,-0.291741,0.568481,0.415101,0.684799,0.228908,-0.873061,-0.130456,0.093851,-0.530918,0.756089,0.503060,-0.995070,0.904972,-0.385022,0.919142,0.483092,0.434496,-0.030906,-0.874047,0.529679,-0.916862,-0.099370,0.674398,0.720398,0.368245,0.101803,0.242718,0.584385,0.679591,0.221559,-0.741254,0.970447,0.968341,-0.862604,0.414283,0.139014,-0.776085,-0.101166,0.158108,-0.825960,0.845178,0.106125,0.147960,-0.823703,-0.681453,-0.989785,0.171635,0.409986,0.866281,0.955136,0.309597,0.106720,0.503138,-0.013439,-0.391069,-0.541126
Ventral medial nucleus of the thalamus,0.657126,0.635254,0.923586,0.654794,0.541498,0.790234,0.668426,0.620718,0.549159,0.027673,0.409626,0.405224,0.414909,-0.443080,-0.356542,0.672193,0.649361,0.797050,0.875639,0.763060,-0.119473,0.577016,0.833232,0.516477,0.208538,0.396040,0.565356,0.614105,0.701274,0.546529,0.327817,0.004137,0.449409,-0.209421,0.413479,0.630254,-0.224256,0.764147,0.035969,0.652630,0.446842,0.165948,0.398776,0.132150,0.418963,0.580341,0.701638,-0.305976,0.659990,0.397643,-0.490658,0.853371,0.810508,0.514635,0.953616,0.320152,0.419569,0.318350,0.286988,-0.422167,-0.299986,0.628636,0.443551,0.849631,0.895473,0.994512,0.010885,0.990150,0.913510,0.941238,0.926679,0.868401,0.774945,0.675857,-0.347530,0.830773,0.134980,0.723844,0.146568,0.904119,-0.452557,-0.158840,0.537030,-0.292570,-0.412785,-0.151202,-0.134927,0.664258,0.270745,0.819312,0.506187,0.561782,0.689663,0.326140,0.963459,-0.339182,-0.413941,-0.551812,0.833687,-0.588759,0.386152,0.577991,-0.786233,0.853010,0.667488,-0.014375,0.924821,0.516001,-0.118829,-0.153841,0.629601,-0.182879,-0.319289,0.675840,0.706173,-0.263296,0.117209,0.134252,0.321059,0.366378,0.177311,-0.085247,0.393152,-0.101560,0.723833,0.142537,-0.112441,0.830275,0.802963,0.864025,0.054204,-0.817038,0.155449,0.295378,0.883299,0.806633,0.756348,0.680448,0.893858,0.943339,0.714992,0.678121,0.729652,0.886173,0.399340,0.284371,0.888827,0.759495,-0.245201,1.000000,0.599825,0.541730,0.926308,0.634803,-0.149037,0.257844,0.948164,-0.520969,0.860609,-0.818250,0.114821,0.635271,-0.050628,0.630806,0.381375,-0.576792,-0.246180,0.439794,0.884230,0.972010,-0.138540,0.929492,-0.116431,0.852537,-0.011280,0.268318,0.941504,0.930056,-0.329655,0.838679,0.544812,0.955768,0.595491,0.735375,0.345473,0.698652,-0.040002,0.902985,0.758522,0.218406,0.021391,0.501765,0.318268,-0.057328,0.727168,-0.193893,0.459385,0.576302,-0.805399,0.682040,0.593558,0.599529,0.752043,0.441002,0.269152,0.575886,0.827670,0.483483,0.503295,-0.512554,-0.781445,-0.369944,-0.008950,-0.252200,-0.145281,0.740668,0.907557,-0.187907,0.926454,0.236354,-0.227934,-0.278486,0.936608,0.921644,-0.289807,-0.295687,0.174074,0.892400,0.743004,-0.408494,0.051862,0.826730,0.932696,0.679880,0.128387,0.231260,-0.156314
Ventrolateral preoptic nucleus,-0.141641,-0.175321,0.276523,-0.140231,-0.294628,0.053563,-0.068804,-0.220464,-0.293481,-0.622574,-0.425020,-0.228334,-0.257643,-0.783592,-0.884760,-0.155124,-0.176820,0.183833,0.253202,0.033193,-0.541427,-0.291406,0.089550,-0.278462,-0.570939,-0.391016,-0.115246,-0.257716,-0.077729,-0.144471,-0.311529,-0.656448,-0.401187,-0.895877,-0.467165,-0.153305,-0.788788,0.200363,-0.690660,-0.131298,-0.221291,-0.401046,-0.439284,-0.486862,-0.360599,-0.239014,0.044576,-0.038604,0.105088,0.306145,-0.627552,0.141604,0.059809,-0.349092,0.337092,-0.521725,-0.452687,0.944323,-0.509542,-0.614524,-0.692654,0.062206,-0.205461,0.109304,0.306894,0.635457,0.739890,0.704562,0.229181,0.326665,0.278563,0.160996,0.150020,-0.171174,-0.948516,0.305451,-0.649479,0.004764,-0.480196,0.316157,-0.622095,-0.548294,-0.307719,-0.364878,-0.333359,-0.698079,-0.426728,-0.139674,-0.002813,0.054462,-0.178938,0.040980,0.013131,-0.219753,0.404404,-0.810443,-0.930421,-0.983211,0.070835,-0.842637,0.962020,0.042240,-0.921314,0.420048,-0.195239,-0.484039,0.307016,-0.331980,0.332841,0.633456,-0.181790,-0.749452,-0.937716,-0.118791,0.990030,-0.570163,0.863939,-0.587885,-0.338897,-0.122325,0.373999,-0.086723,-0.424182,-0.811722,0.107410,-0.346521,-0.214974,0.072335,0.031231,0.169637,-0.429627,-0.542081,-0.237439,-0.195780,0.177065,0.011006,-0.062307,-0.123331,0.182984,0.399909,-0.017196,0.410551,0.046269,0.635877,0.957797,0.300090,0.386482,0.007441,-0.637299,0.599825,1.000000,0.496892,0.359503,0.863333,-0.792641,-0.321109,0.410828,-0.188279,0.116334,-0.134361,0.091745,0.037924,0.081607,0.186880,-0.510705,-0.802683,-0.901785,-0.437563,0.156709,0.429157,-0.797982,0.422868,0.713642,0.917752,0.332458,0.628805,0.329806,0.304192,-0.729230,0.080638,-0.238427,0.781877,0.182788,-0.047058,0.116297,-0.152031,0.181513,0.754200,-0.053258,0.902435,-0.000590,0.331258,0.708259,-0.740995,0.139379,-0.814352,-0.432889,-0.302740,-0.026700,0.813296,-0.246197,0.699234,0.001664,-0.386963,-0.570686,-0.308636,0.049211,-0.389587,-0.353922,-0.993816,-0.097901,-0.008687,-0.540989,-0.778596,0.596584,-0.034770,0.236101,0.623359,0.270937,-0.557387,0.538615,-0.900540,0.353836,0.331554,0.449970,-0.128115,0.675143,0.457827,0.306452,-0.361367,-0.457922,0.108980,0.321343,-0.093925,-0.547257,0.877220,0.696074
Ventromedial hypothalamic nucleus,-0.069143,-0.078406,0.558679,-0.078608,-0.139398,0.058946,-0.135151,-0.031453,-0.116821,-0.644991,-0.250683,-0.475160,-0.442347,-0.883224,-0.708216,0.013083,-0.026355,-0.036507,0.122546,-0.000603,-0.841508,-0.004506,0.173005,-0.234951,-0.437204,-0.340597,0.670391,0.248310,-0.035753,-0.313509,-0.527254,-0.635702,-0.187523,-0.459694,0.172907,-0.128137,-0.728024,-0.109315,-0.540940,-0.098644,-0.419951,-0.663979,-0.249964,-0.644582,-0.335166,-0.130346,-0.155956,-0.886344,-0.254876,-0.508859,-0.977262,0.167805,0.126944,-0.095782,0.507541,-0.277469,-0.141828,0.464283,-0.383495,-0.964498,-0.874478,-0.289112,-0.435092,0.217257,0.147299,0.473947,-0.121996,0.548303,0.342337,0.315828,0.545777,0.204163,-0.066685,0.337065,-0.261823,-0.009443,-0.436087,-0.075568,-0.632879,0.168658,-0.970439,-0.864992,-0.124656,-0.962239,-0.981664,-0.759563,-0.890530,-0.049825,-0.661762,0.184654,-0.356348,-0.376474,-0.159148,-0.576864,0.347557,0.105276,-0.666804,-0.617295,0.442885,-0.879734,0.513167,-0.355285,-0.338040,0.023727,0.216480,-0.788989,0.254851,-0.137854,-0.650511,-0.206953,-0.084444,-0.735763,-0.236630,-0.049114,0.525360,-0.916141,0.236542,-0.539943,-0.517386,0.778166,-0.584191,-0.864591,-0.294391,-0.525183,-0.147565,-0.712922,-0.893977,0.470459,0.473209,0.579392,-0.756661,-0.922137,-0.733712,-0.617842,0.254229,0.319162,0.181851,0.477357,0.325452,0.676977,-0.075306,-0.228842,-0.098144,0.146773,0.560612,-0.579044,0.100824,0.022185,-0.875045,0.541730,0.496892,1.000000,0.216616,0.081004,0.098583,-0.606945,0.673641,-0.930926,0.438367,-0.642787,-0.738563,0.773919,-0.800920,0.890096,-0.009223,0.039752,-0.152214,-0.109003,0.383276,0.594896,-0.614246,0.200661,0.282430,0.470710,-0.650916,-0.351099,0.581357,0.284816,-0.866507,0.232178,-0.223847,0.463113,-0.352583,0.027562,-0.594239,0.265203,0.818208,0.271847,0.392654,0.202931,-0.804333,-0.422288,0.874735,-0.599225,0.783594,-0.657104,0.000976,0.052281,-0.444687,0.907758,-0.071743,0.967383,0.566935,-0.242887,-0.295033,0.126980,0.369044,0.251478,-0.125886,-0.492668,-0.663236,0.580100,-0.752345,-0.766019,0.510178,0.024811,0.273122,0.375524,0.524967,0.285600,0.452385,-0.580664,0.260594,0.218655,0.461672,0.627711,0.799277,0.104484,-0.160057,-0.984794,-0.745041,0.110280,0.275739,-0.075401,0.399373,0.073655,0.100051
Olivary pretectal nucleus,0.871861,0.855043,0.893739,0.871993,0.785144,0.951018,0.893736,0.829986,0.786482,0.393379,0.687882,0.719797,0.726498,-0.074293,-0.006832,0.864507,0.854583,0.965522,0.992598,0.942493,0.262330,0.781152,0.956728,0.784239,0.534290,0.695440,0.491698,0.731138,0.901492,0.820912,0.659457,0.368001,0.710089,0.091043,0.552448,0.861671,0.144394,0.946725,0.381479,0.874464,0.750642,0.525179,0.677152,0.494474,0.715605,0.818504,0.918371,-0.060388,0.888575,0.609048,-0.133416,0.972591,0.950974,0.747900,0.936279,0.606480,0.667782,0.032598,0.599975,-0.055460,0.081391,0.870703,0.748527,0.957365,0.997186,0.935803,-0.100184,0.889560,0.967408,0.990593,0.901698,0.974380,0.955807,0.758384,-0.139301,0.972192,0.459017,0.926122,0.506878,0.998461,-0.089572,0.223077,0.777167,0.052108,-0.097284,0.227175,0.236076,0.873514,0.570442,0.942739,0.793108,0.822788,0.911256,0.655405,0.990604,-0.287416,-0.083154,-0.260931,0.866227,-0.244254,0.095989,0.835225,-0.664008,0.963908,0.795528,0.362435,0.995801,0.760790,0.010739,-0.252663,0.851506,0.190265,-0.115325,0.883250,0.483895,0.115768,-0.120425,0.481637,0.653370,0.207703,0.347094,0.216748,0.682600,0.230470,0.929722,0.501741,0.220423,0.851955,0.825714,0.834982,0.424848,-0.576969,0.502025,0.626487,0.971882,0.888806,0.890121,0.704565,0.958687,0.850530,0.919667,0.837277,0.932508,0.916135,0.096583,0.494124,0.988429,0.935487,0.138025,0.926308,0.359503,0.216616,1.000000,0.578401,-0.052274,0.602494,0.855395,-0.280463,0.891677,-0.763182,0.383479,0.509788,0.201751,0.431783,0.585859,-0.561594,-0.061705,0.678182,0.931912,0.908908,0.212916,0.996160,-0.395423,0.700534,0.144763,0.324279,0.896762,0.992360,0.049418,0.944556,0.807102,0.860410,0.826283,0.915127,0.614411,0.807993,-0.376309,0.867953,0.816682,0.009156,0.309956,0.702783,-0.062041,0.296593,0.599224,0.162609,0.662839,0.762668,-0.839747,0.356649,0.815833,0.257159,0.735624,0.716113,0.559584,0.737096,0.889322,0.595445,0.745416,-0.253728,-0.717914,-0.662664,0.368342,0.120850,-0.486719,0.920078,0.982907,-0.498005,0.910361,0.311514,-0.556921,0.048704,0.998528,0.999398,-0.618394,-0.561757,-0.207848,0.976477,0.915822,-0.084912,0.423834,0.966611,0.995210,0.892268,0.134987,0.076007,-0.377101
Cuneate nucleus,0.180434,0.146232,0.298179,0.186393,0.035172,0.337029,0.290817,0.071147,0.025933,-0.173972,-0.071708,0.239569,0.197255,-0.371944,-0.532984,0.125406,0.119693,0.515539,0.516500,0.342705,-0.043217,-0.027539,0.319688,0.096500,-0.176354,0.007239,-0.272547,-0.131868,0.237016,0.277869,0.162889,-0.220057,-0.071211,-0.630695,-0.360400,0.193855,-0.379456,0.560458,-0.294615,0.205577,0.230205,0.096200,-0.089600,-0.007533,0.041167,0.096472,0.420324,0.366444,0.517361,0.744690,-0.192980,0.378560,0.310608,-0.051485,0.396178,-0.180704,-0.157614,0.716760,-0.120118,-0.160658,-0.235566,0.485721,0.252318,0.318135,0.558939,0.705394,0.752775,0.722534,0.379406,0.495542,0.308976,0.380808,0.493553,-0.080324,-0.852860,0.624329,-0.278835,0.345261,-0.002505,0.558240,-0.176469,-0.051630,0.012625,0.119019,0.110196,-0.247984,0.084366,0.173664,0.501480,0.275023,0.255353,0.490922,0.388604,0.275518,0.556776,-0.941527,-0.622777,-0.756800,0.142369,-0.487520,0.731594,0.486106,-0.962105,0.718378,-0.034054,0.020961,0.507125,-0.010290,0.642073,0.638696,0.141600,-0.322007,-0.846421,0.197052,0.880793,-0.083916,0.696451,-0.161143,0.129262,-0.424437,0.761345,0.399822,-0.051700,-0.470796,0.481806,0.165521,0.289025,0.125954,0.075607,0.163883,0.079488,-0.281138,0.282792,0.309192,0.371819,0.150196,0.144285,-0.118133,0.339210,0.348643,0.321427,0.788310,0.398964,0.855940,0.704929,0.734557,0.656540,0.304181,-0.162266,0.634803,0.863333,0.081004,0.578401,1.000000,-0.843534,0.172893,0.362572,0.168315,0.197622,-0.075264,0.569737,-0.165587,0.529886,-0.100410,-0.305043,-0.992656,-0.833881,-0.155039,0.276904,0.435869,-0.420430,0.647064,0.436357,0.907108,0.685943,0.892753,0.340695,0.488875,-0.285845,0.278603,0.138055,0.829730,0.620032,0.241343,0.600698,-0.010804,-0.336889,0.896550,0.028143,0.792973,0.486286,0.758749,0.257144,-0.344098,-0.041091,-0.432544,-0.208129,-0.071936,-0.089418,0.482208,0.060483,0.308845,-0.027931,-0.028750,-0.235841,-0.121891,0.164047,-0.307615,-0.042641,-0.824509,-0.014756,-0.504009,-0.050619,-0.358990,0.182271,0.256366,0.424433,0.269332,0.314288,-0.582220,0.129875,-0.591293,0.551297,0.549752,0.018085,-0.611030,0.212782,0.720993,0.678874,0.088229,0.045779,0.372059,0.511016,0.237041,-0.684742,0.852037,0.512403
Ventral posterolateral nucleus of the thalamus,0.333815,0.364180,0.241223,0.326083,0.451190,0.201193,0.209457,0.442383,0.464627,0.425705,0.512650,0.140668,0.198430,0.353753,0.603369,0.400977,0.399273,-0.012606,0.012880,0.185329,0.171048,0.532953,0.232668,0.370286,0.530941,0.416027,0.685910,0.642905,0.285796,0.168177,0.192430,0.466162,0.529958,0.799603,0.802590,0.307483,0.511901,-0.083628,0.571178,0.303117,0.175046,0.179755,0.527626,0.287629,0.387911,0.398380,0.066218,-0.537088,-0.076866,-0.547524,0.092388,0.170788,0.237345,0.535498,0.146043,0.591795,0.610839,-0.825096,0.507599,0.103626,0.287706,-0.051761,0.145865,0.237566,-0.034434,-0.232942,-0.988326,-0.279038,0.176688,0.048478,0.232402,0.171328,0.006194,0.602749,0.934535,-0.139285,0.607707,0.167343,0.290125,-0.031513,0.100719,0.154810,0.474421,-0.168156,-0.254108,0.402832,-0.004054,0.344254,-0.284901,0.278818,0.175307,-0.093874,0.100124,0.049713,-0.024253,0.969364,0.666372,0.718838,0.406645,0.386044,-0.799750,-0.078809,0.727519,-0.257214,0.563060,0.159978,0.034118,0.491086,-0.813537,-0.951870,0.367206,0.470800,0.943506,0.322030,-0.732672,0.122499,-0.911607,0.472698,0.230082,0.695621,-0.739798,-0.399204,0.482330,0.690144,-0.000929,0.077439,-0.263598,0.419132,0.463844,0.368462,0.130497,-0.080697,-0.066468,-0.012215,0.183620,0.404287,0.404269,0.622621,0.219087,0.159050,0.192266,-0.438238,0.104677,-0.448136,-0.764100,-0.612811,-0.161668,0.229118,0.234600,-0.149037,-0.792641,0.098583,-0.052274,-0.843534,1.000000,0.139127,0.144997,-0.439105,0.355346,-0.434219,-0.492156,0.573253,-0.563512,0.450774,0.745830,0.852427,0.967484,0.616283,0.281261,0.085308,0.612328,-0.139316,-0.767953,-0.629365,-0.781277,-0.900797,0.192691,0.055909,0.328976,0.278408,0.334937,-0.433278,-0.247527,0.292964,-0.373685,0.545568,0.217747,-0.521087,0.511162,-0.948283,-0.441381,-0.499611,-0.301601,0.573742,0.479360,0.592391,0.677602,0.578552,-0.454321,-0.306033,0.443956,-0.154969,0.537856,0.478832,0.627937,0.627438,0.390673,0.770401,0.521367,0.813250,-0.480178,0.224198,0.253111,0.469677,-0.503435,0.277668,0.127684,-0.624624,0.230251,0.925328,-0.487902,0.717417,-0.017614,-0.017638,-0.390488,0.421918,-0.345252,-0.247619,-0.250636,-0.219616,0.171597,0.171505,0.030226,0.277538,0.943990,-0.985066,-0.859585
Dentate gyrus,0.831162,0.833203,0.319823,0.836866,0.849585,0.756326,0.869207,0.795974,0.835985,0.939757,0.878131,0.987173,0.981094,0.743006,0.720472,0.776706,0.800118,0.788987,0.689168,0.793331,0.928023,0.759247,0.677342,0.904658,0.911426,0.931278,0.027831,0.545090,0.815272,0.944293,0.994803,0.922743,0.849411,0.649025,0.505961,0.863688,0.832134,0.814209,0.884501,0.848959,0.976100,0.995296,0.872963,0.983456,0.935545,0.854957,0.868199,0.525181,0.887005,0.748048,0.704000,0.677987,0.711030,0.806993,0.369822,0.855888,0.800257,-0.561637,0.914100,0.758259,0.841842,0.906918,0.979021,0.643551,0.660613,0.298037,-0.237746,0.189767,0.535151,0.541485,0.334191,0.650320,0.810448,0.484858,0.343023,0.739613,0.870983,0.835975,0.984500,0.645213,0.735324,0.911665,0.837466,0.770866,0.646116,0.894571,0.901210,0.819654,0.908626,0.668909,0.958604,0.928336,0.873948,0.994414,0.497107,-0.060009,0.643241,0.476602,0.434103,0.614288,-0.544254,0.925046,-0.064079,0.675786,0.600817,0.962038,0.590879,0.839460,0.320059,-0.280482,0.836047,0.863927,0.344049,0.821004,-0.230127,0.859592,-0.521977,0.937269,0.991839,-0.280670,0.551679,0.762484,0.901212,0.783407,0.852990,0.989545,0.824217,0.403906,0.392572,0.289787,0.977717,0.264273,0.969111,0.988418,0.611300,0.550768,0.662160,0.334739,0.552841,0.169266,0.837135,0.731713,0.842893,0.489569,-0.572659,0.696695,0.658008,0.780851,0.873258,0.257844,-0.321109,-0.606945,0.602494,0.172893,0.139127,1.000000,0.172143,0.412560,0.444523,-0.199178,0.768803,-0.070334,0.656796,-0.257146,0.664001,-0.254356,0.324798,0.783507,0.501355,0.262215,0.820911,0.589681,-0.738848,0.011800,0.434662,0.304510,0.291383,0.569735,0.820888,0.632043,0.904621,0.195152,0.871997,0.777020,0.866046,0.566966,-0.898403,0.332033,0.462464,-0.402096,0.776753,0.764977,-0.830367,0.864937,-0.031821,0.810429,0.698915,0.710842,-0.424110,-0.527225,0.817581,-0.614533,0.265276,0.885391,0.842334,0.643294,0.507550,0.468429,0.825555,0.406645,-0.158907,-0.931626,0.961438,0.833104,-0.925344,0.779171,0.590303,-0.857508,0.357203,0.256883,-0.930333,0.691454,0.574986,0.609373,-0.961076,-0.838818,-0.896266,0.623304,0.787206,0.667364,0.978250,0.719682,0.572613,0.837704,0.030803,-0.254924,-0.601586
Orbital area medial part,0.669019,0.655837,0.984872,0.663370,0.584562,0.774435,0.635894,0.670842,0.598608,0.034215,0.464186,0.326367,0.355552,-0.446911,-0.275229,0.713415,0.686101,0.709000,0.811904,0.736269,-0.196835,0.659636,0.839671,0.525450,0.258064,0.412134,0.797126,0.762370,0.701469,0.486726,0.261952,0.025154,0.514670,-0.051302,0.611659,0.628454,-0.183305,0.649019,0.096631,0.652171,0.381735,0.090952,0.458472,0.092025,0.426244,0.607086,0.624748,-0.558659,0.533730,0.132786,-0.573667,0.840678,0.813080,0.589537,0.978685,0.400154,0.516391,0.143461,0.331166,-0.506957,-0.333994,0.506633,0.368663,0.862798,0.821254,0.910291,-0.270132,0.906076,0.924267,0.911230,0.983276,0.860164,0.689222,0.821587,-0.108605,0.710316,0.212199,0.684234,0.107540,0.833223,-0.536052,-0.240331,0.589011,-0.461457,-0.595524,-0.151262,-0.264729,0.681279,0.063268,0.841151,0.445422,0.421359,0.622385,0.214913,0.917146,-0.033331,-0.303734,-0.406230,0.928994,-0.569101,0.219030,0.443315,-0.570599,0.704564,0.784346,-0.096679,0.882924,0.572350,-0.425268,-0.422498,0.650578,-0.158092,-0.076776,0.685970,0.526995,-0.351123,-0.096907,0.159390,0.267361,0.637602,-0.128428,-0.319971,0.434378,0.006585,0.628388,0.035084,-0.313422,0.933610,0.921225,0.968047,-0.037500,-0.904557,0.005473,0.164337,0.884815,0.884256,0.817035,0.853346,0.915040,0.999888,0.682869,0.458980,0.669349,0.703759,0.247879,0.002322,0.774318,0.748233,-0.298719,0.948164,0.410828,0.673641,0.855395,0.362572,0.144997,0.172143,1.000000,-0.733659,0.939010,-0.954248,-0.144097,0.846948,-0.321923,0.829183,0.538714,-0.288693,0.008884,0.541286,0.931978,0.993190,-0.061453,0.832778,-0.262236,0.677376,-0.319927,-0.051670,0.991844,0.898165,-0.348577,0.866075,0.543435,0.820855,0.415048,0.744185,0.117973,0.815589,0.151896,0.719637,0.880801,-0.020756,-0.225390,0.253041,0.346845,0.003947,0.906546,-0.123420,0.592646,0.680071,-0.916359,0.678706,0.640357,0.653690,0.909806,0.484788,0.360926,0.704499,0.907581,0.678786,0.570792,-0.326090,-0.936462,-0.181675,-0.061399,-0.225674,-0.182177,0.744484,0.894944,-0.274008,0.979186,0.502397,-0.261776,-0.154491,0.880827,0.860647,-0.290368,-0.055063,0.193381,0.755469,0.577858,-0.583066,-0.026924,0.807685,0.892327,0.673691,0.428189,-0.039496,-0.351420
Ventral posteromedial nucleus of the thalamus,-0.155826,-0.156795,-0.672230,-0.144817,-0.127147,-0.228607,-0.056070,-0.223025,-0.151797,0.365944,-0.041470,0.284187,0.234113,0.651061,0.401471,-0.250792,-0.214710,-0.070267,-0.221039,-0.170067,0.643112,-0.273630,-0.339952,-0.014721,0.131499,0.070749,-0.884827,-0.527934,-0.170966,0.122250,0.317676,0.346128,-0.105187,0.103608,-0.499800,-0.093829,0.434870,0.020763,0.224348,-0.119381,0.220320,0.456225,-0.046288,0.403988,0.073881,-0.119765,0.010759,0.972012,0.151630,0.572816,0.833371,-0.314959,-0.300848,-0.191314,-0.598189,-0.037544,-0.169376,-0.112110,0.085811,0.809604,0.649955,0.174433,0.244225,-0.380352,-0.226138,-0.432818,0.472156,-0.475977,-0.468630,-0.402064,-0.658696,-0.347041,-0.049638,-0.593890,-0.091860,-0.049121,0.111282,-0.096463,0.391522,-0.245944,0.819592,0.673744,-0.147455,0.893314,0.957593,0.492370,0.751592,-0.176595,0.616083,-0.365126,0.160099,0.270987,0.002157,0.412593,-0.403615,-0.407978,0.351188,0.308832,-0.627641,0.655195,-0.170816,0.245738,0.106819,-0.034788,-0.478641,0.590256,-0.344336,-0.140125,0.857832,0.549957,-0.152228,0.451304,-0.119686,-0.170312,-0.248354,0.741774,0.134344,0.247768,0.296232,-0.950894,0.736417,0.872957,0.008093,0.184585,0.026295,0.538200,0.849489,-0.654582,-0.670130,-0.729468,0.565768,0.896429,0.607945,0.473732,-0.394816,-0.521448,-0.401904,-0.717362,-0.468170,-0.741074,-0.104925,0.264317,-0.054997,-0.068231,-0.225032,0.670115,-0.138992,-0.204875,0.663257,-0.520969,-0.188279,-0.930926,-0.280463,0.168315,-0.439105,0.412560,-0.733659,1.000000,-0.608099,0.800399,0.778063,-0.936623,0.878094,-0.985309,-0.324367,-0.278617,-0.207792,-0.201090,-0.537931,-0.649506,0.292085,-0.234888,0.073147,-0.261723,0.831807,0.593560,-0.674909,-0.377896,0.631723,-0.406603,-0.014235,-0.343140,0.304931,-0.230230,0.584242,-0.516206,-0.749776,-0.145742,-0.615905,0.162496,0.825282,0.469810,-0.647327,0.283603,-0.921229,0.342152,-0.317266,-0.337454,0.643401,-0.720752,-0.186909,-0.815960,-0.768443,-0.039244,-0.030030,-0.417287,-0.560097,-0.561477,-0.159728,0.165520,0.829722,-0.512932,0.524234,0.485744,-0.210231,-0.222889,-0.392423,-0.048116,-0.640742,-0.615478,-0.157681,0.243224,-0.331074,-0.294607,-0.193955,-0.636545,-0.549788,-0.110010,0.128350,0.946574,0.540999,-0.264417,-0.361080,-0.132424,-0.701852,0.280998,0.262981
Orbital area ventrolateral part,0.866318,0.861313,0.984161,0.861477,0.820831,0.911826,0.823954,0.879337,0.831909,0.364224,0.736238,0.574745,0.609472,-0.118611,0.071864,0.903001,0.885347,0.822852,0.889914,0.885714,0.112222,0.877210,0.953067,0.768940,0.570456,0.686908,0.828913,0.929647,0.880862,0.707193,0.531057,0.359603,0.775508,0.284093,0.819537,0.834911,0.163771,0.764087,0.431355,0.850621,0.626270,0.380867,0.732790,0.399381,0.694844,0.831587,0.786465,-0.445344,0.685258,0.210535,-0.289043,0.942196,0.940028,0.829915,0.973927,0.690121,0.779354,-0.185806,0.629900,-0.214600,-0.007103,0.672012,0.610132,0.964925,0.881213,0.822507,-0.487831,0.780877,0.977217,0.942959,0.984945,0.951713,0.815138,0.956932,0.178244,0.786324,0.534698,0.848716,0.413561,0.887985,-0.246488,0.067081,0.825894,-0.224191,-0.390224,0.187269,0.012582,0.875836,0.244155,0.960965,0.676694,0.595916,0.792496,0.462793,0.922140,0.141687,0.038579,-0.084762,0.998413,-0.252673,-0.110899,0.616920,-0.370608,0.741482,0.948262,0.205851,0.928996,0.815230,-0.438365,-0.624069,0.858112,0.186210,0.207773,0.875977,0.252804,-0.048954,-0.399672,0.480855,0.542187,0.609880,-0.105183,-0.148574,0.710827,0.349208,0.772595,0.311304,-0.100202,0.996691,0.991542,0.986034,0.255569,-0.726753,0.252495,0.405518,0.964907,0.990637,0.962449,0.947862,0.982158,0.940846,0.852646,0.509280,0.825638,0.653958,-0.086723,0.071331,0.815423,0.901137,0.021624,0.860609,0.116334,0.438367,0.891677,0.197622,0.355346,0.444523,0.939010,-0.608099,1.000000,-0.962400,-0.012675,0.823915,-0.210314,0.734742,0.788016,-0.153921,0.281294,0.797428,0.994934,0.945845,0.285469,0.851913,-0.573299,0.467793,-0.310242,-0.136257,0.973199,0.940687,-0.017403,0.972529,0.777678,0.678926,0.545726,0.908899,0.262922,0.962812,-0.068261,0.611287,0.984486,-0.308646,-0.071064,0.328309,0.018627,0.346434,0.867731,0.225222,0.830907,0.890648,-0.993980,0.386274,0.859085,0.370253,0.961693,0.749495,0.659511,0.903025,0.996568,0.861300,0.815975,-0.016086,-0.945041,-0.364427,0.254133,0.119261,-0.503273,0.906791,0.957252,-0.587786,0.987181,0.681711,-0.570462,0.190437,0.912948,0.904737,-0.584698,-0.191909,-0.140213,0.773242,0.663129,-0.367096,0.272772,0.925012,0.931467,0.861280,0.560344,-0.292366,-0.631164
Ventral tegmental area,-0.710270,-0.707445,-0.969615,-0.702794,-0.668857,-0.766132,-0.642554,-0.744719,-0.685698,-0.160180,-0.577854,-0.340038,-0.384057,0.299644,0.067937,-0.770956,-0.745586,-0.641974,-0.743312,-0.726609,0.127112,-0.761868,-0.834997,-0.590621,-0.395750,-0.501295,-0.932940,-0.888525,-0.725295,-0.494316,-0.297040,-0.164148,-0.629031,-0.195181,-0.799557,-0.665399,0.011844,-0.565921,-0.260933,-0.685663,-0.400825,-0.137539,-0.577175,-0.171105,-0.505647,-0.673408,-0.589126,0.670644,-0.463040,0.044237,0.494029,-0.817216,-0.812217,-0.698842,-0.935244,-0.543467,-0.655016,0.118949,-0.455247,0.429880,0.216763,-0.445967,-0.380109,-0.857516,-0.737516,-0.758437,0.544652,-0.740625,-0.895034,-0.844428,-0.965503,-0.835106,-0.629659,-0.930275,-0.183655,-0.604874,-0.377173,-0.673822,-0.185984,-0.749288,0.457255,0.171623,-0.679922,0.470575,0.618648,0.015602,0.241840,-0.724580,0.028101,-0.850285,-0.458875,-0.355621,-0.597222,-0.211094,-0.827819,-0.262534,0.074883,0.152410,-0.968778,0.401179,0.042487,-0.380159,0.299653,-0.563977,-0.884429,0.039264,-0.814342,-0.669791,0.632829,0.672363,-0.703573,0.001296,-0.215342,-0.722136,-0.258274,0.282269,0.363894,-0.288333,-0.313340,-0.790518,0.340217,0.411588,-0.541566,-0.214862,-0.572144,-0.055760,0.364625,-0.976740,-0.978971,-0.992732,-0.005709,0.847746,0.014688,-0.146337,-0.861245,-0.927388,-0.866234,-0.965127,-0.899454,-0.958392,-0.680110,-0.285732,-0.641339,-0.505476,0.005465,0.182755,-0.656341,-0.750727,0.200683,-0.818250,-0.134361,-0.642787,-0.763182,-0.075264,-0.434219,-0.199178,-0.954248,0.800399,-0.962400,1.000000,0.279562,-0.944214,0.463057,-0.890953,-0.716067,0.005355,-0.300561,-0.679317,-0.933637,-0.930051,-0.129426,-0.716286,0.471089,-0.426495,0.527135,0.319093,-0.961285,-0.834792,0.217579,-0.872836,-0.596313,-0.616440,-0.303423,-0.766331,0.005144,-0.907572,-0.203692,-0.497821,-0.956498,0.305600,0.338223,-0.079723,-0.224269,-0.177323,-0.970115,-0.066985,-0.744565,-0.794229,0.971677,-0.525173,-0.717451,-0.548008,-0.990885,-0.586394,-0.518670,-0.831210,-0.944490,-0.850925,-0.677516,0.050956,0.997678,0.098044,-0.020995,0.063172,0.318359,-0.761983,-0.853557,0.438548,-0.961139,-0.737069,0.386131,-0.076426,-0.796795,-0.778431,0.382740,-0.077001,-0.071344,-0.613196,-0.450664,0.596876,-0.027756,-0.787415,-0.821718,-0.697521,-0.675056,0.333711,0.579908
Olfactory tubercle,0.399949,0.386795,-0.066222,0.410724,0.365544,0.388810,0.513424,0.304874,0.342651,0.577034,0.380425,0.723844,0.678491,0.546630,0.344294,0.302981,0.330524,0.556663,0.431445,0.438986,0.764518,0.221721,0.286546,0.474213,0.442934,0.495083,-0.545371,-0.054231,0.407063,0.635752,0.713991,0.540212,0.334140,0.118734,-0.150365,0.452783,0.477306,0.633269,0.429745,0.437250,0.682188,0.758081,0.368296,0.684274,0.512318,0.396415,0.598656,0.898129,0.718293,0.955294,0.691752,0.323092,0.319316,0.277424,0.035080,0.327992,0.242895,-0.045874,0.443462,0.719150,0.648955,0.727011,0.704612,0.248820,0.431814,0.207551,0.424411,0.139404,0.175281,0.258635,-0.047986,0.294115,0.568888,-0.096703,-0.219344,0.586686,0.371904,0.498341,0.680451,0.413914,0.706681,0.768728,0.340270,0.879619,0.847686,0.589656,0.857529,0.381042,0.958826,0.251769,0.653025,0.788700,0.584427,0.807075,0.260566,-0.613010,0.245016,0.088307,-0.049790,0.439516,-0.061300,0.772320,-0.361327,0.600276,0.037214,0.779924,0.316826,0.335823,0.849650,0.397491,0.388662,0.524187,-0.230425,0.394241,0.112725,0.764933,0.090822,0.520819,0.688198,-0.790772,0.948984,0.977314,0.424938,0.289624,0.623666,0.824655,0.951361,-0.084844,-0.118415,-0.163695,0.798524,0.473214,0.896968,0.848691,0.247106,0.064511,0.177534,-0.248157,0.168126,-0.154842,0.485085,0.807770,0.544275,0.546985,-0.113447,0.975591,0.513855,0.399777,0.700389,0.114821,0.091745,-0.738563,0.383479,0.569737,-0.492156,0.768803,-0.144097,0.778063,-0.012675,0.279562,1.000000,-0.577088,0.980104,-0.667335,0.038413,-0.662825,-0.279670,0.219584,0.082529,-0.027886,0.382802,0.427814,-0.150434,0.234945,0.910073,0.807714,-0.064535,0.282106,0.609333,0.214038,0.491039,0.252436,0.829939,0.359903,0.961398,0.010807,-0.956093,0.446602,-0.075550,0.202422,0.994585,0.916800,-0.633378,0.430542,-0.500664,0.398300,0.097837,0.147807,0.083852,-0.432340,0.329573,-0.592789,-0.272143,0.402272,0.303152,0.054151,0.029211,-0.179045,0.306118,-0.045915,0.338375,-0.918626,0.717452,0.511836,-0.487442,0.370691,0.259052,-0.336964,-0.025458,-0.419827,-0.484080,0.226284,0.333431,0.368211,-0.562244,-0.978795,-0.633757,0.537343,0.722073,0.843715,0.772720,0.366633,0.300915,0.437669,-0.615466,0.358393,0.043755
Ventral tegmental nucleus,0.482346,0.485880,0.840456,0.472281,0.465447,0.524833,0.383086,0.547235,0.487459,-0.025806,0.388558,0.061078,0.115295,-0.402393,-0.131609,0.567308,0.537395,0.356385,0.481740,0.475184,-0.338363,0.592951,0.616260,0.361417,0.218422,0.283137,0.986924,0.791892,0.489873,0.218778,0.031382,-0.008556,0.446740,0.169636,0.757422,0.426820,-0.132308,0.264889,0.112821,0.448341,0.126742,-0.115875,0.392683,-0.058501,0.279706,0.456468,0.303591,-0.872364,0.152810,-0.370451,-0.624682,0.586410,0.587202,0.523054,0.774413,0.381060,0.501820,-0.130811,0.266389,-0.579418,-0.369667,0.137271,0.100772,0.647212,0.474140,0.551434,-0.642903,0.555637,0.698275,0.622568,0.830760,0.610495,0.343334,0.837793,0.274832,0.308895,0.229825,0.411482,-0.044782,0.489763,-0.598382,-0.377607,0.483965,-0.679425,-0.797212,-0.177192,-0.473069,0.500822,-0.343362,0.642591,0.184248,0.040253,0.316741,-0.077600,0.604053,0.467146,-0.102360,-0.114160,0.843872,-0.451006,-0.060944,0.066689,-0.093512,0.263951,0.755001,-0.270859,0.578307,0.477893,-0.841144,-0.738459,0.482240,-0.140718,0.305187,0.493354,0.137639,-0.470185,-0.382599,0.101173,0.055227,0.946894,-0.625281,-0.674388,0.342580,0.125653,0.277765,-0.210713,-0.619488,0.862306,0.877321,0.897737,-0.241038,-0.859140,-0.300296,-0.148103,0.647815,0.773105,0.686448,0.915891,0.706606,0.854590,0.422315,-0.043282,0.366393,0.221465,-0.011634,-0.495690,0.373496,0.510126,-0.375600,0.635271,0.037924,0.773919,0.509788,-0.165587,0.573253,-0.070334,0.846948,-0.936623,0.823915,-0.944214,-0.577088,1.000000,-0.727308,0.977442,0.624990,0.253701,0.392976,0.529713,0.765654,0.786635,0.020722,0.451853,-0.387118,0.244528,-0.770635,-0.572013,0.830263,0.607537,-0.355459,0.673271,0.358821,0.407900,-0.024860,0.539334,-0.330100,0.781621,0.484649,0.242814,0.847721,-0.371593,-0.621264,-0.252522,0.370185,0.043222,0.992010,-0.037210,0.625992,0.645848,-0.859766,0.556294,0.516830,0.634648,0.940126,0.386825,0.370361,0.709028,0.797742,0.807393,0.495436,0.018029,-0.963518,0.222355,-0.195724,-0.188293,-0.138442,0.531437,0.634486,-0.292865,0.819870,0.797823,-0.194960,0.032211,0.555544,0.529254,-0.161873,0.398054,0.240745,0.325349,0.131534,-0.775915,-0.212218,0.547880,0.589261,0.456622,0.809352,-0.446474,-0.544282
Vascular organ of the lamina terminalis,0.215233,0.202878,-0.256974,0.226740,0.188394,0.198254,0.335578,0.118619,0.163853,0.481027,0.217824,0.588318,0.536662,0.545318,0.308215,0.113043,0.143125,0.381868,0.247301,0.252138,0.715613,0.036789,0.090741,0.305085,0.309722,0.340121,-0.699686,-0.242546,0.220250,0.477155,0.586154,0.445487,0.165162,0.045474,-0.317599,0.272902,0.421169,0.468638,0.322799,0.254939,0.537472,0.657821,0.206454,0.580763,0.355825,0.217232,0.428000,0.965081,0.565923,0.895161,0.723404,0.129382,0.124879,0.099728,-0.155116,0.174372,0.074537,0.006760,0.299305,0.735481,0.624324,0.576424,0.562827,0.051848,0.250219,0.048047,0.523034,-0.009106,-0.020562,0.069137,-0.239298,0.099492,0.394826,-0.288132,-0.264212,0.420329,0.246327,0.317034,0.574302,0.231535,0.729562,0.728633,0.162512,0.897857,0.900326,0.527535,0.828061,0.194906,0.887172,0.054678,0.499580,0.651517,0.412424,0.692056,0.076368,-0.639086,0.217253,0.088105,-0.246923,0.466628,-0.022989,0.631351,-0.292780,0.444303,-0.156043,0.712829,0.128430,0.159930,0.922041,0.522339,0.205241,0.463052,-0.280762,0.208082,0.074679,0.747769,0.181684,0.403388,0.558335,-0.895603,0.953093,0.982373,0.266363,0.200574,0.456144,0.737535,0.945418,-0.280775,-0.313146,-0.354131,0.721887,0.598799,0.821537,0.744485,0.051213,-0.134707,-0.019869,-0.433435,-0.029239,-0.332945,0.302973,0.693083,0.367117,0.413061,-0.078786,0.942683,0.344662,0.210390,0.669641,-0.050628,0.081607,-0.800920,0.201751,0.529886,-0.563512,0.656796,-0.321923,0.878094,-0.210314,0.463057,0.980104,-0.727308,1.000000,-0.795319,-0.127690,-0.628556,-0.342968,0.048402,-0.115750,-0.209566,0.304471,0.253938,-0.021444,0.149945,0.955428,0.825290,-0.252324,0.092160,0.587144,0.015937,0.320377,0.122776,0.703964,0.169082,0.887755,-0.184066,-0.916902,0.325400,-0.271184,0.273033,0.985068,0.834446,-0.611181,0.339769,-0.659906,0.331382,-0.077058,-0.038221,0.279963,-0.486755,0.146381,-0.641924,-0.457701,0.237084,0.155490,-0.132208,-0.169767,-0.352751,0.130449,-0.056796,0.517558,-0.824086,0.641333,0.463922,-0.366196,0.180223,0.065305,-0.202016,-0.217869,-0.554492,-0.350381,0.169095,0.148560,0.183811,-0.425194,-0.919101,-0.580334,0.377104,0.577110,0.891403,0.692830,0.174819,0.112623,0.253790,-0.721075,0.421650,0.179406
Nucleus x,0.319346,0.319063,0.786282,0.308900,0.284906,0.391509,0.225084,0.379475,0.308349,-0.234900,0.193383,-0.119370,-0.069151,-0.582507,-0.328408,0.408353,0.373709,0.237229,0.380530,0.335860,-0.525816,0.422179,0.495540,0.177714,0.009804,0.086936,0.934113,0.650746,0.335473,0.047551,-0.157462,-0.219000,0.256288,-0.028299,0.602812,0.259614,-0.337074,0.146837,-0.099561,0.284844,-0.053717,-0.308224,0.196742,-0.259701,0.085998,0.280969,0.160040,-0.926235,0.017983,-0.443759,-0.774762,0.471902,0.459298,0.341623,0.720888,0.180011,0.311901,0.056755,0.061685,-0.738431,-0.557483,-0.004390,-0.077595,0.532624,0.383069,0.547338,-0.507563,0.575323,0.610806,0.546666,0.774892,0.501376,0.217913,0.713048,0.115866,0.211429,0.019304,0.264992,-0.245994,0.401456,-0.753831,-0.561702,0.303331,-0.811756,-0.902356,-0.381050,-0.639810,0.339138,-0.473800,0.518710,0.008620,-0.103268,0.168655,-0.253143,0.543590,0.378201,-0.292658,-0.283060,0.751049,-0.614938,0.123039,-0.077178,-0.171909,0.189653,0.612701,-0.460461,0.494325,0.294750,-0.826816,-0.603444,0.314466,-0.346246,0.146001,0.333822,0.267550,-0.644804,-0.199880,-0.108817,-0.136775,0.943427,-0.651374,-0.777819,0.145575,-0.083385,0.143848,-0.393165,-0.747492,0.773696,0.785830,0.835477,-0.428791,-0.922709,-0.465290,-0.317671,0.545045,0.658595,0.550331,0.816628,0.611428,0.835902,0.273045,-0.115835,0.224645,0.199612,0.174553,-0.556834,0.294547,0.368889,-0.562612,0.630806,0.186880,0.890096,0.431783,-0.100410,0.450774,-0.257146,0.829183,-0.985309,0.734742,-0.890953,-0.667335,0.977442,-0.795319,1.000000,0.446115,0.204103,0.237123,0.342897,0.673747,0.758781,-0.188921,0.384358,-0.185102,0.325148,-0.777020,-0.535759,0.786267,0.525508,-0.544160,0.556658,0.179219,0.439985,-0.142921,0.392165,-0.442442,0.647967,0.626034,0.256769,0.737902,-0.204310,-0.720329,-0.330399,0.557733,-0.168502,0.973818,-0.244670,0.449354,0.479583,-0.763515,0.699655,0.344239,0.777431,0.863368,0.194371,0.166957,0.550441,0.692927,0.664566,0.311635,-0.145865,-0.912233,0.359793,-0.393729,-0.390100,0.071935,0.385452,0.541413,-0.084714,0.760026,0.671896,0.012529,-0.167726,0.479590,0.446647,0.040366,0.502389,0.440202,0.260785,0.033313,-0.887996,-0.403958,0.424994,0.509175,0.298318,0.719587,-0.302069,-0.359743
Hypoglossal nucleus,0.876813,0.892007,0.669252,0.872912,0.928923,0.793677,0.807165,0.926850,0.935323,0.761552,0.938554,0.713835,0.757125,0.442267,0.647664,0.906482,0.907665,0.654002,0.655416,0.789156,0.513994,0.960213,0.796004,0.885731,0.892935,0.887133,0.727737,0.955153,0.850431,0.766532,0.726785,0.774682,0.952676,0.813442,0.980070,0.862609,0.681415,0.601254,0.845997,0.860833,0.749428,0.657633,0.943148,0.719006,0.876923,0.906952,0.713550,-0.264283,0.601509,0.092897,0.213999,0.758213,0.806713,0.961190,0.633606,0.953273,0.978258,-0.751087,0.906098,0.272963,0.492770,0.617639,0.728082,0.789950,0.614633,0.336286,-0.834434,0.250284,0.718320,0.637156,0.670599,0.751297,0.669642,0.920432,0.718988,0.550235,0.903327,0.781233,0.726678,0.612817,0.248863,0.479812,0.938725,0.126802,-0.039204,0.657299,0.366840,0.881783,0.314004,0.820891,0.763485,0.571809,0.736751,0.620899,0.571173,0.559954,0.636776,0.546621,0.810945,0.352028,-0.699173,0.587382,0.214141,0.441916,0.942130,0.560679,0.643506,0.944123,-0.493973,-0.888612,0.893463,0.681316,0.736549,0.870345,-0.384708,0.393009,-0.870927,0.834533,0.750620,0.517338,-0.221903,0.029688,0.920872,0.835471,0.665258,0.570933,0.148209,0.804804,0.822313,0.726849,0.571719,-0.239395,0.460244,0.561097,0.747694,0.853528,0.886758,0.866825,0.750490,0.545930,0.796840,0.269805,0.740470,0.226883,-0.681266,-0.021122,0.517271,0.814261,0.488628,0.381375,-0.510705,-0.009223,0.585859,-0.305043,0.745830,0.664001,0.538714,-0.324367,0.788016,-0.716067,0.038413,0.624990,-0.127690,0.446115,1.000000,0.295157,0.772356,0.981965,0.768709,0.545576,0.781930,0.516981,-0.952872,-0.141630,-0.376926,-0.421843,0.626915,0.651641,0.502387,0.810598,0.870198,0.126471,0.444931,0.850537,0.256517,0.925041,-0.273085,0.106009,0.873230,-0.804536,0.044842,0.174689,-0.490872,0.804159,0.607891,0.741831,0.994970,0.970970,-0.830899,-0.217947,0.927999,-0.178006,0.798610,0.928677,0.954650,0.975340,0.831172,0.964853,0.955227,0.598108,-0.717491,-0.406216,0.630986,0.640411,-0.855700,0.842241,0.705725,-0.929140,0.679653,0.888685,-0.877250,0.747075,0.602384,0.612836,-0.842801,-0.189848,-0.607208,0.439142,0.457861,-0.002316,0.601360,0.768284,0.635051,0.846865,0.757040,-0.758282,-0.971185
Posterior amygdalar nucleus,-0.199037,-0.165922,-0.239229,-0.206135,-0.062007,-0.340133,-0.317309,-0.085090,-0.050048,0.088842,0.031898,-0.305972,-0.259899,0.262434,0.443428,-0.134049,-0.133093,-0.529750,-0.511467,-0.353006,-0.063856,0.017069,-0.308903,-0.134803,0.115026,-0.057847,0.347649,0.152663,-0.251619,-0.325464,-0.235303,0.136177,0.038901,0.570053,0.373096,-0.219530,0.286276,-0.583188,0.221885,-0.227728,-0.290242,-0.184070,0.049931,-0.078044,-0.091202,-0.122328,-0.449088,-0.473099,-0.557480,-0.811519,0.073462,-0.368342,-0.305463,0.030085,-0.343603,0.138114,0.131059,-0.656705,0.064838,0.041885,0.125813,-0.529976,-0.314090,-0.301918,-0.550720,-0.655520,-0.763059,-0.662849,-0.347635,-0.466787,-0.251664,-0.366126,-0.511458,0.111941,0.818436,-0.634789,0.218114,-0.364572,-0.081763,-0.547411,0.057319,-0.057881,-0.037650,-0.237570,-0.229307,0.150492,-0.196555,-0.189941,-0.587772,-0.262835,-0.307977,-0.545306,-0.417818,-0.353468,-0.523834,0.953737,0.538860,0.680586,-0.098048,0.380036,-0.666248,-0.538061,0.924369,-0.724217,0.050576,-0.122527,-0.485889,-0.016260,-0.719317,-0.658054,-0.162011,0.227565,0.814827,-0.213255,-0.818117,-0.030696,-0.662607,0.087898,-0.200540,0.515663,-0.834089,-0.507119,0.006669,0.401084,-0.509394,-0.258801,-0.400497,-0.078136,-0.027355,-0.102268,-0.177587,0.173557,-0.378094,-0.391668,-0.350985,-0.121352,-0.132387,0.167519,-0.309594,-0.274356,-0.340736,-0.823329,-0.420887,-0.845398,-0.633873,-0.808633,-0.653481,-0.311767,0.052072,-0.576792,-0.802683,0.039752,-0.561594,-0.992656,0.852427,-0.254356,-0.288693,-0.278617,-0.153921,0.005355,-0.662825,0.253701,-0.628556,0.204103,0.295157,1.000000,0.812065,0.132407,-0.240123,-0.372015,0.340208,-0.631856,-0.394620,-0.853752,-0.764713,-0.935911,-0.278795,-0.463991,0.177241,-0.260571,-0.175086,-0.779670,-0.670923,-0.248303,-0.678770,0.033274,0.440766,-0.869820,0.010088,-0.764444,-0.586933,-0.816032,-0.147501,0.265029,0.129850,0.347620,0.198981,0.068483,0.044788,-0.372707,-0.079258,-0.191559,0.088371,-0.010255,0.191422,0.127722,-0.129005,0.329689,0.017607,0.763233,-0.057958,0.581393,-0.046841,0.261523,-0.112528,-0.263657,-0.401168,-0.215622,-0.259622,0.610783,-0.066609,0.516473,-0.529184,-0.532820,0.046577,0.692515,-0.110806,-0.717036,-0.706916,-0.207982,-0.142591,-0.368877,-0.487183,-0.256408,0.729048,-0.839986,-0.492994
Nucleus y,0.391134,0.422992,0.136428,0.385908,0.522239,0.229430,0.285539,0.487449,0.529798,0.610249,0.607870,0.297489,0.346763,0.578800,0.784886,0.436238,0.444351,0.042112,0.027321,0.228749,0.401773,0.568318,0.231322,0.466539,0.667485,0.535446,0.531260,0.609591,0.336014,0.287496,0.359771,0.646921,0.609687,0.920097,0.779860,0.379809,0.706051,-0.010510,0.727421,0.368377,0.318777,0.376489,0.622091,0.477400,0.506982,0.468863,0.149501,-0.306667,0.031421,-0.384082,0.340313,0.171810,0.247708,0.593073,0.056976,0.689837,0.676332,-0.940891,0.633326,0.351823,0.518045,0.064498,0.293569,0.224700,-0.026018,-0.311616,-0.956892,-0.379041,0.131977,0.012320,0.131379,0.162960,0.068237,0.547765,0.992120,-0.090748,0.740103,0.229604,0.477417,-0.028615,0.348881,0.389888,0.541155,0.085677,-0.001824,0.609549,0.238982,0.396572,-0.084587,0.273580,0.304454,0.043086,0.183757,0.230414,-0.068356,0.924242,0.833255,0.864280,0.330000,0.602091,-0.925426,0.053147,0.781329,-0.217187,0.541399,0.381752,0.014150,0.560419,-0.640008,-0.905596,0.427412,0.669292,0.995610,0.374716,-0.843678,0.366024,-0.974854,0.633799,0.394403,0.499572,-0.568139,-0.162094,0.588821,0.834699,0.080994,0.286275,-0.019256,0.334582,0.377154,0.254965,0.346897,0.132886,0.148429,0.178081,0.162040,0.360938,0.396750,0.528488,0.178181,0.021779,0.254047,-0.337545,0.173393,-0.441558,-0.902263,-0.436174,-0.140997,0.266082,0.467968,-0.246180,-0.901785,-0.152214,-0.061705,-0.833881,0.967484,0.324798,0.008884,-0.207792,0.281294,-0.300561,-0.279670,0.392976,-0.342968,0.237123,0.772356,0.812065,1.000000,0.673687,0.223767,-0.027528,0.779603,-0.144389,-0.856644,-0.716457,-0.601517,-0.790217,0.082343,0.027879,0.555562,0.260878,0.429522,-0.511775,-0.115953,0.327294,-0.188515,0.511876,-0.013945,-0.549022,0.444826,-0.996552,-0.215423,-0.354548,-0.531041,0.741187,0.301157,0.768565,0.705371,0.598059,-0.375759,-0.524475,0.498848,-0.394260,0.422213,0.573489,0.728204,0.626076,0.334414,0.729356,0.586730,0.926150,-0.338874,0.041110,0.465207,0.672810,-0.656884,0.313014,0.101944,-0.742993,0.135063,0.861436,-0.629647,0.867804,-0.038722,-0.027781,-0.537956,0.230279,-0.561663,-0.228083,-0.165012,0.033910,0.384743,0.187230,0.004807,0.337688,0.842123,-0.996372,-0.899508
Piriform-amygdalar area,0.943643,0.954597,0.678190,0.941695,0.980836,0.869786,0.897866,0.972562,0.983326,0.829884,0.985304,0.831319,0.865148,0.493710,0.658747,0.955666,0.960385,0.766559,0.750180,0.872818,0.618630,0.987273,0.856348,0.957424,0.941617,0.955736,0.629432,0.935795,0.922192,0.873910,0.837620,0.834598,0.992820,0.785264,0.931415,0.937924,0.721796,0.727931,0.884898,0.934734,0.860237,0.770419,0.986940,0.814051,0.950316,0.967492,0.825461,-0.110598,0.737382,0.279423,0.298928,0.827872,0.871083,0.994563,0.663744,0.985102,0.999452,-0.706850,0.958638,0.363828,0.567924,0.752562,0.843650,0.844827,0.712446,0.412847,-0.720462,0.318533,0.767072,0.705907,0.682867,0.816996,0.782405,0.898616,0.627781,0.674751,0.934892,0.873554,0.821499,0.708035,0.336944,0.584573,0.985476,0.259950,0.089256,0.722696,0.493815,0.945444,0.483898,0.873174,0.871804,0.716008,0.844414,0.752952,0.644543,0.407039,0.627636,0.506286,0.811248,0.380602,-0.656273,0.728875,0.096681,0.575060,0.942490,0.671740,0.721323,0.988668,-0.327839,-0.786075,0.956000,0.732283,0.644150,0.937508,-0.307741,0.495279,-0.808243,0.895517,0.855428,0.374315,-0.034265,0.196108,0.975376,0.842458,0.785045,0.698161,0.303073,0.799012,0.808266,0.712607,0.689376,-0.190347,0.606057,0.701537,0.806090,0.870541,0.919392,0.820996,0.795402,0.546005,0.885609,0.437765,0.843101,0.362372,-0.647662,0.167929,0.633682,0.889646,0.576106,0.439794,-0.437563,-0.109003,0.678182,-0.155039,0.616283,0.783507,0.541286,-0.201090,0.797428,-0.679317,0.219584,0.529713,0.048402,0.342897,0.981965,0.132407,0.673687,1.000000,0.797134,0.569678,0.805772,0.620481,-0.942023,-0.046128,-0.199525,-0.244865,0.639099,0.723246,0.568451,0.857772,0.947156,0.218462,0.604133,0.915868,0.433677,0.923263,-0.431526,0.230281,0.861928,-0.719570,0.219555,0.356453,-0.562345,0.839930,0.532014,0.767173,0.992004,0.984446,-0.822694,-0.246233,0.976505,-0.241055,0.755678,0.981486,0.979189,0.972057,0.844156,0.915735,0.993308,0.533892,-0.668241,-0.570293,0.728082,0.687220,-0.910431,0.910153,0.769515,-0.956297,0.695469,0.786799,-0.934999,0.737093,0.685684,0.700961,-0.919384,-0.370376,-0.681423,0.563498,0.605644,0.123982,0.712966,0.843682,0.710888,0.923002,0.620663,-0.647195,-0.927431
Periaqueductal gray,0.891816,0.884533,0.979544,0.888052,0.838490,0.942354,0.862621,0.893392,0.847412,0.394120,0.751641,0.629477,0.658797,-0.093075,0.073976,0.918844,0.903150,0.873802,0.931091,0.920396,0.163992,0.881295,0.975040,0.797538,0.588105,0.714367,0.768507,0.909019,0.909001,0.755542,0.582487,0.385031,0.787127,0.263429,0.784030,0.865135,0.180573,0.823087,0.444934,0.880015,0.676999,0.434579,0.746634,0.443337,0.724828,0.853831,0.836992,-0.360462,0.749570,0.306936,-0.243704,0.969328,0.964144,0.837601,0.980706,0.697877,0.780850,-0.157601,0.649154,-0.166885,0.029981,0.735822,0.663571,0.983981,0.924253,0.856132,-0.420694,0.810815,0.993341,0.970223,0.982068,0.976739,0.866163,0.935023,0.125534,0.844313,0.543504,0.888217,0.457273,0.929629,-0.199923,0.119362,0.840757,-0.153430,-0.320087,0.217214,0.077452,0.899584,0.330481,0.978523,0.725738,0.665298,0.840633,0.526335,0.952295,0.057537,0.030306,-0.108247,0.988448,-0.237904,-0.084111,0.684672,-0.431265,0.804830,0.937962,0.260202,0.961082,0.828969,-0.345809,-0.561854,0.881316,0.208448,0.154170,0.901625,0.293731,0.003155,-0.359866,0.505812,0.590259,0.528332,-0.004699,-0.060268,0.730553,0.346542,0.827594,0.373474,-0.018870,0.983560,0.974010,0.968917,0.313035,-0.695357,0.325358,0.474122,0.986030,0.989295,0.969327,0.913645,0.996068,0.932451,0.890175,0.593217,0.870909,0.720158,-0.065064,0.170477,0.869139,0.931244,0.065041,0.884230,0.156709,0.383276,0.931912,0.276904,0.281261,0.501355,0.931978,-0.537931,0.994934,-0.933637,0.082529,0.765654,-0.115750,0.673747,0.768709,-0.240123,0.223767,0.797134,1.000000,0.950064,0.292327,0.898618,-0.559304,0.515944,-0.213122,-0.040180,0.970571,0.969393,0.014912,0.987382,0.809072,0.722599,0.623947,0.933485,0.353250,0.951386,-0.149827,0.672455,0.968182,-0.258001,0.021061,0.421081,-0.016600,0.359089,0.819501,0.233435,0.819296,0.887450,-0.979463,0.370172,0.874726,0.335754,0.929263,0.768056,0.663608,0.890913,0.993183,0.825377,0.826252,-0.052812,-0.909799,-0.446500,0.300488,0.139922,-0.524698,0.932790,0.981471,-0.593821,0.986111,0.619490,-0.592961,0.180248,0.948224,0.942548,-0.617196,-0.284775,-0.175336,0.831789,0.734569,-0.298423,0.326800,0.955216,0.962539,0.891858,0.481375,-0.228310,-0.599416
Zona incerta,0.720817,0.705845,0.986491,0.716388,0.630991,0.826622,0.700998,0.711200,0.642480,0.099438,0.510810,0.412851,0.436849,-0.389931,-0.240918,0.754178,0.729770,0.780827,0.870224,0.793924,-0.111260,0.689873,0.880584,0.584171,0.309676,0.471883,0.739471,0.761310,0.754636,0.564587,0.346399,0.085851,0.556397,-0.041566,0.597218,0.686048,-0.132261,0.729380,0.144854,0.708236,0.463835,0.178759,0.503569,0.170846,0.488255,0.657548,0.700207,-0.458372,0.622683,0.246968,-0.500110,0.886093,0.857482,0.625468,0.992360,0.439705,0.547240,0.143222,0.383705,-0.429583,-0.263718,0.596202,0.453344,0.899571,0.879919,0.944822,-0.219635,0.932885,0.953445,0.950461,0.987023,0.902431,0.762174,0.816411,-0.139132,0.786175,0.254788,0.748283,0.186071,0.889931,-0.460412,-0.154655,0.632466,-0.363884,-0.502675,-0.086423,-0.168358,0.730975,0.175996,0.877860,0.524817,0.517347,0.696028,0.310243,0.956976,-0.108726,-0.281469,-0.403380,0.931212,-0.525922,0.217691,0.537574,-0.621483,0.782442,0.794432,-0.008227,0.928648,0.615044,-0.327994,-0.376866,0.700733,-0.101186,-0.108289,0.737337,0.548707,-0.266907,-0.083488,0.219223,0.348721,0.549868,-0.016881,-0.208626,0.485966,0.037153,0.707066,0.130443,-0.205594,0.931771,0.915182,0.957672,0.053850,-0.858981,0.109503,0.264215,0.921853,0.899229,0.844368,0.830909,0.943112,0.991775,0.745264,0.559053,0.738823,0.776293,0.240659,0.117766,0.842524,0.801293,-0.221898,0.972010,0.429157,0.594896,0.908908,0.435869,0.085308,0.262215,0.993190,-0.649506,0.945845,-0.930051,-0.027886,0.786635,-0.209566,0.758781,0.545576,-0.372015,-0.027528,0.569678,0.950064,1.000000,-0.020490,0.891554,-0.279057,0.714346,-0.214705,0.045045,0.993940,0.939940,-0.283212,0.898685,0.604443,0.860503,0.516400,0.792317,0.231955,0.823025,0.042027,0.781048,0.879086,0.006519,-0.110876,0.363825,0.278564,0.051280,0.856096,-0.081228,0.607237,0.701782,-0.914302,0.637159,0.683244,0.592682,0.885554,0.534298,0.397038,0.715428,0.918776,0.661872,0.609905,-0.338324,-0.905083,-0.290734,0.019800,-0.170899,-0.238257,0.793933,0.933711,-0.313132,0.985504,0.455134,-0.318368,-0.133049,0.928671,0.912300,-0.356716,-0.170605,0.123638,0.826564,0.668460,-0.490695,0.061376,0.857785,0.936326,0.730141,0.357453,0.005771,-0.346332
Dorsal peduncular area,0.655116,0.676842,0.112019,0.657011,0.756714,0.494715,0.627038,0.685558,0.749328,0.966631,0.845965,0.768917,0.787337,0.904653,0.974612,0.636055,0.661255,0.422818,0.329006,0.526020,0.883183,0.708626,0.431091,0.772885,0.939296,0.850135,0.173426,0.569967,0.607508,0.705469,0.820844,0.977575,0.818606,0.962389,0.667181,0.677858,0.988163,0.420911,0.984403,0.657250,0.763458,0.861660,0.851565,0.910450,0.834375,0.726117,0.551674,0.279888,0.514199,0.259747,0.767093,0.397779,0.467699,0.767261,0.101788,0.888938,0.822991,-0.932390,0.908545,0.797767,0.916006,0.551095,0.753571,0.400550,0.278125,-0.141671,-0.649604,-0.251362,0.264575,0.203703,0.119075,0.370740,0.455500,0.484050,0.808692,0.314624,0.961520,0.564483,0.908340,0.264184,0.786049,0.873437,0.758466,0.647852,0.539398,0.969694,0.785774,0.648257,0.548694,0.449011,0.732108,0.568838,0.575267,0.756181,0.127445,0.487107,0.955397,0.880024,0.307783,0.853867,-0.925766,0.568323,0.501376,0.201666,0.564803,0.876457,0.242922,0.773689,-0.069549,-0.621594,0.682192,0.984124,0.805566,0.635983,-0.725445,0.845265,-0.881351,0.955511,0.837408,-0.021861,0.072023,0.476822,0.856079,0.993621,0.502205,0.817087,0.597483,0.289327,0.308000,0.161827,0.856543,0.416035,0.731060,0.731843,0.339639,0.411406,0.518334,0.366979,0.304141,-0.056086,0.579291,0.215815,0.540115,-0.049298,-0.936947,0.219710,0.220068,0.536550,0.902378,-0.138540,-0.797982,-0.614246,0.212916,-0.420430,0.612328,0.820911,-0.061453,0.292085,0.285469,-0.129426,0.382802,0.020722,0.304471,-0.188921,0.781930,0.340208,0.779603,0.805772,0.292327,-0.020490,1.000000,0.161825,-0.929752,-0.519163,0.009696,-0.232514,0.061227,0.233751,0.925793,0.412657,0.748719,-0.307133,0.442607,0.569241,0.451664,0.519832,-0.636500,-0.218178,0.400263,-0.827217,0.439116,0.265886,-0.917992,0.995912,-0.016116,0.998018,0.757717,0.689303,-0.329197,-0.771759,0.711978,-0.752194,0.250321,0.827692,0.908631,0.655474,0.363299,0.601398,0.779507,0.853556,-0.127320,-0.567093,0.916710,0.977761,-0.956413,0.562573,0.289862,-0.942909,0.137290,0.566391,-0.929934,0.980028,0.202854,0.235695,-0.893601,-0.421323,-0.951475,0.151164,0.328644,0.571502,0.876321,0.440362,0.223725,0.628505,0.417727,-0.725251,-0.845895
Dorsomedial nucleus of the hypothalamus,0.837078,0.817797,0.863166,0.837937,0.741197,0.926439,0.869983,0.785853,0.741227,0.357391,0.639941,0.705246,0.706691,-0.099313,-0.055032,0.823463,0.813988,0.959965,0.983704,0.919701,0.250537,0.729343,0.928708,0.747883,0.486945,0.656362,0.424715,0.668658,0.870474,0.802306,0.641144,0.328625,0.660118,0.023652,0.477812,0.829593,0.103178,0.947895,0.332334,0.842502,0.732562,0.509722,0.627982,0.469755,0.678793,0.778853,0.907003,-0.008130,0.890423,0.655241,-0.134769,0.949862,0.922859,0.696642,0.913969,0.552402,0.610820,0.101297,0.553875,-0.058418,0.060948,0.870699,0.733085,0.928656,0.992223,0.946603,-0.012935,0.904256,0.943181,0.977490,0.871910,0.951379,0.948863,0.698677,-0.217930,0.977430,0.405534,0.905447,0.481786,0.993110,-0.092000,0.213112,0.731174,0.071973,-0.068780,0.195026,0.239962,0.837701,0.595000,0.910743,0.774331,0.827293,0.897014,0.649805,0.983631,-0.370166,-0.136525,-0.317883,0.822163,-0.270890,0.161750,0.838210,-0.720483,0.979251,0.739710,0.350584,0.984266,0.713543,0.085116,-0.166997,0.814059,0.152337,-0.195051,0.849293,0.541002,0.109670,-0.041792,0.440325,0.631774,0.141265,0.412287,0.254933,0.637585,0.171976,0.924056,0.495622,0.246979,0.806747,0.776794,0.793657,0.414924,-0.560460,0.508522,0.626710,0.947538,0.845510,0.847621,0.642694,0.930940,0.826707,0.896873,0.870719,0.917362,0.947676,0.158967,0.547215,0.994849,0.908809,0.121794,0.929492,0.422868,0.200661,0.996160,0.647064,-0.139316,0.589681,0.832778,-0.234888,0.851913,-0.716286,0.427814,0.451853,0.253938,0.384358,0.516981,-0.631856,-0.144389,0.620481,0.898618,0.891554,0.161825,1.000000,-0.327578,0.747449,0.215388,0.402251,0.870249,0.978781,0.025572,0.912304,0.773588,0.889206,0.843966,0.883018,0.645971,0.753320,-0.397332,0.905439,0.764189,0.090249,0.350789,0.743642,-0.040531,0.248170,0.548750,0.113858,0.599279,0.706699,-0.791721,0.375374,0.771900,0.263124,0.680368,0.670862,0.502804,0.676627,0.846913,0.522839,0.695578,-0.319659,-0.667229,-0.680817,0.348147,0.083690,-0.442528,0.889279,0.963232,-0.442422,0.880820,0.227275,-0.513241,-0.010541,0.991432,0.992543,-0.582790,-0.598075,-0.181068,0.990424,0.932011,-0.059473,0.410281,0.944199,0.983894,0.862264,0.049716,0.160575,-0.300362
Dorsal motor nucleus of the vagus nerve,-0.789742,-0.810698,-0.419917,-0.787865,-0.875587,-0.658947,-0.728598,-0.840365,-0.876740,-0.885319,-0.928337,-0.740272,-0.776808,-0.685234,-0.848022,-0.802669,-0.814900,-0.532535,-0.491876,-0.669711,-0.694066,-0.877203,-0.633470,-0.853010,-0.950368,-0.894371,-0.522422,-0.820542,-0.749194,-0.740362,-0.776310,-0.901163,-0.924493,-0.946760,-0.894529,-0.790496,-0.862705,-0.497562,-0.951318,-0.779513,-0.759382,-0.758638,-0.934790,-0.823600,-0.878988,-0.844793,-0.631163,0.057626,-0.542004,-0.115402,-0.477913,-0.592387,-0.656559,-0.905388,-0.387459,-0.963786,-0.947640,0.903200,-0.940447,-0.523658,-0.709993,-0.570022,-0.740922,-0.616553,-0.442467,-0.083553,0.829760,0.016479,-0.510152,-0.427371,-0.423043,-0.576236,-0.557708,-0.758560,-0.839599,-0.416153,-0.973654,-0.681868,-0.826799,-0.435299,-0.505510,-0.670350,-0.883727,-0.351709,-0.207240,-0.830950,-0.555681,-0.790112,-0.389998,-0.659177,-0.751961,-0.550639,-0.657454,-0.677629,-0.350645,-0.610872,-0.839635,-0.763219,-0.600562,-0.618294,0.870941,-0.559879,-0.416125,-0.296064,-0.803584,-0.713812,-0.447570,-0.895261,0.366291,0.840900,-0.814247,-0.856722,-0.848040,-0.776309,0.609085,-0.609403,0.949388,-0.922227,-0.800006,-0.323930,0.153044,-0.199082,-0.921004,-0.961924,-0.576607,-0.683184,-0.329753,-0.590001,-0.612129,-0.485320,-0.707266,-0.063740,-0.571924,-0.629432,-0.561043,-0.670687,-0.737783,-0.678203,-0.549359,-0.269836,-0.699265,-0.196470,-0.643365,-0.049411,0.863467,-0.031681,-0.352778,-0.691840,-0.696266,-0.116431,0.713642,0.282430,-0.395423,0.436357,-0.767953,-0.738848,-0.262236,0.073147,-0.573299,0.471089,-0.150434,-0.387118,-0.021444,-0.185102,-0.952872,-0.394620,-0.856644,-0.942023,-0.559304,-0.279057,-0.929752,-0.327578,1.000000,0.377547,0.265917,0.414067,-0.369632,-0.449601,-0.723570,-0.636840,-0.830248,0.121341,-0.411294,-0.732049,-0.306339,-0.772045,0.416664,0.098868,-0.686104,0.893563,-0.185077,-0.165002,0.711314,-0.935463,-0.351865,-0.906266,-0.932250,-0.878172,0.625520,0.503134,-0.853471,0.458607,-0.580245,-0.911388,-0.977262,-0.869397,-0.635356,-0.852769,-0.906665,-0.786568,0.475355,0.451944,-0.777920,-0.832623,0.936545,-0.723163,-0.510694,0.979870,-0.436005,-0.812500,0.933698,-0.912838,-0.402612,-0.423344,0.889424,0.253153,0.791032,-0.271954,-0.364310,-0.244601,-0.735788,-0.617554,-0.433863,-0.756373,-0.677155,0.825714,0.979184
Parasubiculum,0.262826,0.229897,0.591089,0.263981,0.108909,0.445737,0.328039,0.184572,0.110313,-0.307973,-0.032116,0.132513,0.112859,-0.629878,-0.678968,0.249210,0.228450,0.551846,0.616174,0.426627,-0.301239,0.109411,0.475498,0.121090,-0.208861,-0.002685,0.119749,0.113419,0.324311,0.239452,0.043227,-0.344731,-0.004538,-0.646305,-0.122873,0.249673,-0.541069,0.556643,-0.365376,0.271912,0.150927,-0.082207,-0.047607,-0.161025,0.029178,0.165675,0.425381,-0.053522,0.459225,0.494680,-0.535383,0.522118,0.450367,0.051266,0.655676,-0.140762,-0.062071,0.736024,-0.133994,-0.492247,-0.493992,0.418850,0.162178,0.490808,0.659190,0.883995,0.524120,0.917077,0.586625,0.671190,0.596065,0.537657,0.521879,0.191108,-0.785055,0.647754,-0.301044,0.398039,-0.150664,0.666783,-0.512554,-0.323161,0.095460,-0.255309,-0.294732,-0.436312,-0.224495,0.264998,0.241980,0.442654,0.201309,0.382372,0.398281,0.111872,0.730656,-0.743107,-0.746502,-0.862698,0.422112,-0.747446,0.776463,0.388590,-0.987440,0.731908,0.188731,-0.214787,0.658482,0.069939,0.260704,0.377883,0.223450,-0.491407,-0.766629,0.285131,0.963015,-0.385485,0.609782,-0.244048,0.019661,-0.006776,0.435272,0.027565,-0.033637,-0.522386,0.478308,-0.050339,-0.069014,0.417131,0.374482,0.484194,-0.146619,-0.658863,0.033346,0.117998,0.548799,0.386156,0.330851,0.204555,0.547574,0.666938,0.378476,0.671227,0.432581,0.876588,0.773389,0.441260,0.716493,0.403882,-0.427498,0.852537,0.917752,0.470710,0.700534,0.907108,-0.629365,0.011800,0.677376,-0.261723,0.467793,-0.426495,0.234945,0.244528,0.149945,0.325148,-0.141630,-0.853752,-0.716457,-0.046128,0.515944,0.714346,-0.519163,0.747449,0.377547,1.000000,0.317465,0.620204,0.633130,0.654796,-0.535624,0.463376,0.161455,0.964035,0.492394,0.353476,0.351766,0.227025,-0.022818,0.946430,0.306103,0.694486,0.133076,0.553641,0.514177,-0.439938,0.360264,-0.553029,-0.049297,0.092753,-0.377042,0.772771,0.158923,0.642965,0.313307,0.009026,-0.198180,0.077205,0.415531,-0.045323,0.046569,-0.867997,-0.379267,-0.289883,-0.255951,-0.543213,0.248604,0.364997,0.598659,0.264566,0.593954,-0.294740,0.174447,-0.667661,0.695482,0.678873,0.080385,-0.338467,0.426900,0.766027,0.624820,-0.310905,-0.168739,0.494706,0.669159,0.308061,-0.362353,0.703891,0.372252
Dentate nucleus,0.022091,0.002408,-0.305510,0.033586,-0.037462,0.053859,0.157122,-0.088733,-0.060943,0.205208,-0.034099,0.378736,0.318787,0.292431,0.021737,-0.079292,-0.055502,0.268901,0.156639,0.100749,0.477509,-0.181743,-0.039325,0.080051,0.033654,0.093008,-0.788913,-0.432028,0.042072,0.281560,0.360448,0.164531,-0.080942,-0.250456,-0.540744,0.075609,0.135968,0.360619,0.033582,0.063117,0.327006,0.423203,-0.047759,0.327216,0.114356,0.002257,0.277478,0.926672,0.433934,0.858750,0.522091,0.011548,-0.014813,-0.133784,-0.195441,-0.092942,-0.177407,0.295869,0.032167,0.525182,0.371693,0.433550,0.356693,-0.070701,0.175458,0.093285,0.750493,0.067304,-0.104622,0.008388,-0.289145,-0.011462,0.272394,-0.453310,-0.527749,0.342790,-0.039709,0.156991,0.321072,0.160157,0.522635,0.494242,-0.065171,0.741987,0.778340,0.253277,0.625776,0.002871,0.760904,-0.082724,0.296885,0.506952,0.253824,0.491674,0.039601,-0.821577,-0.067734,-0.179789,-0.355564,0.225731,0.262511,0.485925,-0.461967,0.402959,-0.339675,0.476558,0.058490,-0.072579,0.989640,0.741258,0.003235,0.181143,-0.544185,0.020496,0.302576,0.523180,0.463894,0.127035,0.326114,-0.933811,0.978016,0.883518,0.013739,-0.097436,0.322338,0.520732,0.807338,-0.385374,-0.425118,-0.422884,0.492167,0.500496,0.635577,0.554294,-0.052517,-0.269864,-0.182410,-0.569549,-0.125979,-0.333158,0.137648,0.659928,0.217118,0.447946,0.207389,0.921176,0.292612,0.053660,0.423433,-0.011280,0.332458,-0.650916,0.144763,0.685943,-0.781277,0.434662,-0.319927,0.831807,-0.310242,0.527135,0.910073,-0.770635,0.955428,-0.777020,-0.376926,-0.764713,-0.601517,-0.199525,-0.213122,-0.214705,0.009696,0.215388,0.265917,0.317465,1.000000,0.938183,-0.284897,0.023251,0.329660,-0.112142,0.103567,0.223083,0.601116,0.000186,0.791521,-0.355183,-0.765138,0.408269,-0.409627,0.542894,0.897923,0.792995,-0.357301,0.047930,-0.688555,0.038622,-0.316351,-0.254494,0.396858,-0.272421,-0.067752,-0.441292,-0.558928,-0.008248,-0.118815,-0.342670,-0.291774,-0.557324,-0.105318,-0.323739,0.583657,-0.688863,0.389014,0.184105,-0.087700,0.013943,-0.022314,0.080513,-0.272298,-0.757984,-0.079218,-0.126074,0.092033,0.118872,-0.168954,-0.833890,-0.314378,0.348032,0.503124,0.759013,0.455533,0.046072,0.047840,0.070794,-0.886644,0.667278,0.450807
Parvicellular reticular nucleus,0.049699,0.021166,-0.080132,0.059563,-0.056429,0.146171,0.185674,-0.070223,-0.075126,0.000363,-0.104736,0.299419,0.241497,-0.022377,-0.270466,-0.038191,-0.026687,0.365545,0.298768,0.177107,0.237591,-0.173645,0.082228,0.044778,-0.110491,0.010864,-0.638355,-0.371685,0.089444,0.256278,0.252051,-0.046152,-0.133290,-0.487796,-0.544539,0.088734,-0.132441,0.444196,-0.163085,0.086820,0.262183,0.262269,-0.121492,0.153195,0.039995,-0.002919,0.323083,0.739353,0.467956,0.855571,0.210761,0.142137,0.092078,-0.156168,0.033298,-0.191514,-0.232634,0.551674,-0.085893,0.224469,0.085833,0.452110,0.291401,0.063065,0.332010,0.366198,0.844907,0.363311,0.075209,0.201319,-0.065386,0.129796,0.356542,-0.358515,-0.752040,0.466058,-0.202683,0.212369,0.151446,0.322631,0.216887,0.245535,-0.084040,0.492385,0.519027,0.000289,0.393703,0.034778,0.671733,0.034109,0.255120,0.500925,0.292896,0.388764,0.252099,-0.960471,-0.365226,-0.489801,-0.190353,-0.111224,0.535816,0.485259,-0.736196,0.551745,-0.270165,0.264390,0.236339,-0.099440,0.917899,0.789173,0.019424,-0.078648,-0.759824,0.056838,0.612229,0.252512,0.649219,-0.044379,0.214554,-0.784374,0.951752,0.713139,-0.065841,-0.322966,0.381181,0.357607,0.609519,-0.215499,-0.263678,-0.216033,0.300396,0.181374,0.486946,0.445154,0.101247,-0.137756,-0.090004,-0.442749,0.041962,-0.066465,0.188848,0.747370,0.275566,0.654413,0.489450,0.894377,0.452841,0.129631,0.151156,0.268318,0.628805,-0.351099,0.324279,0.892753,-0.900797,0.304510,-0.051670,0.593560,-0.136257,0.319093,0.807714,-0.572013,0.825290,-0.535759,-0.421843,-0.935911,-0.790217,-0.244865,-0.040180,0.045045,-0.232514,0.402251,0.414067,0.620204,0.938183,1.000000,-0.045696,0.206317,0.036744,0.018739,0.079047,0.513151,0.624287,0.066400,0.739393,-0.267681,-0.599802,0.656161,-0.279290,0.737839,0.761217,0.818352,-0.067274,-0.175287,-0.463986,-0.218680,-0.340185,-0.238430,0.240806,0.073545,-0.062704,-0.110403,-0.390669,-0.068724,-0.232753,-0.314683,-0.143196,-0.529038,-0.134698,-0.610244,0.381170,-0.624817,0.174861,-0.091888,0.078899,0.082078,0.146103,0.224062,-0.053325,-0.772869,0.060730,-0.391439,0.279214,0.293981,-0.046898,-0.773167,-0.055956,0.520259,0.592387,0.495230,0.261170,0.159212,0.232240,0.106829,-0.890448,0.837247,0.561082
Parasolitary nucleus,0.758062,0.746664,0.998425,0.753012,0.682908,0.846137,0.726166,0.759496,0.695325,0.161209,0.572265,0.438872,0.468408,-0.329755,-0.157657,0.796818,0.773185,0.779172,0.867500,0.813145,-0.072533,0.747514,0.900797,0.629516,0.377816,0.524898,0.797974,0.824979,0.785774,0.589611,0.379426,0.151865,0.618204,0.057116,0.680435,0.721838,-0.058737,0.721711,0.220089,0.742821,0.492260,0.213850,0.566663,0.217339,0.538030,0.703414,0.710133,-0.495860,0.619332,0.198441,-0.466269,0.899625,0.879325,0.685626,0.995034,0.510585,0.616868,0.041486,0.447912,-0.394910,-0.211183,0.596452,0.478936,0.919255,0.871404,0.906733,-0.324992,0.888003,0.963425,0.946987,0.998291,0.915143,0.763321,0.873504,-0.030141,0.769964,0.331411,0.767357,0.232542,0.881220,-0.425874,-0.117097,0.686585,-0.359207,-0.506780,-0.024203,-0.147627,0.768897,0.160008,0.902871,0.551688,0.515140,0.709759,0.328814,0.944760,-0.004584,-0.192205,-0.309341,0.964115,-0.462085,0.117481,0.536494,-0.532740,0.752505,0.850033,0.027901,0.925062,0.671329,-0.401575,-0.475995,0.742034,-0.032040,0.001050,0.772792,0.455100,-0.231532,-0.189044,0.283512,0.385647,0.607177,-0.084372,-0.231843,0.545155,0.125239,0.709411,0.155517,-0.213232,0.965396,0.953677,0.983135,0.085890,-0.844926,0.119292,0.277015,0.934711,0.934827,0.883272,0.886866,0.958160,0.991896,0.767072,0.515495,0.751559,0.722505,0.143217,0.063905,0.821182,0.824776,-0.175244,0.941504,0.329806,0.581357,0.896762,0.340695,0.192691,0.291383,0.991844,-0.674909,0.973199,-0.961285,-0.064535,0.830263,-0.252324,0.786267,0.626915,-0.278795,0.082343,0.639099,0.970571,0.993940,0.061227,0.870249,-0.369632,0.633130,-0.284897,-0.045696,1.000000,0.938027,-0.226305,0.922505,0.645615,0.800789,0.496758,0.822699,0.204549,0.875518,0.046647,0.716302,0.924723,-0.102405,-0.140283,0.318357,0.224476,0.128302,0.889085,-0.000606,0.680754,0.763078,-0.952423,0.581290,0.732700,0.552066,0.930018,0.591823,0.472362,0.780317,0.951679,0.739613,0.669242,-0.236940,-0.940919,-0.279328,0.065254,-0.101064,-0.305195,0.822697,0.939964,-0.390106,0.997027,0.549386,-0.382125,-0.040418,0.919269,0.903904,-0.409938,-0.138777,0.066754,0.795719,0.643730,-0.490956,0.097646,0.872788,0.931811,0.761338,0.451222,-0.104152,-0.442586
Parabrachial nucleus,0.887731,0.873682,0.938571,0.886495,0.809935,0.960105,0.892600,0.859832,0.814004,0.390585,0.713568,0.693474,0.707942,-0.091715,0.010754,0.892361,0.879991,0.946845,0.985877,0.946438,0.223690,0.822598,0.975942,0.794962,0.552747,0.705681,0.594763,0.800084,0.914092,0.805749,0.636114,0.370275,0.741072,0.142282,0.635726,0.871400,0.149122,0.916663,0.400018,0.885367,0.730718,0.494235,0.704567,0.476133,0.723016,0.837981,0.901058,-0.168452,0.851142,0.512680,-0.182178,0.984967,0.967914,0.784503,0.967652,0.639809,0.710436,-0.022880,0.618346,-0.103520,0.055375,0.833985,0.724748,0.979791,0.987127,0.926726,-0.206235,0.881122,0.991216,0.999418,0.944716,0.989023,0.937328,0.828303,-0.058589,0.942247,0.486499,0.923883,0.489317,0.989993,-0.137758,0.181962,0.805345,-0.025030,-0.181980,0.217613,0.177092,0.891607,0.491860,0.967564,0.776463,0.777173,0.897293,0.614613,0.994017,-0.178234,-0.055438,-0.222060,0.921111,-0.255524,0.045095,0.792246,-0.600727,0.924192,0.853415,0.324339,0.999333,0.790100,-0.111912,-0.357863,0.870136,0.189633,-0.032529,0.898982,0.434461,0.069912,-0.196296,0.488690,0.634544,0.322849,0.230720,0.119641,0.702605,0.264399,0.905947,0.457785,0.135183,0.910027,0.888896,0.894899,0.384778,-0.632906,0.442208,0.577351,0.990895,0.935473,0.928306,0.785986,0.985887,0.895005,0.920071,0.765651,0.922431,0.865411,0.052215,0.388622,0.962756,0.945382,0.105706,0.930056,0.304192,0.284816,0.992360,0.488875,0.055909,0.569735,0.898165,-0.377896,0.940687,-0.834792,0.282106,0.607537,0.092160,0.525508,0.651641,-0.463991,0.027879,0.723246,0.969393,0.939940,0.233751,0.978781,-0.449601,0.654796,0.023251,0.206317,0.938027,1.000000,0.028575,0.972239,0.814570,0.831557,0.766521,0.932139,0.530307,0.866914,-0.297936,0.818303,0.879835,-0.074535,0.210828,0.615131,-0.037721,0.313132,0.686655,0.179573,0.721132,0.812523,-0.899986,0.375986,0.843579,0.297032,0.813491,0.738411,0.596228,0.796906,0.937676,0.679628,0.778771,-0.197728,-0.796150,-0.593815,0.341844,0.119329,-0.498639,0.935294,0.997245,-0.530321,0.951743,0.417948,-0.569728,0.084829,0.997132,0.995401,-0.619797,-0.471531,-0.190310,0.942511,0.866203,-0.166502,0.388659,0.975610,0.999644,0.901732,0.253091,-0.020423,-0.452085
Dorsal nucleus raphe,0.460364,0.477949,-0.183809,0.466194,0.555653,0.300075,0.475993,0.459638,0.540013,0.924655,0.663231,0.726758,0.722174,0.992145,0.950975,0.407954,0.442696,0.302906,0.167310,0.348519,0.966517,0.459467,0.204762,0.612630,0.808969,0.710217,-0.210529,0.248145,0.415214,0.610461,0.783033,0.926240,0.615783,0.823556,0.341023,0.503198,0.972770,0.337081,0.884182,0.476257,0.696976,0.872267,0.666080,0.892159,0.698287,0.533086,0.440210,0.607592,0.464962,0.425717,0.951879,0.187101,0.249920,0.539821,-0.163952,0.701009,0.594994,-0.804258,0.765127,0.966466,0.998644,0.504188,0.698256,0.164122,0.123775,-0.298023,-0.344216,-0.403562,0.018744,-0.005305,-0.172905,0.152538,0.337727,0.152012,0.625581,0.222837,0.820339,0.408783,0.885399,0.104678,0.961312,0.971087,0.549292,0.875241,0.814089,0.978868,0.929742,0.446660,0.678702,0.209777,0.647333,0.556968,0.456201,0.767340,-0.068077,0.242527,0.916870,0.841586,-0.006441,0.954892,-0.822666,0.546529,0.460256,0.136455,0.262169,0.938956,0.049070,0.564802,0.277194,-0.288806,0.484143,0.975191,0.611838,0.438955,-0.695349,0.976215,-0.664390,0.868252,0.788277,-0.391217,0.340302,0.725425,0.690856,0.878468,0.405762,0.868202,0.814597,-0.031765,-0.022204,-0.164616,0.912252,0.696868,0.825225,0.771740,0.108616,0.119052,0.252756,0.009294,0.051309,-0.347016,0.417656,0.266358,0.404970,-0.080448,-0.852903,0.432685,0.110512,0.343654,0.991867,-0.329655,-0.729230,-0.866507,0.049418,-0.285845,0.328976,0.820888,-0.348577,0.631723,-0.017403,0.217579,0.609333,-0.355459,0.587144,-0.544160,0.502387,0.177241,0.555562,0.568451,0.014912,-0.283212,0.925793,0.025572,-0.723570,-0.535624,0.329660,0.036744,-0.226305,0.028575,1.000000,0.163960,0.592777,-0.396864,0.467227,0.360735,0.586544,0.210693,-0.805247,-0.247588,0.074262,-0.611231,0.674728,0.389209,-0.999528,0.917907,-0.380832,0.944425,0.484263,0.419137,-0.005275,-0.915163,0.495453,-0.934802,-0.106165,0.648779,0.720689,0.360852,0.064775,0.262735,0.562141,0.764093,0.230037,-0.652155,0.945972,0.984452,-0.854293,0.358084,0.068803,-0.779986,-0.151193,0.217409,-0.811194,0.892938,0.021529,0.062490,-0.794782,-0.582963,-0.986663,0.065805,0.304219,0.835786,0.918745,0.241587,0.026908,0.447478,0.065215,-0.482958,-0.581557
Parabigeminal nucleus,0.950944,0.944831,0.935798,0.948609,0.906706,0.982345,0.931628,0.946038,0.912220,0.525332,0.834243,0.744405,0.769608,0.053054,0.198773,0.965252,0.955484,0.926706,0.959757,0.969441,0.316862,0.928588,0.997189,0.880029,0.693943,0.810489,0.693918,0.914339,0.963368,0.849456,0.703790,0.514127,0.860777,0.355538,0.795455,0.932980,0.314543,0.885836,0.560878,0.943601,0.784964,0.571442,0.828832,0.577238,0.820604,0.921364,0.908336,-0.227213,0.833346,0.411090,-0.089240,0.992123,0.993605,0.898210,0.945882,0.782126,0.846253,-0.244824,0.749063,-0.010520,0.181241,0.824711,0.773443,0.999015,0.948356,0.820784,-0.421280,0.760344,0.987487,0.967804,0.940678,0.993695,0.923815,0.926552,0.176228,0.891124,0.646696,0.948415,0.589910,0.950353,-0.044301,0.273893,0.906543,0.003526,-0.168612,0.358652,0.234277,0.955805,0.461856,0.998816,0.825399,0.765442,0.912687,0.653284,0.943548,0.041626,0.145612,-0.008875,0.964873,-0.100134,-0.175819,0.782203,-0.397019,0.843960,0.950361,0.409212,0.968644,0.896374,-0.251948,-0.555441,0.942476,0.345272,0.202063,0.957854,0.220034,0.160284,-0.418752,0.624930,0.710248,0.422438,0.095925,0.085139,0.819553,0.454420,0.897063,0.515566,0.133655,0.954984,0.944410,0.920931,0.459350,-0.574282,0.468586,0.605370,0.994886,0.986980,0.989489,0.879960,0.993214,0.865989,0.950408,0.664533,0.934114,0.733856,-0.163923,0.279445,0.898391,0.976918,0.218319,0.838679,0.080638,0.232178,0.944556,0.278603,0.278408,0.632043,0.866075,-0.406603,0.972529,-0.872836,0.214038,0.673271,0.015937,0.556658,0.810598,-0.260571,0.260878,0.857772,0.987382,0.898685,0.412657,0.912304,-0.636840,0.463376,-0.112142,0.018739,0.922505,0.972239,0.163960,1.000000,0.890309,0.682174,0.717936,0.978296,0.474347,0.956165,-0.298320,0.662233,0.952037,-0.305653,0.160517,0.516437,-0.167176,0.480443,0.728423,0.357990,0.862202,0.925292,-0.955054,0.234580,0.933283,0.187956,0.881133,0.850230,0.749006,0.916084,0.982536,0.825567,0.891431,0.028061,-0.844175,-0.570006,0.445276,0.278277,-0.639690,0.978050,0.986898,-0.689298,0.948507,0.602694,-0.701702,0.288737,0.954165,0.955376,-0.728916,-0.408003,-0.321403,0.858502,0.801455,-0.145289,0.471818,0.987120,0.966600,0.952115,0.437683,-0.252177,-0.647735
Retrosplenial area dorsal part,0.987422,0.989149,0.674267,0.988651,0.990005,0.944192,0.985229,0.977461,0.986462,0.850902,0.977940,0.952825,0.968532,0.496082,0.584268,0.970967,0.979448,0.910478,0.872221,0.957300,0.711418,0.958313,0.909670,0.999102,0.930085,0.985522,0.438829,0.840722,0.978750,0.983145,0.943269,0.840317,0.976500,0.643434,0.778275,0.994223,0.695008,0.896524,0.853656,0.990457,0.970481,0.876790,0.974050,0.885487,0.989670,0.994132,0.956343,0.127671,0.913400,0.569762,0.372725,0.900278,0.927874,0.971157,0.696892,0.948703,0.950493,-0.541437,0.956073,0.444154,0.608536,0.923569,0.963057,0.891663,0.844580,0.549308,-0.460892,0.451663,0.816332,0.795222,0.683922,0.885165,0.923633,0.807304,0.394411,0.849589,0.892478,0.969404,0.892632,0.837028,0.413928,0.678887,0.985665,0.426441,0.259523,0.739956,0.634668,0.984409,0.718215,0.911029,0.980368,0.901741,0.965784,0.901379,0.749134,0.099744,0.520918,0.354806,0.773917,0.350106,-0.494405,0.909879,-0.147345,0.775682,0.881244,0.775278,0.822429,0.983756,-0.035250,-0.547422,0.989982,0.723669,0.408798,0.983590,-0.110178,0.589037,-0.614512,0.904108,0.949166,0.128204,0.278525,0.434734,0.980442,0.756831,0.934130,0.833902,0.510177,0.753096,0.746595,0.664556,0.805585,-0.140352,0.782054,0.867019,0.864699,0.851807,0.917266,0.700105,0.834333,0.543384,0.973982,0.698177,0.958982,0.591597,-0.500729,0.467559,0.803495,0.958933,0.638701,0.544812,-0.238427,-0.223847,0.807102,0.138055,0.334937,0.904621,0.543435,-0.014235,0.777678,-0.596313,0.491039,0.358821,0.320377,0.179219,0.870198,-0.175086,0.429522,0.947156,0.809072,0.604443,0.748719,0.773588,-0.830248,0.161455,0.103567,0.079047,0.645615,0.814570,0.592777,0.890309,1.000000,0.398104,0.827788,0.964900,0.689403,0.862535,-0.639547,0.456878,0.796209,-0.493919,0.475187,0.637106,-0.596614,0.803006,0.397204,0.713372,0.907769,0.934133,-0.768910,-0.224205,0.983812,-0.279802,0.650683,0.986040,0.928796,0.896386,0.823100,0.767708,0.976856,0.343774,-0.564355,-0.791945,0.803654,0.672723,-0.908122,0.964223,0.842086,-0.907707,0.700798,0.554006,-0.939760,0.625300,0.800051,0.820471,-0.959470,-0.635320,-0.715801,0.753722,0.819729,0.287327,0.816867,0.921934,0.810433,0.985164,0.344464,-0.387009,-0.767241
Dorsal tegmental nucleus,0.500628,0.471665,0.770064,0.500815,0.360378,0.661244,0.548013,0.435076,0.363333,-0.099953,0.221997,0.328929,0.320542,-0.507698,-0.503226,0.494263,0.474011,0.731167,0.795000,0.641275,-0.158193,0.368236,0.690908,0.361768,0.033425,0.238481,0.310834,0.368922,0.555115,0.449387,0.243015,-0.133468,0.253036,-0.427755,0.138549,0.484043,-0.355296,0.722383,-0.135804,0.505702,0.356586,0.099334,0.207646,0.036407,0.267741,0.411496,0.620915,-0.117925,0.625610,0.526525,-0.473285,0.727680,0.668872,0.310733,0.825845,0.116888,0.201688,0.534723,0.111844,-0.414147,-0.357513,0.589606,0.362282,0.704332,0.827107,0.975819,0.303784,0.985387,0.780465,0.843908,0.775533,0.741163,0.705468,0.437030,-0.594259,0.799522,-0.056508,0.610979,0.048799,0.834088,-0.441004,-0.189248,0.349371,-0.215146,-0.299276,-0.256167,-0.120181,0.503997,0.333003,0.664472,0.410540,0.541281,0.599921,0.283980,0.885732,-0.597706,-0.574404,-0.715902,0.639109,-0.650237,0.588970,0.551555,-0.932949,0.854783,0.441420,-0.059100,0.833313,0.325255,0.134522,0.142799,0.465619,-0.305312,-0.571202,0.521166,0.861054,-0.274870,0.377317,-0.016861,0.225643,0.126161,0.382729,0.042496,0.216057,-0.296680,0.661100,0.108462,-0.022549,0.632232,0.594021,0.677871,0.012178,-0.719811,0.163038,0.274386,0.751009,0.615364,0.569750,0.435041,0.749969,0.812270,0.595497,0.749461,0.634941,0.941524,0.590320,0.442691,0.858932,0.624969,-0.291741,0.955768,0.781877,0.463113,0.860410,0.829730,-0.433278,0.195152,0.820855,-0.343140,0.678926,-0.616440,0.252436,0.407900,0.122776,0.439985,0.126471,-0.779670,-0.511775,0.218462,0.722599,0.860503,-0.307133,0.889206,0.121341,0.964035,0.223083,0.513151,0.800789,0.831557,-0.396864,0.682174,0.398104,1.000000,0.617643,0.583980,0.427440,0.474959,-0.102794,0.978294,0.539566,0.480626,0.152221,0.607138,0.378324,-0.221589,0.519636,-0.351639,0.217908,0.353927,-0.599128,0.711537,0.409903,0.591247,0.525382,0.260661,0.059644,0.338878,0.638508,0.211840,0.304642,-0.708369,-0.569160,-0.405333,-0.081889,-0.368178,0.015986,0.593360,0.789726,0.013354,0.776007,-0.059771,-0.063941,-0.466127,0.859426,0.845860,-0.149361,-0.396402,0.259855,0.887720,0.752803,-0.305600,-0.002193,0.703268,0.841615,0.538123,-0.164063,0.503536,0.112525
Retrosplenial area ventral part,0.804864,0.789725,0.499147,0.811231,0.744664,0.828917,0.879112,0.729512,0.731750,0.655242,0.704914,0.910261,0.890390,0.356893,0.289088,0.743741,0.756037,0.925190,0.860781,0.855459,0.675905,0.656074,0.767984,0.807262,0.659419,0.774666,-0.002149,0.456525,0.821508,0.913444,0.874452,0.620589,0.689014,0.217732,0.306886,0.831068,0.454621,0.957303,0.566682,0.827720,0.904266,0.824592,0.692307,0.769692,0.794684,0.778660,0.934231,0.501010,0.980646,0.924820,0.390404,0.794633,0.786839,0.673965,0.580452,0.631724,0.612949,-0.100799,0.695227,0.454824,0.507457,0.978795,0.914717,0.743929,0.858557,0.653237,0.115816,0.576430,0.694505,0.749170,0.514857,0.776559,0.929693,0.439842,-0.124489,0.935194,0.577216,0.883306,0.774607,0.847771,0.426535,0.654232,0.725849,0.593754,0.476937,0.565001,0.703292,0.794444,0.933256,0.741886,0.909562,0.987333,0.924374,0.918232,0.742581,-0.466762,0.186104,-0.014678,0.512011,0.191251,-0.071601,0.985321,-0.544243,0.926629,0.545605,0.742786,0.789118,0.715240,0.480154,0.013779,0.789242,0.507708,-0.116983,0.806400,0.275091,0.586169,-0.108236,0.674183,0.857948,-0.327649,0.748349,0.728575,0.728020,0.399549,0.950070,0.843999,0.728212,0.481923,0.449382,0.414467,0.787991,-0.029384,0.876418,0.922333,0.745351,0.600417,0.675934,0.310691,0.689319,0.406648,0.873502,0.971052,0.910599,0.843088,-0.101891,0.864719,0.893988,0.830213,0.568481,0.595491,0.182788,-0.352583,0.826283,0.620032,-0.247527,0.871997,0.415048,0.304931,0.545726,-0.303423,0.829939,-0.024860,0.703964,-0.142921,0.444931,-0.670923,-0.115953,0.604133,0.623947,0.516400,0.442607,0.843966,-0.411294,0.492394,0.601116,0.624287,0.496758,0.766521,0.467227,0.717936,0.827788,0.617643,1.000000,0.798974,0.950775,0.533453,-0.826452,0.740931,0.477633,0.036547,0.789336,0.958750,-0.487469,0.518398,0.067247,0.421608,0.521369,0.601431,-0.479328,-0.112848,0.737835,-0.260160,0.303611,0.732030,0.592087,0.529985,0.575892,0.309297,0.689978,-0.089074,-0.243318,-0.966568,0.714961,0.459276,-0.658372,0.807318,0.753574,-0.578483,0.534535,0.002607,-0.695064,0.255491,0.796079,0.819585,-0.771771,-0.926612,-0.576762,0.893309,0.980095,0.485198,0.774785,0.820053,0.777830,0.835524,-0.226862,0.174391,-0.282171
Retrosplenial area lateral agranular part,0.993860,0.990509,0.842517,0.993254,0.967208,0.994707,0.984423,0.984140,0.968445,0.684969,0.918806,0.863637,0.884105,0.251997,0.370919,0.993031,0.991387,0.951800,0.952528,0.993704,0.506505,0.963371,0.986600,0.957843,0.815920,0.910750,0.585721,0.898558,0.997995,0.937251,0.834849,0.672799,0.932978,0.483902,0.798198,0.987267,0.490349,0.923446,0.703516,0.991707,0.894302,0.728577,0.913590,0.733622,0.919060,0.978636,0.960780,-0.059812,0.901019,0.510353,0.119044,0.980675,0.992854,0.951842,0.860769,0.873756,0.910923,-0.372811,0.860004,0.196903,0.378793,0.900233,0.884891,0.979226,0.934234,0.728981,-0.433253,0.650230,0.939122,0.920820,0.849961,0.974584,0.955820,0.890976,0.263272,0.905982,0.769845,0.987629,0.744129,0.931829,0.163648,0.467202,0.964616,0.202551,0.028647,0.538703,0.427457,0.995032,0.602423,0.987179,0.922032,0.857085,0.966913,0.789596,0.887181,0.049308,0.309858,0.143499,0.901684,0.096111,-0.312086,0.870128,-0.311022,0.847329,0.939612,0.589152,0.934172,0.957553,-0.143354,-0.550870,0.989480,0.522068,0.284531,0.996300,0.090777,0.361292,-0.504387,0.765615,0.840473,0.286487,0.199336,0.258059,0.912189,0.595265,0.945489,0.678926,0.317820,0.886136,0.876124,0.826808,0.632507,-0.392183,0.631119,0.747587,0.965553,0.950376,0.982047,0.814345,0.949816,0.743813,0.990356,0.712567,0.975953,0.703276,-0.308949,0.389103,0.889334,0.997812,0.415101,0.735375,-0.047058,0.027562,0.915127,0.241343,0.292964,0.777020,0.744185,-0.230230,0.908899,-0.766331,0.359903,0.539334,0.169082,0.392165,0.850537,-0.248303,0.327294,0.915868,0.933485,0.792317,0.569241,0.883018,-0.732049,0.353476,0.000186,0.066400,0.822699,0.932139,0.360735,0.978296,0.964900,0.583980,0.798974,1.000000,0.598161,0.934669,-0.470952,0.601565,0.902403,-0.383102,0.320833,0.600804,-0.364932,0.633978,0.590660,0.522015,0.898911,0.949345,-0.892732,0.037376,0.979731,-0.018230,0.793994,0.932427,0.844814,0.925596,0.934861,0.811257,0.950890,0.157561,-0.734171,-0.697157,0.620943,0.460173,-0.775273,0.999872,0.951721,-0.800931,0.862287,0.581552,-0.825749,0.438996,0.916639,0.926765,-0.852518,-0.536192,-0.507427,0.845316,0.843177,0.054120,0.643988,0.987795,0.927543,0.994685,0.389822,-0.302300,-0.707243
Ectorhinal area,0.625490,0.611558,0.206173,0.634551,0.580402,0.626436,0.723032,0.537645,0.561353,0.660104,0.572013,0.858142,0.824063,0.498354,0.355986,0.542058,0.563873,0.763372,0.660686,0.667761,0.771261,0.457100,0.538935,0.670925,0.587285,0.668945,-0.297443,0.205035,0.636089,0.809256,0.836949,0.623433,0.538056,0.196806,0.082792,0.667882,0.509300,0.821049,0.536727,0.657124,0.832105,0.838495,0.559417,0.772725,0.687638,0.612926,0.794481,0.744357,0.881804,0.978845,0.590781,0.570990,0.567102,0.498081,0.300876,0.509106,0.451262,-0.099592,0.603915,0.637693,0.627471,0.886753,0.849234,0.505702,0.658411,0.424327,0.271998,0.346770,0.437584,0.508179,0.223983,0.545558,0.773193,0.171184,-0.158486,0.781756,0.509204,0.714980,0.772915,0.642960,0.616899,0.762911,0.557458,0.788866,0.712136,0.623835,0.833081,0.609854,0.992860,0.507694,0.817671,0.925417,0.782543,0.907586,0.503967,-0.549163,0.251176,0.066135,0.226855,0.358258,-0.093911,0.915389,-0.446956,0.782017,0.298166,0.811694,0.560587,0.550332,0.697876,0.208919,0.612506,0.560569,-0.161090,0.622544,0.174211,0.727357,-0.026247,0.637841,0.815238,-0.594673,0.885429,0.902810,0.607973,0.379351,0.814526,0.883346,0.891648,0.192536,0.158889,0.113063,0.843117,0.258799,0.936464,0.931865,0.503748,0.335304,0.436951,0.022280,0.432240,0.108155,0.703363,0.918342,0.752778,0.705515,-0.137565,0.960090,0.719125,0.634276,0.684799,0.345473,0.116297,-0.594239,0.614411,0.600698,-0.373685,0.866046,0.117973,0.584242,0.262922,0.005144,0.961398,-0.330100,0.887755,-0.442442,0.256517,-0.678770,-0.188515,0.433677,0.353250,0.231955,0.451664,0.645971,-0.306339,0.351766,0.791521,0.739393,0.204549,0.530307,0.586544,0.474347,0.689403,0.427440,0.950775,0.598161,1.000000,0.276500,-0.942509,0.596340,0.198687,0.106405,0.940474,0.974044,-0.609327,0.514306,-0.244690,0.450087,0.325365,0.389505,-0.192944,-0.314376,0.556016,-0.473178,0.002397,0.596591,0.476903,0.302537,0.302698,0.066284,0.521958,-0.044450,0.066543,-0.987160,0.764947,0.530318,-0.611840,0.607941,0.512914,-0.489998,0.246379,-0.214919,-0.626864,0.274826,0.571988,0.603394,-0.705855,-0.997167,-0.653335,0.729860,0.878480,0.714800,0.823074,0.608424,0.545846,0.660305,-0.437267,0.261559,-0.134766
External cuneate nucleus,0.919983,0.923535,0.900850,0.915304,0.914703,0.911588,0.863491,0.949796,0.924307,0.559849,0.866742,0.669117,0.709457,0.121745,0.329035,0.955465,0.945137,0.795710,0.837498,0.893578,0.296065,0.962969,0.937881,0.863925,0.744523,0.813946,0.829828,0.992622,0.917402,0.773821,0.647814,0.562690,0.897092,0.532334,0.935418,0.894464,0.400801,0.736441,0.638058,0.903353,0.716456,0.524864,0.866608,0.563078,0.814397,0.911760,0.799444,-0.389185,0.688050,0.172391,-0.083306,0.914662,0.934589,0.934305,0.879080,0.844641,0.910523,-0.444191,0.786986,-0.011449,0.212902,0.686965,0.697173,0.942477,0.814241,0.655524,-0.666322,0.591988,0.918516,0.861921,0.901958,0.917450,0.797830,0.994158,0.424973,0.727706,0.726884,0.867373,0.575188,0.817592,-0.041723,0.253219,0.922082,-0.081190,-0.256534,0.404928,0.170191,0.928004,0.290126,0.953609,0.753691,0.620006,0.813317,0.559406,0.820135,0.331955,0.303539,0.187591,0.971823,-0.000768,-0.375216,0.639771,-0.135463,0.652544,0.998562,0.374358,0.856192,0.917860,-0.485707,-0.774220,0.922202,0.414691,0.450881,0.923098,-0.012500,0.143522,-0.628510,0.663744,0.665093,0.601920,-0.160556,-0.076939,0.843383,0.582490,0.769747,0.444021,0.004854,0.968004,0.972446,0.927095,0.409919,-0.552714,0.359304,0.497900,0.923930,0.985904,0.983283,0.964778,0.935662,0.819869,0.876621,0.434109,0.835332,0.504115,-0.352533,0.036500,0.731078,0.914038,0.228908,0.698652,-0.152031,0.265203,0.807993,-0.010804,0.545568,0.566966,0.815589,-0.516206,0.962812,-0.907572,0.010807,0.781621,-0.184066,0.647967,0.925041,0.033274,0.511876,0.923263,0.951386,0.823025,0.519832,0.753320,-0.772045,0.227025,-0.355183,-0.267681,0.875518,0.866914,0.210693,0.956165,0.862535,0.474959,0.533453,0.934669,0.276500,1.000000,-0.163611,0.424584,0.990499,-0.543010,-0.022422,0.280888,-0.204929,0.567295,0.801301,0.465088,0.949414,0.975849,-0.977778,0.142049,0.937845,0.149393,0.943352,0.870631,0.826308,0.985238,0.979697,0.954470,0.923137,0.252321,-0.897378,-0.404731,0.434884,0.355407,-0.686805,0.929748,0.900818,-0.770909,0.907349,0.809789,-0.737720,0.445611,0.828281,0.827859,-0.731537,-0.203460,-0.353992,0.670818,0.611394,-0.226088,0.433492,0.908550,0.853980,0.903807,0.676792,-0.512396,-0.815446
Paracentral nucleus,-0.532453,-0.528543,0.031872,-0.542099,-0.537031,-0.471043,-0.618493,-0.462877,-0.515447,-0.786539,-0.579200,-0.842566,-0.810261,-0.747535,-0.599026,-0.445088,-0.476355,-0.588896,-0.453588,-0.523232,-0.919137,-0.401059,-0.364888,-0.633410,-0.663397,-0.676677,0.409226,-0.125978,-0.522892,-0.747094,-0.851610,-0.759445,-0.531349,-0.404484,-0.078568,-0.584173,-0.712982,-0.652850,-0.668703,-0.564410,-0.805450,-0.903390,-0.570941,-0.857353,-0.685865,-0.552774,-0.665751,-0.843760,-0.754663,-0.876430,-0.826406,-0.384764,-0.404115,-0.466907,-0.049349,-0.549931,-0.456709,0.335428,-0.653187,-0.858122,-0.834971,-0.773952,-0.821159,-0.323498,-0.437658,-0.116725,-0.151053,-0.025253,-0.218393,-0.268701,0.014426,-0.351817,-0.609681,-0.062642,-0.074871,-0.579607,-0.611839,-0.585508,-0.853308,-0.418181,-0.844382,-0.920094,-0.516478,-0.943729,-0.884425,-0.800322,-0.966593,-0.514378,-0.971789,-0.341578,-0.770434,-0.832018,-0.661402,-0.909243,-0.246073,0.355888,-0.510591,-0.357438,-0.044538,-0.643729,0.347115,-0.817938,0.135055,-0.555207,-0.200245,-0.928598,-0.329953,-0.517804,-0.691001,-0.139393,-0.531858,-0.750442,-0.064255,-0.521426,0.142492,-0.909379,0.202407,-0.734637,-0.835306,0.673550,-0.814928,-0.969165,-0.619853,-0.556017,-0.670864,-0.945415,-0.985697,-0.009432,0.012463,0.097078,-0.937048,-0.537225,-0.978761,-0.936825,-0.302497,-0.173141,-0.302004,0.101010,-0.225084,0.159145,-0.579175,-0.735579,-0.616236,-0.431306,0.394455,-0.882268,-0.488185,-0.493759,-0.873061,-0.040002,0.181513,0.818208,-0.376309,-0.336889,0.217747,-0.898403,0.151896,-0.749776,-0.068261,-0.203692,-0.956093,0.484649,-0.916902,0.626034,-0.273085,0.440766,-0.013945,-0.431526,-0.149827,0.042027,-0.636500,-0.397332,0.416664,-0.022818,-0.765138,-0.599802,0.046647,-0.297936,-0.805247,-0.298320,-0.639547,-0.102794,-0.826452,-0.470952,-0.942509,-0.163611,1.000000,-0.293977,-0.052980,0.093234,-0.970432,-0.844819,0.822784,-0.674162,0.433398,-0.649549,-0.314246,-0.333111,0.023106,0.613093,-0.492201,0.740240,0.158655,-0.591353,-0.535966,-0.244073,-0.128202,-0.033002,-0.494922,-0.236250,-0.253130,0.942665,-0.888876,-0.738975,0.706837,-0.477823,-0.296550,0.576070,-0.010163,0.176480,0.694659,-0.500942,-0.331115,-0.370743,0.747904,0.948166,0.831807,-0.486151,-0.698470,-0.891135,-0.921689,-0.434935,-0.310499,-0.555384,0.385636,-0.069233,0.227227
Lingula (I),0.532342,0.502394,0.686642,0.534890,0.393994,0.680451,0.601826,0.450325,0.391724,0.015693,0.268718,0.445468,0.427178,-0.362530,-0.405544,0.505176,0.492259,0.783788,0.816209,0.672737,0.006519,0.369983,0.686082,0.419306,0.108157,0.309459,0.157617,0.311837,0.584875,0.537301,0.363482,-0.023483,0.287338,-0.386936,0.077312,0.528518,-0.240704,0.793015,-0.050603,0.545314,0.461524,0.241056,0.252739,0.165790,0.340456,0.448387,0.689401,0.087458,0.721454,0.690054,-0.295238,0.728696,0.672441,0.328550,0.760651,0.159820,0.219779,0.500418,0.180699,-0.235722,-0.202474,0.689630,0.472003,0.690592,0.846839,0.942231,0.388326,0.938228,0.746859,0.825024,0.695575,0.735146,0.762273,0.366578,-0.611568,0.855565,0.009442,0.657474,0.176312,0.849526,-0.262809,-0.020703,0.378208,-0.014195,-0.095765,-0.124383,0.064454,0.531334,0.507143,0.653676,0.505038,0.658890,0.666455,0.423369,0.865482,-0.695672,-0.492490,-0.655329,0.566018,-0.515751,0.546400,0.664615,-0.945990,0.911788,0.398799,0.100748,0.827496,0.354803,0.315563,0.234419,0.497161,-0.184370,-0.592902,0.550286,0.829619,-0.099190,0.386014,0.079299,0.341414,-0.061830,0.561536,0.247339,0.273053,-0.229409,0.732922,0.265404,0.179213,0.552283,0.509362,0.579274,0.170569,-0.561568,0.333568,0.424517,0.734311,0.567570,0.548761,0.333460,0.716441,0.709247,0.639992,0.861780,0.690276,0.984992,0.536178,0.618894,0.895732,0.648769,-0.130456,0.902985,0.754200,0.271847,0.867953,0.896550,-0.521087,0.332033,0.719637,-0.145742,0.611287,-0.497821,0.446602,0.242814,0.325400,0.256769,0.106009,-0.869820,-0.549022,0.230281,0.672455,0.781048,-0.218178,0.905439,0.098868,0.946430,0.408269,0.656161,0.716302,0.818303,-0.247588,0.662233,0.456878,0.978294,0.740931,0.601565,0.596340,0.424584,-0.293977,1.000000,0.467047,0.504293,0.352433,0.754973,0.225049,-0.129134,0.363019,-0.255345,0.203538,0.340740,-0.521304,0.571497,0.432240,0.424992,0.413402,0.309409,0.101436,0.306723,0.581924,0.139421,0.329142,-0.677984,-0.441422,-0.563818,0.064931,-0.244481,-0.072577,0.612722,0.773561,-0.041484,0.700646,-0.162228,-0.145525,-0.398267,0.856042,0.850685,-0.242046,-0.572578,0.117419,0.928943,0.842942,-0.103191,0.151168,0.715164,0.831960,0.575725,-0.298083,0.557909,0.132486
Entorhinal area lateral part,0.873441,0.874624,0.944623,0.867839,0.854783,0.887300,0.813477,0.904083,0.866797,0.440967,0.790806,0.579875,0.621725,-0.015275,0.202191,0.917093,0.901663,0.768478,0.830230,0.862088,0.165803,0.917658,0.927584,0.794875,0.645687,0.730228,0.876586,0.977829,0.877110,0.703050,0.550295,0.443695,0.828458,0.427675,0.906635,0.841350,0.272158,0.703141,0.526601,0.854205,0.632380,0.412354,0.790287,0.448654,0.732331,0.854893,0.753035,-0.483143,0.635790,0.114990,-0.218995,0.906319,0.917868,0.877113,0.919501,0.763056,0.845192,-0.340572,0.695126,-0.147781,0.076650,0.629188,0.612502,0.938006,0.812593,0.709982,-0.632101,0.660025,0.933990,0.879511,0.944203,0.914034,0.765756,0.992893,0.346316,0.710267,0.626206,0.826853,0.461956,0.818706,-0.177921,0.121457,0.863234,-0.206386,-0.376638,0.275357,0.042426,0.883564,0.199707,0.942974,0.677339,0.553428,0.764969,0.462184,0.845662,0.305537,0.181092,0.073571,0.992196,-0.134878,-0.267625,0.575069,-0.202001,0.645660,0.981800,0.249491,0.865985,0.856766,-0.535338,-0.749862,0.872395,0.285921,0.374678,0.879619,0.084293,0.008859,-0.548313,0.554900,0.567221,0.669729,-0.212656,-0.181244,0.763056,0.470918,0.727525,0.330373,-0.110247,0.991890,0.995131,0.968844,0.289469,-0.661823,0.249871,0.398777,0.926849,0.988857,0.967335,0.983088,0.946937,0.884962,0.835064,0.404415,0.794641,0.524662,-0.240189,-0.024616,0.729509,0.883692,0.093851,0.758522,-0.053258,0.392654,0.816682,0.028143,0.511162,0.462464,0.880801,-0.615905,0.984486,-0.956498,-0.075550,0.847721,-0.271184,0.737902,0.873230,0.010088,0.444826,0.861928,0.968182,0.879086,0.400263,0.764189,-0.686104,0.306103,-0.409627,-0.279290,0.924723,0.879835,0.074262,0.952037,0.796209,0.539566,0.477633,0.902403,0.198687,0.990499,-0.052980,0.467047,1.000000,-0.468692,-0.118575,0.230810,-0.068417,0.449710,0.871234,0.341800,0.900540,0.936537,-0.996680,0.273416,0.886852,0.283876,0.977408,0.796762,0.741640,0.954391,0.990162,0.937050,0.862561,0.150613,-0.947923,-0.320368,0.310331,0.224175,-0.580419,0.897739,0.908825,-0.676800,0.946635,0.796153,-0.638380,0.329372,0.841343,0.835139,-0.634258,-0.124665,-0.222254,0.674263,0.580068,-0.348611,0.312640,0.892408,0.866850,0.858690,0.682047,-0.455616,-0.750495
Central lobule,-0.449898,-0.480955,-0.157285,-0.445361,-0.578679,-0.286459,-0.351149,-0.540013,-0.584754,-0.673492,-0.664447,-0.374063,-0.421132,-0.627150,-0.824115,-0.488616,-0.498617,-0.108232,-0.084794,-0.289181,-0.471370,-0.615081,-0.281123,-0.529805,-0.725713,-0.599195,-0.514255,-0.635822,-0.395047,-0.360121,-0.435216,-0.707514,-0.663519,-0.948005,-0.797633,-0.441930,-0.757384,-0.059705,-0.781840,-0.429493,-0.393524,-0.451960,-0.677773,-0.548586,-0.571977,-0.527422,-0.219420,0.248792,-0.107063,0.306155,-0.393257,-0.223574,-0.300037,-0.643468,-0.084813,-0.742017,-0.723683,0.960701,-0.692665,-0.408983,-0.576723,-0.140918,-0.369422,-0.271662,-0.030618,0.278081,0.946354,0.352884,-0.172162,-0.056941,-0.153671,-0.212508,-0.135471,-0.570485,-0.990890,0.024728,-0.792571,-0.293930,-0.548647,-0.026710,-0.404200,-0.458554,-0.595906,-0.152349,-0.057054,-0.669390,-0.311641,-0.454110,0.001888,-0.321277,-0.377924,-0.122342,-0.253092,-0.310118,0.025080,-0.889397,-0.864204,-0.879841,-0.354901,-0.638706,0.944427,-0.131724,-0.752339,0.152725,-0.574668,-0.454688,-0.063158,-0.614778,0.589945,0.900011,-0.485500,-0.724533,-0.994262,-0.433060,0.838517,-0.431198,0.989345,-0.695687,-0.468459,-0.456845,0.500843,0.088642,-0.648137,-0.877029,-0.151758,-0.364302,-0.055041,-0.356657,-0.396901,-0.269420,-0.422156,-0.154686,-0.229165,-0.259088,-0.208099,-0.395277,-0.439973,-0.538483,-0.218472,-0.032984,-0.317695,0.263542,-0.240177,0.386327,0.924601,0.360712,0.080759,-0.324179,-0.530918,0.218406,0.902435,0.202931,0.009156,0.792973,-0.948283,-0.402096,-0.020756,0.162496,-0.308646,0.305600,0.202422,-0.371593,0.273033,-0.204310,-0.804536,-0.764444,-0.996552,-0.719570,-0.258001,0.006519,-0.827217,0.090249,0.893563,0.694486,0.542894,0.737839,-0.102405,-0.074535,-0.611231,-0.305653,-0.493919,0.480626,0.036547,-0.383102,0.106405,-0.543010,0.093234,0.504293,-0.468692,1.000000,0.139288,0.276439,0.588328,-0.793719,-0.285938,-0.815796,-0.742616,-0.639535,0.398349,0.556231,-0.553046,0.437820,-0.429317,-0.631748,-0.778075,-0.660619,-0.365719,-0.745233,-0.639023,-0.933309,0.339185,0.041864,-0.535306,-0.725423,0.716911,-0.369468,-0.148047,0.793992,-0.159280,-0.854944,0.690746,-0.901447,-0.010585,-0.024271,0.604623,-0.149041,0.623317,0.168056,0.092008,-0.093479,-0.458803,-0.242278,-0.052474,-0.398731,-0.816526,0.986782,0.922669
Perirhinal area,0.371231,0.361220,-0.137872,0.382139,0.352248,0.340911,0.480641,0.282192,0.328677,0.614683,0.382572,0.717360,0.672790,0.621511,0.418381,0.273476,0.303810,0.502063,0.367338,0.394215,0.807640,0.205146,0.233331,0.462228,0.465882,0.496878,-0.576417,-0.076802,0.372103,0.615418,0.716826,0.580955,0.332230,0.183107,-0.149608,0.426697,0.538877,0.580219,0.469784,0.408464,0.672524,0.776028,0.371826,0.708641,0.511120,0.377828,0.557996,0.924721,0.677491,0.920390,0.761580,0.265949,0.269378,0.268252,-0.041142,0.340666,0.245098,-0.119059,0.458208,0.784306,0.710752,0.690591,0.694395,0.193243,0.363462,0.113044,0.384480,0.040767,0.108550,0.185248,-0.119815,0.234771,0.517623,-0.128193,-0.145946,0.523339,0.403266,0.457942,0.703548,0.344396,0.774010,0.814633,0.327819,0.923857,0.897134,0.642430,0.895673,0.351657,0.949154,0.201154,0.637191,0.757918,0.546180,0.805409,0.181432,-0.550612,0.324484,0.178010,-0.104221,0.525789,-0.139668,0.740382,-0.264084,0.529161,0.008494,0.813571,0.245934,0.325987,0.843533,0.373332,0.363807,0.581348,-0.159413,0.363060,0.014711,0.818331,0.035209,0.549716,0.692824,-0.811110,0.923405,0.993921,0.428325,0.343875,0.578263,0.841350,0.976729,-0.139391,-0.169207,-0.226336,0.825079,0.556311,0.907162,0.847787,0.185638,0.015877,0.136850,-0.283662,0.105158,-0.235296,0.446378,0.749090,0.501472,0.461235,-0.192716,0.947969,0.441921,0.356423,0.756089,0.021391,-0.000590,-0.804333,0.309956,0.486286,-0.441381,0.776753,-0.225390,0.825282,-0.071064,0.338223,0.994585,-0.621264,0.985068,-0.720329,0.044842,-0.586933,-0.215423,0.219555,0.021061,-0.110876,0.439116,0.350789,-0.185077,0.133076,0.897923,0.761217,-0.140283,0.210828,0.674728,0.160517,0.475187,0.152221,0.789336,0.320833,0.940474,-0.022422,-0.970432,0.352433,-0.118575,0.139288,1.000000,0.873954,-0.697057,0.479055,-0.555623,0.458974,0.095550,0.131424,0.134300,-0.522497,0.310153,-0.672573,-0.319224,0.400514,0.321510,0.037501,-0.023099,-0.187101,0.298094,0.041135,0.393144,-0.902073,0.753597,0.574737,-0.515948,0.330677,0.192846,-0.363426,-0.096688,-0.405103,-0.504299,0.295791,0.259276,0.296457,-0.574225,-0.960305,-0.686894,0.461290,0.664847,0.894473,0.800854,0.313239,0.228627,0.405121,-0.596146,0.296968,0.013809
Entorhinal area medial part dorsal zone,0.603440,0.582870,0.308999,0.611926,0.525677,0.649104,0.707808,0.505143,0.508777,0.502942,0.484806,0.785143,0.748995,0.289283,0.145484,0.524739,0.539405,0.799970,0.722935,0.681786,0.609725,0.414490,0.577549,0.610702,0.457992,0.579816,-0.254818,0.189420,0.627978,0.765245,0.744867,0.461118,0.460510,0.006688,0.023692,0.638695,0.314670,0.854007,0.376906,0.634308,0.765323,0.718317,0.469765,0.639438,0.604297,0.568677,0.796847,0.661030,0.885616,0.992267,0.399456,0.618095,0.596675,0.437571,0.409919,0.402522,0.368565,0.100218,0.490208,0.450367,0.435919,0.880213,0.783806,0.551467,0.731904,0.580893,0.385626,0.520995,0.514458,0.599453,0.326116,0.599085,0.801393,0.178075,-0.342544,0.841294,0.366059,0.717605,0.641873,0.719866,0.427477,0.597842,0.501718,0.644887,0.570469,0.442563,0.686472,0.589814,0.940572,0.541255,0.763900,0.907343,0.779257,0.826708,0.611107,-0.679635,0.035836,-0.155463,0.284714,0.137983,0.113665,0.899463,-0.637689,0.863699,0.290949,0.665274,0.643341,0.489209,0.698245,0.295882,0.582173,0.372332,-0.340940,0.606181,0.391055,0.553226,0.139010,0.496372,0.719327,-0.546524,0.901481,0.815714,0.517099,0.199071,0.828334,0.767959,0.780384,0.252893,0.212301,0.199082,0.709234,0.082674,0.837724,0.851253,0.564275,0.372611,0.450067,0.048842,0.499777,0.241621,0.702241,0.975550,0.760531,0.833825,0.073385,0.965418,0.801988,0.645848,0.503060,0.501765,0.331258,-0.422288,0.702783,0.758749,-0.499611,0.764977,0.253041,0.469810,0.328309,-0.079723,0.916800,-0.252522,0.834446,-0.330399,0.174689,-0.816032,-0.354548,0.356453,0.421081,0.363825,0.265886,0.743642,-0.165002,0.553641,0.792995,0.818352,0.318357,0.615131,0.389209,0.516437,0.637106,0.607138,0.958750,0.600804,0.974044,0.280888,-0.844819,0.754973,0.230810,0.276439,0.873954,1.000000,-0.414941,0.340201,-0.148333,0.257403,0.258256,0.349700,-0.243262,-0.095638,0.515571,-0.269478,0.058067,0.516739,0.360113,0.267933,0.350757,0.027440,0.458019,-0.257053,-0.013516,-0.944670,0.612109,0.333930,-0.471507,0.612468,0.585141,-0.356828,0.345510,-0.281733,-0.501930,0.073132,0.663173,0.687213,-0.595654,-0.969854,-0.472348,0.824987,0.924721,0.568242,0.685400,0.645013,0.632813,0.645963,-0.494166,0.416810,-0.011925
Culmen,-0.463761,-0.480420,0.183081,-0.469874,-0.555478,-0.306847,-0.483455,-0.459359,-0.539315,-0.924307,-0.661139,-0.736613,-0.730345,-0.989553,-0.941324,-0.408818,-0.443810,-0.316208,-0.178953,-0.356097,-0.972708,-0.455977,-0.209824,-0.615348,-0.805979,-0.711488,0.227522,-0.239002,-0.419957,-0.619554,-0.791202,-0.924434,-0.612997,-0.807999,-0.326050,-0.507645,-0.967635,-0.352593,-0.879031,-0.480733,-0.705876,-0.880168,-0.663455,-0.896703,-0.700503,-0.534636,-0.451875,-0.628236,-0.480777,-0.452196,-0.956068,-0.194015,-0.255178,-0.536606,0.159770,-0.696032,-0.589173,0.786459,-0.763144,-0.971279,-0.999726,-0.519411,-0.708012,-0.168688,-0.136491,0.283765,0.318944,0.389353,-0.023950,-0.003745,0.171735,-0.159151,-0.350673,-0.143508,-0.601828,-0.239271,-0.814368,-0.417250,-0.889942,-0.117153,-0.965803,-0.977382,-0.548286,-0.888470,-0.827747,-0.977908,-0.940532,-0.449644,-0.699188,-0.213363,-0.656242,-0.573396,-0.466922,-0.779568,0.057418,-0.212802,-0.904236,-0.824843,0.009363,-0.949205,0.805107,-0.562550,-0.435620,-0.155546,-0.256206,-0.946298,-0.059079,-0.563263,-0.303907,0.265752,-0.486540,-0.971787,-0.587953,-0.442636,0.674539,-0.982374,0.644422,-0.866952,-0.795309,0.413105,-0.368956,-0.745955,-0.689851,-0.868128,-0.419239,-0.878857,-0.831920,0.035432,0.027395,0.168124,-0.920900,-0.699243,-0.839781,-0.785539,-0.114452,-0.117541,-0.252433,0.001625,-0.055449,0.345739,-0.425392,-0.290620,-0.415333,0.058097,0.836662,-0.459942,-0.126798,-0.349814,-0.995070,0.318268,0.708259,0.874735,-0.062041,0.257144,-0.301601,-0.830367,0.346845,-0.647327,0.018627,-0.224269,-0.633378,0.370185,-0.611181,0.557733,-0.490872,-0.147501,-0.531041,-0.562345,-0.016600,0.278564,-0.917992,-0.040531,0.711314,0.514177,-0.357301,-0.067274,0.224476,-0.037721,-0.999528,-0.167176,-0.596614,0.378324,-0.487469,-0.364932,-0.609327,-0.204929,0.822784,0.225049,-0.068417,0.588328,-0.697057,-0.414941,1.000000,-0.912073,0.392040,-0.936845,-0.475435,-0.413741,0.000758,0.910309,-0.495290,0.935666,0.115249,-0.647866,-0.714313,-0.353221,-0.063198,-0.248489,-0.559515,-0.743941,-0.238684,0.671586,-0.950673,-0.980425,0.852012,-0.362765,-0.076069,0.773572,0.149676,-0.195143,0.809743,-0.879980,-0.032862,-0.074192,0.796734,0.606587,0.987276,-0.084124,-0.324075,-0.848741,-0.926218,-0.248894,-0.036832,-0.452651,-0.039182,0.457126,0.565137
Parafascicular nucleus,0.714844,0.734144,0.177163,0.717009,0.805269,0.565562,0.692783,0.738156,0.797546,0.983686,0.884379,0.822571,0.839575,0.885793,0.952806,0.692931,0.717350,0.502135,0.409771,0.596674,0.898145,0.754139,0.501404,0.824080,0.964396,0.892425,0.190501,0.607791,0.671332,0.766555,0.867749,0.991172,0.858285,0.942011,0.684857,0.737616,0.981847,0.501082,0.995558,0.718225,0.818489,0.897931,0.888588,0.940516,0.879284,0.779221,0.624342,0.292792,0.589281,0.327988,0.752321,0.471512,0.537348,0.809904,0.173645,0.917959,0.856464,-0.901027,0.939855,0.788989,0.912147,0.623830,0.809422,0.470777,0.360910,-0.056846,-0.623896,-0.168679,0.337805,0.283217,0.185163,0.444627,0.533354,0.525544,0.764989,0.398860,0.977830,0.634364,0.939342,0.346987,0.774578,0.885733,0.805580,0.657211,0.539490,0.973872,0.804577,0.707774,0.604642,0.516602,0.790646,0.639043,0.646185,0.807627,0.209483,0.430362,0.925217,0.833546,0.364908,0.820008,-0.890059,0.639041,0.421855,0.289303,0.610612,0.900019,0.323313,0.818883,-0.041159,-0.609660,0.739097,0.982965,0.763532,0.697061,-0.660334,0.849866,-0.859681,0.978239,0.882529,-0.028253,0.125413,0.507651,0.895073,0.988355,0.578116,0.854925,0.623928,0.344876,0.359869,0.217808,0.886241,0.371003,0.773855,0.783027,0.412934,0.470370,0.577309,0.403490,0.375189,0.008435,0.647788,0.299149,0.612657,0.041087,-0.902384,0.280754,0.306479,0.605142,0.904972,-0.057328,-0.740995,-0.599225,0.296593,-0.344098,0.573742,0.864937,0.003947,0.283603,0.346434,-0.177323,0.430542,0.043222,0.339769,-0.168502,0.804159,0.265029,0.741187,0.839930,0.359089,0.051280,0.995912,0.248170,-0.935463,-0.439938,0.047930,-0.175287,0.128302,0.313132,0.917907,0.480443,0.803006,-0.221589,0.518398,0.633978,0.514306,0.567295,-0.674162,-0.129134,0.449710,-0.793719,0.479055,0.340201,-0.912073,1.000000,0.016929,0.990473,0.788591,0.731777,-0.382521,-0.731446,0.763338,-0.725164,0.292349,0.869582,0.932564,0.694231,0.422809,0.623751,0.822412,0.804509,-0.169952,-0.628548,0.937578,0.970946,-0.978520,0.628238,0.365995,-0.961866,0.204146,0.560236,-0.958353,0.958930,0.285250,0.318134,-0.930387,-0.481296,-0.956025,0.239556,0.411995,0.571417,0.904532,0.513541,0.304216,0.691831,0.396584,-0.685116,-0.847087
Pontine gray,0.526338,0.525728,0.894675,0.516974,0.491579,0.587416,0.440049,0.577969,0.512505,-0.030659,0.400934,0.109410,0.159031,-0.440467,-0.186277,0.604679,0.574072,0.439314,0.564706,0.538456,-0.331562,0.611448,0.676527,0.394697,0.216121,0.304786,0.967305,0.796349,0.540677,0.273238,0.069962,-0.019178,0.459458,0.105738,0.732440,0.472296,-0.165982,0.352570,0.093958,0.495295,0.174619,-0.087557,0.402809,-0.042434,0.305580,0.490152,0.375455,-0.829549,0.234938,-0.269929,-0.644392,0.653557,0.646557,0.538492,0.840746,0.379453,0.503722,-0.054155,0.271750,-0.593527,-0.388640,0.215634,0.151079,0.707101,0.561731,0.651634,-0.562975,0.656053,0.764480,0.702206,0.886441,0.677751,0.423753,0.848164,0.179371,0.403728,0.214278,0.474966,-0.027886,0.577204,-0.615122,-0.372682,0.507344,-0.660101,-0.782858,-0.194098,-0.452831,0.544022,-0.269632,0.697545,0.235709,0.118312,0.384968,-0.026600,0.690205,0.356072,-0.169127,-0.200677,0.880942,-0.506369,0.018823,0.144457,-0.214917,0.368639,0.772053,-0.254578,0.659662,0.498392,-0.767533,-0.674724,0.521517,-0.166829,0.210958,0.539368,0.244272,-0.471468,-0.311199,0.099608,0.089924,0.902360,-0.529760,-0.620427,0.357214,0.083352,0.356600,-0.175233,-0.577353,0.897054,0.905845,0.935596,-0.216826,-0.900936,-0.251918,-0.094018,0.713766,0.812281,0.725719,0.919944,0.768276,0.912518,0.483022,0.066839,0.436022,0.339206,0.065000,-0.399073,0.471724,0.568890,-0.385022,0.727168,0.139379,0.783594,0.599224,-0.041091,0.479360,-0.031821,0.906546,-0.921229,0.867731,-0.970115,-0.500664,0.992010,-0.659906,0.973818,0.607891,0.129850,0.301157,0.532014,0.819501,0.856096,-0.016116,0.548750,-0.351865,0.360264,-0.688555,-0.463986,0.889085,0.686655,-0.380832,0.728423,0.397204,0.519636,0.067247,0.590660,-0.244690,0.801301,0.433398,0.363019,0.871234,-0.285938,-0.555623,-0.148333,0.392040,0.016929,1.000000,-0.076533,0.621522,0.658706,-0.890327,0.614025,0.546219,0.670441,0.954408,0.404619,0.361544,0.715356,0.838188,0.788945,0.511925,-0.076307,-0.981474,0.146231,-0.187271,-0.220189,-0.134561,0.584551,0.706379,-0.279115,0.876475,0.741461,-0.198425,-0.027938,0.641760,0.615540,-0.179262,0.312795,0.254142,0.430255,0.231533,-0.763599,-0.191768,0.614448,0.670918,0.507377,0.736380,-0.351881,-0.499304
Declive (VI),0.612062,0.634244,0.050101,0.614396,0.717470,0.446667,0.587462,0.641105,0.709059,0.961155,0.813359,0.749055,0.765040,0.928843,0.985529,0.589465,0.616374,0.381215,0.280726,0.480521,0.894581,0.663767,0.378613,0.738226,0.919020,0.821861,0.117382,0.517307,0.563009,0.675514,0.804307,0.972163,0.782701,0.957401,0.621777,0.637610,0.994721,0.383787,0.973409,0.615592,0.739834,0.855628,0.819127,0.903109,0.805573,0.686117,0.514399,0.320639,0.484093,0.259068,0.801872,0.345945,0.416830,0.726693,0.041403,0.859278,0.785988,-0.932562,0.884110,0.828460,0.934257,0.522376,0.731075,0.346563,0.229772,-0.193715,-0.622370,-0.302793,0.207391,0.148775,0.057375,0.317676,0.414913,0.428167,0.805174,0.274305,0.943089,0.522406,0.900032,0.215049,0.818502,0.887630,0.718670,0.678896,0.579351,0.975646,0.803235,0.604323,0.549487,0.395906,0.704596,0.545796,0.537759,0.744115,0.072918,0.478017,0.967207,0.897193,0.247545,0.884895,-0.930777,0.543775,0.527577,0.162938,0.511804,0.881966,0.189948,0.734716,-0.034050,-0.585608,0.639883,0.989671,0.800019,0.592020,-0.749396,0.866457,-0.865917,0.941915,0.820111,-0.068823,0.089054,0.501909,0.825659,0.986576,0.465450,0.815593,0.620725,0.228620,0.247519,0.099436,0.858825,0.472155,0.732964,0.723537,0.284882,0.354083,0.465254,0.308717,0.247061,-0.118210,0.537015,0.194108,0.499663,-0.086092,-0.944154,0.227599,0.176001,0.489810,0.919142,-0.193893,-0.814352,-0.657104,0.162609,-0.432544,0.592391,0.810429,-0.123420,0.342152,0.225222,-0.066985,0.398300,-0.037210,0.331382,-0.244670,0.741831,0.347620,0.768565,0.767173,0.233435,-0.081228,0.998018,0.113858,-0.906266,-0.553029,0.038622,-0.218680,-0.000606,0.179573,0.944425,0.357990,0.713372,-0.351639,0.421608,0.522015,0.450087,0.465088,-0.649549,-0.255345,0.341800,-0.815796,0.458974,0.257403,-0.936845,0.990473,-0.076533,1.000000,0.715180,0.642613,-0.269167,-0.810203,0.669388,-0.790973,0.189496,0.794234,0.880915,0.606646,0.304651,0.552236,0.740263,0.864690,-0.065373,-0.560058,0.919022,0.987368,-0.941068,0.515506,0.235095,-0.920520,0.075899,0.525831,-0.909951,0.982290,0.150571,0.184687,-0.873041,-0.424064,-0.960635,0.109163,0.297687,0.610341,0.877496,0.390581,0.170198,0.585817,0.381105,-0.712052,-0.815754
Folium-tuber vermis (VII),0.919313,0.931309,0.719727,0.915914,0.957442,0.850622,0.859245,0.959300,0.963088,0.762607,0.955895,0.757352,0.797433,0.413446,0.607823,0.944165,0.944704,0.725732,0.727594,0.846459,0.521707,0.983255,0.851413,0.919337,0.897693,0.911199,0.720084,0.967595,0.898224,0.815809,0.762499,0.771271,0.970573,0.768304,0.969043,0.906020,0.658569,0.676133,0.836868,0.905484,0.793031,0.684211,0.958736,0.736388,0.904286,0.941332,0.776659,-0.234669,0.671587,0.172609,0.197620,0.818772,0.861368,0.981566,0.693308,0.959515,0.987863,-0.695219,0.917221,0.261595,0.479650,0.684765,0.773401,0.845118,0.690213,0.420358,-0.778175,0.333976,0.778229,0.707015,0.722219,0.811975,0.739427,0.937520,0.648356,0.630636,0.897607,0.838445,0.744818,0.688315,0.235172,0.485673,0.965170,0.140855,-0.030600,0.647544,0.383879,0.923744,0.373856,0.872305,0.810231,0.638072,0.797150,0.665483,0.645740,0.476428,0.587294,0.480727,0.848663,0.308640,-0.640250,0.653601,0.118250,0.529330,0.964429,0.576495,0.714634,0.968282,-0.441166,-0.845959,0.932306,0.664483,0.667115,0.914454,-0.301599,0.393036,-0.820871,0.839111,0.783467,0.488262,-0.149093,0.070791,0.939751,0.807590,0.733533,0.602352,0.180823,0.840687,0.853388,0.764819,0.594041,-0.277173,0.500946,0.607520,0.807429,0.892978,0.926219,0.878768,0.807015,0.598602,0.851972,0.359421,0.802175,0.323171,-0.624566,0.054310,0.600378,0.868242,0.483092,0.459385,-0.432889,0.000976,0.662839,-0.208129,0.677602,0.698915,0.592646,-0.317266,0.830907,-0.744565,0.097837,0.625992,-0.077058,0.449354,0.994970,0.198981,0.705371,0.992004,0.819296,0.607237,0.757717,0.599279,-0.932250,-0.049297,-0.316351,-0.340185,0.680754,0.721132,0.484263,0.862202,0.907769,0.217908,0.521369,0.898911,0.325365,0.949414,-0.314246,0.203538,0.900540,-0.742616,0.095550,0.258256,-0.475435,0.788591,0.621522,0.715180,1.000000,0.989752,-0.863600,-0.171440,0.959282,-0.148507,0.818355,0.950276,0.955105,0.989139,0.871570,0.959110,0.976312,0.526737,-0.739714,-0.468984,0.641257,0.618532,-0.858689,0.891962,0.769888,-0.925233,0.732035,0.852117,-0.886435,0.704046,0.677050,0.687541,-0.862775,-0.257914,-0.599718,0.526913,0.541201,0.004972,0.620967,0.828321,0.706400,0.894488,0.706372,-0.689163,-0.943427
Posterior hypothalamic nucleus,0.957902,0.965067,0.796034,0.954876,0.974039,0.914523,0.909179,0.985190,0.979432,0.726740,0.953377,0.784756,0.821100,0.334589,0.517519,0.978989,0.977171,0.807930,0.816354,0.908666,0.491437,0.997172,0.917544,0.939783,0.872310,0.915046,0.722862,0.977129,0.945509,0.856012,0.777419,0.729634,0.970929,0.677550,0.944328,0.943830,0.589379,0.760644,0.790041,0.946073,0.822023,0.683093,0.953852,0.722815,0.912865,0.966381,0.841962,-0.224476,0.744270,0.257094,0.135528,0.892150,0.924586,0.988508,0.780477,0.941083,0.978558,-0.591186,0.902040,0.205597,0.420993,0.751985,0.804451,0.912702,0.785091,0.543492,-0.694301,0.460875,0.858004,0.800308,0.799529,0.886999,0.817655,0.957125,0.533006,0.727069,0.858257,0.897841,0.732557,0.783922,0.176294,0.452654,0.979417,0.120991,-0.055566,0.594861,0.366577,0.962265,0.422597,0.933178,0.845532,0.701642,0.858360,0.692043,0.747568,0.360595,0.486006,0.361171,0.901354,0.212219,-0.531225,0.717647,-0.024731,0.638115,0.985999,0.558106,0.807197,0.978923,-0.387557,-0.782330,0.965206,0.602944,0.554000,0.956032,-0.165534,0.351863,-0.731056,0.810611,0.794567,0.470397,-0.071205,0.091971,0.937917,0.736777,0.806796,0.607256,0.187673,0.892098,0.898257,0.824418,0.585273,-0.357726,0.519204,0.635984,0.883155,0.942570,0.970084,0.897778,0.881138,0.684365,0.908365,0.464523,0.867346,0.451965,-0.516993,0.132438,0.705099,0.926493,0.434496,0.576302,-0.302740,0.052281,0.762668,-0.071936,0.578552,0.710842,0.680071,-0.337454,0.890648,-0.794229,0.147807,0.645848,-0.038221,0.479583,0.970970,0.068483,0.598059,0.984446,0.887450,0.701782,0.689303,0.706699,-0.878172,0.092753,-0.254494,-0.238430,0.763078,0.812523,0.419137,0.925292,0.934133,0.353927,0.601431,0.949345,0.389505,0.975849,-0.333111,0.340740,0.936537,-0.639535,0.131424,0.349700,-0.413741,0.731777,0.658706,0.642613,0.989752,1.000000,-0.909396,-0.072126,0.982094,-0.070080,0.852201,0.953842,0.928349,0.995551,0.924672,0.944591,0.983157,0.403771,-0.781840,-0.523083,0.615732,0.549885,-0.828854,0.944213,0.852884,-0.890119,0.809412,0.799484,-0.866591,0.612647,0.775200,0.783984,-0.857412,-0.320896,-0.549382,0.639258,0.637410,-0.022477,0.608546,0.898670,0.800185,0.940113,0.641649,-0.582234,-0.886489
Pyramus (VIII),-0.855445,-0.854093,-0.968009,-0.849788,-0.824880,-0.885365,-0.799629,-0.881166,-0.837347,-0.381106,-0.750066,-0.549762,-0.589935,0.087682,-0.124705,-0.899522,-0.881894,-0.774519,-0.843883,-0.857708,-0.109637,-0.890277,-0.930186,-0.764584,-0.592109,-0.690457,-0.875658,-0.957534,-0.864203,-0.681131,-0.513571,-0.381657,-0.790382,-0.352803,-0.870821,-0.821576,-0.200371,-0.709330,-0.463508,-0.836465,-0.603489,-0.367673,-0.748578,-0.398145,-0.694764,-0.829030,-0.747081,0.500375,-0.632894,-0.124811,0.280955,-0.912584,-0.917533,-0.844164,-0.946222,-0.715277,-0.804361,0.262923,-0.646528,0.209125,-0.010014,-0.622665,-0.584549,-0.942809,-0.830614,-0.758305,0.578463,-0.715057,-0.949712,-0.901862,-0.967467,-0.922335,-0.768853,-0.980311,-0.272511,-0.725744,-0.567359,-0.819229,-0.412048,-0.837762,0.239680,-0.064674,-0.832663,0.249932,0.417085,-0.209180,0.005850,-0.866024,-0.184309,-0.943266,-0.652347,-0.544217,-0.756678,-0.431477,-0.874317,-0.249191,-0.101460,0.007866,-0.998572,0.210379,0.188305,-0.566216,0.271254,-0.670262,-0.965147,-0.197737,-0.885821,-0.824291,0.521562,0.704441,-0.851309,-0.216594,-0.301922,-0.863571,-0.163084,0.049625,0.479327,-0.498729,-0.528673,-0.672134,0.197154,0.203696,-0.721687,-0.400192,-0.726295,-0.289093,0.142741,-0.998941,-0.999365,-0.985064,-0.241844,0.713298,-0.216343,-0.369376,-0.937197,-0.988559,-0.959290,-0.976792,-0.959009,-0.919801,-0.825860,-0.425012,-0.789676,-0.567694,0.160395,0.015584,-0.752728,-0.877831,-0.030906,-0.805399,-0.026700,-0.444687,-0.839747,-0.089418,-0.454321,-0.424110,-0.916359,0.643401,-0.993980,0.971677,0.083852,-0.859766,0.279963,-0.763515,-0.830899,0.044788,-0.375759,-0.822694,-0.979463,-0.914302,-0.329197,-0.791721,0.625520,-0.377042,0.396858,0.240806,-0.952423,-0.899986,-0.005275,-0.955054,-0.768910,-0.599128,-0.479328,-0.892732,-0.192944,-0.977778,0.023106,-0.521304,-0.996680,0.398349,0.134300,-0.243262,0.000758,-0.382521,-0.890327,-0.269167,-0.863600,-0.909396,1.000000,-0.346391,-0.861454,-0.350097,-0.981665,-0.758774,-0.690272,-0.928246,-0.993531,-0.907999,-0.828768,-0.070418,0.961065,0.306519,-0.254918,-0.152682,0.524063,-0.888899,-0.923793,0.620622,-0.968922,-0.757268,0.586785,-0.252441,-0.864732,-0.856166,0.588646,0.119623,0.157257,-0.702928,-0.593513,0.391280,-0.263116,-0.895334,-0.888103,-0.843984,-0.647096,0.389789,0.694394
Uvula (IX),-0.073092,-0.095715,0.541209,-0.078737,-0.195094,0.106792,-0.082163,-0.086579,-0.179452,-0.702431,-0.334384,-0.390907,-0.382396,-0.957174,-0.884661,-0.024902,-0.061742,0.104532,0.244080,0.057228,-0.801454,-0.103866,0.199839,-0.251286,-0.533574,-0.378126,0.415100,0.078099,-0.019727,-0.239560,-0.467098,-0.713162,-0.280187,-0.719824,-0.077761,-0.118304,-0.846372,0.062868,-0.665344,-0.087818,-0.349448,-0.605950,-0.341032,-0.634389,-0.359429,-0.161651,-0.042088,-0.611439,-0.081151,-0.169235,-0.949774,0.221342,0.155021,-0.193072,0.537256,-0.400946,-0.275625,0.750991,-0.466226,-0.931709,-0.902000,-0.124753,-0.352256,0.238567,0.285806,0.653893,0.259025,0.733588,0.378249,0.407050,0.533916,0.254692,0.068226,0.178805,-0.622780,0.179547,-0.572799,-0.006717,-0.622928,0.304416,-0.940722,-0.822062,-0.191727,-0.809046,-0.813987,-0.821416,-0.781847,-0.059226,-0.416856,0.190625,-0.285418,-0.195015,-0.059189,-0.457574,0.464427,-0.320387,-0.881754,-0.881311,0.366943,-0.989968,0.794656,-0.179750,-0.684373,0.254691,0.088882,-0.735227,0.357485,-0.212562,-0.277968,0.145978,-0.102912,-0.831146,-0.599883,-0.048584,0.833189,-0.871145,0.554895,-0.612302,-0.473548,0.470930,-0.199538,-0.606969,-0.363361,-0.718017,-0.006705,-0.614209,-0.686160,0.385382,0.366885,0.502573,-0.685530,-0.893042,-0.577216,-0.475007,0.295437,0.257609,0.131984,0.292199,0.345076,0.675624,-0.017065,0.076263,-0.002135,0.435148,0.824336,-0.223975,0.291530,0.060101,-0.874047,0.682040,0.813296,0.907758,0.356649,0.482208,-0.306033,-0.527225,0.678706,-0.720752,0.386274,-0.525173,-0.432340,0.556294,-0.486755,0.699655,-0.217947,-0.372707,-0.524475,-0.246233,0.370172,0.637159,-0.771759,0.375374,0.503134,0.772771,-0.272421,0.073545,0.581290,0.375986,-0.915163,0.234580,-0.224205,0.711537,-0.112848,0.037376,-0.314376,0.142049,0.613093,0.571497,0.273416,0.556231,-0.522497,-0.095638,0.910309,-0.731446,0.614025,-0.810203,-0.171440,-0.072126,-0.346391,1.000000,-0.126059,0.982132,0.411544,-0.310189,-0.437568,-0.026231,0.308684,0.012684,-0.215499,-0.802867,-0.519786,0.352944,-0.737081,-0.867999,0.596290,0.041491,0.336036,0.518517,0.516880,-0.055476,0.527615,-0.804518,0.383254,0.344956,0.489743,0.333533,0.838061,0.326684,0.077108,-0.828572,-0.691018,0.167530,0.378056,-0.054113,0.017178,0.461308,0.374211
Piriform area,0.992665,0.996179,0.762619,0.991778,0.997495,0.954388,0.968744,0.999160,0.998500,0.788900,0.976612,0.883145,0.908954,0.400871,0.536888,0.994701,0.997413,0.886387,0.873374,0.957424,0.599112,0.993333,0.939454,0.985008,0.905877,0.961812,0.592511,0.924058,0.983862,0.937934,0.871882,0.783926,0.985662,0.649127,0.868735,0.988525,0.633409,0.855438,0.820762,0.988448,0.911564,0.786585,0.974424,0.808784,0.963760,0.997402,0.922949,-0.051628,0.852633,0.432736,0.240321,0.923218,0.951438,0.993618,0.768055,0.952330,0.974702,-0.551090,0.936372,0.313258,0.505597,0.860450,0.899224,0.928391,0.844855,0.580077,-0.569484,0.489875,0.865543,0.828120,0.769410,0.913462,0.897047,0.899418,0.445971,0.817493,0.876987,0.957136,0.817655,0.840690,0.282508,0.562327,0.997639,0.268484,0.093385,0.662014,0.499254,0.993435,0.584024,0.947097,0.930041,0.822725,0.935224,0.809425,0.779883,0.211152,0.486901,0.336200,0.861252,0.261519,-0.495661,0.835159,-0.116812,0.737569,0.951264,0.667827,0.844936,0.995650,-0.207093,-0.662302,0.996473,0.656253,0.464461,0.990463,-0.110418,0.463894,-0.662916,0.860323,0.882863,0.303781,0.117207,0.266495,0.969956,0.740130,0.895477,0.727361,0.350249,0.845907,0.844472,0.768927,0.698986,-0.272800,0.658986,0.763778,0.901541,0.920347,0.965621,0.815654,0.885192,0.642199,0.964203,0.608342,0.937418,0.554548,-0.491694,0.316208,0.785198,0.966629,0.529679,0.593558,-0.246197,-0.071743,0.815833,0.060483,0.443956,0.817581,0.640357,-0.186909,0.859085,-0.717451,0.329573,0.516830,0.146381,0.344239,0.927999,-0.079258,0.498848,0.976505,0.874726,0.683244,0.711978,0.771900,-0.853471,0.158923,-0.067752,-0.062704,0.732700,0.843579,0.495453,0.933283,0.983812,0.409903,0.737835,0.979731,0.556016,0.937845,-0.492201,0.432240,0.886852,-0.553046,0.310153,0.515571,-0.495290,0.763338,0.546219,0.669388,0.959282,0.982094,-0.861454,-0.126059,1.000000,-0.156955,0.770885,0.982179,0.934080,0.960354,0.897679,0.865910,0.993621,0.352171,-0.693620,-0.673747,0.710192,0.602022,-0.871491,0.977128,0.876266,-0.901983,0.782872,0.676879,-0.908884,0.606311,0.818509,0.832755,-0.916995,-0.493461,-0.626990,0.728135,0.756124,0.123733,0.715840,0.936605,0.835653,0.983849,0.488996,-0.469774,-0.826149
Nodulus (X),-0.125086,-0.142336,0.517468,-0.132472,-0.226377,0.036786,-0.158310,-0.116424,-0.207453,-0.730217,-0.354416,-0.481462,-0.463392,-0.961269,-0.849276,-0.061107,-0.099848,-0.003274,0.147908,-0.018184,-0.864089,-0.114053,0.141475,-0.300299,-0.547505,-0.418585,0.503850,0.106009,-0.079245,-0.325960,-0.547612,-0.731975,-0.295831,-0.650535,-0.013768,-0.176937,-0.841254,-0.057806,-0.664487,-0.146388,-0.434725,-0.683281,-0.357788,-0.692130,-0.405572,-0.203206,-0.142174,-0.740746,-0.204722,-0.345655,-0.990271,0.152338,0.094736,-0.205656,0.492220,-0.403130,-0.272358,0.665227,-0.486720,-0.978124,-0.931341,-0.245296,-0.442400,0.183876,0.184295,0.554043,0.124308,0.637450,0.322694,0.329400,0.507207,0.188087,-0.038020,0.204367,-0.496394,0.055335,-0.567939,-0.088053,-0.680844,0.204651,-0.984293,-0.884364,-0.217913,-0.904519,-0.906700,-0.842478,-0.869334,-0.108613,-0.563307,0.140965,-0.370813,-0.322304,-0.154032,-0.560871,0.378888,-0.147893,-0.826585,-0.796381,0.361075,-0.971120,0.708990,-0.304817,-0.535697,0.117313,0.096616,-0.806498,0.273067,-0.235595,-0.436912,0.026787,-0.149153,-0.837181,-0.473082,-0.102047,0.716071,-0.929958,0.457790,-0.635769,-0.547506,0.598935,-0.379738,-0.745372,-0.390054,-0.683384,-0.116737,-0.706598,-0.808190,0.384684,0.375389,0.504206,-0.765344,-0.906159,-0.691025,-0.586623,0.234268,0.240434,0.105165,0.335993,0.295166,0.653308,-0.094235,-0.090106,-0.094406,0.284937,0.746832,-0.401980,0.170103,-0.006911,-0.916862,0.599529,0.699234,0.967383,0.257159,0.308845,-0.154969,-0.614533,0.653690,-0.815960,0.370253,-0.548008,-0.592789,0.634648,-0.641924,0.777431,-0.178006,-0.191559,-0.394260,-0.241055,0.335754,0.592682,-0.752194,0.263124,0.458607,0.642965,-0.441292,-0.110403,0.552066,0.297032,-0.934802,0.187956,-0.279802,0.591247,-0.260160,-0.018230,-0.473178,0.149393,0.740240,0.424992,0.283876,0.437820,-0.672573,-0.269478,0.935666,-0.725164,0.670441,-0.790973,-0.148507,-0.070080,-0.350097,0.982132,-0.156955,1.000000,0.446454,-0.337397,-0.430927,-0.009497,0.293016,0.073040,-0.231858,-0.696998,-0.555261,0.495218,-0.793538,-0.868840,0.613982,-0.016957,0.267237,0.511302,0.487503,0.059165,0.550990,-0.750452,0.291769,0.250473,0.533858,0.495692,0.867781,0.194876,-0.066916,-0.918047,-0.764221,0.095288,0.294608,-0.116530,0.161207,0.321686,0.302398
Paragigantocellular reticular nucleus dorsal part,0.750977,0.752402,0.945747,0.743451,0.729028,0.780702,0.674961,0.794460,0.745423,0.262283,0.654799,0.394589,0.442226,-0.183640,0.060723,0.812116,0.789986,0.640791,0.731185,0.744564,-0.036183,0.819575,0.843239,0.649976,0.491292,0.575151,0.950450,0.936894,0.757656,0.537702,0.362063,0.270056,0.702400,0.324088,0.872851,0.708275,0.107824,0.563120,0.370389,0.725469,0.454372,0.213338,0.655767,0.257405,0.575825,0.726784,0.607212,-0.654171,0.473725,-0.063509,-0.399005,0.818929,0.824972,0.764806,0.904999,0.631830,0.733629,-0.251480,0.543345,-0.334934,-0.109380,0.462469,0.431700,0.862489,0.717942,0.688650,-0.644502,0.659405,0.882372,0.819626,0.941735,0.833739,0.633213,0.966411,0.311305,0.587151,0.481443,0.696277,0.271517,0.728195,-0.362019,-0.080368,0.741448,-0.406583,-0.562154,0.094322,-0.166212,0.764785,-0.004662,0.862732,0.506838,0.375086,0.619403,0.264425,0.792136,0.362875,0.057491,-0.017891,0.973502,-0.281347,-0.176588,0.399446,-0.187025,0.530213,0.926407,0.045593,0.793174,0.734370,-0.667865,-0.760343,0.749400,0.114299,0.341752,0.759762,0.129461,-0.189897,-0.486011,0.386372,0.381746,0.800680,-0.373732,-0.382388,0.618901,0.336738,0.581954,0.124393,-0.317716,0.980528,0.987608,0.981503,0.084289,-0.775516,0.039623,0.196355,0.856945,0.942449,0.893130,0.991553,0.893022,0.915250,0.705353,0.253860,0.658705,0.439866,-0.139666,-0.202939,0.626553,0.771642,-0.099370,0.752043,0.001664,0.566935,0.735624,-0.027931,0.537856,0.265276,0.909806,-0.768443,0.961693,-0.990885,-0.272143,0.940126,-0.457701,0.863368,0.798610,0.088371,0.422213,0.755678,0.929263,0.885554,0.250321,0.680368,-0.580245,0.313307,-0.558928,-0.390669,0.930018,0.813491,-0.106165,0.881133,0.650683,0.525382,0.303611,0.793994,0.002397,0.943352,0.158655,0.413402,0.977408,-0.429317,-0.319224,0.058067,0.115249,0.292349,0.954408,0.189496,0.818355,0.852201,-0.981665,0.411544,0.770885,0.446454,1.000000,0.658794,0.612737,0.888292,0.953724,0.913708,0.744501,0.083366,-0.992083,-0.120959,0.113104,0.055116,-0.417258,0.788154,0.841330,-0.539372,0.938899,0.815118,-0.478095,0.206690,0.769331,0.754578,-0.464409,0.071815,-0.035616,0.573504,0.433630,-0.536288,0.109939,0.794188,0.798315,0.732404,0.745916,-0.450601,-0.683653
Prelimbic area,0.965697,0.973206,0.627925,0.965971,0.992910,0.895389,0.945214,0.973842,0.990805,0.889518,0.999062,0.922348,0.945165,0.565770,0.681071,0.958036,0.967687,0.831803,0.792494,0.907868,0.727644,0.970984,0.863076,0.992141,0.969021,0.993793,0.485808,0.868994,0.947346,0.945921,0.925756,0.886538,0.997302,0.756226,0.844612,0.970515,0.767068,0.810461,0.912151,0.964647,0.941525,0.870390,0.998137,0.896485,0.992267,0.986760,0.894444,0.070472,0.835225,0.451497,0.411708,0.843753,0.883120,0.988278,0.634492,0.987953,0.985400,-0.667821,0.985605,0.478270,0.656268,0.850907,0.930385,0.845021,0.757416,0.433943,-0.590541,0.332339,0.758336,0.717672,0.635897,0.828007,0.848863,0.826336,0.541658,0.752065,0.948277,0.919914,0.902804,0.749843,0.450463,0.696334,0.992261,0.413507,0.246737,0.790461,0.629033,0.963725,0.642523,0.871894,0.947050,0.828337,0.909295,0.864807,0.660816,0.258072,0.632097,0.486887,0.754950,0.437936,-0.623057,0.837275,0.013949,0.661649,0.893569,0.781090,0.743383,0.994225,-0.140875,-0.658364,0.974845,0.786364,0.554996,0.958974,-0.260668,0.611327,-0.737289,0.940644,0.937305,0.197660,0.155295,0.374436,0.998388,0.843999,0.861707,0.815695,0.469194,0.736609,0.738485,0.640576,0.801722,-0.091089,0.743823,0.824659,0.808696,0.832625,0.900115,0.724076,0.783289,0.487059,0.928526,0.572673,0.900480,0.452514,-0.625133,0.350388,0.699789,0.915893,0.674398,0.441002,-0.386963,-0.242887,0.716113,-0.028750,0.478832,0.885391,0.484788,-0.039244,0.749495,-0.586394,0.402272,0.386825,0.237084,0.194371,0.928677,-0.010255,0.573489,0.981486,0.768056,0.534298,0.827692,0.670862,-0.911388,0.009026,-0.008248,-0.068724,0.591823,0.738411,0.648779,0.850230,0.986040,0.260661,0.732030,0.932427,0.596591,0.870631,-0.591353,0.309409,0.796762,-0.631748,0.400514,0.516739,-0.647866,0.869582,0.404619,0.794234,0.950276,0.953842,-0.758774,-0.310189,0.982179,-0.337397,0.658794,1.000000,0.977186,0.923888,0.801176,0.824825,0.992650,0.486669,-0.564240,-0.716154,0.821575,0.741300,-0.948127,0.929236,0.777004,-0.961824,0.652099,0.655253,-0.971038,0.731767,0.713390,0.734391,-0.972202,-0.540442,-0.760344,0.638778,0.713348,0.278469,0.818710,0.866887,0.730559,0.953951,0.460736,-0.533383,-0.859950
Edinger-Westphal nucleus,0.893597,0.908223,0.516754,0.893069,0.952622,0.788252,0.854329,0.922071,0.951470,0.918976,0.985426,0.858227,0.887311,0.659342,0.795100,0.893780,0.905999,0.694987,0.649851,0.801768,0.745661,0.938296,0.755613,0.943659,0.986417,0.968281,0.491978,0.850266,0.862889,0.865721,0.879541,0.925122,0.980778,0.876026,0.877011,0.898145,0.847174,0.668595,0.960686,0.888778,0.876062,0.846196,0.988166,0.891599,0.959630,0.933767,0.780022,0.032786,0.707774,0.304249,0.479034,0.725248,0.778801,0.963929,0.505325,0.998266,0.984958,-0.808943,0.988411,0.535766,0.717956,0.730854,0.861525,0.736591,0.606364,0.250996,-0.715590,0.146555,0.635156,0.573546,0.522785,0.708022,0.717232,0.794743,0.706473,0.594934,0.987410,0.816202,0.896110,0.598268,0.512566,0.718376,0.955946,0.416257,0.258787,0.844170,0.627079,0.892214,0.544362,0.772691,0.873348,0.712065,0.800917,0.800213,0.504985,0.435680,0.764566,0.650296,0.675849,0.560066,-0.771199,0.720676,0.225496,0.487367,0.855295,0.781483,0.598624,0.963116,-0.237224,-0.753544,0.911017,0.854302,0.716826,0.882836,-0.454261,0.645659,-0.861203,0.960699,0.897065,0.241462,0.019798,0.316878,0.982661,0.930567,0.735627,0.781703,0.431871,0.660346,0.672323,0.555440,0.787862,0.011728,0.689632,0.756622,0.689053,0.754434,0.826664,0.697932,0.668105,0.365806,0.829336,0.399034,0.787574,0.252826,-0.769883,0.212398,0.533158,0.816325,0.720398,0.269152,-0.570686,-0.295033,0.559584,-0.235841,0.627937,0.842334,0.360926,-0.030030,0.659511,-0.518670,0.303152,0.370361,0.155490,0.166957,0.954650,0.191422,0.728204,0.979189,0.663608,0.397038,0.908631,0.502804,-0.977262,-0.198180,-0.118815,-0.232753,0.472362,0.596228,0.720689,0.749006,0.928796,0.059644,0.592087,0.844814,0.476903,0.826308,-0.535966,0.101436,0.741640,-0.778075,0.321510,0.360113,-0.714313,0.932564,0.361544,0.880915,0.955105,0.928349,-0.690272,-0.437568,0.934080,-0.430927,0.612737,0.977186,1.000000,0.906425,0.719144,0.843658,0.967679,0.658303,-0.508848,-0.610863,0.833348,0.819959,-0.970861,0.838801,0.647001,-0.995738,0.538198,0.735446,-0.979532,0.849946,0.560525,0.582905,-0.958201,-0.422382,-0.809841,0.461217,0.553405,0.293895,0.810546,0.751394,0.584569,0.871019,0.564476,-0.689850,-0.935176
Paragigantocellular reticular nucleus lateral part,0.929799,0.938094,0.813477,0.925713,0.948441,0.888241,0.870086,0.966023,0.956102,0.675839,0.925268,0.722985,0.763917,0.280984,0.484819,0.960353,0.955730,0.765133,0.786120,0.877369,0.420315,0.985668,0.901345,0.903460,0.836313,0.875704,0.782911,0.992094,0.916991,0.804069,0.715971,0.682083,0.947622,0.668297,0.966785,0.910417,0.545372,0.710048,0.753577,0.914319,0.764731,0.615734,0.926821,0.662451,0.872040,0.938089,0.794634,-0.313547,0.684708,0.170388,0.066675,0.872482,0.905133,0.971185,0.788407,0.917240,0.963765,-0.587604,0.866737,0.135017,0.359163,0.691400,0.744903,0.900194,0.754803,0.534022,-0.738379,0.457425,0.852688,0.786946,0.815276,0.870177,0.773580,0.976490,0.554172,0.681230,0.828407,0.860537,0.672717,0.755398,0.106519,0.380630,0.956223,0.035631,-0.139722,0.540720,0.285808,0.936041,0.335495,0.920273,0.791586,0.634411,0.812387,0.621255,0.733905,0.418418,0.462172,0.350577,0.917125,0.167084,-0.525347,0.652183,0.003718,0.590670,0.992694,0.486655,0.788204,0.955993,-0.471487,-0.825539,0.938014,0.554850,0.576544,0.928604,-0.171904,0.278884,-0.742747,0.766310,0.735619,0.551001,-0.160705,-0.001311,0.905361,0.712358,0.757062,0.532972,0.097173,0.911135,0.920323,0.850859,0.512705,-0.410820,0.437655,0.560701,0.870903,0.947466,0.963982,0.931293,0.876481,0.709804,0.872316,0.395074,0.825546,0.408850,-0.505972,0.042287,0.666515,0.899002,0.368245,0.575886,-0.308636,0.126980,0.737096,-0.121891,0.627438,0.643294,0.704499,-0.417287,0.903025,-0.831210,0.054151,0.709028,-0.132208,0.550441,0.975340,0.127722,0.626076,0.972057,0.890913,0.715428,0.655474,0.676627,-0.869397,0.077205,-0.342670,-0.314683,0.780317,0.796906,0.360852,0.916084,0.896386,0.338878,0.529985,0.925596,0.302537,0.985238,-0.244073,0.306723,0.954391,-0.660619,0.037501,0.267933,-0.353221,0.694231,0.715356,0.606646,0.989139,0.995551,-0.928246,-0.026231,0.960354,-0.009497,0.888292,0.923888,0.906425,1.000000,0.932994,0.970303,0.962987,0.406490,-0.824086,-0.441088,0.550583,0.502168,-0.787912,0.919448,0.839513,-0.864163,0.823063,0.845528,-0.826787,0.592283,0.754542,0.759946,-0.810570,-0.231532,-0.490625,0.598111,0.577535,-0.106046,0.538544,0.874690,0.782730,0.908490,0.704690,-0.617780,-0.896562
Dorsal premammillary nucleus,0.900819,0.897579,0.966469,0.896373,0.864456,0.931940,0.858471,0.914985,0.874402,0.439261,0.789532,0.629615,0.664449,-0.036119,0.152898,0.933970,0.919123,0.841215,0.897557,0.909591,0.189098,0.913931,0.965844,0.816388,0.636400,0.743041,0.815372,0.950820,0.911174,0.752465,0.591213,0.435271,0.825051,0.356157,0.850553,0.872646,0.244848,0.784649,0.504529,0.886099,0.678895,0.448791,0.786506,0.470022,0.749662,0.872755,0.816723,-0.401410,0.716392,0.236009,-0.211722,0.952929,0.956473,0.873244,0.956724,0.747596,0.828206,-0.257281,0.691767,-0.136473,0.074415,0.706593,0.662613,0.974509,0.884947,0.791287,-0.523379,0.741122,0.974638,0.937197,0.967996,0.959690,0.836494,0.969944,0.237095,0.797157,0.602665,0.877324,0.483613,0.890219,-0.168598,0.144406,0.869265,-0.156355,-0.327142,0.267384,0.085136,0.909329,0.292305,0.974631,0.725124,0.634603,0.824367,0.520461,0.910741,0.171235,0.117902,-0.009928,0.996456,-0.171868,-0.183983,0.654836,-0.323686,0.744447,0.969469,0.279854,0.927402,0.860078,-0.423577,-0.653999,0.894918,0.266849,0.265470,0.908604,0.188184,0.029117,-0.459894,0.551307,0.603129,0.583705,-0.086680,-0.095659,0.766082,0.423860,0.799452,0.378136,-0.039015,0.992913,0.989073,0.971337,0.326823,-0.668669,0.314632,0.463156,0.969513,0.998511,0.980952,0.950009,0.982596,0.909694,0.882218,0.521715,0.853350,0.638256,-0.161901,0.097451,0.817027,0.925056,0.101803,0.827670,0.049211,0.369044,0.889322,0.164047,0.390673,0.507550,0.907581,-0.560097,0.996568,-0.944490,0.029211,0.797742,-0.169767,0.692927,0.831172,-0.129005,0.334414,0.844156,0.993183,0.918776,0.363299,0.846913,-0.635356,0.415531,-0.291774,-0.143196,0.951679,0.937676,0.064775,0.982536,0.823100,0.638508,0.575892,0.934861,0.302698,0.979697,-0.128202,0.581924,0.990162,-0.365719,-0.023099,0.350757,-0.063198,0.422809,0.838188,0.304651,0.871570,0.924672,-0.993531,0.308684,0.897679,0.293016,0.953724,0.801176,0.719144,0.932994,1.000000,0.885553,0.860969,0.053376,-0.926810,-0.410464,0.329484,0.201031,-0.572857,0.932377,0.958131,-0.652465,0.971889,0.705383,-0.636070,0.267540,0.908690,0.903732,-0.647781,-0.231280,-0.220551,0.770599,0.679779,-0.302056,0.344912,0.940120,0.928079,0.894139,0.573101,-0.339949,-0.682842
Fasciola cinerea,0.813185,0.826548,0.775700,0.806742,0.849923,0.761595,0.725104,0.875022,0.862331,0.564617,0.833819,0.548275,0.599877,0.204081,0.452517,0.865253,0.856212,0.596278,0.639476,0.741381,0.271347,0.917696,0.794501,0.781185,0.745007,0.758041,0.882343,0.983328,0.794646,0.639783,0.549801,0.581335,0.863931,0.680073,0.995829,0.783572,0.473828,0.525007,0.677242,0.789203,0.597185,0.450189,0.839068,0.517837,0.748444,0.829016,0.625303,-0.499706,0.488531,-0.073015,-0.045564,0.754809,0.792948,0.895489,0.724499,0.844907,0.903645,-0.622476,0.769631,0.012951,0.249564,0.496117,0.571968,0.800425,0.605424,0.419898,-0.857870,0.356629,0.762601,0.673699,0.773187,0.757687,0.604103,0.971584,0.650189,0.500151,0.759063,0.713972,0.528065,0.609338,-0.011059,0.232804,0.864017,-0.136615,-0.300083,0.437559,0.113011,0.823276,0.107162,0.823026,0.626430,0.429110,0.647825,0.431316,0.616694,0.598148,0.456369,0.388234,0.886472,0.123060,-0.560534,0.449755,0.151625,0.401831,0.958844,0.327405,0.663279,0.866558,-0.667461,-0.927767,0.826522,0.469548,0.673368,0.811656,-0.262305,0.137568,-0.796239,0.661560,0.576440,0.715279,-0.394386,-0.214223,0.804660,0.677912,0.579053,0.351836,-0.104529,0.888476,0.907818,0.841227,0.344284,-0.461148,0.236174,0.362103,0.767763,0.894305,0.890133,0.958696,0.790407,0.687083,0.729850,0.168194,0.667056,0.223546,-0.529927,-0.200106,0.496473,0.772818,0.242718,0.483483,-0.389587,0.251478,0.595445,-0.307615,0.770401,0.468429,0.678786,-0.561477,0.861300,-0.850925,-0.179045,0.807393,-0.352751,0.664566,0.964853,0.329689,0.729356,0.915735,0.825377,0.661872,0.601398,0.522839,-0.852769,-0.045323,-0.557324,-0.529038,0.739613,0.679628,0.262735,0.825567,0.767708,0.211840,0.309297,0.811257,0.066284,0.954470,-0.033002,0.139421,0.937050,-0.745233,-0.187101,0.027440,-0.248489,0.623751,0.788945,0.552236,0.959110,0.944591,-0.907999,0.012684,0.865910,0.073040,0.913708,0.824825,0.843658,0.970303,0.885553,1.000000,0.881532,0.472796,-0.859931,-0.216715,0.406934,0.423863,-0.690420,0.802041,0.730655,-0.799330,0.776163,0.946436,-0.724280,0.583308,0.623833,0.622839,-0.684729,0.006644,-0.377905,0.420347,0.370154,-0.264826,0.376937,0.749531,0.660553,0.780796,0.854387,-0.737267,-0.921138
Primary motor area,0.974300,0.981622,0.704317,0.973265,0.996772,0.914699,0.942585,0.989858,0.997642,0.833135,0.991724,0.878154,0.906541,0.477222,0.620583,0.977971,0.983068,0.833679,0.813243,0.919923,0.640202,0.992587,0.896250,0.982682,0.940277,0.973322,0.586242,0.922187,0.958371,0.921445,0.876952,0.832318,0.997762,0.730567,0.893224,0.971580,0.702444,0.801768,0.872014,0.968974,0.904835,0.804923,0.991285,0.836425,0.971647,0.990182,0.885085,-0.046660,0.809998,0.380900,0.303886,0.874479,0.911226,0.999479,0.702389,0.979581,0.993290,-0.641640,0.962592,0.372755,0.567633,0.822511,0.891051,0.883330,0.779474,0.486009,-0.636345,0.390994,0.808839,0.761271,0.710611,0.862849,0.847879,0.888412,0.541014,0.753000,0.921603,0.922860,0.844222,0.774403,0.343963,0.605476,0.998467,0.300316,0.127642,0.719371,0.530338,0.974843,0.562830,0.907752,0.917800,0.788462,0.900608,0.805860,0.705670,0.298831,0.577764,0.438613,0.823401,0.349684,-0.590154,0.800344,-0.005315,0.662510,0.941070,0.699863,0.779703,0.999369,-0.239811,-0.713569,0.982654,0.719866,0.557629,0.969530,-0.221697,0.512982,-0.740475,0.898149,0.890767,0.308644,0.068384,0.265966,0.985136,0.808417,0.851231,0.741316,0.361756,0.808462,0.811896,0.722954,0.723605,-0.201148,0.662533,0.758945,0.849543,0.887239,0.939299,0.802201,0.833184,0.573854,0.932251,0.538543,0.898938,0.460823,-0.585759,0.269064,0.712518,0.931856,0.584385,0.503295,-0.353922,-0.125886,0.745416,-0.042641,0.521367,0.825555,0.570792,-0.159728,0.815975,-0.677516,0.306118,0.495436,0.130449,0.311635,0.955227,0.017607,0.586730,0.993308,0.826252,0.609905,0.779507,0.695578,-0.906665,0.046569,-0.105318,-0.134698,0.669242,0.778771,0.562141,0.891431,0.976856,0.304642,0.689978,0.950890,0.521958,0.923137,-0.494922,0.329142,0.862561,-0.639023,0.298094,0.458019,-0.559515,0.822412,0.511925,0.740263,0.976312,0.983157,-0.828768,-0.215499,0.993621,-0.231858,0.744501,0.992650,0.967679,0.962987,0.860969,0.881532,1.000000,0.455458,-0.658823,-0.648183,0.747468,0.670906,-0.909989,0.946936,0.818269,-0.942755,0.724461,0.718845,-0.939368,0.689614,0.748729,0.765020,-0.936798,-0.460164,-0.682829,0.649106,0.693436,0.160200,0.743199,0.891128,0.769101,0.960195,0.536547,-0.555920,-0.878525
Fastigial nucleus,0.250679,0.283556,-0.182081,0.249278,0.398916,0.057612,0.178237,0.327058,0.397787,0.693746,0.522708,0.324061,0.355029,0.805665,0.917566,0.263382,0.284819,-0.074985,-0.144229,0.077935,0.595076,0.394504,0.020556,0.382514,0.656189,0.488836,0.174780,0.352565,0.187948,0.248632,0.403165,0.725721,0.500417,0.939611,0.548274,0.261795,0.836393,-0.093997,0.762292,0.240422,0.320202,0.480379,0.536181,0.565404,0.459751,0.345322,0.063983,0.036709,-0.001718,-0.241853,0.637633,-0.031376,0.050842,0.450622,-0.239439,0.613165,0.548445,-0.975017,0.600263,0.633386,0.730103,0.040664,0.303643,-0.000000,-0.199333,-0.547978,-0.776740,-0.625302,-0.123366,-0.221324,-0.183186,-0.051385,-0.041031,0.265892,0.965738,-0.200115,0.728460,0.105728,0.559934,-0.208858,0.637180,0.597610,0.411442,0.387952,0.337639,0.752565,0.473523,0.248755,0.073823,0.055133,0.281165,0.057305,0.095676,0.307970,-0.301879,0.803625,0.955521,0.988730,0.027926,0.846480,-0.985991,0.057388,0.875439,-0.319792,0.295750,0.547402,-0.200106,0.434646,-0.340102,-0.684425,0.289854,0.801203,0.957309,0.228309,-0.968813,0.607677,-0.909074,0.667906,0.430705,0.147790,-0.342909,0.119399,0.521408,0.869461,0.000301,0.421405,0.252633,0.024551,0.063932,-0.078609,0.498408,0.496139,0.308697,0.279911,-0.068529,0.093058,0.169666,0.209363,-0.076543,-0.315390,0.127673,-0.323920,0.063656,-0.549289,-0.981764,-0.248965,-0.282494,0.103637,0.679591,-0.512554,-0.993816,-0.492668,-0.253728,-0.824509,0.813250,0.406645,-0.326090,0.165520,-0.016086,0.050956,-0.045915,0.018029,-0.056796,-0.145865,0.598108,0.763233,0.926150,0.533892,-0.052812,-0.338324,0.853556,-0.319659,-0.786568,-0.867997,-0.323739,-0.610244,-0.236940,-0.197728,0.764093,0.028061,0.343774,-0.708369,-0.089074,0.157561,-0.044450,0.252321,-0.236250,-0.677984,0.150613,-0.933309,0.041135,-0.257053,-0.743941,0.804509,-0.076307,0.864690,0.526737,0.403771,-0.070418,-0.802867,0.352171,-0.696998,0.083366,0.486669,0.658303,0.406490,0.053376,0.472796,0.455458,1.000000,0.018724,-0.072548,0.606852,0.823217,-0.677376,0.145453,-0.128368,-0.705814,-0.174172,0.612397,-0.625516,0.939933,-0.248238,-0.224897,-0.541184,0.062798,-0.726715,-0.357735,-0.207191,0.368099,0.527504,0.001916,-0.215089,0.203780,0.580381,-0.898684,-0.765395
Secondary motor area,-0.679278,-0.678263,-0.950761,-0.671224,-0.644994,-0.729323,-0.603639,-0.721220,-0.662928,-0.140799,-0.558250,-0.297647,-0.344578,0.305484,0.062182,-0.745284,-0.719264,-0.593165,-0.698517,-0.687961,0.155759,-0.745180,-0.802276,-0.560923,-0.379371,-0.474953,-0.954919,-0.885604,-0.691798,-0.452463,-0.258305,-0.147910,-0.610752,-0.210856,-0.809856,-0.632237,0.017760,-0.513171,-0.250875,-0.652495,-0.359817,-0.101169,-0.558726,-0.141158,-0.477318,-0.646004,-0.542606,0.713536,-0.409477,0.110144,0.510161,-0.781057,-0.778722,-0.681418,-0.909045,-0.530351,-0.643340,0.141596,-0.436152,0.449029,0.232685,-0.393376,-0.337606,-0.826161,-0.691238,-0.715915,0.583299,-0.700503,-0.864090,-0.806409,-0.945550,-0.799865,-0.581275,-0.926784,-0.221464,-0.551310,-0.367640,-0.633216,-0.155848,-0.703644,0.475012,0.199643,-0.657795,0.506004,0.650783,0.030870,0.277659,-0.694454,0.085556,-0.820444,-0.417517,-0.301299,-0.552346,-0.165402,-0.787695,-0.318948,0.061702,0.127042,-0.954877,0.397282,0.065886,-0.326415,0.246628,-0.506913,-0.874240,0.071847,-0.773833,-0.648788,0.684087,0.704352,-0.674524,0.011343,-0.253023,-0.690647,-0.218931,0.307731,0.388727,-0.269383,-0.276704,-0.829723,0.403159,0.461854,-0.519804,-0.217475,-0.522560,-0.015047,0.410342,-0.964794,-0.970205,-0.982499,0.030258,0.847705,0.061839,-0.098432,-0.827981,-0.908938,-0.844005,-0.968877,-0.870207,-0.941507,-0.640843,-0.220668,-0.597258,-0.446304,0.026157,0.247589,-0.604052,-0.714823,0.221559,-0.781445,-0.097901,-0.663236,-0.717914,-0.014756,-0.480178,-0.158907,-0.936462,0.829722,-0.945041,0.997678,0.338375,-0.963518,0.517558,-0.912233,-0.717491,-0.057958,-0.338874,-0.668241,-0.909799,-0.905083,-0.127320,-0.667229,0.475355,-0.379267,0.583657,0.381170,-0.940919,-0.796150,0.230037,-0.844175,-0.564355,-0.569160,-0.243318,-0.734171,0.066543,-0.897378,-0.253130,-0.441422,-0.947923,0.339185,0.393144,-0.013516,-0.238684,-0.169952,-0.981474,-0.065373,-0.739714,-0.781840,0.961065,-0.519786,-0.693620,-0.555261,-0.992083,-0.564240,-0.508848,-0.824086,-0.926810,-0.859931,-0.658823,0.018724,1.000000,0.040752,0.007093,0.070682,0.301217,-0.728882,-0.817985,0.429432,-0.940111,-0.767221,0.366481,-0.087556,-0.754201,-0.734658,0.355858,-0.138690,-0.089084,-0.558091,-0.391252,0.628298,0.006173,-0.750022,-0.781644,-0.663067,-0.717694,0.375567,0.593737
Fundus of striatum,-0.729551,-0.719426,-0.288559,-0.737561,-0.698367,-0.712996,-0.810162,-0.655414,-0.681153,-0.757931,-0.695217,-0.929087,-0.903842,-0.560674,-0.458307,-0.654882,-0.676393,-0.819201,-0.719837,-0.752199,-0.824839,-0.585543,-0.629095,-0.777707,-0.706785,-0.778970,0.171990,-0.343929,-0.734052,-0.888188,-0.913007,-0.725854,-0.664365,-0.331693,-0.236720,-0.768105,-0.606784,-0.865840,-0.654800,-0.757024,-0.909405,-0.906537,-0.684280,-0.855284,-0.794455,-0.724613,-0.861308,-0.670395,-0.926209,-0.937738,-0.610662,-0.652636,-0.658281,-0.626211,-0.371841,-0.640039,-0.586879,0.231135,-0.722972,-0.663750,-0.688735,-0.934439,-0.922126,-0.596040,-0.710206,-0.437384,-0.115591,-0.348955,-0.517408,-0.570007,-0.305663,-0.626889,-0.831760,-0.304279,0.019235,-0.818103,-0.636043,-0.796720,-0.856431,-0.694983,-0.640568,-0.811987,-0.678322,-0.779430,-0.680876,-0.709874,-0.858823,-0.715352,-0.992019,-0.603968,-0.896646,-0.964990,-0.854213,-0.962121,-0.554158,0.418432,-0.358096,-0.169901,-0.334685,-0.415422,0.218470,-0.957725,0.369637,-0.799256,-0.429029,-0.868775,-0.621360,-0.672973,-0.582297,-0.050261,-0.720714,-0.654552,0.019385,-0.725188,-0.082816,-0.765803,0.177021,-0.746678,-0.896595,0.486065,-0.800229,-0.866211,-0.726802,-0.506564,-0.871573,-0.934925,-0.876552,-0.301060,-0.272701,-0.211266,-0.898912,-0.224961,-0.966193,-0.975720,-0.586128,-0.445828,-0.549457,-0.153294,-0.518309,-0.173685,-0.788553,-0.903708,-0.825562,-0.688818,0.257259,-0.903090,-0.751457,-0.724724,-0.741254,-0.369944,-0.008687,0.580100,-0.662664,-0.504009,0.224198,-0.931626,-0.181675,-0.512932,-0.364427,0.098044,-0.918626,0.222355,-0.824086,0.359793,-0.406216,0.581393,0.041110,-0.570293,-0.446500,-0.290734,-0.567093,-0.680817,0.451944,-0.289883,-0.688863,-0.624817,-0.279328,-0.593815,-0.652155,-0.570006,-0.791945,-0.405333,-0.966568,-0.697157,-0.987160,-0.404731,0.942665,-0.563818,-0.320368,0.041864,-0.902073,-0.944670,0.671586,-0.628548,0.146231,-0.560058,-0.468984,-0.523083,0.306519,0.352944,-0.673747,0.495218,-0.120959,-0.716154,-0.610863,-0.441088,-0.410464,-0.216715,-0.648183,-0.072548,0.040752,1.000000,-0.836207,-0.620432,0.725297,-0.704914,-0.587074,0.620913,-0.328530,0.057949,0.741291,-0.396229,-0.624879,-0.656915,0.809060,0.974243,0.729914,-0.748200,-0.896431,-0.689627,-0.884975,-0.690625,-0.605695,-0.756999,0.289474,-0.113387,0.290859
Primary auditory area,0.699460,0.709445,0.102415,0.705317,0.756892,0.578903,0.726245,0.680987,0.742017,0.980884,0.824816,0.910051,0.905523,0.898019,0.870604,0.644934,0.674612,0.594886,0.474566,0.622531,0.988834,0.661543,0.489520,0.813645,0.912495,0.875485,-0.069332,0.441709,0.668279,0.831521,0.941763,0.972627,0.786442,0.773697,0.465753,0.737688,0.943210,0.624005,0.932990,0.716533,0.890413,0.983558,0.823467,0.988136,0.871814,0.748404,0.706169,0.575777,0.725806,0.618543,0.851738,0.480437,0.530099,0.726629,0.138608,0.831233,0.750023,-0.714940,0.893068,0.889959,0.956586,0.756087,0.892129,0.451180,0.436876,0.027336,-0.316689,-0.085152,0.319692,0.309613,0.115604,0.448376,0.623873,0.361342,0.507810,0.526611,0.896050,0.674889,0.985621,0.419147,0.874312,0.981260,0.747398,0.849292,0.747337,0.979846,0.952851,0.686635,0.834245,0.487908,0.857135,0.792282,0.717606,0.931453,0.253341,0.097637,0.811476,0.681498,0.254261,0.807240,-0.713077,0.785796,0.192529,0.447246,0.478760,0.995271,0.363165,0.756121,0.297987,-0.314618,0.714036,0.961823,0.502142,0.683379,-0.471700,0.953115,-0.628365,0.953966,0.943237,-0.330973,0.462035,0.769931,0.850423,0.874510,0.680018,0.976383,0.849739,0.225299,0.224119,0.096582,0.991219,0.476395,0.941765,0.928875,0.405637,0.379978,0.506553,0.208677,0.345910,-0.062051,0.680187,0.536689,0.675876,0.235071,-0.742863,0.591038,0.426727,0.613924,0.970447,-0.008950,-0.540989,-0.752345,0.368342,-0.050619,0.253111,0.961438,-0.061399,0.524234,0.254133,-0.020995,0.717452,-0.195724,0.641333,-0.393729,0.630986,-0.046841,0.465207,0.728082,0.300488,0.019800,0.916710,0.348147,-0.777920,-0.255951,0.389014,0.174861,0.065254,0.341844,0.945972,0.445276,0.803654,-0.081889,0.714961,0.620943,0.764947,0.434884,-0.888876,0.064931,0.310331,-0.535306,0.753597,0.612109,-0.950673,0.937578,-0.187271,0.919022,0.641257,0.615732,-0.254918,-0.737081,0.710192,-0.793538,0.113104,0.821575,0.833348,0.550583,0.329484,0.406934,0.747468,0.606852,0.007093,-0.836207,1.000000,0.948422,-0.941172,0.620645,0.373866,-0.869750,0.138946,0.267139,-0.923573,0.828965,0.340150,0.379077,-0.931687,-0.746697,-0.983361,0.384212,0.589900,0.770363,0.995354,0.529906,0.342224,0.696108,0.066366,-0.391419,-0.634352
Ventral premammillary nucleus,0.555575,0.575578,-0.053786,0.559661,0.656320,0.391518,0.550724,0.569838,0.644259,0.960157,0.758034,0.756214,0.762358,0.971005,0.981046,0.517925,0.548917,0.359014,0.240279,0.432886,0.944554,0.580970,0.309242,0.695161,0.882950,0.785679,-0.036695,0.400112,0.508168,0.661886,0.811959,0.966365,0.718983,0.904843,0.498089,0.589838,0.998356,0.376953,0.946471,0.565267,0.737119,0.881005,0.762312,0.915147,0.771568,0.629287,0.495371,0.465281,0.491426,0.351655,0.884389,0.283732,0.351297,0.652884,-0.048033,0.799565,0.709957,-0.880945,0.843977,0.906336,0.978871,0.530451,0.733165,0.272561,0.192381,-0.236423,-0.494596,-0.345703,0.128673,0.086599,-0.044537,0.252025,0.393581,0.306713,0.725412,0.264029,0.900182,0.484160,0.910365,0.175331,0.898210,0.942719,0.653718,0.784855,0.701161,0.992413,0.878591,0.544820,0.626903,0.320546,0.694844,0.568054,0.515317,0.772855,0.016213,0.364793,0.953813,0.878197,0.135974,0.927771,-0.888324,0.562011,0.493297,0.163438,0.404916,0.925609,0.134859,0.669511,0.118858,-0.449996,0.581520,0.997465,0.716248,0.534739,-0.726628,0.932948,-0.779220,0.923425,0.822695,-0.225940,0.217999,0.620935,0.777972,0.948718,0.453068,0.857886,0.726722,0.113488,0.127720,-0.019356,0.901160,0.581960,0.793723,0.763965,0.213304,0.253475,0.377175,0.173641,0.165250,-0.222251,0.496055,0.242105,0.470520,-0.073530,-0.910165,0.337339,0.157758,0.435243,0.968341,-0.252200,-0.778596,-0.766019,0.120850,-0.358990,0.469677,0.833104,-0.225674,0.485744,0.119261,0.063172,0.511836,-0.188293,0.463922,-0.390100,0.640411,0.261523,0.672810,0.687220,0.139922,-0.170899,0.977761,0.083690,-0.832623,-0.543213,0.184105,-0.091888,-0.101064,0.119329,0.984452,0.278277,0.672723,-0.368178,0.459276,0.460173,0.530318,0.355407,-0.738975,-0.244481,0.224175,-0.725423,0.574737,0.333930,-0.980425,0.970946,-0.220189,0.987368,0.618532,0.549885,-0.152682,-0.867999,0.602022,-0.868840,0.055116,0.741300,0.819959,0.502168,0.201031,0.423863,0.670906,0.823217,0.070682,-0.620432,0.948422,1.000000,-0.916174,0.455539,0.167921,-0.869033,-0.024104,0.384433,-0.879594,0.951450,0.100837,0.138770,-0.853032,-0.514384,-0.988207,0.100817,0.315592,0.728120,0.914063,0.333717,0.113663,0.535813,0.232082,-0.607482,-0.715383
Simple lobule,-0.840271,-0.854075,-0.348968,-0.842428,-0.903676,-0.721064,-0.826515,-0.851212,-0.896594,-0.986309,-0.955295,-0.910929,-0.927135,-0.798018,-0.870209,-0.817347,-0.837868,-0.668939,-0.588798,-0.748304,-0.883611,-0.854194,-0.662402,-0.922207,-0.996545,-0.965913,-0.269035,-0.706429,-0.807065,-0.880040,-0.939122,-0.987208,-0.935567,-0.877719,-0.737335,-0.859613,-0.930549,-0.665148,-0.992403,-0.844450,-0.913115,-0.938855,-0.956675,-0.970001,-0.958478,-0.887493,-0.770743,-0.266870,-0.734339,-0.441167,-0.666295,-0.639112,-0.694363,-0.898713,-0.356262,-0.967856,-0.923616,0.813240,-0.988111,-0.716521,-0.856399,-0.762113,-0.904755,-0.634122,-0.545335,-0.149102,0.582267,-0.036612,-0.514219,-0.470711,-0.358196,-0.614607,-0.695461,-0.636755,-0.663033,-0.576871,-0.991803,-0.780005,-0.971497,-0.532677,-0.696022,-0.864092,-0.901898,-0.621786,-0.482686,-0.942455,-0.794350,-0.833910,-0.684668,-0.672752,-0.896332,-0.766742,-0.788894,-0.884971,-0.403684,-0.321560,-0.827517,-0.704257,-0.514146,-0.700688,0.790101,-0.769125,-0.237997,-0.475685,-0.723958,-0.906694,-0.509141,-0.910470,0.022537,0.601936,-0.857860,-0.941954,-0.666609,-0.826420,0.496633,-0.808743,0.805937,-0.999166,-0.950894,-0.006437,-0.201495,-0.522005,-0.964566,-0.951865,-0.731472,-0.895781,-0.628145,-0.492391,-0.499984,-0.372070,-0.907627,-0.222541,-0.823186,-0.857106,-0.584558,-0.616528,-0.715742,-0.512131,-0.546269,-0.185071,-0.790652,-0.460968,-0.762295,-0.239057,0.801959,-0.374231,-0.495201,-0.753942,-0.862604,-0.145281,0.596584,0.510178,-0.486719,0.182271,-0.503435,-0.925344,-0.182177,-0.210231,-0.503273,0.318359,-0.487442,-0.138442,-0.366196,0.071935,-0.855700,-0.112528,-0.656884,-0.910431,-0.524698,-0.238257,-0.956413,-0.442528,0.936545,0.248604,-0.087700,0.078899,-0.305195,-0.498639,-0.854293,-0.639690,-0.908122,0.015986,-0.658372,-0.775273,-0.611840,-0.686805,0.706837,-0.072577,-0.580419,0.716911,-0.515948,-0.471507,0.852012,-0.978520,-0.134561,-0.941068,-0.858689,-0.828854,0.524063,0.596290,-0.871491,0.613982,-0.417258,-0.948127,-0.970861,-0.787912,-0.572857,-0.690420,-0.909989,-0.677376,0.301217,0.725297,-0.941172,-0.916174,1.000000,-0.771260,-0.544376,0.985003,-0.377626,-0.569089,0.996441,-0.885759,-0.475348,-0.505955,0.985158,0.570952,0.922796,-0.432162,-0.578918,-0.514277,-0.923664,-0.676718,-0.491412,-0.824214,-0.380050,0.601699,0.849414
fiber tracts,0.993147,0.989288,0.841834,0.992678,0.964511,0.996035,0.985807,0.981534,0.965503,0.681982,0.914999,0.866010,0.885578,0.248439,0.363573,0.991098,0.989524,0.956585,0.956695,0.995364,0.507132,0.959133,0.987225,0.956561,0.811553,0.908618,0.576309,0.891874,0.998055,0.939318,0.836293,0.669072,0.928873,0.473532,0.788485,0.987032,0.485111,0.929364,0.698077,0.991528,0.896183,0.729896,0.909509,0.733153,0.917427,0.976857,0.964451,-0.050092,0.906899,0.522489,0.119301,0.982304,0.993489,0.947620,0.861813,0.868457,0.905317,-0.361496,0.856167,0.197328,0.376921,0.905737,0.887230,0.979680,0.939068,0.735718,-0.418789,0.657263,0.940237,0.924005,0.849475,0.976130,0.960350,0.884810,0.249369,0.912614,0.763986,0.989652,0.743655,0.936576,0.163970,0.467941,0.961504,0.207502,0.034219,0.535542,0.430671,0.994127,0.610837,0.987028,0.923961,0.863190,0.970055,0.793251,0.891372,0.033352,0.301126,0.133044,0.898686,0.091271,-0.300963,0.876018,-0.324133,0.855594,0.934486,0.590291,0.937735,0.954147,-0.129746,-0.537464,0.988211,0.517672,0.270549,0.995769,0.102691,0.362126,-0.491980,0.762102,0.841307,0.275354,0.213270,0.266981,0.908907,0.587320,0.950189,0.681765,0.324816,0.882823,0.872018,0.823915,0.634300,-0.391561,0.636140,0.752120,0.966789,0.947804,0.979797,0.807310,0.950301,0.743873,0.991978,0.723505,0.978987,0.713865,-0.298461,0.401830,0.896119,0.998738,0.414283,0.740668,-0.034770,0.024811,0.920078,0.256366,0.277668,0.779171,0.744484,-0.222889,0.906791,-0.761983,0.370691,0.531437,0.180223,0.385452,0.842241,-0.263657,0.313014,0.910153,0.932790,0.793933,0.562573,0.889279,-0.723163,0.364997,0.013943,0.082078,0.822697,0.935294,0.358084,0.978050,0.964223,0.593360,0.807318,0.999872,0.607941,0.929748,-0.477823,0.612722,0.897739,-0.369468,0.330677,0.612468,-0.362765,0.628238,0.584551,0.515506,0.891962,0.944213,-0.888899,0.041491,0.977128,-0.016957,0.788154,0.929236,0.838801,0.919448,0.932377,0.802041,0.946936,0.145453,-0.728882,-0.704914,0.620645,0.455539,-0.771260,1.000000,0.953795,-0.794864,0.861921,0.568634,-0.822162,0.429925,0.920969,0.931196,-0.850683,-0.546518,-0.505120,0.853312,0.851542,0.059245,0.645141,0.989517,0.931113,0.994915,0.375540,-0.287511,-0.696493
Dorsal auditory area,0.912184,0.900566,0.944503,0.910555,0.844462,0.972299,0.909102,0.891633,0.849097,0.433261,0.754837,0.711518,0.729612,-0.049159,0.068301,0.920235,0.908488,0.945072,0.982977,0.958587,0.251505,0.860634,0.988319,0.825319,0.599073,0.741506,0.631949,0.841580,0.934346,0.822648,0.659028,0.415793,0.782404,0.209480,0.690648,0.895030,0.200074,0.911052,0.451473,0.908107,0.750214,0.518972,0.746941,0.508490,0.756641,0.868404,0.907377,-0.191360,0.848827,0.480925,-0.156996,0.992867,0.981501,0.824476,0.967470,0.687524,0.756931,-0.092234,0.661853,-0.077873,0.092666,0.834181,0.742384,0.991704,0.980279,0.899305,-0.276476,0.849001,0.996311,0.995543,0.950228,0.996283,0.937513,0.865153,0.015214,0.930645,0.538568,0.936130,0.521620,0.982962,-0.112160,0.209081,0.841318,-0.019577,-0.182251,0.261001,0.192985,0.916465,0.482320,0.983141,0.794728,0.775973,0.906175,0.627963,0.984204,-0.108465,0.006092,-0.157312,0.941404,-0.210390,-0.023404,0.791741,-0.539898,0.903316,0.889531,0.350204,0.995528,0.827570,-0.159646,-0.423602,0.897360,0.237635,0.041427,0.922178,0.370053,0.095777,-0.267533,0.532728,0.660053,0.359192,0.186643,0.106028,0.742466,0.324548,0.907155,0.475947,0.132082,0.930747,0.912894,0.909895,0.407776,-0.620775,0.450175,0.586955,0.998131,0.957858,0.953241,0.821772,0.994427,0.892763,0.934155,0.736362,0.930479,0.828284,-0.014547,0.353554,0.947432,0.960337,0.139014,0.907557,0.236101,0.273122,0.982907,0.424433,0.127684,0.590303,0.894944,-0.392423,0.957252,-0.853557,0.259052,0.634486,0.065305,0.541413,0.705725,-0.401168,0.101944,0.769515,0.981471,0.933711,0.289862,0.963232,-0.510694,0.598659,-0.022314,0.146103,0.939964,0.997245,0.068803,0.986898,0.842086,0.789726,0.753574,0.951721,0.512914,0.900818,-0.296550,0.773561,0.908825,-0.148047,0.192846,0.585141,-0.076069,0.365995,0.706379,0.235095,0.769888,0.852884,-0.923793,0.336036,0.876266,0.267237,0.841330,0.777004,0.647001,0.839513,0.958131,0.730655,0.818269,-0.128368,-0.817985,-0.587074,0.373866,0.167921,-0.544376,0.953795,1.000000,-0.582445,0.957470,0.480180,-0.613136,0.148302,0.989412,0.988458,-0.656118,-0.451297,-0.230233,0.920818,0.849304,-0.164197,0.414465,0.984642,0.995165,0.922131,0.314858,-0.094342,-0.516553
Ansiform lobule,-0.858591,-0.874686,-0.436299,-0.858715,-0.926729,-0.740381,-0.822819,-0.886473,-0.923938,-0.946854,-0.971961,-0.858677,-0.885205,-0.725567,-0.846159,-0.853391,-0.868852,-0.652922,-0.595336,-0.758475,-0.793157,-0.903165,-0.699464,-0.924453,-0.993241,-0.960695,-0.422766,-0.799732,-0.824097,-0.850119,-0.886521,-0.953567,-0.961849,-0.905257,-0.840256,-0.867743,-0.892528,-0.632451,-0.981947,-0.855697,-0.871231,-0.869020,-0.975164,-0.914605,-0.950694,-0.905628,-0.748666,-0.097492,-0.684603,-0.311350,-0.554309,-0.668657,-0.726176,-0.936782,-0.426396,-0.990551,-0.964858,0.844243,-0.988379,-0.606551,-0.776287,-0.710957,-0.857825,-0.677294,-0.549831,-0.173994,0.703562,-0.066385,-0.566490,-0.505522,-0.442861,-0.648782,-0.677769,-0.736635,-0.732547,-0.550494,-0.997730,-0.778937,-0.917720,-0.540172,-0.585343,-0.769324,-0.929409,-0.481576,-0.332277,-0.887790,-0.679034,-0.855781,-0.564366,-0.716423,-0.862064,-0.700499,-0.770156,-0.810707,-0.434630,-0.442726,-0.816306,-0.706822,-0.605044,-0.633940,0.812850,-0.707057,-0.280948,-0.440822,-0.803934,-0.820631,-0.534646,-0.938288,0.192795,0.728426,-0.878073,-0.898032,-0.740024,-0.845875,0.514620,-0.705139,0.873459,-0.977139,-0.903676,-0.177779,-0.044089,-0.367409,-0.972489,-0.957841,-0.703071,-0.808940,-0.484473,-0.588269,-0.601320,-0.476395,-0.821806,-0.103400,-0.718146,-0.771270,-0.626409,-0.691317,-0.773181,-0.632431,-0.601086,-0.278895,-0.792382,-0.375951,-0.751531,-0.199567,0.814867,-0.229685,-0.480155,-0.771802,-0.776085,-0.187907,0.623359,0.375524,-0.498005,0.269332,-0.624624,-0.857508,-0.274008,-0.048116,-0.587786,0.438548,-0.336964,-0.292865,-0.202016,-0.084714,-0.929140,-0.215622,-0.742993,-0.956297,-0.593821,-0.313132,-0.942909,-0.442422,0.979870,0.264566,0.080513,0.224062,-0.390106,-0.530321,-0.779986,-0.689298,-0.907707,0.013354,-0.578483,-0.800931,-0.489998,-0.770909,0.576070,-0.041484,-0.676800,0.793992,-0.363426,-0.356828,0.773572,-0.961866,-0.279115,-0.920520,-0.925233,-0.890119,0.620622,0.518517,-0.901983,0.511302,-0.539372,-0.961824,-0.995738,-0.864163,-0.652465,-0.799330,-0.942755,-0.705814,0.429432,0.620913,-0.869750,-0.869033,0.985003,-0.794864,-0.582445,1.000000,-0.459341,-0.702023,0.986329,-0.889573,-0.495952,-0.521253,0.962693,0.440214,0.857088,-0.408402,-0.522066,-0.367076,-0.843767,-0.699142,-0.519139,-0.835443,-0.531203,0.699776,0.925867
Ventral auditory area,0.804728,0.794832,0.999114,0.799968,0.737041,0.880500,0.772262,0.807309,0.748590,0.236325,0.633753,0.499455,0.529626,-0.256167,-0.082387,0.840783,0.819431,0.810630,0.890212,0.850541,0.000174,0.796160,0.929073,0.686369,0.448035,0.588262,0.799181,0.860057,0.828892,0.643632,0.444050,0.227431,0.676898,0.127589,0.722449,0.770970,0.018311,0.754257,0.294479,0.790153,0.551633,0.283016,0.628459,0.289198,0.600357,0.755538,0.751826,-0.462453,0.660238,0.226375,-0.400116,0.925902,0.910750,0.739536,0.996120,0.575015,0.674887,-0.026679,0.515446,-0.326717,-0.136445,0.640273,0.537930,0.944786,0.890416,0.892708,-0.365104,0.865428,0.978026,0.958214,0.999692,0.939045,0.797380,0.901582,0.026096,0.793993,0.402767,0.808491,0.304104,0.898963,-0.358457,-0.044749,0.740543,-0.300325,-0.455100,0.052514,-0.080435,0.814787,0.209121,0.932046,0.608078,0.561464,0.753004,0.390126,0.950512,0.023919,-0.119182,-0.242702,0.979363,-0.392459,0.049117,0.582458,-0.496910,0.768637,0.885573,0.099620,0.939909,0.726440,-0.394585,-0.513369,0.790640,0.045053,0.056731,0.817914,0.400865,-0.160497,-0.250477,0.356389,0.451144,0.592852,-0.068182,-0.185101,0.608043,0.199391,0.747808,0.222583,-0.158179,0.978916,0.968257,0.986456,0.155986,-0.804011,0.181177,0.337372,0.955717,0.959015,0.916773,0.904730,0.975577,0.979507,0.809133,0.536514,0.791542,0.720116,0.073300,0.090069,0.837235,0.862425,-0.101166,0.926454,0.270937,0.524967,0.910361,0.314288,0.230251,0.357203,0.979186,-0.640742,0.987181,-0.961139,-0.025458,0.819870,-0.217869,0.760026,0.679653,-0.259622,0.135063,0.695469,0.986111,0.985504,0.137290,0.880820,-0.436005,0.593954,-0.272298,-0.053325,0.997027,0.951743,-0.151193,0.948507,0.700798,0.776007,0.534535,0.862287,0.246379,0.907349,-0.010163,0.700646,0.946635,-0.159280,-0.096688,0.345510,0.149676,0.204146,0.876475,0.075899,0.732035,0.809412,-0.968922,0.516880,0.782872,0.487503,0.938899,0.652099,0.538198,0.823063,0.971889,0.776163,0.724461,-0.174172,-0.940111,-0.328530,0.138946,-0.024104,-0.377626,0.861921,0.957470,-0.459341,1.000000,0.582034,-0.452091,0.033164,0.931441,0.918935,-0.477950,-0.179046,-0.009415,0.807221,0.671104,-0.437105,0.168809,0.902801,0.945050,0.806473,0.471634,-0.151934,-0.500278
Posterior complex of the thalamus,0.593380,0.614905,0.590794,0.585078,0.665145,0.511928,0.476910,0.685036,0.680843,0.449194,0.676358,0.313494,0.373483,0.197140,0.473271,0.663432,0.653741,0.306166,0.358257,0.487079,0.144528,0.756310,0.556992,0.577926,0.619441,0.578018,0.884064,0.872680,0.562635,0.392500,0.335198,0.479507,0.707558,0.718802,0.952496,0.558300,0.436212,0.224936,0.593272,0.562091,0.362500,0.261958,0.686803,0.354473,0.559240,0.628227,0.349279,-0.627792,0.194129,-0.368144,-0.077305,0.504058,0.553828,0.736486,0.510188,0.719595,0.774271,-0.700696,0.626170,-0.039268,0.188700,0.207369,0.332792,0.567141,0.318757,0.153188,-0.968205,0.103880,0.529029,0.414210,0.583673,0.509576,0.316755,0.855184,0.791543,0.193769,0.665901,0.455763,0.362359,0.324497,-0.054084,0.113456,0.685898,-0.256057,-0.388295,0.358494,-0.033179,0.605997,-0.155164,0.596694,0.384649,0.141558,0.378076,0.194976,0.350372,0.819124,0.511467,0.506968,0.721513,0.170879,-0.650001,0.162308,0.414418,0.085267,0.815988,0.174025,0.395172,0.694338,-0.832707,-0.995500,0.615807,0.412329,0.810959,0.588648,-0.456581,0.041340,-0.859982,0.535166,0.369412,0.811389,-0.643720,-0.404286,0.641062,0.655507,0.291588,0.152949,-0.280407,0.731722,0.764913,0.692130,0.171349,-0.379792,0.016569,0.122700,0.526268,0.711821,0.695557,0.872762,0.563531,0.514258,0.476838,-0.156198,0.396822,-0.093440,-0.610853,-0.475809,0.191756,0.528269,0.158108,0.236354,-0.557387,0.285600,0.311514,-0.582220,0.925328,0.256883,0.502397,-0.615478,0.681711,-0.737069,-0.419827,0.797823,-0.554492,0.671896,0.888685,0.610783,0.861436,0.786799,0.619490,0.455134,0.566391,0.227275,-0.812500,-0.294740,-0.757984,-0.772869,0.549386,0.417948,0.217409,0.602694,0.554006,-0.059771,0.002607,0.581552,-0.214919,0.809789,0.176480,-0.162228,0.796153,-0.854944,-0.405103,-0.281733,-0.195143,0.560236,0.741461,0.525831,0.852117,0.799484,-0.757268,-0.055476,0.676879,0.059165,0.815118,0.655253,0.735446,0.845528,0.705383,0.946436,0.718845,0.612397,-0.767221,0.057949,0.267139,0.384433,-0.569089,0.568634,0.480180,-0.702023,0.582034,1.000000,-0.585090,0.613468,0.348629,0.343800,-0.513812,0.281461,-0.293620,0.108208,0.053002,-0.352440,0.210679,0.495739,0.393890,0.547050,0.972263,-0.882573,-0.913837
Paramedian lobule,-0.882979,-0.894837,-0.423835,-0.884834,-0.935972,-0.776693,-0.869558,-0.891349,-0.929794,-0.972260,-0.975594,-0.928985,-0.946134,-0.746392,-0.826488,-0.862311,-0.880433,-0.724616,-0.653064,-0.800920,-0.856974,-0.891154,-0.723153,-0.951371,-0.998738,-0.984112,-0.317733,-0.750347,-0.853903,-0.911154,-0.950293,-0.971400,-0.959833,-0.848043,-0.764436,-0.899415,-0.896416,-0.717527,-0.980025,-0.886459,-0.934986,-0.935914,-0.976118,-0.964309,-0.978603,-0.923087,-0.816714,-0.231099,-0.776369,-0.462819,-0.611235,-0.701614,-0.752545,-0.929403,-0.432884,-0.980738,-0.946131,0.775595,-0.997096,-0.666480,-0.815524,-0.801061,-0.926292,-0.696892,-0.611834,-0.230586,0.577051,-0.119612,-0.584456,-0.543268,-0.433083,-0.678903,-0.748835,-0.687111,-0.626650,-0.636364,-0.988284,-0.828462,-0.967043,-0.600197,-0.643734,-0.834312,-0.934014,-0.582850,-0.435463,-0.913611,-0.766855,-0.877439,-0.692426,-0.732432,-0.923680,-0.799495,-0.833717,-0.896019,-0.478961,-0.292939,-0.780136,-0.647766,-0.579164,-0.638611,0.746854,-0.803346,-0.170519,-0.538244,-0.771564,-0.888623,-0.579407,-0.940717,0.038386,0.610332,-0.898080,-0.910877,-0.632668,-0.870937,0.430993,-0.770775,0.786501,-0.994442,-0.961523,-0.043183,-0.207398,-0.501308,-0.983030,-0.929254,-0.779651,-0.890912,-0.603984,-0.557638,-0.563044,-0.442257,-0.895262,-0.146740,-0.819816,-0.865586,-0.650831,-0.677152,-0.770039,-0.565506,-0.614479,-0.264298,-0.838315,-0.507332,-0.811145,-0.307781,0.757071,-0.386916,-0.561181,-0.806461,-0.825960,-0.227934,0.538615,0.452385,-0.556921,0.129875,-0.487902,-0.930333,-0.261776,-0.157681,-0.570462,0.386131,-0.484080,-0.194960,-0.350381,0.012529,-0.877250,-0.066609,-0.629647,-0.934999,-0.592961,-0.318368,-0.929934,-0.513241,0.933698,0.174447,-0.079218,0.060730,-0.382125,-0.569728,-0.811194,-0.701702,-0.939760,-0.063941,-0.695064,-0.825749,-0.626864,-0.737720,0.694659,-0.145525,-0.638380,0.690746,-0.504299,-0.501930,0.809743,-0.958353,-0.198425,-0.909951,-0.886435,-0.866591,0.586785,0.527615,-0.908884,0.550990,-0.478095,-0.971038,-0.979532,-0.826787,-0.636070,-0.724280,-0.939368,-0.625516,0.366481,0.741291,-0.923573,-0.879594,0.996441,-0.822162,-0.613136,0.986329,-0.452091,-0.585090,1.000000,-0.849333,-0.546924,-0.575627,0.993582,0.582119,0.891935,-0.499070,-0.629945,-0.467053,-0.911080,-0.736171,-0.562683,-0.868797,-0.390589,0.576980,0.852429
Posterior auditory area,0.530015,0.556804,0.013851,0.530603,0.652798,0.351961,0.482866,0.579806,0.647792,0.896750,0.757479,0.627504,0.651998,0.894386,0.986003,0.523379,0.547689,0.252396,0.166083,0.379611,0.800852,0.621142,0.297273,0.655909,0.867424,0.746062,0.191736,0.516742,0.475040,0.559091,0.691282,0.916299,0.731763,0.989950,0.654536,0.548482,0.963939,0.242827,0.936132,0.527103,0.623233,0.745684,0.766327,0.810692,0.724624,0.612245,0.389067,0.186920,0.337729,0.073515,0.737704,0.255330,0.332433,0.680081,-0.015477,0.819984,0.753581,-0.983345,0.826552,0.756697,0.873414,0.377845,0.610146,0.269814,0.111693,-0.295020,-0.728728,-0.396233,0.134407,0.056348,0.017935,0.230291,0.286571,0.428022,0.900536,0.133340,0.909642,0.414627,0.807388,0.099122,0.750249,0.794975,0.658935,0.563878,0.472330,0.919382,0.689192,0.525009,0.383246,0.322487,0.588517,0.394656,0.416741,0.611403,-0.024479,0.630534,0.988231,0.951407,0.222047,0.876121,-0.982367,0.394662,0.660631,0.013274,0.491281,0.779081,0.089582,0.677669,-0.185011,-0.676346,0.562663,0.947788,0.895636,0.509098,-0.842358,0.779280,-0.927778,0.881122,0.712899,0.053151,-0.090868,0.349666,0.763063,0.983149,0.332119,0.692921,0.480056,0.208897,0.236302,0.086552,0.747729,0.451238,0.592613,0.583951,0.203841,0.313859,0.412018,0.330771,0.178244,-0.146811,0.432809,0.017344,0.382116,-0.238941,-0.987495,0.043124,0.040820,0.396708,0.845178,-0.278486,-0.900540,-0.580664,0.048704,-0.591293,0.717417,0.691454,-0.154491,0.243224,0.190437,-0.076426,0.226284,0.032211,0.169095,-0.167726,0.747075,0.516473,0.867804,0.737093,0.180248,-0.133049,0.980028,-0.010541,-0.912838,-0.667661,-0.126074,-0.391439,-0.040418,0.084829,0.892938,0.288737,0.625300,-0.466127,0.255491,0.438996,0.274826,0.445611,-0.500942,-0.398267,0.329372,-0.901447,0.295791,0.073132,-0.879980,0.958930,-0.027938,0.982290,0.704046,0.612647,-0.252441,-0.804518,0.606311,-0.750452,0.206690,0.731767,0.849946,0.592283,0.267540,0.583308,0.689614,0.939933,-0.087556,-0.396229,0.828965,0.951450,-0.885759,0.429925,0.148302,-0.889573,0.033164,0.613468,-0.849333,1.000000,0.044748,0.074829,-0.793030,-0.247175,-0.896858,-0.033517,0.137732,0.505200,0.772101,0.295434,0.071437,0.494425,0.504093,-0.822392,-0.851731
Posterior limiting nucleus of the thalamus,0.870834,0.854682,0.916752,0.870327,0.785409,0.950802,0.885945,0.834218,0.788108,0.374742,0.686096,0.696923,0.706703,-0.101018,-0.019178,0.869097,0.857516,0.954665,0.989097,0.939319,0.228824,0.789705,0.962309,0.777979,0.526444,0.686823,0.536539,0.754322,0.900192,0.804884,0.636448,0.351209,0.711334,0.094362,0.578816,0.857413,0.127063,0.930782,0.371784,0.871226,0.730888,0.497146,0.675944,0.470789,0.706194,0.817270,0.905169,-0.114044,0.867109,0.565143,-0.171466,0.975949,0.954767,0.752909,0.953850,0.606662,0.673804,0.027573,0.593135,-0.093344,0.051628,0.848681,0.727267,0.964991,0.993292,0.940587,-0.134096,0.896590,0.978500,0.996493,0.923818,0.979303,0.944305,0.783933,-0.121304,0.958646,0.454211,0.919335,0.483657,0.995562,-0.127484,0.188437,0.778836,0.005192,-0.146230,0.204458,0.195461,0.873617,0.528177,0.950332,0.775706,0.796188,0.898998,0.626026,0.995691,-0.251216,-0.091128,-0.263563,0.889464,-0.268295,0.093241,0.809873,-0.650646,0.948335,0.814358,0.329933,0.998600,0.762541,-0.041703,-0.287731,0.851009,0.170947,-0.096197,0.882628,0.480101,0.078949,-0.136427,0.468112,0.631969,0.260092,0.296609,0.165597,0.678074,0.226408,0.914767,0.468755,0.172034,0.876883,0.852341,0.863237,0.392279,-0.613737,0.463835,0.593758,0.979350,0.906440,0.901834,0.737242,0.970402,0.876571,0.913697,0.806587,0.922815,0.900581,0.096938,0.446306,0.978807,0.934669,0.106125,0.936608,0.353836,0.260594,0.998528,0.551297,-0.017614,0.574986,0.880827,-0.331074,0.912948,-0.796795,0.333431,0.555544,0.148560,0.479590,0.602384,-0.529184,-0.038722,0.685684,0.948224,0.928671,0.202854,0.991432,-0.402612,0.695482,0.092033,0.279214,0.919269,0.997132,0.021529,0.954165,0.800051,0.859426,0.796079,0.916639,0.571988,0.828281,-0.331115,0.856042,0.841343,-0.010585,0.259276,0.663173,-0.032862,0.285250,0.641760,0.150571,0.677050,0.775200,-0.864732,0.383254,0.818509,0.291769,0.769331,0.713390,0.560525,0.754542,0.908690,0.623833,0.748729,-0.248238,-0.754201,-0.624879,0.340150,0.100837,-0.475348,0.920969,0.989412,-0.495952,0.931441,0.348629,-0.546924,0.044748,1.000000,0.999056,-0.604514,-0.516935,-0.181876,0.964550,0.892982,-0.133075,0.393005,0.967572,0.998796,0.889099,0.179184,0.048986,-0.395050
Copula pyramidis,0.885024,0.869255,0.902610,0.884904,0.802387,0.959457,0.902711,0.846805,0.804157,0.409989,0.707308,0.726688,0.735357,-0.060525,0.015447,0.879858,0.869928,0.966691,0.994422,0.950469,0.270188,0.801005,0.966075,0.798825,0.554435,0.711664,0.515246,0.754307,0.912970,0.828642,0.668148,0.385966,0.730045,0.119892,0.581034,0.874003,0.163759,0.945513,0.402965,0.886612,0.758685,0.533451,0.697082,0.506428,0.730870,0.833942,0.922423,-0.077676,0.887760,0.591807,-0.128698,0.979813,0.960556,0.767949,0.941987,0.628584,0.690412,0.003050,0.619316,-0.050248,0.093088,0.870796,0.755575,0.966807,0.997323,0.928345,-0.134616,0.880290,0.974523,0.993318,0.910297,0.981561,0.957670,0.780040,-0.106459,0.968905,0.481717,0.933575,0.518918,0.998665,-0.084506,0.230347,0.795182,0.048005,-0.104591,0.242921,0.237868,0.887011,0.562570,0.953654,0.801116,0.821487,0.916486,0.659196,0.990736,-0.254237,-0.058871,-0.235188,0.881029,-0.229638,0.067341,0.834433,-0.639095,0.956435,0.816070,0.369975,0.998140,0.779384,-0.016493,-0.285918,0.865829,0.208283,-0.082176,0.895986,0.458188,0.121828,-0.152839,0.499844,0.663348,0.230948,0.322857,0.204676,0.701036,0.255837,0.931436,0.506491,0.213140,0.867121,0.842393,0.848162,0.431403,-0.579097,0.501791,0.628143,0.979401,0.903777,0.905333,0.726583,0.967297,0.856258,0.927979,0.823726,0.937824,0.901708,0.069097,0.474544,0.984193,0.944940,0.147960,0.921644,0.331554,0.218655,0.999398,0.549752,-0.017638,0.609373,0.860647,-0.294607,0.904737,-0.778431,0.368211,0.529254,0.183811,0.446647,0.612836,-0.532820,-0.027781,0.700961,0.942548,0.912300,0.235695,0.992543,-0.423344,0.678873,0.118872,0.293981,0.903904,0.995401,0.062490,0.955376,0.820471,0.845860,0.819585,0.926765,0.603394,0.827859,-0.370743,0.850685,0.835139,-0.024271,0.296457,0.687213,-0.074192,0.318134,0.615540,0.184687,0.687541,0.783984,-0.856166,0.344956,0.832755,0.250473,0.754578,0.734391,0.582905,0.759946,0.903732,0.622839,0.765020,-0.224897,-0.734658,-0.656915,0.379077,0.138770,-0.505955,0.931196,0.988458,-0.521253,0.918935,0.343800,-0.575627,0.074829,0.999056,1.000000,-0.633815,-0.549031,-0.221623,0.969217,0.908822,-0.090991,0.431802,0.973950,0.997375,0.903511,0.167443,0.041629,-0.407872
Postsubiculum,-0.904632,-0.912787,-0.447247,-0.907337,-0.942466,-0.813724,-0.904937,-0.899925,-0.934825,-0.964411,-0.972037,-0.964843,-0.976591,-0.720540,-0.779152,-0.876211,-0.894415,-0.783638,-0.709258,-0.839694,-0.867581,-0.888052,-0.756114,-0.966579,-0.986775,-0.991160,-0.274436,-0.730762,-0.881351,-0.948363,-0.978427,-0.958159,-0.955165,-0.785039,-0.720356,-0.923678,-0.866832,-0.782984,-0.956585,-0.911506,-0.968763,-0.959024,-0.970520,-0.975307,-0.989394,-0.936358,-0.867152,-0.288987,-0.839633,-0.556554,-0.607406,-0.741341,-0.785327,-0.925274,-0.468343,-0.965329,-0.930830,0.702933,-0.990510,-0.666072,-0.804954,-0.861371,-0.962854,-0.728860,-0.672380,-0.301708,0.489479,-0.191309,-0.621059,-0.593520,-0.457957,-0.718214,-0.805923,-0.671727,-0.534837,-0.707215,-0.964692,-0.868909,-0.978394,-0.660270,-0.641647,-0.844402,-0.937681,-0.614088,-0.466071,-0.899502,-0.792827,-0.897968,-0.761423,-0.760117,-0.959130,-0.862010,-0.880620,-0.937833,-0.535568,-0.184315,-0.721865,-0.573407,-0.587057,-0.599611,0.673418,-0.864923,-0.067774,-0.619143,-0.763646,-0.905526,-0.632097,-0.942032,-0.046382,0.534109,-0.915617,-0.887942,-0.541117,-0.894103,0.340904,-0.778158,0.711926,-0.986102,-0.985665,0.019293,-0.304432,-0.562554,-0.982547,-0.885569,-0.836901,-0.922783,-0.653215,-0.563163,-0.562814,-0.450072,-0.918196,-0.131938,-0.865361,-0.911975,-0.688200,-0.688213,-0.782963,-0.543253,-0.646839,-0.291251,-0.876057,-0.600826,-0.858095,-0.402003,0.687532,-0.480807,-0.633647,-0.840449,-0.823703,-0.289807,0.449970,0.461672,-0.618394,0.018085,-0.390488,-0.961076,-0.290368,-0.193955,-0.584698,0.382740,-0.562244,-0.161873,-0.425194,0.040366,-0.842801,0.046577,-0.537956,-0.919384,-0.617196,-0.356716,-0.893601,-0.582790,0.889424,0.080385,-0.168954,-0.046898,-0.409938,-0.619797,-0.794782,-0.728916,-0.959470,-0.149361,-0.771771,-0.852518,-0.705855,-0.731537,0.747904,-0.242046,-0.634258,0.604623,-0.574225,-0.595654,0.796734,-0.930387,-0.179262,-0.873041,-0.862775,-0.857412,0.588646,0.489743,-0.916995,0.533858,-0.464409,-0.972202,-0.958201,-0.810570,-0.647781,-0.684729,-0.936798,-0.541184,0.355858,0.809060,-0.931687,-0.853032,0.985158,-0.850683,-0.656118,0.962693,-0.477950,-0.513812,0.993582,-0.793030,-0.604514,-0.633815,1.000000,0.662903,0.882550,-0.578773,-0.709761,-0.495228,-0.929980,-0.776224,-0.615429,-0.896979,-0.305607,0.481783,0.796173
Paraflocculus,-0.565426,-0.551028,-0.138566,-0.575026,-0.520253,-0.566587,-0.669116,-0.473736,-0.500080,-0.630199,-0.515789,-0.822501,-0.784662,-0.500210,-0.339032,-0.477632,-0.500730,-0.714964,-0.606852,-0.610171,-0.764061,-0.390776,-0.475250,-0.616473,-0.541321,-0.618657,0.368200,-0.131454,-0.576280,-0.764234,-0.802775,-0.592680,-0.478734,-0.160819,-0.011865,-0.610670,-0.489414,-0.778374,-0.498459,-0.598953,-0.792220,-0.814242,-0.502995,-0.744405,-0.637601,-0.553501,-0.746708,-0.789381,-0.844332,-0.983348,-0.610181,-0.509624,-0.504288,-0.434938,-0.236657,-0.453643,-0.389338,0.068791,-0.554783,-0.652306,-0.624415,-0.849565,-0.811159,-0.440970,-0.606235,-0.379365,-0.327908,-0.305155,-0.373144,-0.449317,-0.156626,-0.483438,-0.724887,-0.096627,0.192722,-0.738765,-0.463317,-0.660428,-0.743630,-0.590201,-0.633514,-0.758940,-0.496319,-0.811279,-0.746802,-0.605608,-0.836703,-0.548854,-0.989101,-0.442254,-0.774477,-0.894292,-0.733524,-0.881510,-0.448128,0.583910,-0.234325,-0.054982,-0.154548,-0.367207,0.068472,-0.882513,0.442683,-0.744674,-0.225759,-0.798971,-0.503229,-0.489446,-0.748720,-0.272364,-0.552115,-0.540480,0.197441,-0.562124,-0.176183,-0.731389,-0.020663,-0.599247,-0.779353,0.653183,-0.914183,-0.926414,-0.554276,-0.342721,-0.769327,-0.866188,-0.908905,-0.119868,-0.085322,-0.041856,-0.828069,-0.308567,-0.926735,-0.911040,-0.440277,-0.264114,-0.368095,0.052939,-0.366458,-0.044745,-0.647912,-0.900833,-0.701376,-0.677871,0.114740,-0.974944,-0.674471,-0.574494,-0.681453,-0.295687,-0.128115,0.627711,-0.561757,-0.611030,0.421918,-0.838818,-0.055063,-0.636545,-0.191909,-0.077001,-0.978795,0.398054,-0.919101,0.502389,-0.189848,0.692515,0.230279,-0.370376,-0.284775,-0.170605,-0.421323,-0.598075,0.253153,-0.338467,-0.833890,-0.773167,-0.138777,-0.471531,-0.582963,-0.408003,-0.635320,-0.396402,-0.926612,-0.536192,-0.997167,-0.203460,0.948166,-0.572578,-0.124665,-0.149041,-0.960305,-0.969854,0.606587,-0.481296,0.312795,-0.424064,-0.257914,-0.320896,0.119623,0.333533,-0.493461,0.495692,0.071815,-0.540442,-0.422382,-0.231532,-0.231280,0.006644,-0.460164,0.062798,-0.138690,0.974243,-0.746697,-0.514384,0.570952,-0.546518,-0.451297,0.440214,-0.179046,0.281461,0.582119,-0.247175,-0.516935,-0.549031,0.662903,1.000000,0.639628,-0.689986,-0.846499,-0.747187,-0.805853,-0.548336,-0.488346,-0.602070,0.497635,-0.304825,0.074826
Flocculus,-0.598211,-0.613573,0.024423,-0.603594,-0.680489,-0.451314,-0.612437,-0.594595,-0.666061,-0.972949,-0.770950,-0.824298,-0.823008,-0.959918,-0.939923,-0.548734,-0.580661,-0.448786,-0.322964,-0.496212,-0.983138,-0.589748,-0.361198,-0.732555,-0.887652,-0.814166,0.099523,-0.381229,-0.557641,-0.729198,-0.870785,-0.971813,-0.729284,-0.839553,-0.447790,-0.637041,-0.982227,-0.476258,-0.937068,-0.612906,-0.801718,-0.934875,-0.772502,-0.952980,-0.804894,-0.662189,-0.576724,-0.558601,-0.590737,-0.490765,-0.902101,-0.344485,-0.404098,-0.662152,0.001724,-0.797117,-0.705211,0.801781,-0.855064,-0.929229,-0.989059,-0.626667,-0.801575,-0.322179,-0.279927,0.144938,0.384260,0.256119,-0.181065,-0.156998,0.012906,-0.311373,-0.481553,-0.291256,-0.615629,-0.367932,-0.889192,-0.551192,-0.948540,-0.261771,-0.918618,-0.980622,-0.673874,-0.848758,-0.762376,-0.997643,-0.937091,-0.585599,-0.738489,-0.365425,-0.760602,-0.668443,-0.592241,-0.849872,-0.093712,-0.222494,-0.896831,-0.797118,-0.148518,-0.897525,0.808413,-0.660900,-0.363433,-0.278864,-0.402372,-0.972302,-0.209907,-0.686813,-0.240796,0.354073,-0.619097,-0.990532,-0.606543,-0.578934,0.620103,-0.967054,0.694395,-0.934375,-0.876211,0.319879,-0.358908,-0.722325,-0.795727,-0.911329,-0.542861,-0.923505,-0.813974,-0.122165,-0.128753,0.010847,-0.955538,-0.577533,-0.876870,-0.847238,-0.268937,-0.273435,-0.402931,-0.145248,-0.212651,0.192159,-0.559615,-0.377522,-0.546307,-0.054596,0.836284,-0.476568,-0.261152,-0.491933,-0.989785,0.174074,0.675143,0.799277,-0.207848,0.212782,-0.345252,-0.896266,0.193381,-0.549788,-0.140213,-0.071344,-0.633757,0.240745,-0.580334,0.440202,-0.607208,-0.110806,-0.561663,-0.681423,-0.175336,0.123638,-0.951475,-0.181068,0.791032,0.426900,-0.314378,-0.055956,0.066754,-0.190310,-0.986663,-0.321403,-0.715801,0.259855,-0.576762,-0.507427,-0.653335,-0.353992,0.831807,0.117419,-0.222254,0.623317,-0.686894,-0.472348,0.987276,-0.956025,0.254142,-0.960635,-0.599718,-0.549382,0.157257,0.838061,-0.626990,0.867781,-0.035616,-0.760344,-0.809841,-0.490625,-0.220551,-0.377905,-0.682829,-0.726715,-0.089084,0.729914,-0.983361,-0.988207,0.922796,-0.505120,-0.230233,0.857088,-0.009415,-0.293620,0.891935,-0.896858,-0.181876,-0.221623,0.882550,0.639628,1.000000,-0.212926,-0.433531,-0.786588,-0.963116,-0.396227,-0.188244,-0.587051,-0.118538,0.489769,0.654010
Gustatory areas,0.803771,0.782341,0.785714,0.806207,0.702649,0.895041,0.854605,0.738733,0.699407,0.366873,0.605312,0.726761,0.719585,-0.059337,-0.055382,0.776490,0.770598,0.958013,0.965519,0.895004,0.303092,0.671174,0.884436,0.725564,0.467317,0.639004,0.295819,0.578332,0.838953,0.806682,0.662285,0.333428,0.618247,-0.018109,0.379042,0.804000,0.112692,0.959367,0.318475,0.814759,0.745743,0.544617,0.591861,0.492387,0.663661,0.744615,0.907593,0.121350,0.913952,0.749351,-0.060216,0.912132,0.882064,0.646182,0.850123,0.512642,0.557237,0.144416,0.531600,0.013415,0.105786,0.894733,0.750491,0.880132,0.976652,0.923615,0.097181,0.879882,0.890081,0.939344,0.796386,0.910497,0.947651,0.604667,-0.288510,0.985840,0.378606,0.889023,0.503093,0.975425,-0.019149,0.269545,0.689097,0.170164,0.040656,0.217613,0.314408,0.801696,0.676005,0.860946,0.781809,0.863279,0.894522,0.689494,0.950085,-0.474426,-0.146208,-0.335867,0.738131,-0.233337,0.197764,0.870804,-0.760402,0.996726,0.659671,0.399137,0.952701,0.671023,0.221836,-0.052329,0.778834,0.166330,-0.268825,0.815392,0.566718,0.174386,0.030332,0.435602,0.648341,0.004105,0.533785,0.366929,0.609741,0.145838,0.930593,0.545084,0.347846,0.719216,0.684717,0.702071,0.463281,-0.470329,0.574178,0.676276,0.901191,0.772067,0.785826,0.535136,0.875077,0.747737,0.877970,0.928611,0.909096,0.974165,0.187375,0.654580,0.996038,0.877832,0.171635,0.892400,0.457827,0.104484,0.976477,0.720993,-0.247619,0.623304,0.755469,-0.110010,0.773242,-0.613196,0.537343,0.325349,0.377104,0.260785,0.439142,-0.717036,-0.228083,0.563498,0.831789,0.826564,0.151164,0.990424,-0.271954,0.766027,0.348032,0.520259,0.795719,0.942511,0.065805,0.858502,0.753722,0.887720,0.893309,0.845316,0.729860,0.670818,-0.486151,0.928943,0.674263,0.168056,0.461290,0.824987,-0.084124,0.239556,0.430255,0.109163,0.526913,0.639258,-0.702928,0.326684,0.728135,0.194876,0.573504,0.638778,0.461217,0.598111,0.770599,0.420347,0.649106,-0.357735,-0.558091,-0.748200,0.384212,0.100817,-0.432162,0.853312,0.920818,-0.408402,0.807221,0.108208,-0.499070,-0.033517,0.964550,0.969217,-0.578773,-0.689986,-0.212926,1.000000,0.964739,0.046689,0.453537,0.911319,0.950951,0.834997,-0.079724,0.252606,-0.220190
Parapyramidal nucleus,0.828419,0.810190,0.640897,0.833198,0.748886,0.882352,0.893924,0.755926,0.739936,0.547910,0.682791,0.855382,0.840790,0.184320,0.147308,0.780797,0.785392,0.965780,0.931451,0.897829,0.530821,0.683368,0.842075,0.795388,0.595184,0.738190,0.132229,0.525797,0.853542,0.892694,0.806090,0.512972,0.679260,0.122737,0.350605,0.843775,0.318280,0.984922,0.475178,0.846553,0.860397,0.724790,0.669514,0.669943,0.760714,0.787158,0.949095,0.345182,0.978549,0.871205,0.202546,0.869696,0.852095,0.682813,0.716654,0.599232,0.608021,0.001543,0.644502,0.272902,0.345314,0.969065,0.868507,0.826093,0.934885,0.790321,0.106971,0.725788,0.801286,0.854604,0.654788,0.858383,0.963912,0.527506,-0.196863,0.983451,0.508083,0.911435,0.677568,0.928032,0.241912,0.503222,0.731957,0.422568,0.296503,0.428935,0.551188,0.821436,0.844748,0.816574,0.879449,0.959995,0.937672,0.843219,0.855206,-0.479531,0.047038,-0.154290,0.628046,0.010431,0.042343,0.962203,-0.652336,0.982782,0.613657,0.612442,0.883866,0.717813,0.376305,-0.018795,0.808368,0.372949,-0.183725,0.834411,0.408931,0.421129,-0.053599,0.589585,0.790399,-0.187485,0.671710,0.587680,0.698173,0.301358,0.968284,0.735969,0.579561,0.602097,0.567947,0.554784,0.667182,-0.225498,0.767269,0.839535,0.836026,0.694855,0.745197,0.421147,0.791779,0.569571,0.900899,0.977990,0.936060,0.923096,0.020137,0.793821,0.963722,0.875612,0.409986,0.743004,0.306452,-0.160057,0.915822,0.678874,-0.250636,0.787206,0.577858,0.128350,0.663129,-0.450664,0.722073,0.131534,0.577110,0.033313,0.457861,-0.706916,-0.165012,0.605644,0.734569,0.668460,0.328644,0.932011,-0.364310,0.624820,0.503124,0.592387,0.643730,0.866203,0.304219,0.801455,0.819729,0.752803,0.980095,0.843177,0.878480,0.611394,-0.698470,0.842942,0.580068,0.092008,0.664847,0.924721,-0.324075,0.411995,0.231533,0.297687,0.541201,0.637410,-0.593513,0.077108,0.756124,-0.066916,0.433630,0.713348,0.553405,0.577535,0.679779,0.370154,0.693436,-0.207191,-0.391252,-0.896431,0.589900,0.315592,-0.578918,0.851542,0.849304,-0.522066,0.671104,0.053002,-0.629945,0.137732,0.892982,0.908822,-0.709761,-0.846499,-0.433531,0.964739,1.000000,0.304148,0.655295,0.884238,0.876461,0.859974,-0.164508,0.210036,-0.266105
Presubiculum,0.140782,0.144462,-0.474192,0.151155,0.186751,0.037726,0.223819,0.085372,0.162787,0.646336,0.278849,0.550066,0.511465,0.834108,0.638905,0.049883,0.088298,0.159533,0.000849,0.098063,0.855636,0.041897,-0.079305,0.291518,0.444089,0.380837,-0.687467,-0.229990,0.116588,0.397871,0.588684,0.629217,0.216455,0.380065,-0.195288,0.201551,0.688229,0.238155,0.524066,0.174145,0.494765,0.710062,0.275066,0.674446,0.381156,0.187931,0.264124,0.940870,0.375737,0.648561,0.950670,-0.065026,-0.034466,0.128769,-0.406771,0.286355,0.156147,-0.366176,0.401277,0.946426,0.852510,0.404878,0.512989,-0.124071,-0.017936,-0.329865,0.222518,-0.404830,-0.241023,-0.196911,-0.459269,-0.101249,0.186362,-0.310792,0.137605,0.147777,0.424714,0.173083,0.664010,-0.039485,0.948409,0.876053,0.168336,0.988792,0.999255,0.742690,0.921418,0.120462,0.766686,-0.098002,0.436427,0.491094,0.262546,0.654147,-0.220345,-0.252414,0.580646,0.502716,-0.380690,0.805525,-0.410017,0.469731,0.171502,0.127025,-0.180897,0.816944,-0.133588,0.177576,0.745424,0.284176,0.149713,0.706450,0.114385,0.123519,-0.381056,0.917429,-0.147625,0.546941,0.573736,-0.832193,0.712963,0.938221,0.325394,0.475679,0.264836,0.767796,0.952582,-0.411511,-0.422680,-0.516872,0.795819,0.859457,0.805097,0.698599,-0.153075,-0.253757,-0.116170,-0.460244,-0.230072,-0.588625,0.169157,0.384556,0.203648,0.019704,-0.461502,0.711800,0.042026,0.069366,0.866281,-0.408494,-0.361367,-0.984794,-0.084912,0.088229,-0.219616,0.667364,-0.583066,0.946574,-0.367096,0.596876,0.843715,-0.775915,0.891403,-0.887996,-0.002316,-0.207982,0.033910,0.123982,-0.298423,-0.490695,0.571502,-0.059473,-0.244601,-0.310905,0.759013,0.495230,-0.490956,-0.166502,0.835786,-0.145289,0.287327,-0.305600,0.485198,0.054120,0.714800,-0.226088,-0.891135,-0.103191,-0.348611,-0.093479,0.894473,0.568242,-0.848741,0.571417,-0.763599,0.610341,0.004972,-0.022477,0.391280,-0.828572,0.123733,-0.918047,-0.536288,0.278469,0.293895,-0.106046,-0.302056,-0.264826,0.160200,0.368099,0.628298,-0.689627,0.770363,0.728120,-0.514277,0.059245,-0.164197,-0.367076,-0.437105,-0.352440,-0.467053,0.505200,-0.133075,-0.090991,-0.495228,-0.747187,-0.786588,0.046689,0.304148,1.000000,0.779363,-0.008290,-0.154121,0.156051,-0.490662,0.048522,-0.049291
Medullary reticular nucleus dorsal part,0.716678,0.723368,0.130711,0.723115,0.760134,0.611166,0.754150,0.687642,0.744355,0.964266,0.817812,0.933210,0.924578,0.862517,0.819447,0.656800,0.685947,0.644432,0.524124,0.655372,0.984973,0.658667,0.520054,0.822855,0.895511,0.876146,-0.096105,0.428652,0.690938,0.858277,0.957556,0.951559,0.779451,0.712960,0.430706,0.756232,0.906850,0.677930,0.904673,0.736193,0.912633,0.993009,0.814738,0.987567,0.875745,0.757554,0.746586,0.611599,0.775651,0.690541,0.833583,0.516656,0.559779,0.721491,0.176383,0.813735,0.734677,-0.645925,0.881474,0.874899,0.934210,0.802896,0.916494,0.481543,0.490522,0.094995,-0.243889,-0.015858,0.355914,0.357059,0.144947,0.484794,0.671312,0.353216,0.425585,0.586652,0.869188,0.708016,0.985528,0.472714,0.857737,0.976608,0.748457,0.861217,0.758461,0.956178,0.961344,0.703189,0.882832,0.514126,0.881743,0.839647,0.754963,0.958149,0.306687,0.006720,0.751648,0.608751,0.267567,0.760620,-0.642670,0.832683,0.099933,0.516359,0.475148,0.997557,0.411756,0.754978,0.360306,-0.252756,0.727515,0.931003,0.420521,0.702189,-0.386994,0.945398,-0.561165,0.938513,0.955779,-0.372389,0.535750,0.808890,0.845373,0.829210,0.726367,0.992560,0.878007,0.237011,0.230974,0.111913,0.999126,0.449823,0.969279,0.958852,0.441166,0.394092,0.520158,0.196849,0.378259,-0.028923,0.711014,0.612708,0.714199,0.317429,-0.675054,0.662122,0.489824,0.643036,0.955136,0.051862,-0.457922,-0.745041,0.423834,0.045779,0.171597,0.978250,-0.026924,0.540999,0.272772,-0.027756,0.772720,-0.212218,0.692830,-0.403958,0.601360,-0.142591,0.384743,0.712966,0.326800,0.061376,0.876321,0.410281,-0.735788,-0.168739,0.455533,0.261170,0.097646,0.388659,0.918745,0.471818,0.816867,-0.002193,0.774785,0.643988,0.823074,0.433492,-0.921689,0.151168,0.312640,-0.458803,0.800854,0.685400,-0.926218,0.904532,-0.191768,0.877496,0.620967,0.608546,-0.263116,-0.691018,0.715840,-0.764221,0.109939,0.818710,0.810546,0.538544,0.344912,0.376937,0.743199,0.527504,0.006173,-0.884975,0.995354,0.914063,-0.923664,0.645141,0.414465,-0.843767,0.168809,0.210679,-0.911080,0.772101,0.393005,0.431802,-0.929980,-0.805853,-0.963116,0.453537,0.655295,0.779363,1.000000,0.565525,0.391182,0.718791,-0.000000,-0.309170,-0.584796
Intercalated amygdalar nucleus,0.966592,0.958066,0.884229,0.966135,0.916287,0.998071,0.967812,0.945199,0.917856,0.581957,0.847488,0.820918,0.837056,0.125025,0.229193,0.964310,0.959087,0.974524,0.986957,0.993541,0.415356,0.913937,0.996308,0.908740,0.721583,0.843999,0.569963,0.856421,0.980674,0.908080,0.779243,0.564762,0.865670,0.341690,0.724165,0.957831,0.362459,0.948308,0.590797,0.965810,0.852894,0.658914,0.840134,0.651012,0.856934,0.936185,0.961398,-0.071790,0.910444,0.550588,0.015836,0.998299,0.997670,0.893028,0.911234,0.787763,0.836224,-0.223775,0.775170,0.095362,0.265059,0.902888,0.845833,0.992300,0.977110,0.825303,-0.319257,0.758020,0.971556,0.967994,0.891851,0.995455,0.973158,0.862692,0.115637,0.947652,0.663805,0.982629,0.662563,0.976282,0.061086,0.375044,0.911823,0.138991,-0.029344,0.424137,0.353824,0.968197,0.594046,0.991628,0.887385,0.856103,0.962690,0.747835,0.946593,-0.073533,0.161802,-0.011361,0.910943,-0.039006,-0.160321,0.869422,-0.452057,0.906988,0.906539,0.506684,0.977845,0.901009,-0.096654,-0.453071,0.956013,0.399943,0.138611,0.972642,0.244781,0.265990,-0.368543,0.668219,0.780743,0.272000,0.250983,0.237249,0.840717,0.464803,0.955811,0.617468,0.276965,0.895904,0.879709,0.852484,0.558327,-0.479303,0.586362,0.709399,0.989279,0.949379,0.968732,0.794760,0.975041,0.805678,0.982001,0.769658,0.977168,0.797428,-0.157500,0.428544,0.944221,0.993874,0.309597,0.826730,0.108980,0.110280,0.966611,0.372059,0.171505,0.719682,0.807685,-0.264417,0.925012,-0.787415,0.366633,0.547880,0.174819,0.424994,0.768284,-0.368877,0.187230,0.843682,0.955216,0.857785,0.440362,0.944199,-0.617554,0.494706,0.046072,0.159212,0.872788,0.975610,0.241587,0.987120,0.921934,0.703268,0.820053,0.987795,0.608424,0.908550,-0.434935,0.715164,0.892408,-0.242278,0.313239,0.645013,-0.248894,0.513541,0.614448,0.390581,0.828321,0.898670,-0.895334,0.167530,0.936605,0.095288,0.794188,0.866887,0.751394,0.874690,0.940120,0.749531,0.891128,0.001916,-0.750022,-0.690625,0.529906,0.333717,-0.676718,0.989517,0.984642,-0.699142,0.902801,0.495739,-0.736171,0.295434,0.967572,0.973950,-0.776224,-0.548336,-0.396227,0.911319,0.884238,-0.008290,0.565525,1.000000,0.973583,0.974629,0.307380,-0.166673,-0.596872
Medullary reticular nucleus ventral part,0.882694,0.867907,0.931307,0.881719,0.802229,0.957668,0.891198,0.851695,0.805804,0.385978,0.704846,0.695718,0.708535,-0.094262,0.000948,0.885034,0.872963,0.950453,0.987776,0.944803,0.226425,0.811865,0.971908,0.789958,0.544453,0.700036,0.574394,0.784618,0.910094,0.806446,0.637266,0.364518,0.731528,0.126100,0.616291,0.867415,0.142204,0.922506,0.391005,0.881314,0.731803,0.496280,0.695435,0.475265,0.718092,0.831622,0.903437,-0.148841,0.857699,0.531889,-0.177741,0.982556,0.964083,0.774270,0.963256,0.629065,0.698420,-0.005712,0.610444,-0.099211,0.054890,0.840114,0.726661,0.975314,0.990032,0.931973,-0.181148,0.886822,0.987366,0.999014,0.937791,0.986338,0.940660,0.813270,-0.080287,0.948820,0.476057,0.923191,0.488340,0.992674,-0.133440,0.185148,0.796930,-0.013660,-0.168806,0.213890,0.184445,0.886174,0.505553,0.962257,0.777209,0.784835,0.898832,0.619654,0.995185,-0.203945,-0.067348,-0.236191,0.910506,-0.259430,0.061476,0.799419,-0.618379,0.933421,0.840365,0.327278,0.999748,0.781316,-0.086947,-0.333537,0.864318,0.183935,-0.054558,0.894126,0.450306,0.073936,-0.175797,0.482427,0.634672,0.300559,0.254426,0.136542,0.694937,0.251848,0.909966,0.462652,0.148948,0.898865,0.876523,0.884145,0.388408,-0.625971,0.450796,0.584137,0.987531,0.925902,0.919743,0.769265,0.981081,0.888778,0.918738,0.780818,0.923478,0.878325,0.067367,0.409603,0.969128,0.942472,0.106720,0.932696,0.321343,0.275739,0.995210,0.511016,0.030226,0.572613,0.892327,-0.361080,0.931467,-0.821718,0.300915,0.589261,0.112623,0.509175,0.635051,-0.487183,0.004807,0.710888,0.962539,0.936326,0.223725,0.983894,-0.433863,0.669159,0.047840,0.232240,0.931811,0.999644,0.026908,0.966600,0.810433,0.841615,0.777830,0.927543,0.545846,0.853980,-0.310499,0.831960,0.866850,-0.052474,0.228627,0.632813,-0.036832,0.304216,0.670918,0.170198,0.706400,0.800185,-0.888103,0.378056,0.835653,0.294608,0.798315,0.730559,0.584569,0.782730,0.928079,0.660553,0.769101,-0.215089,-0.781644,-0.605695,0.342224,0.113663,-0.491412,0.931113,0.995165,-0.519139,0.945050,0.393890,-0.562683,0.071437,0.998796,0.997375,-0.615429,-0.488346,-0.188244,0.950951,0.876461,-0.154121,0.391182,0.973583,1.000000,0.898200,0.227185,0.003705,-0.432683
Parastrial nucleus,0.998252,0.995701,0.783215,0.998655,0.978233,0.986644,0.996212,0.984135,0.977090,0.748203,0.940972,0.910725,0.927520,0.340439,0.440057,0.988663,0.991069,0.954634,0.938939,0.991822,0.591332,0.960172,0.966702,0.979074,0.857206,0.942621,0.513001,0.868973,0.999204,0.967567,0.887043,0.734891,0.948572,0.526479,0.775637,0.997841,0.561854,0.934124,0.755341,0.999277,0.935530,0.794949,0.935612,0.797459,0.950507,0.988989,0.975445,0.033746,0.926597,0.564714,0.218569,0.961627,0.977645,0.957991,0.807166,0.898314,0.921453,-0.415843,0.895861,0.294984,0.466542,0.929193,0.927827,0.954778,0.918367,0.680859,-0.415345,0.594803,0.902208,0.887285,0.792017,0.951816,0.961646,0.852509,0.285126,0.906727,0.810677,0.993522,0.806744,0.913761,0.262386,0.554557,0.974018,0.301761,0.130457,0.613938,0.518267,0.997391,0.671032,0.965855,0.956715,0.895250,0.981728,0.847635,0.850796,0.033599,0.374499,0.202973,0.853352,0.184191,-0.360315,0.906033,-0.279735,0.845329,0.913648,0.668571,0.906942,0.968230,-0.072479,-0.524322,0.995276,0.594540,0.303737,0.998697,0.040551,0.454157,-0.523520,0.817769,0.891460,0.202982,0.262697,0.348372,0.938991,0.644987,0.959647,0.750877,0.410400,0.834932,0.824423,0.764760,0.708718,-0.296914,0.705971,0.810179,0.937603,0.914681,0.960385,0.761484,0.914408,0.672907,0.996094,0.737487,0.984486,0.689778,-0.362221,0.451105,0.878912,0.993371,0.503138,0.679880,-0.093925,-0.075401,0.892268,0.237041,0.277538,0.837704,0.673691,-0.132424,0.861280,-0.697521,0.437669,0.456622,0.253790,0.298318,0.846865,-0.256408,0.337688,0.923002,0.891858,0.730141,0.628505,0.862264,-0.756373,0.308061,0.070794,0.106829,0.761338,0.901732,0.447478,0.952115,0.985164,0.538123,0.835524,0.994685,0.660305,0.903807,-0.555384,0.575725,0.858690,-0.398731,0.405121,0.645963,-0.452651,0.691831,0.507377,0.585817,0.894488,0.940113,-0.843984,-0.054113,0.983849,-0.116530,0.732404,0.953951,0.871019,0.908490,0.894139,0.780796,0.960195,0.203780,-0.663067,-0.756999,0.696108,0.535813,-0.824214,0.994915,0.922131,-0.835443,0.806473,0.547050,-0.868797,0.494425,0.889099,0.903511,-0.896979,-0.602070,-0.587051,0.834997,0.859974,0.156051,0.718791,0.974629,0.898200,1.000000,0.343767,-0.304584,-0.712449
Interanteromedial nucleus of the thalamus,0.394959,0.418307,0.489233,0.385173,0.472845,0.318389,0.264289,0.500634,0.491771,0.258925,0.486289,0.083710,0.147071,0.068251,0.356127,0.479208,0.465304,0.096000,0.167668,0.285922,-0.047432,0.585826,0.380286,0.371153,0.431812,0.372718,0.881886,0.752442,0.363692,0.167019,0.109406,0.295769,0.522779,0.619197,0.856679,0.352787,0.284625,0.007652,0.421021,0.358637,0.134762,0.042761,0.498998,0.144002,0.350773,0.430751,0.129282,-0.752800,-0.034255,-0.574228,-0.206615,0.323668,0.370911,0.558375,0.392198,0.541812,0.605115,-0.626322,0.433444,-0.183127,0.028798,-0.022930,0.103312,0.397360,0.131557,0.033025,-0.958442,0.005816,0.377690,0.254764,0.478429,0.334636,0.103649,0.743749,0.771342,-0.012425,0.493757,0.246191,0.151120,0.140431,-0.191650,-0.073829,0.497461,-0.420092,-0.523112,0.185218,-0.226006,0.410239,-0.379767,0.424439,0.158123,-0.092268,0.158794,-0.036745,0.196612,0.888893,0.416607,0.457258,0.605837,0.078268,-0.581412,-0.070875,0.494778,-0.112882,0.677668,-0.030611,0.224958,0.507114,-0.932662,-0.967386,0.418964,0.250127,0.789650,0.391125,-0.468712,-0.131167,-0.789039,0.342680,0.146182,0.886549,-0.804851,-0.585610,0.445348,0.516776,0.071086,-0.068297,-0.468339,0.623389,0.662209,0.605285,-0.041071,-0.404929,-0.206889,-0.108964,0.359789,0.571534,0.532960,0.795067,0.410981,0.441500,0.268470,-0.366573,0.182791,-0.260163,-0.535071,-0.668287,-0.000000,0.331891,-0.013439,0.128387,-0.547257,0.399373,0.134987,-0.684742,0.943990,0.030803,0.428189,-0.701852,0.560344,-0.675056,-0.615466,0.809352,-0.721075,0.719587,0.757040,0.729048,0.842123,0.620663,0.481375,0.357453,0.417727,0.049716,-0.677155,-0.362353,-0.886644,-0.890448,0.451222,0.253091,0.065215,0.437683,0.344464,-0.164063,-0.226862,0.389822,-0.437267,0.676792,0.385636,-0.298083,0.682047,-0.816526,-0.596146,-0.494166,-0.039182,0.396584,0.736380,0.381105,0.706372,0.641649,-0.647096,0.017178,0.488996,0.161207,0.745916,0.460736,0.564476,0.704690,0.573101,0.854387,0.536547,0.580381,-0.717694,0.289474,0.066366,0.232082,-0.380050,0.375540,0.314858,-0.531203,0.471634,0.972263,-0.390589,0.504093,0.179184,0.167443,-0.305607,0.497635,-0.118538,-0.079724,-0.164508,-0.490662,-0.000000,0.307380,0.227185,0.343767,1.000000,-0.878748,-0.810880
Tuberomammillary nucleus dorsal part,-0.359642,-0.391487,-0.156777,-0.353551,-0.488472,-0.205247,-0.246807,-0.461323,-0.498004,-0.546058,-0.568268,-0.235017,-0.287292,-0.508958,-0.729590,-0.412463,-0.417539,-0.007756,-0.005771,-0.199672,-0.323227,-0.546737,-0.216865,-0.424089,-0.617160,-0.487247,-0.577411,-0.611894,-0.306036,-0.235677,-0.295219,-0.584642,-0.574856,-0.884196,-0.782739,-0.343444,-0.643504,0.050970,-0.673534,-0.334068,-0.260251,-0.304580,-0.583009,-0.408940,-0.458381,-0.434390,-0.107130,0.383933,0.019456,0.451022,-0.262436,-0.155934,-0.229566,-0.564843,-0.070898,-0.651188,-0.647350,0.908785,-0.585261,-0.272597,-0.443422,-0.011483,-0.233607,-0.214013,0.045973,0.303382,0.971451,0.363356,-0.131115,-0.007495,-0.150311,-0.150114,-0.031776,-0.556413,-0.981453,0.123979,-0.692881,-0.194562,-0.409568,0.046777,-0.270230,-0.310495,-0.509071,-0.001122,0.083852,-0.540833,-0.155807,-0.366744,0.161270,-0.260911,-0.249953,0.016108,-0.141600,-0.160710,0.071038,-0.949750,-0.784409,-0.825767,-0.342663,-0.538275,0.891029,0.004537,-0.779575,0.248226,-0.538322,-0.304345,-0.003878,-0.527870,0.701653,0.922163,-0.395532,-0.604299,-0.986373,-0.344467,0.820262,-0.285514,0.957774,-0.576022,-0.331168,-0.564103,0.634461,0.245423,-0.545455,-0.787919,-0.038462,-0.210201,0.104174,-0.350139,-0.394128,-0.279926,-0.269996,-0.072697,-0.069499,-0.105369,-0.153613,-0.362362,-0.386487,-0.550920,-0.176488,-0.052937,-0.219424,0.387281,-0.135758,0.462058,0.863593,0.505849,0.165569,-0.239493,-0.391069,0.231260,0.877220,0.073655,0.076007,0.852037,-0.985066,-0.254924,-0.039496,0.280998,-0.292366,0.333711,0.358393,-0.446474,0.421650,-0.302069,-0.758282,-0.839986,-0.996372,-0.647195,-0.228310,0.005771,-0.725251,0.160575,0.825714,0.703891,0.667278,0.837247,-0.104152,-0.020423,-0.482958,-0.252177,-0.387009,0.503536,0.174391,-0.302300,0.261559,-0.512396,-0.069233,0.557909,-0.455616,0.986782,0.296968,0.416810,0.457126,-0.685116,-0.351881,-0.712052,-0.689163,-0.582234,0.389789,0.461308,-0.469774,0.321686,-0.450601,-0.533383,-0.689850,-0.617780,-0.339949,-0.737267,-0.555920,-0.898684,0.375567,-0.113387,-0.391419,-0.607482,0.601699,-0.287511,-0.094342,0.699776,-0.151934,-0.882573,0.576980,-0.822392,0.048986,0.041629,0.481783,-0.304825,0.489769,0.252606,0.210036,0.048522,-0.309170,-0.166673,0.003705,-0.304584,-0.878748,1.000000,0.885327
Median eminence,-0.752072,-0.774355,-0.492198,-0.747871,-0.837789,-0.631592,-0.668611,-0.819701,-0.844044,-0.772616,-0.879374,-0.621336,-0.667711,-0.548663,-0.758064,-0.785536,-0.790804,-0.471465,-0.460911,-0.630552,-0.533878,-0.870652,-0.629388,-0.791669,-0.876218,-0.821350,-0.669098,-0.871862,-0.712771,-0.648069,-0.654581,-0.794446,-0.887357,-0.911761,-0.952810,-0.740483,-0.754252,-0.418895,-0.868996,-0.734013,-0.651506,-0.617812,-0.887606,-0.695686,-0.803895,-0.803137,-0.555850,0.258147,-0.439744,0.052088,-0.308618,-0.582105,-0.644491,-0.883746,-0.441118,-0.919862,-0.927088,0.875963,-0.871094,-0.353238,-0.561819,-0.464097,-0.628274,-0.621073,-0.412564,-0.104312,0.916537,-0.017531,-0.533282,-0.435243,-0.491846,-0.572708,-0.492841,-0.822188,-0.863892,-0.350885,-0.909266,-0.628299,-0.700569,-0.409533,-0.335657,-0.506789,-0.850764,-0.156673,-0.010777,-0.704349,-0.375452,-0.756706,-0.214437,-0.661294,-0.653677,-0.428028,-0.584318,-0.536798,-0.359352,-0.714596,-0.766082,-0.712453,-0.664285,-0.494035,0.836263,-0.441611,-0.440575,-0.229184,-0.839771,-0.557159,-0.442717,-0.861901,0.545968,0.932613,-0.777181,-0.741397,-0.876360,-0.740936,0.588839,-0.439913,0.962459,-0.827639,-0.683109,-0.507177,0.333692,0.002984,-0.862011,-0.899257,-0.497522,-0.527291,-0.131505,-0.660558,-0.687792,-0.573670,-0.551152,0.082880,-0.402007,-0.478168,-0.567900,-0.709809,-0.751097,-0.772494,-0.572785,-0.360902,-0.647853,-0.076531,-0.580809,0.005184,0.817425,0.147202,-0.305708,-0.660416,-0.541126,-0.156314,0.696074,0.100051,-0.377101,0.512403,-0.859585,-0.601586,-0.351420,0.262981,-0.631164,0.579908,0.043755,-0.544282,0.179406,-0.359743,-0.971185,-0.492994,-0.899508,-0.927431,-0.599416,-0.346332,-0.845895,-0.300362,0.979184,0.372252,0.450807,0.561082,-0.442586,-0.452085,-0.581557,-0.647735,-0.767241,0.112525,-0.282171,-0.707243,-0.134766,-0.815446,0.227227,0.132486,-0.750495,0.922669,0.013809,-0.011925,0.565137,-0.847087,-0.499304,-0.815754,-0.943427,-0.886489,0.694394,0.374211,-0.826149,0.302398,-0.683653,-0.859950,-0.935176,-0.896562,-0.682842,-0.921138,-0.878525,-0.765395,0.593737,0.290859,-0.634352,-0.715383,0.849414,-0.696493,-0.516553,0.925867,-0.500278,-0.913837,0.852429,-0.851731,-0.395050,-0.407872,0.796173,0.074826,0.654010,-0.220190,-0.266105,-0.049291,-0.584796,-0.596872,-0.432683,-0.712449,-0.810880,0.885327,1.000000
