,Tuberomammillary nucleus ventral part,Inferior colliculus,Principal sensory nucleus of the trigeminal,Interfascicular nucleus raphe,Induseum griseum,Anterior amygdalar area,Intergeniculate leaflet of the lateral geniculate complex,Periventricular hypothalamic nucleus anterior part,Paraventricular hypothalamic nucleus,Anterior cingulate area dorsal part,Infralimbic area,Anterior cingulate area ventral part,Nucleus accumbens,Paraventricular hypothalamic nucleus descending division,Lateral terminal nucleus of the accessory optic tract,Anterodorsal preoptic nucleus,Dorsal terminal nucleus of the accessory optic tract,Inferior olivary complex,Anterior hypothalamic nucleus,Interposed nucleus,Dorsal cochlear nucleus,Interpeduncular nucleus,Ventral cochlear nucleus,Agranular insular area dorsal part,Inferior salivatory nucleus,Agranular insular area posterior part,Trochlear nucleus,Periventricular hypothalamic nucleus intermediate part,Agranular insular area ventral part,Periventricular hypothalamic nucleus posterior part,Anteromedial nucleus,Midbrain reticular nucleus,Nucleus ambiguus,Intermediate reticular nucleus,Pontine reticular nucleus,Locus ceruleus,Paraventricular nucleus of the thalamus,Accessory olfactory bulb,Lateral dorsal nucleus of thalamus,Anterior olfactory nucleus,Nucleus prepositus,Dorsal part of the lateral geniculate complex,Retrochiasmatic area,Nucleus of Roller,Ventral part of the lateral geniculate complex,Nucleus of reuniens,Frontal pole cerebral cortex,Lateral habenula,Rhomboid nucleus,Lateral hypothalamic area,Rostral linear nucleus raphe,Medial vestibular nucleus,Linear nucleus of the medulla,Nucleus raphe magnus,Area postrema,Lateral vestibular nucleus,Lateral mammillary nucleus,Red nucleus,Anterior pretectal nucleus,Superior vestibular nucleus,Lateral posterior nucleus of the thalamus,Lateral preoptic area,Nucleus raphe pallidus,Anterior tegmental nucleus,Lateral reticular nucleus,Nucleus raphe pontis,Midbrain reticular nucleus retrorubral area,Lateral septal nucleus caudal (caudodorsal) part,Lateral septal nucleus rostral (rostroventral) part,Reticular nucleus of the thalamus,Anteroventral preoptic nucleus,Anteroventral periventricular nucleus,Barrington's nucleus,Suprachiasmatic nucleus,Bed nucleus of the anterior commissure,Bed nucleus of the accessory olfactory tract,Superior colliculus motor related,Basolateral amygdalar nucleus,Magnocellular nucleus,Superior colliculus sensory related,Basomedial amygdalar nucleus,Suprageniculate nucleus,Primary somatosensory area barrel field,Accessory supraoptic group,Septohippocampal nucleus,Primary somatosensory area lower limb,Subfornical organ,Primary somatosensory area mouth,Subparaventricular zone,Subceruleus nucleus,Bed nuclei of the stria terminalis,Primary somatosensory area nose,Preparasubthalamic nucleus,Sublaterodorsal nucleus,Primary somatosensory area trunk,Mediodorsal nucleus of thalamus,Parasubthalamic nucleus,Submedial nucleus of the thalamus,Primary somatosensory area upper limb,Infracerebellar nucleus,Substantia nigra compact part,Supplemental somatosensory area,Field CA1,Primary visual area,Supraoptic nucleus,Anteromedial visual area,Medullary reticular nucleus,Superior olivary complex,Anterolateral visual area,Medial amygdalar nucleus,Lateral visual area,Field CA2,Posterolateral visual area,Spinal nucleus of the trigeminal oral part,Field CA3,Medial geniculate complex,Medial mammillary nucleus,Subiculum,Main olfactory bulb,Medial preoptic nucleus,Medial preoptic area,Medial pretectal area,posteromedial visual area,Central amygdalar nucleus,Temporal association areas,Medial septal nucleus,Postpiriform transition area,Tegmental reticular nucleus,Central lateral nucleus of the thalamus,Accessory facial motor nucleus,Taenia tecta,Central linear nucleus raphe,Diagonal band nucleus,Central medial nucleus of the thalamus,Subparafascicular area,Nucleus of the lateral lemniscus,Tuberal nucleus,Cuneiform nucleus,Nucleus of the lateral olfactory tract,Motor nucleus of trigeminal,Cortical amygdalar area anterior part,Nucleus of the trapezoid body,Cortical amygdalar area posterior part,Nucleus of the solitary tract,Abducens nucleus,Facial motor nucleus,Caudoputamen,Visceral area,Superior central nucleus raphe,Ventral medial nucleus of the thalamus,Ventrolateral preoptic nucleus,Ventromedial hypothalamic nucleus,Olivary pretectal nucleus,Cuneate nucleus,Ventral posterolateral nucleus of the thalamus,Dentate gyrus,Orbital area medial part,Ventral posteromedial nucleus of the thalamus,Orbital area ventrolateral part,Ventral tegmental area,Olfactory tubercle,Ventral tegmental nucleus,Vascular organ of the lamina terminalis,Nucleus x,Hypoglossal nucleus,Posterior amygdalar nucleus,Nucleus y,Piriform-amygdalar area,Periaqueductal gray,Zona incerta,Dorsal peduncular area,Dorsomedial nucleus of the hypothalamus,Dorsal motor nucleus of the vagus nerve,Parasubiculum,Dentate nucleus,Parvicellular reticular nucleus,Parasolitary nucleus,Parabrachial nucleus,Dorsal nucleus raphe,Parabigeminal nucleus,Retrosplenial area dorsal part,Dorsal tegmental nucleus,Retrosplenial area ventral part,Retrosplenial area lateral agranular part,Ectorhinal area,External cuneate nucleus,Paracentral nucleus,Lingula (I),Entorhinal area lateral part,Central lobule,Perirhinal area,Entorhinal area medial part dorsal zone,Culmen,Parafascicular nucleus,Pontine gray,Declive (VI),Folium-tuber vermis (VII),Posterior hypothalamic nucleus,Pyramus (VIII),Uvula (IX),Piriform area,Nodulus (X),Paragigantocellular reticular nucleus dorsal part,Prelimbic area,Edinger-Westphal nucleus,Paragigantocellular reticular nucleus lateral part,Dorsal premammillary nucleus,Fasciola cinerea,Primary motor area,Fastigial nucleus,Secondary motor area,Fundus of striatum,Primary auditory area,Ventral premammillary nucleus,Simple lobule,fiber tracts,Dorsal auditory area,Ansiform lobule,Ventral auditory area,Posterior complex of the thalamus,Paramedian lobule,Posterior auditory area,Posterior limiting nucleus of the thalamus,Copula pyramidis,Postsubiculum,Paraflocculus,Flocculus,Gustatory areas,Parapyramidal nucleus,Presubiculum,Medullary reticular nucleus dorsal part,Intercalated amygdalar nucleus,Medullary reticular nucleus ventral part,Parastrial nucleus,Interanteromedial nucleus of the thalamus,Tuberomammillary nucleus dorsal part,Median eminence
Tuberomammillary nucleus ventral part,1.000000,0.989525,0.884229,0.986471,0.985072,0.980720,0.947477,0.978378,0.988611,0.827574,0.910210,0.802290,0.725158,0.956701,0.956055,0.923008,0.912882,0.983937,0.997728,0.988199,0.999165,0.945007,0.705495,0.998938,0.919320,0.889526,0.715798,0.943247,0.922106,0.978195,0.995877,0.911511,0.905611,0.995888,0.894362,0.823049,0.735213,0.886427,0.947344,0.745303,0.227958,0.120373,0.702195,0.686457,0.541398,0.209703,0.620927,0.556024,0.839191,0.905443,0.065398,0.781034,0.787533,0.760680,0.170996,0.849291,0.819711,0.637913,0.171757,0.107492,0.243639,0.911938,0.933653,0.292567,0.970695,0.924452,-0.750743,0.742402,0.842936,0.930356,-0.563384,0.412046,0.914922,0.888289,0.994103,0.878089,0.938766,0.932301,0.937106,0.875820,0.972861,0.967208,0.951378,0.999723,0.743079,0.878792,0.794213,0.994149,0.406023,0.870492,0.995770,0.889603,0.623209,0.292209,0.842946,0.898883,0.994385,0.465412,0.954993,-0.478694,0.844511,0.871597,0.040155,0.918639,0.904756,0.843465,-0.573374,0.964251,0.946762,0.883221,0.998752,0.962936,0.968306,0.984321,0.425185,0.873512,0.904933,0.914825,0.961470,0.932107,0.927370,0.809077,0.916248,0.840843,0.981728,0.946716,0.937887,0.992070,0.990964,0.865339,0.980619,0.279627,0.881099,0.786603,0.935197,0.930368,0.112506,0.791760,0.507574,0.958797,0.965733,0.818364,0.973513,0.962576,0.629343,0.445912,0.837287,0.822128,0.974209,0.851484,0.272880,0.938283,-0.166962,0.391382,0.494944,0.838137,0.962736,0.721953,0.917819,0.217575,0.975474,0.354301,-0.355417,-0.304048,-0.251447,0.927843,0.623895,0.895811,0.763422,0.978693,0.989165,0.829272,0.652505,0.895545,0.885404,0.677059,0.962951,0.988243,0.925093,0.823748,0.842040,0.760877,0.957641,0.992741,0.995250,0.859802,0.832935,0.990459,0.995306,0.855582,0.943820,0.826443,0.956241,0.933548,0.938176,0.855059,0.681266,-0.470023,0.452911,0.887308,0.882361,0.714374,0.814735,0.941098,0.983098,0.925126,0.615895,0.732489,0.974152,0.160339,0.527818,0.445328,0.975795,0.629236,0.353784,0.999471,0.845228,0.047703,0.977210,0.914575,0.646097,0.947947,0.618292,0.548119,0.652534,0.147594,0.805447,0.742231,0.867251,0.773860,0.818703,0.209336,-0.590065,-0.446821,0.986615,0.628549,0.731755
Inferior colliculus,0.989525,1.000000,0.937130,0.991001,0.989111,0.957885,0.983276,0.972884,0.977755,0.742747,0.854571,0.878285,0.813745,0.973068,0.982273,0.875298,0.862192,0.972421,0.990378,0.998448,0.989635,0.925302,0.665575,0.982665,0.959160,0.946164,0.655622,0.935055,0.858259,0.993757,0.987581,0.872398,0.951955,0.998533,0.935647,0.893543,0.818960,0.943475,0.979559,0.828717,0.350327,0.247602,0.789052,0.780224,0.653684,0.346454,0.727312,0.657622,0.904503,0.897941,0.193952,0.862691,0.867797,0.845972,0.311343,0.907640,0.893686,0.597533,0.227792,0.198411,0.379709,0.961621,0.975530,0.422232,0.984308,0.957167,-0.837722,0.644546,0.895916,0.897993,-0.548576,0.525223,0.853219,0.824182,0.969932,0.801199,0.932280,0.962002,0.976652,0.926630,0.981608,0.993077,0.984530,0.992255,0.813212,0.935911,0.872865,0.998997,0.459380,0.924813,0.990969,0.926417,0.722062,0.412716,0.796224,0.827657,0.998040,0.556228,0.905886,-0.400980,0.774599,0.919159,-0.070242,0.957825,0.932498,0.760312,-0.614075,0.945240,0.978792,0.810325,0.989082,0.946689,0.965266,0.991298,0.372118,0.798626,0.855715,0.900602,0.982221,0.956060,0.865030,0.744221,0.882146,0.910053,0.971688,0.920318,0.880272,0.964244,0.981980,0.788574,0.943776,0.406910,0.805214,0.708684,0.876650,0.953781,0.151034,0.807161,0.592973,0.937913,0.986347,0.735029,0.963700,0.976476,0.567748,0.312102,0.821261,0.741108,0.971946,0.873631,0.253727,0.913201,-0.306637,0.510330,0.548337,0.884643,0.946586,0.626477,0.893382,0.078578,0.991401,0.457049,-0.236060,-0.194701,-0.246750,0.969818,0.595040,0.825029,0.821362,0.997508,0.999898,0.892436,0.717259,0.883058,0.894897,0.773145,0.936096,0.988762,0.860831,0.851106,0.908106,0.679942,0.984815,0.978608,0.970803,0.812336,0.748017,0.998293,0.997422,0.891319,0.976525,0.791870,0.921379,0.926375,0.965726,0.775300,0.587894,-0.553569,0.575415,0.881582,0.813773,0.643109,0.730540,0.979173,0.960938,0.875502,0.501545,0.637338,0.940652,0.139495,0.635175,0.380986,0.934293,0.534486,0.320317,0.993586,0.886782,0.009278,0.936494,0.864485,0.601339,0.953733,0.525400,0.433059,0.594404,0.123087,0.811965,0.831193,0.928450,0.681111,0.727829,0.082146,-0.628285,-0.486283,0.965072,0.555694,0.669619
Principal sensory nucleus of the trigeminal,0.884229,0.937130,1.000000,0.893526,0.888441,0.798062,0.966149,0.842355,0.845450,0.469894,0.619619,0.982964,0.959558,0.883681,0.926034,0.651963,0.631635,0.834163,0.879919,0.925170,0.878986,0.748482,0.405241,0.861906,0.995440,0.983790,0.368104,0.779049,0.636729,0.922808,0.870764,0.782319,0.998786,0.919791,0.992105,0.990731,0.966501,0.991761,0.939542,0.969586,0.654830,0.569229,0.953406,0.944166,0.866400,0.631017,0.895607,0.879055,0.995565,0.729791,0.363584,0.949148,0.971610,0.962284,0.568506,0.996488,0.965338,0.330798,0.161575,0.231603,0.653577,0.982806,0.982515,0.702144,0.960903,0.987880,-0.934232,0.431896,0.988646,0.815151,-0.322560,0.788903,0.620893,0.575224,0.828620,0.591780,0.777882,0.984924,0.988533,0.997761,0.951200,0.971330,0.983471,0.894938,0.961026,0.998226,0.976023,0.928588,0.679571,0.999035,0.882232,0.983246,0.916149,0.704116,0.717288,0.593591,0.928688,0.590856,0.749672,-0.336529,0.624009,0.992870,-0.175566,0.994853,0.972358,0.496385,-0.510151,0.779425,0.987346,0.620059,0.876507,0.784905,0.921687,0.898504,0.078985,0.545171,0.622931,0.722253,0.910770,0.974841,0.647795,0.626682,0.671442,0.981698,0.903221,0.842433,0.705543,0.818915,0.856207,0.595206,0.799984,0.576132,0.561760,0.557361,0.662230,0.973256,0.390637,0.877203,0.826030,0.865025,0.972450,0.545698,0.903313,0.883940,0.514948,0.003487,0.620226,0.462256,0.845526,0.759067,0.019860,0.724585,-0.589632,0.775841,0.751359,0.976270,0.881518,0.316718,0.836722,-0.172679,0.963158,0.734843,-0.056510,0.157358,-0.041122,0.955748,0.623668,0.632308,0.954327,0.959367,0.940136,0.993555,0.894147,0.702204,0.919607,0.938166,0.757428,0.882189,0.661773,0.743609,0.994684,0.528769,0.980988,0.845426,0.839411,0.566747,0.539330,0.940147,0.925203,0.964903,0.988522,0.556935,0.728628,0.768485,0.899488,0.514431,0.268632,-0.794400,0.804252,0.711926,0.644627,0.343265,0.449866,0.986686,0.804308,0.651872,0.267817,0.330635,0.763294,-0.092316,0.743437,0.359443,0.764170,0.206465,0.059023,0.898703,0.970910,-0.245267,0.777141,0.635183,0.328382,0.830948,0.196825,0.094345,0.302920,-0.114563,0.651249,0.946346,0.995330,0.388472,0.490906,-0.105536,-0.519158,-0.374674,0.864905,0.471685,0.381894
Interfascicular nucleus raphe,0.986471,0.991001,0.893526,1.000000,0.999909,0.980814,0.972928,0.994580,0.994072,0.786540,0.898651,0.836246,0.761758,0.991475,0.988294,0.919158,0.908497,0.992511,0.994588,0.996625,0.991460,0.966040,0.758468,0.984141,0.917486,0.924170,0.744496,0.974029,0.882968,0.996853,0.995344,0.832595,0.910970,0.991608,0.882990,0.849310,0.759716,0.914622,0.981378,0.773146,0.256629,0.154294,0.723575,0.723754,0.592926,0.284003,0.686098,0.577876,0.857769,0.948728,0.212917,0.841193,0.832085,0.808795,0.274752,0.854067,0.871550,0.698870,0.325494,0.269000,0.321814,0.942020,0.955840,0.349740,0.952204,0.911163,-0.817039,0.636995,0.834055,0.859349,-0.654513,0.438007,0.888399,0.870166,0.977443,0.805762,0.972308,0.917628,0.950693,0.875430,0.948890,0.973652,0.959650,0.986934,0.738126,0.897744,0.835382,0.988757,0.336741,0.875684,0.996927,0.868842,0.654139,0.321970,0.744607,0.854531,0.985711,0.602187,0.898759,-0.328619,0.747634,0.862807,-0.121307,0.914944,0.875811,0.798627,-0.694951,0.977725,0.946190,0.805483,0.992137,0.979491,0.929034,0.999855,0.491935,0.836772,0.905749,0.950494,0.992537,0.908231,0.888041,0.701895,0.932667,0.881238,0.944346,0.883735,0.877867,0.970659,0.995620,0.782791,0.939835,0.410684,0.834697,0.677140,0.901376,0.904977,0.017498,0.722890,0.490207,0.903142,0.955644,0.722184,0.931453,0.993974,0.495195,0.351733,0.890239,0.793721,0.994610,0.923124,0.379446,0.956722,-0.251348,0.429595,0.432007,0.816678,0.911304,0.691396,0.845909,0.086990,0.964965,0.352081,-0.206679,-0.301476,-0.370030,0.965467,0.501810,0.823443,0.741861,0.981051,0.989017,0.836876,0.621639,0.937912,0.829881,0.719106,0.969011,0.999601,0.869036,0.903230,0.865186,0.646629,0.954832,0.991631,0.970935,0.876312,0.746106,0.982965,0.985347,0.822965,0.942438,0.864854,0.955768,0.968446,0.981452,0.814469,0.664524,-0.445726,0.520454,0.936596,0.798882,0.728445,0.781392,0.954396,0.982209,0.917303,0.498830,0.699772,0.964524,0.269276,0.643491,0.295421,0.944060,0.619178,0.444155,0.988327,0.818136,0.142946,0.939447,0.910461,0.701658,0.984505,0.613266,0.508045,0.692502,0.253751,0.879658,0.800125,0.892357,0.733578,0.740144,0.059386,-0.708977,-0.579512,0.946980,0.492686,0.755414
Induseum griseum,0.985072,0.989111,0.888441,0.999909,1.000000,0.982010,0.971067,0.995737,0.994647,0.789711,0.901906,0.831517,0.756161,0.992426,0.988038,0.922416,0.911999,0.993470,0.993943,0.995463,0.990561,0.969093,0.766960,0.983175,0.912498,0.921289,0.752473,0.976961,0.884207,0.996225,0.995056,0.827423,0.906097,0.989883,0.876921,0.844310,0.753350,0.911050,0.980734,0.767140,0.247483,0.145322,0.716626,0.717767,0.586745,0.278113,0.681787,0.569703,0.852474,0.952900,0.215392,0.838596,0.828033,0.804647,0.271541,0.848035,0.868810,0.708286,0.335492,0.276484,0.316347,0.939324,0.953075,0.342712,0.948006,0.905696,-0.814581,0.634986,0.827163,0.854309,-0.664596,0.429282,0.890717,0.873596,0.977055,0.804942,0.975359,0.912304,0.947278,0.869574,0.944605,0.970802,0.956299,0.985320,0.730080,0.893237,0.831136,0.986709,0.324142,0.870060,0.996473,0.862258,0.647081,0.313047,0.738273,0.855978,0.983446,0.606801,0.896807,-0.320411,0.743685,0.856417,-0.127058,0.909831,0.869257,0.801234,-0.702751,0.979925,0.942055,0.803723,0.991363,0.981738,0.924340,0.999733,0.503386,0.839370,0.909644,0.954534,0.992684,0.902529,0.889110,0.696450,0.936672,0.877777,0.940506,0.878915,0.876371,0.970144,0.995930,0.780936,0.938239,0.411390,0.836404,0.672748,0.902629,0.899175,0.004028,0.713598,0.479672,0.898520,0.951627,0.719629,0.927124,0.994815,0.486888,0.354643,0.896286,0.797811,0.995885,0.927364,0.391817,0.960039,-0.246243,0.421576,0.419956,0.809141,0.906649,0.696768,0.840024,0.086946,0.961348,0.341566,-0.202755,-0.311459,-0.382246,0.964264,0.491570,0.822010,0.733287,0.978456,0.986938,0.830686,0.611579,0.942482,0.822415,0.713387,0.971218,0.999675,0.868597,0.907791,0.860278,0.642070,0.950928,0.991851,0.969797,0.881676,0.744638,0.980419,0.983099,0.815318,0.938159,0.871228,0.958093,0.971707,0.982204,0.817167,0.671135,-0.434707,0.515002,0.941224,0.796124,0.736011,0.785295,0.951090,0.983237,0.920340,0.497364,0.704882,0.965771,0.282167,0.644304,0.285973,0.943836,0.626654,0.456182,0.986727,0.810498,0.156263,0.938534,0.913930,0.710942,0.986668,0.621084,0.514523,0.701490,0.266727,0.885716,0.796633,0.888091,0.737646,0.740104,0.056248,-0.716729,-0.588690,0.944016,0.485294,0.763053
Anterior amygdalar area,0.980720,0.957885,0.798062,0.980814,0.982010,1.000000,0.909410,0.992377,0.996178,0.891098,0.966587,0.714851,0.622770,0.961984,0.942299,0.977203,0.971230,0.996897,0.987796,0.966471,0.986395,0.988676,0.829073,0.987105,0.837929,0.832125,0.837927,0.982115,0.953428,0.962276,0.991050,0.849350,0.824039,0.968621,0.798033,0.733393,0.623710,0.819585,0.926719,0.638734,0.069878,-0.036329,0.582064,0.577503,0.425193,0.091785,0.531390,0.415759,0.746911,0.961024,0.063364,0.720950,0.708131,0.678682,0.088466,0.748913,0.759692,0.774336,0.291065,0.183419,0.131527,0.858887,0.881740,0.160932,0.907031,0.838524,-0.691186,0.739701,0.732423,0.868048,-0.702051,0.261601,0.960280,0.949431,0.992283,0.885269,0.978802,0.849103,0.877021,0.779816,0.909338,0.918430,0.893867,0.976709,0.612563,0.799293,0.712606,0.961905,0.219619,0.776687,0.987735,0.787547,0.498574,0.137457,0.767360,0.935120,0.959523,0.501391,0.938992,-0.387441,0.807567,0.769280,-0.007466,0.835739,0.805555,0.898850,-0.665872,0.996123,0.878974,0.876576,0.987705,0.994686,0.902510,0.977584,0.593291,0.926414,0.968224,0.970424,0.954657,0.845377,0.955955,0.750617,0.976847,0.772296,0.929359,0.885702,0.930441,0.989547,0.994424,0.858524,0.965979,0.253320,0.922198,0.746055,0.965206,0.842444,-0.080666,0.659264,0.339964,0.898904,0.902611,0.804048,0.914509,0.967029,0.531847,0.520581,0.920782,0.897047,0.988931,0.900015,0.444613,0.987013,-0.058995,0.248975,0.315649,0.720692,0.901083,0.818509,0.841956,0.254454,0.919018,0.182688,-0.333965,-0.468142,-0.417178,0.897049,0.491276,0.892971,0.629050,0.935264,0.954896,0.725506,0.496515,0.957919,0.778935,0.571117,0.997078,0.985920,0.933812,0.875276,0.754784,0.718979,0.894274,0.996404,0.983348,0.942630,0.833697,0.950675,0.961096,0.739555,0.873905,0.919502,0.994181,0.976620,0.937762,0.910705,0.794148,-0.296486,0.344049,0.948628,0.861045,0.833996,0.888032,0.882874,0.999921,0.976861,0.625469,0.825386,0.997072,0.339941,0.507624,0.333740,0.981015,0.754364,0.524536,0.976214,0.727762,0.238265,0.972895,0.972316,0.781900,0.972559,0.747574,0.665588,0.787980,0.329395,0.883010,0.668162,0.789941,0.851869,0.840471,0.201131,-0.682542,-0.558710,0.949256,0.546517,0.849794
Intergeniculate leaflet of the lateral geniculate complex,0.947477,0.983276,0.966149,0.972928,0.971067,0.909410,1.000000,0.946478,0.942261,0.625528,0.772946,0.939973,0.890381,0.974397,0.992057,0.803502,0.787669,0.937514,0.954961,0.983963,0.950528,0.888047,0.626873,0.934720,0.970990,0.987387,0.589035,0.912132,0.758952,0.988130,0.952225,0.782952,0.972815,0.972227,0.946213,0.946783,0.886536,0.982928,0.995880,0.896863,0.469806,0.376455,0.859390,0.863066,0.762972,0.495905,0.833579,0.746079,0.949726,0.881054,0.365065,0.939431,0.937615,0.922520,0.475499,0.941201,0.959203,0.563028,0.329545,0.337629,0.528931,0.994064,0.997247,0.556749,0.964128,0.958133,-0.922461,0.494956,0.919823,0.817164,-0.550796,0.630013,0.760525,0.732864,0.914001,0.679223,0.912051,0.959421,0.993080,0.950535,0.954859,0.993255,0.992668,0.953317,0.857451,0.972427,0.939796,0.974435,0.474629,0.954125,0.959512,0.929621,0.809237,0.529051,0.694707,0.720194,0.971200,0.676930,0.813678,-0.262148,0.651608,0.937186,-0.231921,0.968410,0.923857,0.642917,-0.679121,0.905486,0.982921,0.690105,0.950233,0.910657,0.922171,0.976295,0.333459,0.691044,0.784611,0.874451,0.986277,0.944848,0.766939,0.623403,0.830456,0.966504,0.922260,0.847475,0.779168,0.903259,0.947915,0.663510,0.867838,0.565220,0.693118,0.575331,0.783847,0.941579,0.151362,0.776063,0.653799,0.872502,0.975847,0.600300,0.913086,0.974135,0.445570,0.140536,0.801541,0.632031,0.950171,0.896130,0.265174,0.870142,-0.463534,0.625406,0.563387,0.898183,0.887014,0.505724,0.820082,-0.104288,0.976053,0.543759,-0.061680,-0.082021,-0.276639,0.997155,0.508179,0.708331,0.847734,0.989278,0.982863,0.932085,0.749884,0.861407,0.860282,0.860089,0.886378,0.966090,0.755168,0.882023,0.955552,0.542778,0.983273,0.937616,0.911917,0.749585,0.614642,0.975925,0.968657,0.890315,0.981092,0.749846,0.862000,0.906112,0.981097,0.662275,0.475050,-0.611263,0.702365,0.868961,0.695655,0.560986,0.616944,0.993999,0.912695,0.800456,0.335767,0.515853,0.878888,0.153254,0.762475,0.255779,0.857227,0.424090,0.310372,0.956725,0.893484,0.004733,0.858036,0.790578,0.560590,0.945911,0.418811,0.295238,0.535406,0.132764,0.821837,0.915120,0.971282,0.558132,0.592085,-0.096058,-0.689599,-0.557492,0.903845,0.422289,0.598989
Periventricular hypothalamic nucleus anterior part,0.978378,0.972884,0.842355,0.994580,0.995737,0.992377,0.946478,1.000000,0.997841,0.831489,0.933852,0.779572,0.695905,0.988286,0.974591,0.951624,0.943462,0.998797,0.989902,0.982900,0.986011,0.987660,0.820020,0.980594,0.871227,0.884758,0.809873,0.991004,0.908990,0.984516,0.993106,0.812234,0.863220,0.977124,0.829919,0.792841,0.690923,0.870992,0.963358,0.706567,0.159897,0.057301,0.650381,0.653956,0.516142,0.201711,0.622140,0.492893,0.801266,0.972942,0.183464,0.795287,0.778015,0.752529,0.207236,0.795538,0.827294,0.766281,0.365003,0.281925,0.242148,0.906007,0.922009,0.262846,0.919406,0.864483,-0.770245,0.655995,0.772288,0.837394,-0.717397,0.346289,0.920106,0.909369,0.980036,0.824185,0.989425,0.872795,0.913793,0.820432,0.917227,0.944669,0.925263,0.976542,0.664003,0.848571,0.780690,0.971609,0.242520,0.820882,0.992511,0.814262,0.576474,0.226981,0.720186,0.884383,0.967681,0.596938,0.900735,-0.304910,0.745259,0.805771,-0.117819,0.868170,0.824458,0.839610,-0.725322,0.993989,0.907560,0.816959,0.987474,0.995092,0.898991,0.993425,0.576444,0.874780,0.942567,0.976185,0.983072,0.863123,0.912521,0.689050,0.964941,0.834261,0.921705,0.860995,0.885505,0.973756,0.997172,0.795084,0.939644,0.370462,0.867743,0.675072,0.925626,0.859469,-0.075829,0.659911,0.396928,0.879649,0.921545,0.732737,0.905872,0.990955,0.464890,0.413147,0.928696,0.842828,0.999640,0.937800,0.458342,0.981761,-0.172850,0.340160,0.340717,0.753318,0.885986,0.753372,0.816290,0.133454,0.934803,0.253514,-0.222986,-0.396915,-0.443142,0.940873,0.448895,0.836092,0.668706,0.955947,0.969692,0.775838,0.537730,0.966223,0.779420,0.650133,0.987999,0.996524,0.885248,0.918120,0.810710,0.644688,0.919191,0.994407,0.969173,0.921386,0.763584,0.961863,0.967941,0.762572,0.902734,0.911622,0.978210,0.987055,0.973331,0.854793,0.733263,-0.350336,0.444800,0.962967,0.802983,0.795180,0.830506,0.918629,0.992542,0.949112,0.527103,0.760053,0.980053,0.352212,0.609865,0.259916,0.953605,0.693687,0.525628,0.977478,0.755847,0.234792,0.944640,0.945023,0.769750,0.992137,0.689204,0.583851,0.763383,0.338485,0.910594,0.746555,0.843263,0.786728,0.768165,0.083514,-0.739855,-0.618897,0.933445,0.471645,0.819403
Paraventricular hypothalamic nucleus,0.988611,0.977755,0.845450,0.994072,0.994647,0.996178,0.942261,0.997841,1.000000,0.848849,0.940622,0.772982,0.688420,0.979250,0.967095,0.955595,0.947462,0.999589,0.995898,0.984826,0.993832,0.982612,0.799336,0.991076,0.878557,0.877383,0.798488,0.982396,0.927041,0.982338,0.997949,0.848181,0.867765,0.984074,0.841210,0.789331,0.688350,0.866338,0.955352,0.702622,0.154877,0.049762,0.649108,0.646233,0.502588,0.178073,0.602955,0.491396,0.800823,0.958911,0.127862,0.777825,0.767093,0.740214,0.171170,0.800624,0.813162,0.741870,0.303817,0.218826,0.217016,0.900331,0.919391,0.246499,0.932745,0.876320,-0.750303,0.699412,0.782835,0.870430,-0.681137,0.342894,0.932911,0.918385,0.990897,0.855364,0.979716,0.885108,0.914702,0.827463,0.932649,0.948078,0.928174,0.986607,0.673221,0.847775,0.771149,0.979126,0.276326,0.825705,0.996811,0.829268,0.571360,0.221735,0.763601,0.904157,0.976523,0.546056,0.926864,-0.366785,0.786947,0.816163,-0.054936,0.876248,0.842549,0.858734,-0.678966,0.992255,0.914120,0.850636,0.994828,0.992188,0.920267,0.992180,0.547909,0.891043,0.944409,0.965085,0.975834,0.879034,0.930752,0.735144,0.960997,0.824825,0.941914,0.891021,0.912732,0.986432,0.999772,0.830510,0.959987,0.322813,0.888066,0.721382,0.941759,0.875983,-0.033383,0.693654,0.410925,0.906917,0.931657,0.773352,0.928021,0.983252,0.521594,0.448605,0.909838,0.855026,0.995848,0.912985,0.413905,0.977512,-0.144890,0.331779,0.372299,0.768826,0.911723,0.765272,0.850026,0.182845,0.944915,0.261195,-0.281667,-0.394252,-0.394233,0.931728,0.502071,0.867673,0.684434,0.960795,0.975258,0.779864,0.557146,0.952288,0.807728,0.640473,0.989004,0.996746,0.910420,0.890114,0.808394,0.692739,0.926513,0.999196,0.983250,0.916474,0.800256,0.970390,0.977255,0.782349,0.909652,0.897939,0.981546,0.976715,0.961161,0.872349,0.739241,-0.366973,0.424547,0.946401,0.839282,0.789413,0.844592,0.919609,0.996802,0.954674,0.573997,0.772932,0.987401,0.306128,0.568984,0.322197,0.969887,0.696520,0.487729,0.986926,0.773525,0.193059,0.963506,0.948947,0.747442,0.981795,0.689953,0.597939,0.747030,0.293331,0.883709,0.730205,0.840013,0.803118,0.800994,0.141590,-0.694586,-0.567162,0.954073,0.528524,0.810126
Anterior cingulate area dorsal part,0.827574,0.742747,0.469894,0.786540,0.789711,0.891098,0.625528,0.831489,0.848849,1.000000,0.972339,0.332400,0.215271,0.738773,0.687879,0.956675,0.961872,0.852918,0.826614,0.753210,0.831203,0.879288,0.831662,0.852227,0.542909,0.494583,0.899123,0.838120,0.979156,0.735501,0.833532,0.793938,0.512037,0.776179,0.501801,0.363400,0.227978,0.480471,0.655276,0.242633,-0.353318,-0.454290,0.182221,0.160929,-0.021020,-0.367244,0.090895,-0.003458,0.389229,0.823484,-0.333571,0.328076,0.316370,0.276527,-0.370835,0.409444,0.382755,0.791882,0.103503,-0.101016,-0.331100,0.538490,0.580854,-0.293344,0.682841,0.563455,-0.287965,0.896755,0.409206,0.788977,-0.656886,-0.166963,0.982256,0.984995,0.882896,0.955740,0.830635,0.581884,0.581690,0.458490,0.699333,0.659635,0.615319,0.814252,0.254307,0.460137,0.324241,0.762707,-0.032267,0.446039,0.819463,0.505011,0.076812,-0.291580,0.745948,0.987651,0.763602,0.148032,0.910016,-0.523808,0.859021,0.457837,0.311040,0.542652,0.547684,0.999054,-0.448267,0.880001,0.603633,0.932819,0.833174,0.870519,0.728400,0.776275,0.690732,0.996144,0.956390,0.851291,0.716285,0.595056,0.975944,0.791327,0.917441,0.404938,0.775048,0.785913,0.930883,0.891403,0.840661,0.929601,0.895747,-0.181284,0.992394,0.831702,0.972552,0.593941,-0.235213,0.455753,-0.024561,0.780512,0.658426,0.902641,0.760376,0.750052,0.591847,0.846884,0.823904,0.996649,0.819203,0.682905,0.468708,0.895437,0.400019,-0.192312,0.048102,0.417059,0.767630,0.981770,0.740139,0.634331,0.687729,-0.206161,-0.624242,-0.755777,-0.401335,0.598971,0.450878,0.940953,0.303203,0.696002,0.738799,0.374952,0.168440,0.837767,0.578519,0.149612,0.904892,0.803653,0.958049,0.647922,0.394811,0.818222,0.631908,0.857751,0.873603,0.935683,0.935825,0.742486,0.769673,0.465106,0.596874,0.881044,0.927554,0.831753,0.683912,0.998657,0.960122,0.056208,-0.115876,0.809638,0.903133,0.928400,0.998335,0.591397,0.888326,0.961438,0.856188,0.985396,0.921643,0.390411,0.087929,0.434207,0.927528,0.935150,0.576604,0.809038,0.437656,0.362991,0.915876,0.960794,0.810999,0.784490,0.925200,0.921240,0.855897,0.393371,0.723893,0.259158,0.440891,0.995695,0.965057,0.542815,-0.469313,-0.369802,0.829934,0.641863,0.913546
Infralimbic area,0.910210,0.854571,0.619619,0.898651,0.901906,0.966587,0.772946,0.933852,0.940622,0.972339,1.000000,0.511748,0.401409,0.872148,0.830014,0.998219,0.998990,0.945284,0.918118,0.868576,0.918015,0.966205,0.891290,0.928008,0.676327,0.662998,0.925052,0.942328,0.983956,0.861141,0.925331,0.801022,0.654886,0.877259,0.628831,0.534794,0.403290,0.645370,0.803780,0.420497,-0.186776,-0.290619,0.355671,0.348936,0.179596,-0.161903,0.301092,0.170813,0.552538,0.931622,-0.110152,0.525914,0.504633,0.469310,-0.149091,0.558761,0.571827,0.848690,0.265709,0.095367,-0.120854,0.699367,0.731360,-0.096635,0.784789,0.683531,-0.491730,0.810692,0.544607,0.809443,-0.749746,0.007107,0.995661,0.997931,0.948920,0.923839,0.937717,0.698840,0.725280,0.599738,0.793352,0.788016,0.750707,0.900405,0.399669,0.619136,0.509596,0.865277,0.025341,0.593542,0.915841,0.621624,0.260132,-0.119863,0.727248,0.979489,0.863106,0.366593,0.923862,-0.406895,0.817167,0.590550,0.109348,0.674275,0.651782,0.972601,-0.617041,0.965334,0.732409,0.902548,0.920412,0.960329,0.801080,0.891843,0.716078,0.985891,0.997162,0.949098,0.852617,0.700831,0.982739,0.745352,0.983870,0.584748,0.842864,0.818759,0.932015,0.950744,0.934169,0.890786,0.933643,0.053218,0.976430,0.768576,0.987185,0.698125,-0.237205,0.513109,0.105880,0.824441,0.771886,0.844567,0.824966,0.879552,0.515911,0.699733,0.921718,0.979506,0.926870,0.832397,0.536349,0.974618,0.190282,-0.007432,0.118313,0.538159,0.819261,0.938239,0.767077,0.438198,0.797060,-0.064644,-0.452275,-0.671288,-0.488616,0.757680,0.415251,0.917177,0.428586,0.815905,0.849940,0.528848,0.284459,0.939199,0.646711,0.341754,0.977757,0.910545,0.953200,0.804445,0.561763,0.746662,0.755473,0.942834,0.935148,0.982546,0.882840,0.846607,0.866948,0.570484,0.725601,0.950276,0.987732,0.938357,0.831835,0.979299,0.922439,-0.064608,0.095435,0.921169,0.874026,0.934414,0.974360,0.733698,0.964206,0.998969,0.733603,0.942053,0.979899,0.446244,0.318139,0.327931,0.965181,0.894531,0.628419,0.897740,0.551149,0.381427,0.951096,0.998860,0.861041,0.906970,0.888239,0.834388,0.883897,0.442537,0.853911,0.459397,0.606432,0.954780,0.909088,0.347238,-0.635693,-0.530739,0.885007,0.553163,0.936214
Anterior cingulate area ventral part,0.802290,0.878285,0.982964,0.836246,0.831517,0.714851,0.939973,0.779572,0.772982,0.332400,0.511748,1.000000,0.992271,0.847103,0.895492,0.552651,0.530584,0.763001,0.805326,0.869535,0.800546,0.679877,0.353241,0.775209,0.961228,0.981102,0.289149,0.723575,0.509023,0.876566,0.796838,0.654584,0.973651,0.852079,0.956134,0.998707,0.989282,0.986534,0.914816,0.993018,0.742210,0.669942,0.979222,0.983617,0.935942,0.751700,0.961890,0.925778,0.995031,0.683296,0.522689,0.984145,0.997774,0.995624,0.708364,0.983663,0.988170,0.286826,0.263472,0.366996,0.773290,0.971364,0.960169,0.803932,0.896190,0.942705,-0.978071,0.260250,0.965880,0.694800,-0.316571,0.855794,0.501203,0.459558,0.735607,0.441859,0.725260,0.936363,0.960188,0.975192,0.880198,0.927583,0.946978,0.815563,0.959415,0.989201,0.998956,0.862075,0.658197,0.982028,0.811664,0.939898,0.960598,0.786291,0.579475,0.459612,0.859737,0.690181,0.622411,-0.176376,0.469855,0.964246,-0.335177,0.959331,0.917492,0.357234,-0.558387,0.706447,0.946167,0.470146,0.798509,0.715489,0.835159,0.844104,0.042935,0.413842,0.525953,0.666616,0.875316,0.917749,0.520742,0.473754,0.592101,0.994209,0.811567,0.729118,0.571445,0.721127,0.784566,0.441409,0.687235,0.711983,0.424619,0.395347,0.540017,0.915172,0.366210,0.802131,0.845682,0.758377,0.917154,0.383854,0.810171,0.843566,0.363859,-0.168960,0.576707,0.333878,0.787368,0.751275,0.037721,0.651286,-0.720118,0.854137,0.726973,0.943159,0.780054,0.183576,0.722580,-0.350615,0.903581,0.784724,0.125032,0.259022,-0.076669,0.941165,0.502545,0.485621,0.934586,0.907761,0.880736,0.986941,0.882512,0.652309,0.840174,0.982193,0.675309,0.820835,0.525566,0.745210,0.996665,0.364039,0.934469,0.767180,0.742500,0.481529,0.379760,0.875071,0.854460,0.917475,0.947653,0.493744,0.638033,0.716357,0.876348,0.378979,0.146317,-0.811976,0.894829,0.670796,0.495202,0.249400,0.317339,0.956860,0.720964,0.549142,0.087213,0.195993,0.668151,-0.066926,0.840622,0.211395,0.652627,0.089836,0.053290,0.821278,0.931041,-0.231533,0.663225,0.534584,0.278108,0.788084,0.084673,-0.045786,0.235079,-0.092296,0.636393,0.988239,0.992975,0.249199,0.331865,-0.283449,-0.563190,-0.435851,0.763459,0.311620,0.298043
Nucleus accumbens,0.725158,0.813745,0.959558,0.761758,0.756161,0.622770,0.890381,0.695905,0.688420,0.215271,0.401409,0.992271,1.000000,0.776150,0.834154,0.444993,0.421322,0.676913,0.726717,0.801992,0.721857,0.584378,0.244592,0.693678,0.928609,0.949936,0.172396,0.634073,0.402249,0.810071,0.716458,0.586584,0.944653,0.782715,0.930592,0.987914,0.997148,0.958647,0.858549,0.998455,0.819094,0.756761,0.993513,0.998383,0.971448,0.823273,0.980730,0.963382,0.981785,0.591950,0.567210,0.971918,0.990391,0.993073,0.773580,0.969430,0.969935,0.179425,0.234921,0.370061,0.840152,0.934447,0.918210,0.870435,0.844098,0.908344,-0.970108,0.165065,0.953189,0.627933,-0.224135,0.912298,0.391536,0.346266,0.648391,0.340943,0.636407,0.899399,0.919557,0.954652,0.826034,0.875906,0.901994,0.740739,0.967258,0.965802,0.991102,0.795207,0.703305,0.962578,0.733604,0.914772,0.987082,0.856373,0.518081,0.350358,0.793192,0.677105,0.533090,-0.136708,0.387707,0.944724,-0.365971,0.926977,0.886835,0.241970,-0.500423,0.613289,0.904253,0.374564,0.719273,0.623527,0.777549,0.771048,-0.062159,0.300115,0.416374,0.571958,0.809347,0.879684,0.414962,0.402894,0.488218,0.975085,0.746131,0.662841,0.477621,0.632891,0.701785,0.345815,0.600156,0.746492,0.313510,0.315816,0.434631,0.877402,0.430912,0.785841,0.889268,0.692908,0.867961,0.291750,0.747494,0.771461,0.320344,-0.278027,0.478983,0.215159,0.705043,0.677658,-0.043499,0.552723,-0.793152,0.912026,0.762902,0.930490,0.716617,0.060658,0.663861,-0.432101,0.849797,0.848262,0.192132,0.374803,-0.004489,0.893265,0.482663,0.388691,0.937343,0.850854,0.817124,0.977160,0.903224,0.557771,0.806296,0.997668,0.578571,0.743660,0.425288,0.674860,0.981950,0.285801,0.888494,0.682231,0.658162,0.370229,0.281305,0.811931,0.787056,0.898885,0.906877,0.386882,0.537608,0.626730,0.812864,0.264014,0.022440,-0.859627,0.938987,0.579812,0.405805,0.129291,0.198486,0.914785,0.629702,0.441335,-0.008015,0.073483,0.571409,-0.142299,0.846052,0.185667,0.558096,-0.034189,-0.039487,0.747153,0.915927,-0.308058,0.571790,0.425602,0.168578,0.707892,-0.039044,-0.168819,0.120046,-0.168730,0.551598,0.986129,0.971379,0.128874,0.225857,-0.346035,-0.502966,-0.381502,0.688671,0.259156,0.180528
Paraventricular hypothalamic nucleus descending division,0.956701,0.973068,0.883681,0.991475,0.992426,0.961984,0.974397,0.988286,0.979250,0.738773,0.872148,0.847103,0.776150,1.000000,0.994864,0.898385,0.887506,0.980194,0.972919,0.984107,0.966223,0.964138,0.785960,0.953409,0.898334,0.933882,0.752965,0.979721,0.834846,0.992464,0.975733,0.753819,0.897660,0.969088,0.856920,0.853800,0.764533,0.919391,0.989507,0.780359,0.274452,0.178261,0.726606,0.739432,0.622435,0.337565,0.724657,0.584088,0.855989,0.964846,0.326054,0.872783,0.851445,0.831435,0.351907,0.841389,0.895941,0.733858,0.441415,0.392182,0.377728,0.947762,0.955042,0.388423,0.919146,0.883028,-0.853971,0.540943,0.810907,0.786344,-0.714335,0.450180,0.850198,0.838995,0.945359,0.732749,0.980226,0.888269,0.943158,0.858235,0.911542,0.959999,0.947719,0.957743,0.719947,0.895492,0.851988,0.965407,0.275167,0.862919,0.978628,0.835583,0.666097,0.339400,0.652091,0.802812,0.959812,0.699285,0.836739,-0.203003,0.656225,0.839178,-0.247296,0.894362,0.835913,0.747602,-0.778188,0.969590,0.927488,0.728173,0.967754,0.973770,0.879907,0.992926,0.535520,0.791448,0.888944,0.960526,0.998095,0.871739,0.839669,0.603175,0.927743,0.896348,0.896427,0.816639,0.813244,0.934931,0.980128,0.702095,0.889304,0.506923,0.781732,0.577086,0.857124,0.867343,-0.058369,0.654207,0.466936,0.841494,0.929197,0.631821,0.880064,0.999767,0.379024,0.270112,0.915171,0.755853,0.991652,0.962269,0.456844,0.952939,-0.313557,0.451668,0.373641,0.783869,0.852855,0.653793,0.772444,-0.018465,0.938006,0.343511,-0.084483,-0.293638,-0.457160,0.976754,0.395095,0.750054,0.710410,0.964008,0.969831,0.826777,0.585108,0.953510,0.769745,0.738649,0.955152,0.989358,0.807734,0.948992,0.866893,0.543360,0.934187,0.971633,0.932893,0.872550,0.662717,0.958056,0.958434,0.781165,0.923166,0.878720,0.936972,0.977518,0.996926,0.766515,0.638420,-0.417805,0.564090,0.957720,0.717134,0.725599,0.739838,0.946561,0.962571,0.893408,0.396178,0.660291,0.938282,0.350682,0.723016,0.170576,0.900641,0.599262,0.507435,0.960416,0.780820,0.215905,0.891324,0.889647,0.732304,0.994584,0.597463,0.466414,0.710932,0.333247,0.921689,0.830704,0.895100,0.687431,0.663445,-0.060933,-0.789825,-0.673809,0.897221,0.375203,0.759668
Lateral terminal nucleus of the accessory optic tract,0.956055,0.982273,0.926034,0.988294,0.988038,0.942299,0.992057,0.974591,0.967095,0.687879,0.830014,0.895492,0.834154,0.994864,1.000000,0.858799,0.845570,0.965618,0.968952,0.989025,0.962996,0.934910,0.719762,0.948338,0.935611,0.964675,0.682983,0.955027,0.801611,0.996097,0.969388,0.766006,0.936498,0.974701,0.901073,0.901822,0.825339,0.954337,0.998928,0.838913,0.366864,0.271841,0.791995,0.801616,0.692657,0.415969,0.781659,0.662233,0.903919,0.933391,0.354011,0.910804,0.897402,0.879760,0.416176,0.891230,0.932032,0.662508,0.401146,0.378397,0.453272,0.975052,0.980028,0.470635,0.942870,0.920689,-0.893108,0.516203,0.863984,0.799914,-0.647994,0.536126,0.811457,0.793153,0.934340,0.707360,0.955427,0.924063,0.971124,0.904412,0.934149,0.979991,0.973118,0.959343,0.785933,0.935928,0.898501,0.973636,0.363754,0.908941,0.974407,0.881264,0.736510,0.429559,0.668858,0.766047,0.968905,0.700210,0.826718,-0.222275,0.651459,0.887392,-0.250793,0.932150,0.878328,0.700448,-0.743447,0.945438,0.957082,0.709528,0.963761,0.950270,0.900995,0.990746,0.449296,0.746927,0.845257,0.927561,0.999049,0.907817,0.807894,0.608948,0.888371,0.934932,0.910174,0.830822,0.797849,0.923443,0.970118,0.682814,0.881154,0.543581,0.742004,0.572536,0.825499,0.903829,0.031900,0.708999,0.553653,0.856296,0.954221,0.614661,0.896757,0.994420,0.403419,0.206500,0.870385,0.700928,0.978367,0.940542,0.377341,0.920437,-0.388609,0.535543,0.458597,0.838562,0.869398,0.587170,0.793601,-0.065475,0.959104,0.436679,-0.065753,-0.197892,-0.383466,0.992752,0.441584,0.730148,0.775302,0.980122,0.980220,0.879234,0.661461,0.918142,0.811496,0.800101,0.928362,0.983878,0.784075,0.927281,0.912813,0.538915,0.960774,0.960422,0.926127,0.821168,0.638659,0.970179,0.966912,0.832830,0.953834,0.825936,0.906879,0.951305,0.996750,0.719899,0.565522,-0.506915,0.633943,0.924307,0.705703,0.654326,0.684977,0.973388,0.944067,0.854452,0.363490,0.595235,0.914798,0.268195,0.751134,0.201647,0.883016,0.521169,0.424749,0.962460,0.834415,0.125709,0.877944,0.848087,0.660228,0.978959,0.518061,0.387796,0.636102,0.249119,0.884483,0.876541,0.935547,0.628993,0.629206,-0.086041,-0.754451,-0.631338,0.902041,0.390566,0.690912
Anterodorsal preoptic nucleus,0.923008,0.875298,0.651963,0.919158,0.922416,0.977203,0.803502,0.951624,0.955595,0.956675,0.998219,0.552651,0.444993,0.898385,0.858799,1.000000,0.999648,0.960388,0.933155,0.890123,0.931839,0.979850,0.898960,0.938920,0.703999,0.699851,0.923781,0.960598,0.976365,0.885411,0.940399,0.795293,0.685166,0.895046,0.655238,0.573442,0.444047,0.681443,0.834406,0.461772,-0.143090,-0.246717,0.396349,0.393449,0.228847,-0.108343,0.351801,0.213300,0.588944,0.951065,-0.051955,0.571535,0.547917,0.514062,-0.091301,0.591495,0.614787,0.856078,0.305316,0.145094,-0.066388,0.733977,0.763028,-0.045935,0.803490,0.707703,-0.539183,0.781272,0.573865,0.807063,-0.767274,0.050990,0.990224,0.992419,0.957185,0.907297,0.956769,0.722084,0.755200,0.630051,0.809946,0.813517,0.778305,0.914179,0.432712,0.653885,0.552081,0.883535,0.039091,0.625522,0.932154,0.645406,0.304187,-0.075446,0.715533,0.968640,0.880588,0.419366,0.918938,-0.372883,0.798866,0.618735,0.056516,0.701499,0.672097,0.957209,-0.655022,0.978533,0.758439,0.886560,0.934330,0.974719,0.812130,0.913292,0.716748,0.974517,0.998793,0.965736,0.879740,0.721181,0.975658,0.726560,0.992179,0.625184,0.852345,0.819469,0.923796,0.957279,0.949628,0.872717,0.934793,0.112666,0.963631,0.745255,0.982076,0.718087,-0.236355,0.522580,0.137623,0.827941,0.793654,0.821956,0.833756,0.904726,0.491373,0.656001,0.938723,0.966516,0.946067,0.863301,0.549498,0.986228,0.135297,0.039384,0.134473,0.563785,0.824774,0.918958,0.766684,0.384148,0.817569,-0.028531,-0.404042,-0.644228,-0.507203,0.791296,0.401805,0.902735,0.456236,0.839003,0.870523,0.563011,0.310933,0.956884,0.657849,0.387404,0.987661,0.929622,0.943324,0.837416,0.599038,0.721375,0.779977,0.956058,0.942350,0.985949,0.861246,0.865400,0.883826,0.591796,0.751670,0.959743,0.994312,0.957294,0.862140,0.965665,0.904866,-0.094236,0.148221,0.941600,0.858535,0.927949,0.959662,0.763218,0.974933,0.999705,0.695583,0.922771,0.985996,0.457221,0.374104,0.297277,0.966063,0.876512,0.636674,0.912189,0.574709,0.383465,0.951445,0.999760,0.866582,0.930181,0.871230,0.805047,0.883586,0.451850,0.879754,0.506181,0.642981,0.935941,0.886579,0.293971,-0.672892,-0.567580,0.890903,0.525082,0.933990
Dorsal terminal nucleus of the accessory optic tract,0.912882,0.862192,0.631635,0.908497,0.911999,0.971230,0.787669,0.943462,0.947462,0.961872,0.998990,0.530584,0.421322,0.887506,0.845570,0.999648,1.000000,0.952742,0.923358,0.877733,0.922066,0.975569,0.904690,0.929934,0.685045,0.681043,0.931472,0.954776,0.976177,0.872952,0.931071,0.786163,0.665641,0.883013,0.635353,0.551604,0.420169,0.661976,0.820153,0.438167,-0.169250,-0.272234,0.371875,0.369159,0.203523,-0.133105,0.328145,0.187323,0.567319,0.946690,-0.066468,0.550949,0.526091,0.491788,-0.113637,0.569958,0.594642,0.863409,0.305806,0.139525,-0.091015,0.715987,0.745735,-0.071703,0.788041,0.689147,-0.518365,0.784167,0.552270,0.797015,-0.772768,0.024507,0.990841,0.994638,0.949776,0.907284,0.950890,0.703960,0.737560,0.609356,0.795004,0.797815,0.761384,0.903478,0.408906,0.633618,0.530211,0.870942,0.016590,0.604656,0.922234,0.625653,0.278908,-0.101817,0.706976,0.969807,0.867941,0.407518,0.913607,-0.370176,0.795417,0.597996,0.064640,0.682518,0.653358,0.961513,-0.651327,0.973178,0.740978,0.885122,0.924695,0.969074,0.798337,0.902318,0.729715,0.977469,0.999405,0.961987,0.867516,0.703430,0.975069,0.721449,0.990880,0.604754,0.840086,0.808711,0.920130,0.950232,0.940990,0.871858,0.927992,0.094499,0.965806,0.742988,0.981103,0.700329,-0.254824,0.503998,0.111981,0.816552,0.777544,0.821751,0.821099,0.893995,0.485021,0.670979,0.937847,0.972142,0.937650,0.855813,0.560605,0.982934,0.159265,0.013041,0.111573,0.542454,0.812719,0.928604,0.754985,0.399355,0.802320,-0.054778,-0.411788,-0.664130,-0.516568,0.775497,0.389605,0.901208,0.433265,0.824306,0.857213,0.540927,0.286854,0.953605,0.640752,0.363166,0.983311,0.919601,0.941602,0.829853,0.577649,0.719594,0.763230,0.947966,0.934268,0.988161,0.862099,0.852008,0.871379,0.571539,0.734021,0.961610,0.991145,0.951747,0.849861,0.969509,0.915811,-0.068759,0.123187,0.937609,0.855641,0.936666,0.965589,0.745824,0.968696,0.999368,0.702335,0.932027,0.981476,0.470165,0.356021,0.292079,0.961169,0.888959,0.648439,0.901305,0.553834,0.400154,0.945798,0.999989,0.874256,0.921843,0.883872,0.819942,0.892599,0.465462,0.876381,0.484242,0.622543,0.943510,0.889648,0.304910,-0.669294,-0.566601,0.880852,0.521000,0.941452
Inferior olivary complex,0.983937,0.972421,0.834163,0.992511,0.993470,0.996897,0.937514,0.998797,0.999589,0.852918,0.945284,0.763001,0.676913,0.980194,0.965618,0.960388,0.952742,1.000000,0.992909,0.981058,0.990254,0.987444,0.815869,0.987229,0.867186,0.870904,0.813525,0.987179,0.927192,0.979834,0.995716,0.834986,0.856782,0.978945,0.827575,0.778637,0.675082,0.858383,0.953160,0.690109,0.137069,0.032578,0.634690,0.634038,0.490525,0.167571,0.594698,0.474825,0.789374,0.966434,0.135445,0.772573,0.758672,0.731716,0.166563,0.787444,0.807407,0.760485,0.326128,0.236452,0.207364,0.894092,0.912829,0.233293,0.922523,0.863780,-0.745494,0.692208,0.767715,0.857613,-0.701765,0.325557,0.935437,0.923301,0.988160,0.850904,0.984794,0.872810,0.906690,0.814488,0.922146,0.940991,0.920162,0.981525,0.656073,0.837816,0.762270,0.973342,0.249559,0.813302,0.994284,0.814448,0.557043,0.204281,0.747862,0.904655,0.970248,0.556972,0.920360,-0.346977,0.775923,0.801984,-0.069402,0.864598,0.827607,0.861595,-0.695674,0.995232,0.904405,0.844216,0.991516,0.995318,0.908676,0.990600,0.570986,0.893993,0.950574,0.972185,0.975118,0.865817,0.930555,0.721041,0.967659,0.817396,0.932014,0.878764,0.907080,0.983359,0.998821,0.823840,0.954436,0.326247,0.889067,0.709344,0.942016,0.862544,-0.061867,0.672751,0.389041,0.895168,0.921961,0.765125,0.917087,0.983905,0.501648,0.451776,0.921343,0.861151,0.997123,0.921275,0.439808,0.982823,-0.136195,0.316099,0.346582,0.752204,0.899984,0.774043,0.835553,0.179894,0.935980,0.239895,-0.270512,-0.413317,-0.420097,0.928541,0.478566,0.861978,0.665896,0.954111,0.969522,0.766463,0.535694,0.960594,0.790515,0.628911,0.991855,0.995465,0.906942,0.899230,0.797789,0.680322,0.917192,0.997956,0.978890,0.925903,0.794318,0.963595,0.970988,0.765269,0.899644,0.909828,0.984515,0.982239,0.961908,0.875451,0.750780,-0.344066,0.414371,0.954966,0.830793,0.803365,0.850269,0.911798,0.997169,0.958955,0.567845,0.781130,0.988045,0.333287,0.571920,0.300012,0.967215,0.709974,0.512511,0.981903,0.756587,0.220981,0.959362,0.954166,0.765680,0.985169,0.704194,0.608992,0.764375,0.320625,0.895697,0.723215,0.830667,0.809053,0.798047,0.132199,-0.711121,-0.587002,0.945846,0.510343,0.824375
Anterior hypothalamic nucleus,0.997728,0.990378,0.879919,0.994588,0.993943,0.987796,0.954961,0.989902,0.995898,0.826614,0.918118,0.805326,0.726717,0.972919,0.968952,0.933155,0.923358,0.992909,1.000000,0.992574,0.999610,0.961830,0.741960,0.997236,0.912239,0.897139,0.744353,0.962549,0.917946,0.986563,0.999647,0.882264,0.900745,0.995504,0.882148,0.823426,0.731747,0.890719,0.959870,0.743602,0.217361,0.111143,0.696443,0.687196,0.545069,0.218910,0.632841,0.547099,0.836839,0.930772,0.112629,0.795959,0.794950,0.768771,0.194110,0.841503,0.832160,0.678313,0.237446,0.169659,0.255006,0.918767,0.938206,0.294869,0.960855,0.913132,-0.767561,0.711733,0.829415,0.903707,-0.613391,0.402434,0.916613,0.894624,0.993101,0.859929,0.959084,0.920934,0.937847,0.867077,0.961297,0.967291,0.950823,0.997194,0.727721,0.878425,0.800288,0.992746,0.361174,0.863800,0.999658,0.873609,0.619555,0.282694,0.805402,0.893595,0.991588,0.516050,0.939282,-0.420860,0.812531,0.859316,-0.017591,0.910761,0.886588,0.840289,-0.627088,0.977191,0.942003,0.861533,0.999770,0.976839,0.951526,0.992927,0.470634,0.872737,0.917687,0.937763,0.974931,0.917330,0.922812,0.770803,0.933692,0.848604,0.967382,0.922881,0.922013,0.989446,0.997463,0.842007,0.970149,0.319379,0.875714,0.749855,0.932626,0.914940,0.057186,0.755915,0.482277,0.937509,0.958630,0.789466,0.956759,0.977632,0.576475,0.427662,0.869072,0.826683,0.987152,0.884709,0.330846,0.954912,-0.180510,0.386653,0.453470,0.819656,0.942585,0.728210,0.889039,0.181651,0.969159,0.332619,-0.306637,-0.326232,-0.312368,0.940089,0.570236,0.876399,0.742336,0.978226,0.989150,0.821850,0.625086,0.921430,0.857687,0.679671,0.973809,0.996113,0.912557,0.859749,0.841824,0.722302,0.952798,0.997430,0.990476,0.879943,0.809082,0.987373,0.992188,0.833798,0.938508,0.854785,0.965480,0.954676,0.956279,0.853330,0.693905,-0.441556,0.462267,0.915230,0.856900,0.737912,0.817464,0.942010,0.989546,0.933688,0.582531,0.737621,0.978566,0.219582,0.564594,0.384716,0.970813,0.645388,0.406810,0.997435,0.824975,0.103490,0.969050,0.925065,0.684726,0.967241,0.636551,0.553286,0.686158,0.206179,0.843106,0.754411,0.869088,0.774801,0.800197,0.161241,-0.643001,-0.506063,0.973548,0.577165,0.758232
Interposed nucleus,0.988199,0.998448,0.925170,0.996625,0.995463,0.966471,0.983963,0.982900,0.984826,0.753210,0.868576,0.869535,0.801992,0.984107,0.989025,0.890123,0.877733,0.981058,0.992574,1.000000,0.990544,0.941973,0.702425,0.982656,0.946600,0.944067,0.688429,0.952263,0.862891,0.998048,0.991218,0.851672,0.940418,0.997004,0.918428,0.883235,0.803502,0.938427,0.985149,0.814836,0.323614,0.221482,0.771187,0.767057,0.640576,0.334991,0.722158,0.635030,0.892534,0.920338,0.216918,0.863524,0.862276,0.840350,0.311529,0.891907,0.893413,0.637935,0.277008,0.239681,0.370197,0.959805,0.972814,0.405680,0.973006,0.941914,-0.839479,0.631018,0.875948,0.878563,-0.593803,0.500514,0.862656,0.838029,0.971653,0.795503,0.950136,0.947127,0.970939,0.911108,0.969488,0.988697,0.978578,0.990281,0.789302,0.926797,0.866395,0.996269,0.412405,0.910587,0.994216,0.906538,0.704399,0.387157,0.769396,0.832367,0.994265,0.587165,0.898338,-0.361139,0.755895,0.901014,-0.105028,0.944664,0.911993,0.768593,-0.654685,0.958412,0.969337,0.800985,0.990512,0.960311,0.950267,0.997004,0.418889,0.807809,0.873041,0.921856,0.990233,0.939024,0.869098,0.719346,0.901416,0.906350,0.959789,0.902485,0.873797,0.965069,0.988099,0.778361,0.939043,0.423358,0.810511,0.687003,0.881907,0.936256,0.097267,0.773080,0.558435,0.921512,0.976446,0.720931,0.949676,0.986845,0.529836,0.314725,0.850547,0.755847,0.982746,0.898768,0.306746,0.930468,-0.298581,0.489081,0.504227,0.861269,0.930505,0.644824,0.870984,0.066713,0.982841,0.423338,-0.210097,-0.229239,-0.300322,0.973800,0.551818,0.817365,0.794163,0.993636,0.997553,0.876359,0.683667,0.906651,0.868660,0.761291,0.948562,0.994735,0.858216,0.877950,0.897890,0.657115,0.975964,0.983874,0.969274,0.835893,0.738529,0.993679,0.993584,0.866572,0.966495,0.820784,0.933570,0.945039,0.976843,0.784354,0.611542,-0.516560,0.565893,0.906004,0.800535,0.673109,0.744140,0.973813,0.968880,0.889213,0.488101,0.654650,0.948430,0.193960,0.651637,0.336863,0.935007,0.561434,0.370985,0.991819,0.862556,0.063306,0.934325,0.879953,0.640809,0.968956,0.553931,0.453365,0.631393,0.177506,0.843214,0.828633,0.920691,0.694395,0.723856,0.058008,-0.668553,-0.531992,0.955909,0.520667,0.700878
Dorsal cochlear nucleus,0.999165,0.989635,0.878986,0.991460,0.990561,0.986395,0.950528,0.986011,0.993832,0.831203,0.918015,0.800546,0.721857,0.966223,0.962996,0.931839,0.922066,0.990254,0.999610,0.990544,1.000000,0.956681,0.730547,0.998748,0.912971,0.891631,0.736850,0.955922,0.922693,0.982801,0.998752,0.895037,0.900340,0.995601,0.884698,0.819898,0.728976,0.886414,0.953756,0.740198,0.215278,0.108308,0.694358,0.682380,0.538251,0.208823,0.623283,0.545447,0.834572,0.921887,0.088925,0.786519,0.788345,0.761669,0.178720,0.841581,0.824013,0.665467,0.210511,0.142304,0.244160,0.913891,0.934553,0.287681,0.963895,0.915776,-0.757160,0.727899,0.831867,0.915194,-0.595745,0.400454,0.919098,0.895514,0.994743,0.870469,0.951999,0.923743,0.935713,0.867879,0.965211,0.966073,0.949482,0.998579,0.730000,0.875831,0.794257,0.993110,0.375112,0.863674,0.998547,0.877770,0.616102,0.280309,0.821599,0.899117,0.992525,0.492977,0.947563,-0.446022,0.827817,0.861580,0.009105,0.911819,0.891997,0.845614,-0.605352,0.973440,0.942265,0.873177,0.999956,0.972598,0.957940,0.989499,0.456533,0.876774,0.915483,0.930090,0.969036,0.921678,0.927632,0.788156,0.929019,0.842420,0.973245,0.933039,0.930770,0.991864,0.995595,0.854446,0.975899,0.298510,0.881499,0.767285,0.936528,0.919554,0.075684,0.768432,0.487448,0.946459,0.960318,0.804273,0.963497,0.971486,0.599029,0.440993,0.858222,0.829053,0.982579,0.871456,0.310456,0.950098,-0.168677,0.382590,0.466170,0.824253,0.950884,0.730654,0.900920,0.201727,0.970788,0.335592,-0.330497,-0.323454,-0.290178,0.933597,0.591473,0.887102,0.747326,0.977559,0.988714,0.821555,0.632064,0.912584,0.867508,0.674050,0.971211,0.993273,0.920409,0.845215,0.838733,0.740552,0.953330,0.996482,0.993521,0.874928,0.822110,0.988211,0.993318,0.840142,0.938941,0.846113,0.963870,0.947325,0.948338,0.857956,0.693892,-0.447982,0.452845,0.905301,0.869723,0.732801,0.820662,0.939886,0.988343,0.933050,0.600489,0.740465,0.978669,0.198795,0.545821,0.410242,0.974769,0.644144,0.388949,0.998560,0.830469,0.084829,0.974139,0.923738,0.672749,0.959931,0.634438,0.557078,0.676681,0.185813,0.828982,0.745621,0.865481,0.779074,0.811546,0.185221,-0.621675,-0.482340,0.979504,0.599725,0.751591
Interpeduncular nucleus,0.945007,0.925302,0.748482,0.966040,0.969093,0.988676,0.888047,0.987660,0.982612,0.879288,0.966205,0.679877,0.584378,0.964138,0.934910,0.979850,0.975569,0.987444,0.961830,0.941973,0.956681,1.000000,0.896969,0.953912,0.783597,0.808664,0.891695,0.996756,0.926950,0.946074,0.968738,0.761193,0.773845,0.934631,0.732569,0.692837,0.574580,0.788605,0.917542,0.593346,0.013214,-0.087373,0.528182,0.537451,0.392733,0.077711,0.516251,0.356429,0.700697,0.990441,0.142000,0.712491,0.682706,0.654632,0.106484,0.691461,0.745927,0.853469,0.423025,0.302316,0.121387,0.834344,0.852925,0.129930,0.850148,0.775868,-0.686921,0.665924,0.663270,0.783784,-0.800169,0.203039,0.946877,0.947934,0.962461,0.831136,0.995545,0.786704,0.839921,0.720880,0.849470,0.881663,0.854673,0.939806,0.538981,0.757973,0.684247,0.925205,0.093574,0.721857,0.964977,0.714578,0.449575,0.081531,0.664178,0.908359,0.919898,0.582433,0.882190,-0.256491,0.721729,0.703117,-0.117154,0.779755,0.729024,0.881145,-0.760669,0.997860,0.830618,0.813445,0.959337,0.998085,0.833376,0.963487,0.693450,0.911480,0.977692,0.995489,0.949495,0.776424,0.928094,0.650615,0.993481,0.748180,0.866751,0.806063,0.875578,0.956862,0.978609,0.793043,0.917713,0.308235,0.896755,0.652936,0.940816,0.772183,-0.217829,0.548841,0.248388,0.823517,0.850664,0.728822,0.846657,0.966858,0.403927,0.492080,0.968835,0.897151,0.986908,0.943023,0.571191,0.999221,-0.055571,0.200986,0.194349,0.641770,0.827176,0.828723,0.751634,0.194374,0.869505,0.100763,-0.236157,-0.531028,-0.548195,0.885867,0.355010,0.834161,0.544308,0.898323,0.920302,0.668552,0.399625,0.989945,0.685112,0.535148,0.995747,0.971350,0.888311,0.924421,0.713169,0.623175,0.846372,0.977481,0.944985,0.969979,0.769770,0.909664,0.921029,0.654778,0.824252,0.963908,0.991041,0.995513,0.942500,0.895207,0.819748,-0.199324,0.325285,0.984159,0.788493,0.878704,0.884884,0.846334,0.986957,0.976235,0.553104,0.832636,0.982115,0.473448,0.551761,0.194829,0.946322,0.789921,0.640200,0.940112,0.645603,0.371228,0.930779,0.976509,0.857648,0.984155,0.787889,0.683040,0.854903,0.462577,0.940802,0.653240,0.753162,0.847760,0.790370,0.111268,-0.775535,-0.670448,0.891755,0.424307,0.898729
Ventral cochlear nucleus,0.705495,0.665575,0.405241,0.758468,0.766960,0.829073,0.626873,0.820020,0.799336,0.831662,0.891290,0.353241,0.244592,0.785960,0.719762,0.898960,0.904690,0.815869,0.741960,0.702425,0.730547,0.896969,1.000000,0.728883,0.441370,0.522695,0.987278,0.885826,0.798251,0.720855,0.759389,0.449559,0.434784,0.681474,0.365445,0.356930,0.213860,0.484312,0.691045,0.240497,-0.335321,-0.411086,0.157068,0.192807,0.064695,-0.184625,0.225283,-0.024235,0.355658,0.920757,0.140579,0.445822,0.375708,0.348380,-0.076500,0.327265,0.470735,0.995765,0.635646,0.444743,-0.136120,0.551808,0.567393,-0.177398,0.530132,0.422620,-0.428004,0.500460,0.279296,0.468919,-0.964969,-0.167976,0.848110,0.885939,0.757576,0.661053,0.888065,0.437015,0.536976,0.359272,0.528711,0.593790,0.553277,0.693206,0.136775,0.429748,0.371280,0.662651,-0.355894,0.366162,0.749626,0.336334,0.086620,-0.273350,0.338279,0.793277,0.651883,0.573094,0.653528,0.032067,0.470426,0.329251,-0.234463,0.434548,0.352393,0.814180,-0.837379,0.867342,0.509328,0.615013,0.736736,0.867921,0.507510,0.754469,0.940363,0.834540,0.918522,0.923149,0.746565,0.418965,0.793024,0.363710,0.928486,0.451034,0.564366,0.491270,0.666500,0.750522,0.786832,0.597361,0.688177,0.215099,0.794433,0.404952,0.807513,0.412601,-0.624188,0.126252,-0.179608,0.509244,0.533584,0.526618,0.532592,0.785534,0.074732,0.537008,0.967862,0.874002,0.821950,0.873543,0.859922,0.907055,0.177865,-0.149032,-0.258546,0.244015,0.509155,0.867316,0.412971,0.208184,0.563322,-0.302595,-0.107523,-0.787149,-0.830893,0.643993,-0.039754,0.641131,0.128798,0.618056,0.655389,0.302122,-0.036422,0.935294,0.295487,0.198723,0.869066,0.769640,0.713493,0.867139,0.377761,0.377237,0.531215,0.785126,0.719555,0.959329,0.594798,0.633043,0.653957,0.255080,0.499354,0.982072,0.872392,0.895098,0.757922,0.826870,0.899558,0.233331,0.030918,0.929857,0.561243,0.968173,0.859558,0.546157,0.822021,0.889739,0.435550,0.861808,0.829841,0.800250,0.418987,-0.126350,0.757135,0.904577,0.909072,0.693264,0.245785,0.740395,0.722221,0.904145,0.996530,0.845314,0.913311,0.795983,0.990146,0.795896,0.937000,0.367067,0.432142,0.839021,0.659770,0.037461,-0.848569,-0.811257,0.617188,0.125006,0.982664
Agranular insular area dorsal part,0.998938,0.982665,0.861906,0.984141,0.983175,0.987105,0.934720,0.980594,0.991076,0.852227,0.928008,0.775209,0.693678,0.953409,0.948338,0.938920,0.929934,0.987229,0.997236,0.982656,0.998748,0.953912,0.728883,1.000000,0.900216,0.870133,0.743074,0.949217,0.938339,0.972333,0.996232,0.910786,0.885183,0.991161,0.873070,0.796777,0.703532,0.865744,0.937545,0.714315,0.182882,0.074569,0.668805,0.653118,0.503500,0.166888,0.587580,0.517186,0.813616,0.913443,0.039189,0.756332,0.760631,0.732451,0.132020,0.824074,0.796538,0.663086,0.175637,0.098828,0.201682,0.894488,0.917907,0.249365,0.959111,0.906199,-0.725058,0.761252,0.817506,0.928239,-0.583746,0.369671,0.932526,0.908420,0.998043,0.893886,0.944546,0.914999,0.920779,0.852663,0.962275,0.955065,0.936660,0.997577,0.711699,0.856477,0.767349,0.988342,0.371097,0.846914,0.995009,0.868481,0.586880,0.247889,0.842081,0.917249,0.988483,0.451398,0.962167,-0.482321,0.853271,0.848289,0.056267,0.899474,0.885817,0.866727,-0.576626,0.971490,0.930956,0.896438,0.998584,0.969604,0.959807,0.981361,0.457125,0.894768,0.922327,0.924175,0.955741,0.915511,0.942944,0.814085,0.930244,0.817523,0.976350,0.943551,0.947883,0.996658,0.992522,0.879327,0.985479,0.250412,0.901039,0.796554,0.950185,0.913728,0.079906,0.771120,0.468529,0.954656,0.952812,0.832746,0.967245,0.959671,0.628817,0.482131,0.850630,0.847478,0.975869,0.852645,0.298559,0.948925,-0.124863,0.348889,0.460859,0.813126,0.957413,0.753060,0.912376,0.250155,0.964345,0.311354,-0.376468,-0.346899,-0.273458,0.914787,0.612274,0.909080,0.733991,0.968650,0.981916,0.802664,0.619008,0.905427,0.869225,0.643645,0.972061,0.987148,0.938510,0.824262,0.816955,0.771282,0.943372,0.995362,0.997952,0.879379,0.849559,0.983087,0.989797,0.832910,0.927607,0.844756,0.967457,0.939859,0.931914,0.877662,0.714070,-0.430618,0.413957,0.895698,0.892830,0.743564,0.840523,0.925304,0.989029,0.941107,0.639731,0.763054,0.983156,0.187445,0.503228,0.443678,0.984142,0.663924,0.382164,0.996975,0.821208,0.079835,0.984176,0.931427,0.672067,0.949271,0.653146,0.585974,0.681149,0.175730,0.813509,0.714292,0.844403,0.802004,0.839229,0.233766,-0.593803,-0.452897,0.985475,0.632275,0.758890
Inferior salivatory nucleus,0.919320,0.959160,0.995440,0.917486,0.912498,0.837929,0.970990,0.871227,0.878557,0.542909,0.676327,0.961228,0.928609,0.898334,0.935611,0.703999,0.685045,0.867186,0.912239,0.946600,0.912971,0.783597,0.441370,0.900216,1.000000,0.974869,0.417827,0.806951,0.700910,0.940087,0.903286,0.836792,0.998748,0.946786,0.996124,0.973300,0.939633,0.983167,0.945466,0.942852,0.592480,0.500718,0.924242,0.909268,0.816045,0.555911,0.849323,0.837792,0.982138,0.755027,0.281627,0.921183,0.946115,0.932975,0.487474,0.988455,0.943419,0.364487,0.121071,0.169732,0.579410,0.978712,0.984015,0.634872,0.982679,0.997551,-0.901944,0.515875,0.984672,0.865738,-0.337404,0.736948,0.682474,0.636525,0.871234,0.665020,0.804467,0.996576,0.992232,0.995045,0.976199,0.983949,0.991541,0.928328,0.944616,0.990289,0.951918,0.954456,0.669058,0.993728,0.912701,0.990464,0.877360,0.644468,0.775846,0.661608,0.955530,0.541538,0.808518,-0.406640,0.694962,0.992612,-0.099053,0.999929,0.985697,0.569319,-0.492369,0.815452,0.996762,0.691824,0.910448,0.819101,0.954416,0.920889,0.112960,0.613697,0.674813,0.752124,0.923561,0.990491,0.711331,0.694930,0.713960,0.964068,0.939912,0.889475,0.768866,0.863909,0.888449,0.669027,0.851422,0.502504,0.631990,0.632240,0.723400,0.989297,0.382396,0.897947,0.795995,0.908715,0.989487,0.623080,0.940112,0.900421,0.579041,0.097398,0.647187,0.531822,0.872126,0.764019,0.027358,0.762664,-0.510756,0.718989,0.742701,0.976888,0.922351,0.391470,0.882774,-0.078808,0.983036,0.689659,-0.145462,0.089637,-0.039045,0.955511,0.668779,0.702758,0.946694,0.976513,0.962177,0.982086,0.880640,0.729938,0.944852,0.901288,0.798375,0.908575,0.727928,0.744200,0.980480,0.605021,0.993546,0.881061,0.882959,0.614870,0.617053,0.964510,0.953025,0.972913,0.997571,0.595016,0.774343,0.795160,0.906758,0.585444,0.339746,-0.764990,0.744326,0.735104,0.714612,0.400362,0.521422,0.991319,0.843975,0.705391,0.358276,0.405720,0.809681,-0.087304,0.689039,0.421393,0.817091,0.276200,0.078103,0.931071,0.974951,-0.232600,0.830273,0.688291,0.365192,0.850881,0.264756,0.175699,0.348652,-0.107662,0.663074,0.913578,0.984265,0.464171,0.570624,-0.016351,-0.503444,-0.352906,0.908153,0.541991,0.433617
Agranular insular area posterior part,0.889526,0.946164,0.983790,0.924170,0.921289,0.832125,0.987387,0.884758,0.877383,0.494583,0.662998,0.981102,0.949936,0.933882,0.964675,0.699851,0.681043,0.870904,0.897139,0.944067,0.891631,0.808664,0.522695,0.870133,0.974869,1.000000,0.468316,0.843445,0.648479,0.951508,0.892363,0.718264,0.982749,0.927259,0.956654,0.982929,0.944090,0.998588,0.975673,0.952265,0.598876,0.514964,0.923589,0.930696,0.855457,0.626763,0.909751,0.835617,0.981509,0.810484,0.465930,0.978919,0.980834,0.971971,0.601833,0.968989,0.990351,0.458710,0.333255,0.384747,0.655817,0.998657,0.994036,0.681048,0.939221,0.957197,-0.967765,0.376003,0.946354,0.756940,-0.470615,0.739527,0.648392,0.615986,0.840595,0.567129,0.844672,0.954884,0.990001,0.969601,0.925863,0.974426,0.982947,0.898819,0.908701,0.991976,0.981940,0.932685,0.545829,0.975726,0.903345,0.938254,0.888666,0.652205,0.631241,0.603701,0.929180,0.715168,0.726084,-0.197780,0.558891,0.955560,-0.310489,0.972205,0.923560,0.514651,-0.655707,0.828794,0.975318,0.584686,0.890781,0.836304,0.884510,0.929923,0.221974,0.568485,0.678276,0.797931,0.952307,0.936629,0.658135,0.542514,0.736444,0.994946,0.874586,0.790828,0.683326,0.827201,0.885530,0.555988,0.788386,0.659891,0.572521,0.480282,0.677294,0.933341,0.228454,0.780952,0.740271,0.819348,0.956723,0.492061,0.867835,0.931528,0.387675,-0.012130,0.720279,0.501386,0.891095,0.854373,0.188448,0.785416,-0.596408,0.738546,0.627836,0.921615,0.837946,0.363038,0.770606,-0.238465,0.950809,0.653713,0.048429,0.067240,-0.214387,0.988645,0.486515,0.602907,0.889057,0.962678,0.946688,0.965774,0.808611,0.785516,0.848255,0.929294,0.802810,0.913094,0.650294,0.845187,0.986433,0.447062,0.969959,0.870918,0.840945,0.641863,0.500260,0.938824,0.925167,0.903706,0.974769,0.651609,0.771299,0.837645,0.952169,0.536047,0.331885,-0.699889,0.805965,0.799270,0.597723,0.432059,0.484574,0.989011,0.836487,0.695805,0.207090,0.373841,0.792361,0.079193,0.825819,0.209529,0.768917,0.279353,0.217918,0.903587,0.912531,-0.080333,0.772856,0.684507,0.452453,0.892109,0.275054,0.140590,0.416206,0.055846,0.762136,0.966406,0.994169,0.419814,0.468002,-0.208083,-0.663273,-0.534768,0.842559,0.351166,0.476917
Trochlear nucleus,0.715798,0.655622,0.368104,0.744496,0.752473,0.837927,0.589035,0.809873,0.798488,0.899123,0.925052,0.289149,0.172396,0.752965,0.682983,0.923781,0.931472,0.813525,0.744353,0.688429,0.736850,0.891695,0.987278,0.743074,0.417827,0.468316,1.000000,0.868505,0.852945,0.697891,0.760734,0.514834,0.403469,0.679173,0.346934,0.300346,0.151495,0.433593,0.649989,0.176273,-0.419240,-0.500401,0.095016,0.117535,-0.028592,-0.303610,0.126714,-0.094005,0.306421,0.895692,-0.017429,0.363028,0.303006,0.270925,-0.214965,0.290026,0.396939,0.978732,0.512607,0.298470,-0.257181,0.503836,0.528289,-0.282574,0.530537,0.409772,-0.338765,0.613864,0.253167,0.525747,-0.916312,-0.245952,0.894103,0.928279,0.777157,0.742841,0.868185,0.426593,0.504276,0.329102,0.535018,0.572641,0.527162,0.701445,0.099394,0.384563,0.301456,0.659837,-0.344468,0.330771,0.748074,0.325882,0.012648,-0.357142,0.419547,0.855156,0.651680,0.440481,0.710427,-0.098203,0.563304,0.305888,-0.078235,0.412476,0.351688,0.882968,-0.740511,0.866163,0.489141,0.697879,0.742461,0.863409,0.529366,0.737984,0.927425,0.893910,0.941418,0.906242,0.713417,0.417164,0.847002,0.460171,0.933836,0.386599,0.588812,0.540011,0.730312,0.774930,0.785449,0.685261,0.729108,0.066913,0.860113,0.509897,0.856115,0.412006,-0.588320,0.156545,-0.216949,0.550577,0.525192,0.626399,0.559750,0.755875,0.186240,0.664069,0.941824,0.931853,0.807557,0.815677,0.805347,0.906257,0.304330,-0.237398,-0.251255,0.228938,0.545389,0.934592,0.466114,0.360676,0.557673,-0.357843,-0.259852,-0.846550,-0.761392,0.595592,0.046895,0.719592,0.107882,0.603120,0.646274,0.260661,-0.055042,0.913500,0.320629,0.119384,0.876567,0.759127,0.778553,0.801855,0.325367,0.486767,0.514949,0.789972,0.743874,0.972019,0.689771,0.629894,0.655350,0.252440,0.479299,0.974789,0.888149,0.874791,0.713865,0.891239,0.957552,0.265385,-0.077178,0.900295,0.645237,0.995651,0.922109,0.514409,0.831092,0.917968,0.565274,0.930168,0.850297,0.745553,0.289910,-0.003270,0.795162,0.959482,0.871647,0.699665,0.236733,0.703776,0.763438,0.930435,0.985066,0.816980,0.964233,0.880122,0.995222,0.744885,0.886169,0.281831,0.381106,0.910485,0.753038,0.195243,-0.754580,-0.708825,0.649166,0.243612,0.999410
Periventricular hypothalamic nucleus intermediate part,0.943247,0.935055,0.779049,0.974029,0.976961,0.982115,0.912132,0.991004,0.982396,0.838120,0.942328,0.723575,0.634073,0.979721,0.955027,0.960598,0.954776,0.987179,0.962549,0.952263,0.955922,0.996756,0.885826,0.949217,0.806951,0.843445,0.868505,1.000000,0.896562,0.959854,0.969234,0.739012,0.800963,0.940079,0.755614,0.733242,0.620841,0.822965,0.940694,0.639805,0.076259,-0.021973,0.575506,0.589545,0.454472,0.151924,0.576775,0.410271,0.737943,0.995018,0.218448,0.761295,0.729400,0.703974,0.185025,0.724085,0.790404,0.842543,0.465396,0.362028,0.195789,0.865429,0.879585,0.199481,0.859463,0.794717,-0.738741,0.612011,0.691981,0.765703,-0.804126,0.262218,0.918679,0.919236,0.953742,0.791110,0.999853,0.803998,0.864661,0.749487,0.855923,0.899242,0.875880,0.939572,0.575916,0.791465,0.729872,0.931609,0.114797,0.752664,0.967325,0.734553,0.503247,0.144070,0.636172,0.873798,0.925415,0.641417,0.857493,-0.206940,0.682628,0.729342,-0.185625,0.802614,0.743903,0.840504,-0.794432,0.994332,0.850430,0.774871,0.958610,0.996179,0.832658,0.972840,0.675942,0.875744,0.958063,0.996137,0.966877,0.790069,0.898442,0.612835,0.982695,0.789371,0.862880,0.791701,0.846324,0.945916,0.979237,0.752060,0.900526,0.383504,0.859663,0.608508,0.913555,0.785416,-0.207554,0.553475,0.290477,0.812571,0.864137,0.683161,0.842420,0.980955,0.364373,0.420434,0.969875,0.858988,0.992193,0.964383,0.573158,0.993097,-0.131951,0.264017,0.216593,0.666141,0.818938,0.782892,0.737253,0.115752,0.880712,0.151980,-0.165983,-0.479183,-0.558197,0.913996,0.332432,0.797174,0.573869,0.912152,0.930027,0.703683,0.431106,0.991975,0.688565,0.588769,0.987715,0.977199,0.856148,0.948916,0.751223,0.576718,0.863671,0.975079,0.935419,0.952466,0.724286,0.917300,0.925686,0.672963,0.844303,0.954545,0.978485,0.999592,0.964216,0.856663,0.776046,-0.239693,0.393074,0.990078,0.751464,0.848761,0.844685,0.870352,0.980642,0.955691,0.489523,0.786809,0.969442,0.474302,0.617067,0.151622,0.927705,0.745940,0.634081,0.940798,0.667077,0.361758,0.911984,0.956040,0.844131,0.994736,0.745230,0.626027,0.833471,0.461336,0.954617,0.705194,0.789157,0.802576,0.742710,0.036513,-0.807922,-0.704072,0.882120,0.379131,0.874189
Agranular insular area ventral part,0.922106,0.858259,0.636729,0.882968,0.884207,0.953428,0.758952,0.908990,0.927041,0.979156,0.983956,0.509023,0.402249,0.834846,0.801611,0.976365,0.976177,0.927192,0.917946,0.862891,0.922693,0.926950,0.798251,0.938339,0.700910,0.648479,0.852945,0.896562,1.000000,0.844825,0.921160,0.883872,0.673551,0.884212,0.666923,0.539216,0.417507,0.639662,0.776356,0.430082,-0.156320,-0.264396,0.375796,0.351765,0.173912,-0.184084,0.273926,0.198614,0.564272,0.869616,-0.234320,0.491507,0.490209,0.452972,-0.208438,0.584951,0.544172,0.744785,0.092557,-0.068539,-0.148582,0.687011,0.725124,-0.100024,0.816810,0.719357,-0.452151,0.895869,0.585957,0.885551,-0.620061,0.035970,0.996126,0.985876,0.957300,0.976733,0.889236,0.734814,0.729178,0.628565,0.829932,0.793737,0.758085,0.913004,0.445439,0.625766,0.498768,0.874946,0.147368,0.616914,0.911382,0.669700,0.274300,-0.091917,0.831687,0.998336,0.876472,0.235456,0.970916,-0.562864,0.906649,0.628733,0.262231,0.700968,0.705654,0.985415,-0.477984,0.936521,0.750927,0.964882,0.923561,0.928968,0.851407,0.874865,0.597394,0.992562,0.968258,0.893451,0.822705,0.745826,0.999881,0.851390,0.942683,0.569641,0.886746,0.887531,0.979335,0.963396,0.922709,0.957353,0.967014,-0.049810,0.995395,0.870325,0.999125,0.744834,-0.089202,0.613204,0.176787,0.886557,0.796656,0.925597,0.875202,0.845356,0.659699,0.749866,0.842081,0.971658,0.898235,0.749311,0.383751,0.935799,0.224233,0.008373,0.231896,0.592613,0.878413,0.925165,0.848838,0.533912,0.819757,-0.004124,-0.583130,-0.613292,-0.328145,0.730959,0.561358,0.973550,0.489609,0.823102,0.855934,0.553980,0.361710,0.875619,0.725712,0.339565,0.954408,0.895501,0.991521,0.713854,0.567842,0.853092,0.774239,0.936157,0.953557,0.933753,0.950536,0.860748,0.881160,0.633739,0.745574,0.879584,0.968585,0.887688,0.789498,0.988363,0.892174,-0.143703,0.074195,0.852176,0.946417,0.875547,0.971301,0.737153,0.952732,0.981326,0.825065,0.932033,0.973692,0.289569,0.224346,0.491186,0.983899,0.854611,0.489319,0.909039,0.610319,0.233134,0.978276,0.976024,0.761857,0.861360,0.842669,0.823030,0.797957,0.287509,0.758645,0.432111,0.607167,0.956163,0.962442,0.475343,-0.498787,-0.376229,0.925432,0.692915,0.869707
Periventricular hypothalamic nucleus posterior part,0.978195,0.993757,0.922808,0.996853,0.996225,0.962276,0.988130,0.984516,0.982338,0.735501,0.861141,0.876566,0.810071,0.992464,0.996097,0.885411,0.872952,0.979834,0.986563,0.998048,0.982801,0.946074,0.720855,0.972333,0.940087,0.951508,0.697891,0.959854,0.844825,1.000000,0.986267,0.817322,0.936601,0.990256,0.908256,0.887308,0.806930,0.943342,0.992789,0.819534,0.330067,0.230388,0.773464,0.775448,0.654724,0.359001,0.741434,0.637784,0.893667,0.933001,0.270611,0.880769,0.873410,0.852866,0.347178,0.887785,0.907431,0.659849,0.334769,0.299772,0.395578,0.965551,0.975588,0.422770,0.960485,0.931095,-0.859124,0.588877,0.866662,0.847019,-0.627160,0.505256,0.849510,0.828382,0.960859,0.765032,0.958780,0.935816,0.970393,0.905052,0.954952,0.985606,0.976066,0.980479,0.781545,0.928123,0.876216,0.989028,0.381609,0.906642,0.989824,0.892841,0.710458,0.393771,0.727999,0.812593,0.985772,0.635766,0.872963,-0.302202,0.715756,0.891781,-0.165259,0.937444,0.895281,0.749262,-0.698278,0.959432,0.963414,0.768246,0.983202,0.962464,0.930104,0.997956,0.444519,0.791257,0.870295,0.931685,0.996981,0.924276,0.850887,0.675191,0.904281,0.915915,0.940509,0.873829,0.847278,0.952531,0.985227,0.743941,0.919233,0.469560,0.790161,0.642456,0.865703,0.920939,0.058294,0.741644,0.546534,0.895504,0.967036,0.681596,0.928596,0.993921,0.475909,0.279546,0.867597,0.743003,0.985934,0.921937,0.347743,0.933746,-0.326674,0.498559,0.475472,0.847267,0.905992,0.632070,0.838913,0.018555,0.973357,0.417628,-0.153544,-0.229967,-0.345708,0.982655,0.501673,0.786606,0.780155,0.989095,0.992219,0.873303,0.666362,0.919152,0.842166,0.771523,0.946915,0.994222,0.833513,0.904179,0.900778,0.610910,0.969254,0.978886,0.955480,0.839475,0.702836,0.985544,0.984629,0.848428,0.960249,0.832738,0.929633,0.954262,0.988293,0.766529,0.604346,-0.502185,0.586460,0.921059,0.765421,0.677174,0.729492,0.973178,0.964267,0.882990,0.442515,0.640986,0.940772,0.236501,0.691156,0.277760,0.918910,0.557162,0.405652,0.982616,0.846457,0.101565,0.915833,0.875251,0.660696,0.978371,0.551632,0.438333,0.645531,0.219129,0.868088,0.844966,0.924367,0.677486,0.691655,0.001944,-0.711091,-0.580615,0.936064,0.466408,0.708343
Anteromedial nucleus,0.995877,0.987581,0.870764,0.995344,0.995056,0.991050,0.952225,0.993106,0.997949,0.833532,0.925331,0.796838,0.716458,0.975733,0.969388,0.940399,0.931071,0.995716,0.999647,0.991218,0.998752,0.968738,0.759389,0.996232,0.903286,0.892363,0.760734,0.969234,0.921160,0.986267,1.000000,0.872804,0.892018,0.993028,0.871031,0.814412,0.719964,0.884573,0.959540,0.732542,0.199657,0.093692,0.683478,0.676138,0.533520,0.207668,0.625064,0.531597,0.827245,0.939882,0.117819,0.791686,0.787798,0.761412,0.188149,0.830445,0.827629,0.697510,0.257522,0.184752,0.244634,0.914368,0.933677,0.281437,0.953471,0.903222,-0.763546,0.708280,0.816637,0.894535,-0.633884,0.385722,0.921964,0.902149,0.993226,0.858996,0.966005,0.911308,0.932028,0.856381,0.953732,0.962597,0.945132,0.994923,0.712592,0.870416,0.792754,0.989631,0.336675,0.853566,0.999687,0.861458,0.606323,0.265490,0.793558,0.897187,0.988040,0.525791,0.936227,-0.404905,0.805378,0.847552,-0.029145,0.901558,0.874497,0.846107,-0.643160,0.982426,0.934753,0.858749,0.999158,0.982171,0.943127,0.993625,0.493639,0.878582,0.926175,0.946606,0.976163,0.906945,0.925696,0.760660,0.942436,0.842654,0.960676,0.914172,0.919830,0.989312,0.998994,0.839011,0.967844,0.321261,0.879797,0.741756,0.935888,0.904356,0.030658,0.738267,0.462020,0.929213,0.951612,0.785029,0.949079,0.980229,0.560495,0.433618,0.881817,0.835423,0.990592,0.893954,0.355591,0.962326,-0.170788,0.371332,0.430140,0.805585,0.934235,0.739371,0.878195,0.181529,0.962935,0.312286,-0.298987,-0.346117,-0.336810,0.938650,0.550476,0.874279,0.726159,0.974036,0.985978,0.810470,0.605870,0.931311,0.843737,0.669138,0.979045,0.997191,0.912446,0.869612,0.833002,0.713843,0.946008,0.998778,0.989114,0.891303,0.806808,0.983274,0.988672,0.819507,0.930971,0.868139,0.970928,0.962006,0.958701,0.859345,0.707490,-0.420299,0.452097,0.925230,0.852146,0.753459,0.825822,0.936407,0.992472,0.940494,0.580006,0.748275,0.981896,0.245250,0.566887,0.366296,0.971216,0.660636,0.430925,0.995194,0.810702,0.129867,0.968091,0.932717,0.703660,0.972431,0.652470,0.566444,0.704487,0.231997,0.855883,0.748341,0.861555,0.783433,0.800731,0.154997,-0.658989,-0.524746,0.968565,0.562977,0.773955
Midbrain reticular nucleus,0.911511,0.872398,0.782319,0.832595,0.827423,0.849350,0.782952,0.812234,0.848181,0.793938,0.801022,0.654584,0.586584,0.753819,0.766006,0.795293,0.786163,0.834986,0.882264,0.851672,0.895037,0.761193,0.449559,0.910786,0.836792,0.718264,0.514834,0.739012,0.883872,0.817322,0.872804,1.000000,0.808366,0.889586,0.842337,0.691192,0.626464,0.733805,0.756775,0.625812,0.190798,0.084274,0.607939,0.553571,0.396831,0.055444,0.425252,0.486515,0.723892,0.671196,-0.280931,0.565882,0.614431,0.583741,-0.058893,0.767359,0.618749,0.367517,-0.246482,-0.304668,0.074070,0.746732,0.783417,0.172146,0.913466,0.869233,-0.525140,0.891491,0.796861,0.998348,-0.232316,0.355029,0.843518,0.795219,0.907198,0.930434,0.728337,0.878273,0.809156,0.800800,0.927891,0.847737,0.832892,0.910927,0.707905,0.752968,0.628841,0.892433,0.581592,0.782530,0.869995,0.861826,0.518658,0.243200,0.989605,0.873775,0.901130,0.079288,0.969084,-0.795977,0.973549,0.818704,0.423217,0.841020,0.892817,0.819519,-0.187917,0.799654,0.852913,0.952377,0.891544,0.791476,0.959882,0.826505,0.156880,0.828066,0.765479,0.696874,0.770901,0.900524,0.889903,0.974098,0.740509,0.666592,0.962376,0.993733,0.959721,0.916588,0.853578,0.947867,0.955488,-0.047178,0.861180,0.953188,0.883574,0.902919,0.386775,0.897935,0.544222,0.987053,0.889639,0.940875,0.968360,0.767009,0.893254,0.578582,0.579303,0.756034,0.798686,0.561516,-0.068908,0.759434,0.008673,0.305920,0.642096,0.824078,0.981434,0.665602,0.994406,0.476510,0.896685,0.377018,-0.659828,-0.211741,0.113042,0.735200,0.873574,0.949655,0.765219,0.865207,0.876772,0.744610,0.697579,0.662187,0.939601,0.533356,0.814725,0.837917,0.933562,0.518188,0.714062,0.942200,0.865940,0.868300,0.929447,0.682907,0.926638,0.896782,0.904646,0.864427,0.852976,0.599747,0.822479,0.719558,0.720187,0.819793,0.592396,-0.529494,0.280089,0.639479,0.970152,0.548094,0.761505,0.812629,0.854577,0.807163,0.803303,0.681095,0.864615,-0.175513,0.202706,0.773849,0.923263,0.527143,0.039304,0.907020,0.843220,-0.246432,0.941817,0.787241,0.387283,0.735043,0.504517,0.528017,0.428849,-0.181059,0.504830,0.542284,0.727959,0.740023,0.887567,0.530199,-0.208625,-0.044800,0.966355,0.890870,0.541830
Nucleus ambiguus,0.905611,0.951955,0.998786,0.910970,0.906097,0.824039,0.972815,0.863220,0.867765,0.512037,0.654886,0.973651,0.944653,0.897660,0.936498,0.685166,0.665641,0.856782,0.900745,0.940418,0.900340,0.773845,0.434784,0.885183,0.998748,0.982749,0.403469,0.800963,0.673551,0.936601,0.892018,0.808366,1.000000,0.937104,0.993947,0.983273,0.952791,0.990178,0.947889,0.956355,0.618742,0.529766,0.937855,0.926809,0.840784,0.592107,0.874209,0.855781,0.989769,0.751435,0.328709,0.938903,0.961130,0.949777,0.529221,0.992523,0.957993,0.359671,0.153798,0.211123,0.615735,0.984314,0.986673,0.666278,0.973241,0.993108,-0.921934,0.473482,0.985671,0.839661,-0.342919,0.759223,0.657521,0.612630,0.854409,0.630476,0.799277,0.991254,0.993093,0.996590,0.964950,0.980744,0.990199,0.915326,0.950546,0.995984,0.966037,0.945056,0.665152,0.996862,0.902379,0.986028,0.895543,0.669912,0.743630,0.632227,0.945394,0.575721,0.781151,-0.363961,0.658387,0.992282,-0.145689,0.998272,0.978086,0.538047,-0.513341,0.804504,0.993900,0.657196,0.897960,0.809178,0.938566,0.915179,0.108566,0.584995,0.656565,0.745963,0.923140,0.982642,0.684189,0.658126,0.700948,0.975763,0.922843,0.865634,0.739412,0.845662,0.877882,0.633078,0.828569,0.544782,0.601551,0.592733,0.697766,0.981128,0.374479,0.882928,0.805305,0.886956,0.982751,0.584219,0.922456,0.898692,0.540509,0.052474,0.644039,0.503670,0.865432,0.771088,0.037148,0.751524,-0.549469,0.744458,0.738912,0.974748,0.902127,0.361105,0.858241,-0.128090,0.975219,0.706155,-0.095969,0.114476,-0.053711,0.960588,0.638577,0.669241,0.947506,0.971187,0.954779,0.987723,0.882445,0.725321,0.929799,0.920097,0.784769,0.900922,0.697890,0.753752,0.988926,0.564441,0.989284,0.868587,0.864907,0.599782,0.579160,0.955414,0.942383,0.966791,0.994747,0.586113,0.758234,0.790091,0.909754,0.555374,0.312283,-0.773244,0.774358,0.732948,0.679968,0.381613,0.491966,0.991808,0.830046,0.685557,0.312079,0.374990,0.792278,-0.076408,0.722677,0.381693,0.794741,0.249980,0.081840,0.918633,0.970913,-0.226165,0.807148,0.669030,0.358616,0.848478,0.239771,0.141701,0.337014,-0.097787,0.667898,0.932765,0.991808,0.432369,0.532950,-0.066169,-0.523362,-0.376535,0.888430,0.500989,0.417954
Intermediate reticular nucleus,0.995888,0.998533,0.919791,0.991608,0.989883,0.968621,0.972227,0.977124,0.984074,0.776179,0.877259,0.852079,0.782715,0.969088,0.974701,0.895046,0.883013,0.978945,0.995504,0.997004,0.995601,0.934631,0.681474,0.991161,0.946786,0.927259,0.679173,0.940079,0.884212,0.990256,0.993028,0.889586,0.937104,1.000000,0.922762,0.869467,0.789828,0.924466,0.969752,0.799705,0.305779,0.200970,0.758726,0.747196,0.613400,0.296213,0.689270,0.621536,0.882429,0.902518,0.145765,0.834142,0.839903,0.816140,0.259447,0.888257,0.868115,0.613372,0.206396,0.164007,0.329767,0.945358,0.962246,0.374930,0.981810,0.947512,-0.807098,0.683080,0.878599,0.912686,-0.554612,0.484511,0.878265,0.849976,0.981328,0.832101,0.936645,0.953482,0.964302,0.910118,0.980945,0.985872,0.974602,0.997508,0.789333,0.916933,0.845606,0.999661,0.441369,0.906955,0.995120,0.915237,0.687069,0.368996,0.816196,0.856302,0.999169,0.522929,0.926655,-0.431862,0.803064,0.903897,-0.028341,0.945705,0.924747,0.793200,-0.599534,0.954424,0.969337,0.839820,0.995089,0.954831,0.969039,0.990985,0.392048,0.828489,0.875934,0.907728,0.976676,0.949723,0.890445,0.770832,0.896722,0.886374,0.978044,0.932798,0.904150,0.977014,0.987625,0.819484,0.959984,0.359841,0.835541,0.740049,0.900648,0.947650,0.137964,0.803992,0.563032,0.948340,0.981202,0.768346,0.969992,0.973442,0.592953,0.363010,0.828718,0.773027,0.974956,0.866974,0.260528,0.924506,-0.255138,0.467351,0.530475,0.869791,0.955252,0.663472,0.905147,0.131137,0.988001,0.420253,-0.281901,-0.235543,-0.248101,0.956356,0.608129,0.853735,0.802139,0.992951,0.998349,0.871216,0.695347,0.889446,0.894009,0.739204,0.948213,0.990861,0.887083,0.842407,0.885725,0.712390,0.977185,0.986192,0.982365,0.831675,0.781873,0.997871,0.999128,0.880550,0.966822,0.806221,0.936469,0.930968,0.957531,0.806937,0.623905,-0.524274,0.531039,0.885414,0.841734,0.670842,0.763646,0.967374,0.971440,0.895990,0.545917,0.674257,0.955362,0.146625,0.596136,0.406884,0.952122,0.570822,0.332694,0.998246,0.873809,0.022695,0.954089,0.885087,0.618847,0.953596,0.560987,0.476893,0.616959,0.131552,0.810905,0.799891,0.907898,0.717311,0.763766,0.130516,-0.614716,-0.471799,0.975676,0.585039,0.693968
Pontine reticular nucleus,0.894362,0.935647,0.992105,0.882990,0.876921,0.798033,0.946213,0.829919,0.841210,0.501801,0.628831,0.956134,0.930592,0.856920,0.901073,0.655238,0.635353,0.827575,0.882148,0.918428,0.884698,0.732569,0.365445,0.873070,0.996124,0.956654,0.346934,0.755614,0.666923,0.908256,0.871031,0.842337,0.993947,0.922762,1.000000,0.969789,0.946751,0.969505,0.913150,0.947309,0.631575,0.541965,0.935991,0.914618,0.825885,0.573040,0.844813,0.861139,0.980501,0.696888,0.250294,0.902411,0.936708,0.924629,0.488188,0.991958,0.924987,0.284976,0.044434,0.108169,0.592664,0.959204,0.964981,0.657201,0.974507,0.997323,-0.882791,0.512728,0.994525,0.869092,-0.253598,0.767768,0.641509,0.589515,0.841293,0.647275,0.752337,0.995450,0.977539,0.997228,0.969013,0.965904,0.976576,0.904474,0.963746,0.982969,0.943701,0.932374,0.731289,0.994235,0.881176,0.998306,0.891376,0.680043,0.792122,0.627828,0.934974,0.486066,0.792624,-0.451004,0.698018,0.998739,-0.051965,0.996954,0.993723,0.531149,-0.417454,0.769222,0.987163,0.679602,0.881394,0.772336,0.951231,0.886420,0.028983,0.573694,0.622696,0.695196,0.886761,0.992406,0.678113,0.708441,0.659204,0.950065,0.931415,0.890220,0.751469,0.835230,0.852553,0.658443,0.831081,0.475272,0.597611,0.641012,0.688330,0.991975,0.462087,0.928978,0.838021,0.907195,0.979608,0.619349,0.935049,0.859765,0.617131,0.076326,0.580122,0.484555,0.829871,0.704345,-0.060670,0.710702,-0.523991,0.745363,0.798249,0.991753,0.920430,0.340847,0.891254,-0.072155,0.970688,0.735189,-0.170510,0.154152,0.048679,0.926524,0.716319,0.687755,0.969767,0.957119,0.939880,0.986829,0.916576,0.670059,0.961325,0.904995,0.752935,0.873346,0.704783,0.682891,0.976151,0.616087,0.982555,0.846201,0.857883,0.554616,0.605915,0.945490,0.932480,0.988963,0.988945,0.528071,0.729181,0.741922,0.866157,0.545934,0.282283,-0.811670,0.751505,0.674459,0.708465,0.333305,0.475944,0.975928,0.805015,0.658178,0.357709,0.356392,0.770759,-0.174593,0.654411,0.473636,0.788473,0.215084,-0.009089,0.906975,0.990719,-0.316934,0.806000,0.638689,0.286697,0.802967,0.201614,0.125961,0.273206,-0.194687,0.594780,0.901246,0.975367,0.419919,0.551304,0.009511,-0.428505,-0.273606,0.894944,0.575303,0.364558
Locus ceruleus,0.823049,0.893543,0.990731,0.849310,0.844310,0.733393,0.946783,0.792841,0.789331,0.363400,0.534794,0.998707,0.987914,0.853800,0.901822,0.573442,0.551604,0.778637,0.823426,0.883235,0.819898,0.692837,0.356930,0.796777,0.973300,0.982929,0.300346,0.733242,0.539216,0.887308,0.814412,0.691192,0.983273,0.869467,0.969789,1.000000,0.988257,0.989716,0.920036,0.991444,0.728137,0.652436,0.978052,0.977970,0.922943,0.725752,0.947719,0.920673,0.998802,0.689464,0.478690,0.976095,0.993459,0.989590,0.674831,0.991348,0.983351,0.287637,0.226657,0.324094,0.747105,0.975241,0.966909,0.783872,0.915311,0.958097,-0.967640,0.305466,0.977020,0.729320,-0.306978,0.846273,0.528248,0.484501,0.758251,0.479971,0.734074,0.952479,0.969131,0.985184,0.901040,0.939912,0.957950,0.835869,0.966396,0.994318,0.995662,0.879477,0.675517,0.990351,0.828530,0.955996,0.954841,0.773224,0.619999,0.491275,0.877990,0.658823,0.655602,-0.225295,0.512252,0.976354,-0.287988,0.971870,0.936527,0.389196,-0.536939,0.721358,0.959148,0.509183,0.817622,0.729428,0.860457,0.856453,0.040075,0.443718,0.545536,0.675278,0.882512,0.936462,0.550925,0.517392,0.606962,0.992754,0.837322,0.761555,0.605996,0.745144,0.800959,0.481587,0.716246,0.675378,0.456881,0.440344,0.568741,0.934245,0.385768,0.829375,0.850070,0.788858,0.933655,0.426914,0.836815,0.851349,0.410222,-0.127855,0.580368,0.361602,0.799324,0.747410,0.020213,0.665218,-0.690921,0.840984,0.744357,0.957644,0.809211,0.211458,0.756349,-0.304692,0.920778,0.781526,0.074574,0.243107,-0.054755,0.944341,0.543046,0.523467,0.946770,0.921859,0.896327,0.993205,0.894285,0.658985,0.866550,0.975107,0.692593,0.834791,0.559638,0.738635,0.999390,0.409959,0.948589,0.785377,0.766905,0.496676,0.421118,0.892602,0.873160,0.935761,0.960703,0.502218,0.657419,0.724845,0.879782,0.409865,0.170226,-0.817460,0.875802,0.675150,0.535107,0.264889,0.346342,0.966072,0.739703,0.571037,0.134468,0.224506,0.689760,-0.086692,0.813487,0.258464,0.679966,0.111506,0.042106,0.841063,0.947371,-0.248470,0.691865,0.555515,0.280675,0.795226,0.104858,-0.016847,0.242501,-0.111309,0.632645,0.979362,0.996139,0.279873,0.371689,-0.234432,-0.542851,-0.409910,0.790879,0.359409,0.310820
Paraventricular nucleus of the thalamus,0.735213,0.818960,0.966501,0.759716,0.753350,0.623710,0.886536,0.690923,0.688350,0.227978,0.403290,0.989282,0.997148,0.764533,0.825339,0.444047,0.420169,0.675082,0.731747,0.803502,0.728976,0.574580,0.213860,0.703532,0.939633,0.944090,0.151495,0.620841,0.417507,0.806930,0.719964,0.626464,0.952791,0.789828,0.946751,0.988257,1.000000,0.956250,0.849642,0.999541,0.823233,0.758373,0.998328,0.995762,0.963431,0.805406,0.964994,0.969491,0.985480,0.572056,0.508852,0.955856,0.982383,0.983814,0.740538,0.979413,0.957290,0.144110,0.162950,0.298903,0.820290,0.930070,0.916931,0.860916,0.860229,0.924372,-0.951467,0.209404,0.969547,0.664731,-0.176383,0.917320,0.400428,0.350249,0.658029,0.371566,0.621953,0.915743,0.922483,0.966355,0.844340,0.880696,0.906834,0.750850,0.983654,0.968256,0.984668,0.803227,0.749622,0.971836,0.736739,0.935195,0.988294,0.859947,0.566764,0.367162,0.802767,0.620581,0.559710,-0.206430,0.432169,0.960355,-0.297079,0.938882,0.910291,0.257005,-0.444929,0.607667,0.913570,0.408660,0.725795,0.616687,0.802149,0.768304,-0.103374,0.312245,0.412661,0.555121,0.800359,0.900024,0.430569,0.453387,0.478579,0.967861,0.768751,0.696368,0.504893,0.644482,0.702430,0.381791,0.620569,0.697588,0.330621,0.365465,0.447933,0.898453,0.487274,0.828011,0.913433,0.723447,0.880682,0.333727,0.772578,0.761283,0.384742,-0.246299,0.452414,0.221749,0.698309,0.646985,-0.101343,0.543461,-0.770208,0.911353,0.806276,0.952495,0.745651,0.065778,0.702261,-0.382965,0.862084,0.866336,0.129875,0.388384,0.057635,0.883832,0.545554,0.420326,0.960773,0.856799,0.823233,0.986279,0.932080,0.537574,0.840965,0.992845,0.575686,0.742173,0.449422,0.640703,0.983361,0.337409,0.898316,0.685158,0.671802,0.358297,0.318178,0.821489,0.797084,0.925250,0.916709,0.365170,0.536944,0.611435,0.798346,0.277366,0.020404,-0.887003,0.923649,0.556934,0.443567,0.114446,0.207173,0.917662,0.631272,0.442209,0.039448,0.079838,0.575858,-0.202150,0.803404,0.257143,0.573020,-0.040189,-0.090560,0.756631,0.940199,-0.363811,0.590018,0.424402,0.135493,0.693717,-0.047470,-0.162376,0.093222,-0.227718,0.517033,0.972178,0.971144,0.139763,0.257416,-0.284961,-0.448584,-0.319394,0.710786,0.322777,0.162064
Accessory olfactory bulb,0.886427,0.943475,0.991761,0.914622,0.911050,0.819585,0.982928,0.870992,0.866338,0.480471,0.645370,0.986534,0.958647,0.919391,0.954337,0.681443,0.661976,0.858383,0.890719,0.938427,0.886414,0.788605,0.484312,0.865744,0.983167,0.998588,0.433593,0.822965,0.639662,0.943342,0.884573,0.733805,0.990178,0.924466,0.969505,0.989716,0.956250,1.000000,0.966522,0.962878,0.624199,0.540217,0.938203,0.940956,0.866414,0.637751,0.912754,0.855462,0.989770,0.785232,0.444708,0.975361,0.983286,0.974669,0.601925,0.980741,0.987625,0.417232,0.286074,0.345654,0.664797,0.996831,0.992919,0.696473,0.945915,0.967986,-0.963495,0.384999,0.962126,0.771215,-0.425047,0.762087,0.635048,0.598541,0.834524,0.568237,0.823606,0.965258,0.991705,0.980984,0.933292,0.974634,0.984770,0.896359,0.928774,0.997291,0.985255,0.931055,0.589181,0.985923,0.895952,0.953625,0.903513,0.676140,0.652831,0.594857,0.928536,0.684375,0.728825,-0.233095,0.572574,0.969435,-0.278340,0.981075,0.939397,0.502559,-0.614887,0.811989,0.980488,0.589271,0.885069,0.819095,0.894615,0.920322,0.175254,0.555466,0.657554,0.773678,0.940707,0.949020,0.649843,0.562259,0.713931,0.995361,0.881632,0.803555,0.685058,0.821965,0.875395,0.561451,0.788425,0.643945,0.563160,0.496991,0.667864,0.946201,0.279424,0.810107,0.771579,0.830701,0.962154,0.501377,0.876941,0.917632,0.420624,-0.017493,0.688701,0.483255,0.876623,0.826955,0.136676,0.764780,-0.604357,0.757942,0.668081,0.940601,0.849011,0.341800,0.787816,-0.229096,0.954889,0.685014,0.026092,0.102197,-0.162285,0.981177,0.524775,0.605857,0.912087,0.962303,0.944756,0.977972,0.838250,0.759132,0.869501,0.938360,0.786625,0.903177,0.648359,0.816300,0.993019,0.464950,0.974472,0.861549,0.837960,0.615418,0.505115,0.939026,0.924569,0.923849,0.980504,0.620300,0.755347,0.815828,0.937762,0.523195,0.305789,-0.733697,0.813961,0.772180,0.606052,0.399934,0.467536,0.990351,0.824556,0.678435,0.216430,0.353544,0.780543,0.026517,0.808654,0.249159,0.763758,0.250330,0.167935,0.900943,0.932263,-0.132237,0.770441,0.665507,0.411796,0.873597,0.244584,0.118092,0.377788,0.003242,0.728987,0.966297,0.998274,0.403191,0.467625,-0.186912,-0.622689,-0.489627,0.846898,0.381291,0.443584
Lateral dorsal nucleus of thalamus,0.947344,0.979559,0.939542,0.981378,0.980734,0.926719,0.995880,0.963358,0.955352,0.655276,0.803780,0.914816,0.858549,0.989507,0.998928,0.834406,0.820153,0.953160,0.959870,0.985149,0.953756,0.917542,0.691045,0.937545,0.945466,0.975673,0.649989,0.940694,0.776356,0.992789,0.959540,0.756775,0.947889,0.969752,0.913150,0.920036,0.849642,0.966522,1.000000,0.862497,0.409144,0.315940,0.818232,0.828205,0.725305,0.456938,0.809321,0.695189,0.921177,0.917635,0.381306,0.928422,0.916858,0.900824,0.454233,0.907825,0.947657,0.632819,0.398154,0.388385,0.493142,0.983868,0.986849,0.510922,0.944630,0.929483,-0.912072,0.489057,0.880630,0.791987,-0.624191,0.573972,0.785131,0.764748,0.920753,0.682424,0.941366,0.931831,0.978342,0.918660,0.934829,0.982725,0.978546,0.951705,0.809402,0.949631,0.917803,0.969741,0.392880,0.923740,0.965675,0.893072,0.766520,0.470506,0.660110,0.738849,0.965049,0.711617,0.809721,-0.211796,0.633325,0.901696,-0.269459,0.942041,0.887731,0.668991,-0.736730,0.929392,0.963475,0.686977,0.954299,0.934844,0.899439,0.984497,0.415121,0.717269,0.819664,0.910277,0.995966,0.914753,0.783229,0.594650,0.866234,0.950319,0.905473,0.823889,0.778200,0.909169,0.959223,0.659605,0.866416,0.571506,0.713406,0.553591,0.801419,0.910800,0.061146,0.720508,0.586653,0.850316,0.957467,0.591298,0.892929,0.988576,0.395810,0.165405,0.850216,0.667896,0.967783,0.932425,0.351361,0.901397,-0.429445,0.573895,0.486154,0.854646,0.864602,0.549440,0.789026,-0.101418,0.960502,0.475187,-0.039463,-0.153125,-0.361460,0.997245,0.445048,0.707510,0.796412,0.980633,0.977863,0.897421,0.687449,0.900629,0.817970,0.826928,0.910386,0.975706,0.761272,0.920184,0.929638,0.519698,0.965528,0.948382,0.913616,0.794123,0.613118,0.967814,0.962644,0.846287,0.960640,0.800789,0.886807,0.936798,0.994603,0.689041,0.526742,-0.540514,0.668718,0.908438,0.685752,0.619246,0.651510,0.980044,0.928890,0.829909,0.332500,0.557899,0.896569,0.241931,0.771936,0.196640,0.865064,0.481152,0.395104,0.955192,0.849375,0.095396,0.861231,0.822854,0.629597,0.969209,0.478066,0.344985,0.602582,0.221928,0.870109,0.897652,0.949979,0.593506,0.600122,-0.114256,-0.747059,-0.623247,0.893121,0.378787,0.657823
Anterior olfactory nucleus,0.745303,0.828717,0.969586,0.773146,0.767140,0.638734,0.896863,0.706567,0.702622,0.242633,0.420497,0.993018,0.998455,0.780359,0.838913,0.461772,0.438167,0.690109,0.743602,0.814836,0.740198,0.593346,0.240497,0.714315,0.942852,0.952265,0.176273,0.639805,0.430082,0.819534,0.732542,0.625812,0.956355,0.799705,0.947309,0.991444,0.999541,0.962878,0.862497,1.000000,0.811379,0.745646,0.996268,0.995904,0.961956,0.801095,0.968475,0.963368,0.988016,0.593270,0.520673,0.964244,0.987592,0.988660,0.741762,0.980163,0.965565,0.171845,0.189720,0.320739,0.817347,0.938664,0.925336,0.854923,0.864774,0.926302,-0.959977,0.210922,0.968087,0.664911,-0.205663,0.908512,0.415376,0.367183,0.669686,0.378445,0.641194,0.917966,0.929401,0.967535,0.848514,0.888688,0.913815,0.760591,0.979018,0.972720,0.989471,0.812460,0.729644,0.973606,0.749098,0.934362,0.985429,0.849381,0.562290,0.379566,0.811472,0.640961,0.566325,-0.191542,0.431990,0.960163,-0.313914,0.941789,0.909345,0.270703,-0.471672,0.624844,0.918713,0.413706,0.737280,0.634066,0.804858,0.781741,-0.074592,0.326686,0.431481,0.575884,0.814664,0.901166,0.442904,0.449641,0.498441,0.974629,0.773227,0.697512,0.511917,0.655676,0.716229,0.386219,0.628839,0.708372,0.343159,0.363180,0.460943,0.899329,0.460745,0.818962,0.900752,0.725426,0.885857,0.335694,0.775877,0.776841,0.372375,-0.239505,0.476469,0.238516,0.714294,0.668876,-0.071164,0.562488,-0.767170,0.904067,0.788717,0.949272,0.747813,0.083392,0.700747,-0.386014,0.868074,0.852350,0.138766,0.366885,0.027474,0.895605,0.530245,0.426356,0.954732,0.865210,0.832579,0.986614,0.921541,0.559320,0.836967,0.993547,0.592526,0.755821,0.458319,0.663145,0.986822,0.334277,0.903909,0.698565,0.681807,0.379816,0.322671,0.829702,0.805774,0.921564,0.921523,0.389011,0.553613,0.631036,0.813957,0.291567,0.040288,-0.872663,0.923011,0.578983,0.446587,0.137827,0.223294,0.924811,0.645987,0.459396,0.039736,0.097033,0.590450,-0.172428,0.816955,0.239636,0.584052,-0.019166,-0.060646,0.766467,0.936639,-0.335432,0.599584,0.442379,0.162861,0.711645,-0.025763,-0.145523,0.119454,-0.198137,0.541640,0.978375,0.976157,0.155327,0.264611,-0.294444,-0.475342,-0.347399,0.716774,0.311936,0.186230
Nucleus prepositus,0.227958,0.350327,0.654830,0.256629,0.247483,0.069878,0.469806,0.159897,0.154877,-0.353318,-0.186776,0.742210,0.819094,0.274452,0.366864,-0.143090,-0.169250,0.137069,0.217361,0.323614,0.215278,0.013214,-0.335321,0.182882,0.592480,0.598876,-0.419240,0.076259,-0.156320,0.330067,0.199657,0.190798,0.618742,0.305779,0.631575,0.728137,0.823233,0.624199,0.409144,0.811379,1.000000,0.993839,0.851732,0.850227,0.918411,0.956802,0.841732,0.935916,0.715481,0.027968,0.590840,0.692444,0.737247,0.760185,0.873338,0.707595,0.666867,-0.385498,-0.018356,0.233313,0.946529,0.561880,0.529182,0.979144,0.442128,0.573623,-0.707913,-0.260571,0.708303,0.225391,0.294462,0.981034,-0.184394,-0.241531,0.121050,-0.162256,0.079829,0.555007,0.540558,0.668872,0.420642,0.457603,0.508774,0.250822,0.813286,0.655244,0.737240,0.327929,0.806205,0.677627,0.223378,0.625334,0.898778,0.997660,0.175993,-0.206917,0.329393,0.415819,0.037863,0.003455,-0.025709,0.669682,-0.359150,0.593294,0.581134,-0.321444,-0.072660,0.050872,0.529101,-0.107923,0.210145,0.063164,0.373097,0.269780,-0.570945,-0.271603,-0.177174,0.000184,0.326003,0.538494,-0.141424,0.043931,-0.100597,0.672325,0.310609,0.252246,-0.025704,0.106163,0.174253,-0.128697,0.094602,0.695637,-0.244075,-0.065059,-0.126472,0.538767,0.691646,0.586253,0.923177,0.276579,0.470711,-0.149213,0.326778,0.266945,0.118040,-0.685315,-0.096789,-0.366848,0.171454,0.165564,-0.463907,-0.025153,-0.934659,0.981406,0.808152,0.696243,0.303002,-0.509063,0.292520,-0.662859,0.434996,0.975991,0.395078,0.837857,0.389143,0.474170,0.352251,-0.105452,0.773601,0.415151,0.358131,0.733159,0.834319,-0.013815,0.514368,0.850684,0.009960,0.230667,-0.099543,0.174784,0.706592,-0.080782,0.498649,0.151263,0.145928,-0.229634,-0.191617,0.359686,0.321097,0.648712,0.536890,-0.206113,-0.036882,0.067823,0.334549,-0.304430,-0.550732,-0.921690,0.925048,0.017062,-0.051374,-0.462378,-0.378459,0.530152,0.079710,-0.144808,-0.393764,-0.495868,0.011707,-0.516917,0.647325,0.100554,0.021913,-0.599956,-0.506752,0.258424,0.675900,-0.648442,0.050168,-0.164648,-0.401514,0.175937,-0.604817,-0.688772,-0.458536,-0.541690,0.011372,0.752006,0.665155,-0.437725,-0.275124,-0.496702,-0.065453,0.011034,0.222143,0.028209,-0.413868
Dorsal part of the lateral geniculate complex,0.120373,0.247602,0.569229,0.154294,0.145322,-0.036329,0.376455,0.057301,0.049762,-0.454290,-0.290619,0.669942,0.756761,0.178261,0.271841,-0.246717,-0.272234,0.032578,0.111143,0.221482,0.108308,-0.087373,-0.411086,0.074569,0.500718,0.514964,-0.500401,-0.021973,-0.264396,0.230388,0.093692,0.084274,0.529766,0.200970,0.541965,0.652436,0.758373,0.540217,0.315940,0.745646,0.993839,1.000000,0.790534,0.792688,0.879533,0.957600,0.794666,0.892050,0.636875,-0.065324,0.610862,0.624970,0.667822,0.694487,0.880725,0.626064,0.593746,-0.453651,-0.018490,0.245002,0.943935,0.474391,0.437846,0.969108,0.340403,0.479602,-0.644743,-0.358740,0.625795,0.118307,0.349358,0.954112,-0.290559,-0.344619,0.012095,-0.269695,-0.017519,0.459673,0.447959,0.583212,0.317678,0.359566,0.413474,0.143708,0.743787,0.571433,0.666668,0.223510,0.765546,0.593370,0.117995,0.534993,0.848115,0.984569,0.074351,-0.313866,0.224566,0.388091,-0.072956,0.074358,-0.130417,0.583462,-0.388904,0.501390,0.487454,-0.424137,-0.026018,-0.052176,0.433527,-0.215761,0.103277,-0.039173,0.268021,0.168127,-0.617941,-0.375826,-0.278768,-0.095496,0.229621,0.441796,-0.249873,-0.057108,-0.200340,0.595566,0.203345,0.144770,-0.136087,-0.003382,0.069078,-0.235489,-0.016252,0.691794,-0.349898,-0.165582,-0.234870,0.442076,0.678181,0.500094,0.879586,0.169054,0.370999,-0.252858,0.220083,0.169581,0.034471,-0.756143,-0.183337,-0.465875,0.070008,0.083764,-0.487705,-0.125908,-0.941037,0.958260,0.758577,0.612527,0.195970,-0.599564,0.187719,-0.712849,0.333622,0.951839,0.458301,0.884208,0.407977,0.384532,0.274335,-0.213969,0.699225,0.314707,0.255364,0.654556,0.771856,-0.106775,0.418514,0.794765,-0.094483,0.127475,-0.209164,0.097125,0.628101,-0.179320,0.401145,0.044832,0.036284,-0.325159,-0.296350,0.255897,0.215885,0.560989,0.441656,-0.294933,-0.142109,-0.028969,0.242349,-0.407609,-0.635716,-0.881331,0.897923,-0.073674,-0.158963,-0.545842,-0.477463,0.436922,-0.026730,-0.249182,-0.481560,-0.587586,-0.095867,-0.528921,0.613700,0.034908,-0.088407,-0.679176,-0.542049,0.151655,0.590404,-0.651815,-0.060619,-0.267714,-0.471471,0.079422,-0.682294,-0.764169,-0.531987,-0.553020,-0.067425,0.689405,0.583515,-0.534015,-0.378555,-0.545642,-0.016546,0.043740,0.112719,-0.056854,-0.497313
Retrochiasmatic area,0.702195,0.789052,0.953406,0.723575,0.716626,0.582064,0.859390,0.650381,0.649108,0.182221,0.355671,0.979222,0.993513,0.726606,0.791995,0.396349,0.371875,0.634690,0.696443,0.771187,0.694358,0.528182,0.157068,0.668805,0.924242,0.923589,0.095016,0.575506,0.375796,0.773464,0.683478,0.607939,0.937855,0.758726,0.935991,0.978052,0.998328,0.938203,0.818232,0.996268,0.851732,0.790534,1.000000,0.995139,0.969803,0.824384,0.961825,0.981461,0.975402,0.523997,0.504686,0.939717,0.970815,0.973825,0.752141,0.971080,0.939796,0.086705,0.125857,0.274426,0.836550,0.907757,0.893643,0.880273,0.838932,0.910032,-0.936257,0.183542,0.964062,0.645412,-0.120817,0.937088,0.355469,0.302424,0.621135,0.337741,0.576470,0.900479,0.901132,0.956056,0.823009,0.855627,0.884411,0.718719,0.986635,0.953640,0.973421,0.773389,0.779563,0.961135,0.700994,0.926114,0.993879,0.885211,0.554306,0.325238,0.773590,0.592428,0.528246,-0.212222,0.410453,0.951839,-0.284905,0.923902,0.900079,0.212636,-0.399499,0.563456,0.893893,0.378003,0.690767,0.572508,0.781755,0.732472,-0.160348,0.267210,0.363417,0.506815,0.765180,0.885742,0.389311,0.438272,0.429317,0.951762,0.744634,0.676005,0.472099,0.607901,0.664085,0.351922,0.587585,0.691332,0.288245,0.346980,0.405960,0.884542,0.530296,0.830566,0.934306,0.702253,0.859319,0.307615,0.750416,0.723381,0.386088,-0.279493,0.400159,0.173305,0.657691,0.602221,-0.154010,0.496155,-0.788290,0.929813,0.831074,0.949023,0.724664,0.016014,0.686648,-0.398018,0.838777,0.893730,0.136018,0.438804,0.108244,0.855521,0.555268,0.388211,0.964146,0.830087,0.793986,0.979465,0.944916,0.488289,0.833603,0.991792,0.531097,0.705206,0.413214,0.596160,0.971915,0.320287,0.877210,0.646783,0.637371,0.305888,0.287798,0.793612,0.767736,0.920946,0.897660,0.311269,0.491800,0.565408,0.762346,0.232434,-0.031903,-0.910805,0.931385,0.508109,0.416512,0.058832,0.159467,0.895722,0.590133,0.395074,0.015625,0.030576,0.533739,-0.252467,0.786543,0.269023,0.535368,-0.093536,-0.145813,0.724543,0.936547,-0.412272,0.554666,0.376185,0.078005,0.651505,-0.101464,-0.210396,0.035805,-0.278034,0.467077,0.960859,0.956353,0.092585,0.222464,-0.288711,-0.402566,-0.273978,0.682953,0.320506,0.106028
Nucleus of Roller,0.686457,0.780224,0.944166,0.723754,0.717767,0.577503,0.863066,0.653956,0.646233,0.160929,0.348936,0.983617,0.998383,0.739432,0.801616,0.393449,0.369159,0.634038,0.687196,0.767057,0.682380,0.537451,0.192807,0.653118,0.909268,0.930696,0.117535,0.589545,0.351765,0.775448,0.676138,0.553571,0.926809,0.747196,0.914618,0.977970,0.995762,0.940956,0.828205,0.995904,0.850227,0.792688,0.995139,1.000000,0.982546,0.851360,0.983947,0.975863,0.970840,0.546612,0.583125,0.960956,0.981769,0.986614,0.798601,0.958266,0.956327,0.128419,0.218720,0.367662,0.865943,0.912693,0.894315,0.896188,0.816414,0.888444,-0.961037,0.121873,0.942986,0.595144,-0.179413,0.933655,0.339611,0.292779,0.605454,0.293866,0.592131,0.878363,0.896377,0.940724,0.797553,0.847944,0.876963,0.703016,0.966380,0.950260,0.982303,0.760790,0.721625,0.949043,0.694249,0.899183,0.994222,0.884189,0.488675,0.299044,0.758977,0.666157,0.490234,-0.119748,0.349352,0.931419,-0.376341,0.907789,0.868940,0.188408,-0.469862,0.567399,0.880736,0.329850,0.679543,0.578100,0.747907,0.733634,-0.111043,0.246884,0.364022,0.525288,0.774811,0.858351,0.364877,0.369791,0.437948,0.961191,0.713015,0.630056,0.433003,0.589619,0.660364,0.301292,0.557817,0.757171,0.261542,0.279165,0.384565,0.856235,0.459852,0.775538,0.905349,0.660260,0.841390,0.249260,0.715699,0.734278,0.300547,-0.325663,0.431120,0.159925,0.663615,0.639706,-0.082004,0.504569,-0.821922,0.933865,0.776640,0.920564,0.684738,0.004247,0.634661,-0.465865,0.821206,0.873516,0.220176,0.426243,0.030238,0.866558,0.472816,0.343223,0.934480,0.820657,0.784035,0.967971,0.908895,0.511138,0.787639,0.999554,0.531294,0.704533,0.377898,0.638323,0.970271,0.249947,0.863213,0.639979,0.616600,0.317102,0.235824,0.779178,0.752491,0.886528,0.883882,0.335437,0.488911,0.582126,0.779298,0.210432,-0.034409,-0.877806,0.954011,0.534620,0.363861,0.073277,0.143331,0.890967,0.584791,0.389791,-0.050263,0.017226,0.524365,-0.177681,0.843089,0.174883,0.512413,-0.090926,-0.083117,0.709700,0.905018,-0.343015,0.527543,0.373544,0.116713,0.667223,-0.095681,-0.224082,0.066078,-0.204440,0.509066,0.979781,0.956560,0.073459,0.177059,-0.371265,-0.471389,-0.353020,0.651553,0.235554,0.125343
Ventral part of the lateral geniculate complex,0.541398,0.653684,0.866400,0.592926,0.586745,0.425193,0.762972,0.516142,0.502588,-0.021020,0.179596,0.935942,0.971448,0.622435,0.692657,0.228847,0.203523,0.490525,0.545069,0.640576,0.538251,0.392733,0.064695,0.503500,0.816045,0.855457,-0.028592,0.454472,0.173912,0.654724,0.533520,0.396831,0.840784,0.613400,0.825885,0.922943,0.963431,0.866414,0.725305,0.961956,0.918411,0.879533,0.969803,0.982546,1.000000,0.934081,0.985894,0.982408,0.909347,0.417367,0.679552,0.920997,0.939658,0.952268,0.889774,0.889638,0.904798,0.009229,0.241996,0.428009,0.943516,0.828727,0.800997,0.961712,0.694806,0.788652,-0.929573,-0.059568,0.870758,0.441365,-0.091356,0.969256,0.164586,0.119518,0.450088,0.111171,0.459074,0.775049,0.800626,0.862329,0.671663,0.736952,0.774042,0.560436,0.921696,0.876736,0.937944,0.629004,0.708789,0.874265,0.554490,0.807399,0.989458,0.942109,0.334961,0.118342,0.626163,0.677360,0.319673,0.009802,0.176669,0.850896,-0.472600,0.814113,0.767673,0.005611,-0.425637,0.420550,0.777458,0.149639,0.535368,0.433694,0.612963,0.605097,-0.211422,0.066750,0.200707,0.389255,0.660678,0.750330,0.187525,0.205943,0.285461,0.902821,0.570591,0.478944,0.257857,0.431530,0.517907,0.120346,0.393821,0.823190,0.079478,0.107792,0.209263,0.748001,0.474840,0.679347,0.905048,0.512027,0.726200,0.069288,0.574539,0.614452,0.163627,-0.495645,0.304363,-0.018088,0.529022,0.542070,-0.133799,0.356394,-0.912931,0.977064,0.751755,0.843640,0.539836,-0.171814,0.489000,-0.609207,0.700889,0.908306,0.366595,0.556255,0.067301,0.774250,0.363243,0.163052,0.877005,0.702353,0.657738,0.905997,0.871988,0.379200,0.674007,0.985300,0.378207,0.570197,0.199153,0.548759,0.909040,0.079601,0.754501,0.493060,0.460786,0.161503,0.052665,0.650293,0.618296,0.798409,0.781545,0.195020,0.330203,0.449237,0.673954,0.028838,-0.203094,-0.881068,0.991952,0.409341,0.187202,-0.081759,-0.036286,0.793478,0.432694,0.223316,-0.227894,-0.160029,0.364233,-0.215465,0.858975,0.060711,0.345386,-0.253566,-0.157680,0.568450,0.823068,-0.379780,0.360904,0.208165,-0.007186,0.542872,-0.255280,-0.392357,-0.069661,-0.243475,0.405088,0.951009,0.887968,-0.107565,-0.008906,-0.504099,-0.422855,-0.325161,0.499133,0.089613,-0.024591
Nucleus of reuniens,0.209703,0.346454,0.631017,0.284003,0.278113,0.091785,0.495905,0.201711,0.178073,-0.367244,-0.161903,0.751700,0.823273,0.337565,0.415969,-0.108343,-0.133105,0.167571,0.218910,0.334991,0.208823,0.077711,-0.184625,0.166888,0.555911,0.626763,-0.303610,0.151924,-0.184084,0.359001,0.207668,0.055444,0.592107,0.296213,0.573040,0.725752,0.805406,0.637751,0.456938,0.801095,0.956802,0.957600,0.824384,0.851360,0.934081,1.000000,0.892223,0.896555,0.700961,0.130053,0.799479,0.753772,0.765976,0.792234,0.977174,0.669208,0.716884,-0.217240,0.266655,0.504878,0.998781,0.585939,0.542926,0.991526,0.392240,0.518403,-0.777875,-0.402883,0.644953,0.101378,0.083085,0.940279,-0.186694,-0.223605,0.107836,-0.250744,0.159991,0.499409,0.537690,0.625862,0.363093,0.451141,0.499946,0.231572,0.743421,0.648695,0.760045,0.314046,0.610782,0.643664,0.232030,0.550310,0.881594,0.958563,0.004996,-0.239647,0.309431,0.634602,-0.039620,0.260488,-0.173489,0.611269,-0.613483,0.553256,0.496250,-0.345029,-0.302048,0.098431,0.502070,-0.211578,0.206173,0.115006,0.292573,0.299379,-0.379594,-0.284727,-0.131050,0.091596,0.377306,0.467924,-0.170894,-0.130618,-0.033709,0.701708,0.240259,0.140500,-0.104067,0.085811,0.194092,-0.239465,0.040047,0.870136,-0.277255,-0.233305,-0.147271,0.465378,0.452711,0.425305,0.812744,0.175963,0.432966,-0.283933,0.246078,0.324887,-0.118117,-0.772815,0.033474,-0.356717,0.219565,0.303348,-0.215906,0.038360,-0.997098,0.962167,0.626626,0.611228,0.207453,-0.491295,0.159673,-0.825213,0.400413,0.883076,0.613466,0.748302,0.127644,0.521265,0.113921,-0.199275,0.678329,0.405956,0.350515,0.696698,0.712775,0.090569,0.387633,0.860087,0.048233,0.256806,-0.163601,0.324999,0.701321,-0.256841,0.470992,0.163062,0.116371,-0.151110,-0.304678,0.338661,0.299683,0.548862,0.507516,-0.091348,-0.005856,0.151507,0.406381,-0.321721,-0.504932,-0.797770,0.966409,0.130582,-0.171195,-0.368858,-0.376294,0.527938,0.098908,-0.117011,-0.547331,-0.483039,0.021755,-0.262544,0.806213,-0.167740,-0.009018,-0.538586,-0.281305,0.241367,0.582972,-0.408768,0.005498,-0.128432,-0.241146,0.252044,-0.534173,-0.675045,-0.320383,-0.290201,0.168146,0.802033,0.668389,-0.443281,-0.365145,-0.711237,-0.291244,-0.243252,0.156864,-0.201931,-0.307429
Frontal pole cerebral cortex,0.620927,0.727312,0.895607,0.686098,0.681787,0.531390,0.833579,0.622140,0.602955,0.090895,0.301092,0.961890,0.980730,0.724657,0.781659,0.351801,0.328145,0.594698,0.632841,0.722158,0.623283,0.516251,0.225283,0.587580,0.849323,0.909751,0.126714,0.576775,0.273926,0.741434,0.625064,0.425252,0.874209,0.689270,0.844813,0.947719,0.964994,0.912754,0.809321,0.968475,0.841732,0.794666,0.961825,0.983947,0.985894,0.892223,1.000000,0.947282,0.932245,0.549865,0.716671,0.968758,0.971838,0.980949,0.874095,0.905120,0.954467,0.173629,0.370939,0.523809,0.909582,0.887039,0.860406,0.914923,0.741075,0.816913,-0.976138,-0.013677,0.875941,0.473212,-0.256736,0.914573,0.275965,0.240645,0.539930,0.183757,0.582326,0.805562,0.853075,0.882105,0.717033,0.798192,0.828392,0.637628,0.904983,0.911949,0.968560,0.701170,0.608913,0.896208,0.644270,0.820030,0.973062,0.873992,0.343720,0.218258,0.695901,0.775399,0.387753,0.057416,0.211479,0.864254,-0.535587,0.845922,0.781849,0.112820,-0.568057,0.536439,0.822632,0.212378,0.621739,0.550050,0.653051,0.697787,-0.045041,0.176947,0.328982,0.520996,0.754536,0.776476,0.286187,0.220882,0.416440,0.946356,0.621259,0.514961,0.329145,0.519675,0.615604,0.180218,0.468619,0.861047,0.180472,0.131950,0.310816,0.772859,0.336903,0.651993,0.838632,0.551537,0.774191,0.116741,0.619010,0.715945,0.129708,-0.424318,0.450963,0.103612,0.636020,0.670958,0.029176,0.482055,-0.875795,0.928412,0.666443,0.841027,0.579479,-0.045801,0.510482,-0.592603,0.754129,0.827951,0.379447,0.419218,-0.092285,0.850461,0.308190,0.230683,0.856047,0.767335,0.729236,0.917948,0.824120,0.515054,0.675720,0.988839,0.493846,0.665270,0.280791,0.678704,0.936533,0.099369,0.803149,0.589800,0.542390,0.301842,0.113531,0.716657,0.688273,0.795959,0.824854,0.343742,0.446299,0.574298,0.772498,0.138252,-0.067129,-0.805638,0.977779,0.545224,0.238892,0.068555,0.082557,0.847476,0.537277,0.343975,-0.188474,-0.035906,0.470091,-0.057482,0.921157,-0.003507,0.434851,-0.112988,0.008813,0.645816,0.819886,-0.228261,0.442873,0.332606,0.156405,0.657446,-0.111895,-0.271136,0.090899,-0.085857,0.549374,0.985320,0.924876,0.008988,0.066320,-0.522361,-0.566268,-0.470793,0.559713,0.065483,0.128426
Lateral habenula,0.556024,0.657622,0.879055,0.577876,0.569703,0.415759,0.746079,0.492893,0.491396,-0.003458,0.170813,0.925778,0.963382,0.584088,0.662233,0.213300,0.187323,0.474825,0.547099,0.635030,0.545447,0.356429,-0.024235,0.517186,0.837792,0.835617,-0.094005,0.410271,0.198614,0.637784,0.531597,0.486515,0.855781,0.621536,0.861139,0.920673,0.969491,0.855462,0.695189,0.963368,0.935916,0.892050,0.981461,0.975863,0.982408,0.896555,0.947282,1.000000,0.915097,0.356562,0.539290,0.878031,0.917127,0.927195,0.814091,0.910845,0.869595,-0.090765,0.060315,0.251712,0.900487,0.811890,0.791273,0.944158,0.727107,0.822609,-0.880722,0.038821,0.907936,0.523481,0.037755,0.986428,0.173235,0.115699,0.462673,0.174653,0.411923,0.809505,0.801448,0.887092,0.709137,0.741196,0.779130,0.575436,0.961298,0.878281,0.919250,0.639646,0.827156,0.893094,0.551883,0.853274,0.993620,0.957365,0.447302,0.146682,0.640688,0.534810,0.374225,-0.157777,0.276437,0.885508,-0.305099,0.838073,0.820465,0.029091,-0.280816,0.394787,0.793965,0.222256,0.541027,0.405035,0.665695,0.588457,-0.325280,0.083113,0.178152,0.335668,0.629343,0.794579,0.213180,0.321890,0.248770,0.880909,0.617587,0.552973,0.313609,0.448854,0.508660,0.197666,0.433156,0.704812,0.108435,0.220820,0.229226,0.794046,0.620811,0.780253,0.968112,0.578703,0.750355,0.161949,0.627944,0.579540,0.317252,-0.429187,0.226535,-0.015835,0.501578,0.456487,-0.286068,0.321124,-0.863079,0.980315,0.861677,0.894828,0.602981,-0.173383,0.575944,-0.496248,0.723479,0.958680,0.219998,0.602417,0.229206,0.743728,0.515547,0.229404,0.933472,0.708901,0.663986,0.925564,0.944000,0.317345,0.754307,0.973255,0.358864,0.556246,0.246504,0.454942,0.908973,0.197679,0.771819,0.489244,0.483577,0.118515,0.131998,0.665132,0.633853,0.859756,0.799450,0.128328,0.316008,0.399935,0.629222,0.048149,-0.222393,-0.952594,0.957313,0.341224,0.269538,-0.132502,-0.028831,0.794021,0.424899,0.212258,-0.121457,-0.158522,0.363038,-0.371837,0.752540,0.234137,0.370372,-0.282577,-0.294542,0.581955,0.879605,-0.525836,0.394389,0.191876,-0.101889,0.497270,-0.290245,-0.390233,-0.149423,-0.397783,0.308836,0.914395,0.883059,-0.094702,0.056527,-0.359616,-0.280516,-0.164627,0.543918,0.240405,-0.084082
Rhomboid nucleus,0.839191,0.904503,0.995565,0.857769,0.852474,0.746911,0.949726,0.801266,0.800823,0.389229,0.552538,0.995031,0.981785,0.855989,0.903919,0.588944,0.567319,0.789374,0.836839,0.892534,0.834572,0.700697,0.355658,0.813616,0.982138,0.981509,0.306421,0.737943,0.564272,0.893667,0.827245,0.723892,0.989769,0.882429,0.980501,0.998802,0.985480,0.989770,0.921177,0.988016,0.715481,0.636875,0.975402,0.970840,0.909347,0.700961,0.932245,0.915097,1.000000,0.690669,0.435217,0.965501,0.986773,0.981373,0.642277,0.996455,0.975756,0.283666,0.188077,0.280430,0.721849,0.975671,0.970038,0.764680,0.930594,0.970234,-0.954838,0.346556,0.985691,0.759885,-0.293097,0.837150,0.550051,0.504141,0.776031,0.513337,0.737942,0.965254,0.974520,0.992378,0.917999,0.948333,0.965231,0.851620,0.971709,0.996483,0.989979,0.892529,0.693277,0.995900,0.840713,0.969207,0.948106,0.761220,0.657039,0.517812,0.891913,0.625435,0.684111,-0.272438,0.550587,0.985731,-0.241172,0.981190,0.952515,0.416011,-0.512010,0.731210,0.968566,0.543625,0.832040,0.738334,0.881845,0.864235,0.033019,0.468383,0.559809,0.678888,0.885338,0.951837,0.575985,0.557404,0.616584,0.988485,0.858912,0.789983,0.635798,0.764290,0.812541,0.517232,0.740514,0.638537,0.484017,0.481543,0.592314,0.949999,0.407143,0.854394,0.854413,0.815296,0.946378,0.465705,0.859407,0.854590,0.454262,-0.090537,0.579030,0.384080,0.806468,0.739103,-0.000590,0.673993,-0.662994,0.828277,0.761680,0.969716,0.834355,0.234244,0.786423,-0.261090,0.934049,0.779166,0.026332,0.231124,-0.029805,0.943702,0.581842,0.556631,0.957156,0.931891,0.907653,0.997055,0.905066,0.660638,0.889933,0.966565,0.704751,0.844072,0.588802,0.727751,0.999478,0.452201,0.959014,0.798720,0.786546,0.506526,0.457963,0.905902,0.887509,0.951467,0.970231,0.505524,0.671618,0.728373,0.878930,0.435567,0.189067,-0.823132,0.856585,0.674574,0.570609,0.275219,0.370133,0.971682,0.753437,0.587649,0.177960,0.247913,0.706270,-0.109313,0.784742,0.304223,0.702339,0.128213,0.027161,0.856307,0.961223,-0.267957,0.715642,0.571144,0.278400,0.797625,0.120099,0.007470,0.244968,-0.133164,0.624258,0.968325,0.996407,0.305424,0.406802,-0.187130,-0.518936,-0.380871,0.813873,0.404639,0.318430
Lateral hypothalamic area,0.905443,0.897941,0.729791,0.948728,0.952900,0.961024,0.881054,0.972942,0.958911,0.823484,0.931622,0.683296,0.591950,0.964846,0.933391,0.951065,0.946690,0.966434,0.930772,0.920338,0.921887,0.990441,0.920757,0.913443,0.755027,0.810484,0.895692,0.995018,0.869616,0.933001,0.939882,0.671196,0.751435,0.902518,0.696888,0.689464,0.572056,0.785232,0.917635,0.593270,0.027968,-0.065324,0.523997,0.546612,0.417367,0.130053,0.549865,0.356562,0.690669,1.000000,0.258506,0.737850,0.695139,0.670661,0.183962,0.669979,0.763507,0.885734,0.542841,0.429717,0.175937,0.831913,0.843552,0.166013,0.806942,0.737907,-0.718074,0.560147,0.630895,0.699596,-0.858796,0.210459,0.900028,0.908761,0.920746,0.748152,0.996162,0.747439,0.823456,0.694545,0.801807,0.858734,0.833564,0.900803,0.512381,0.747259,0.693749,0.892194,0.024328,0.700177,0.937444,0.671433,0.455254,0.095367,0.560397,0.847556,0.884216,0.679342,0.809672,-0.121394,0.619508,0.670089,-0.248409,0.749693,0.678911,0.821745,-0.842933,0.981555,0.802429,0.725818,0.925449,0.984288,0.773536,0.947833,0.736778,0.857695,0.953267,0.998669,0.946958,0.729740,0.870426,0.540893,0.981226,0.755879,0.808196,0.727865,0.800605,0.911384,0.954150,0.702063,0.856879,0.405155,0.834868,0.542223,0.887361,0.724319,-0.299435,0.469535,0.218121,0.750866,0.814348,0.628157,0.784508,0.964680,0.277249,0.404623,0.988405,0.851763,0.975688,0.976797,0.650853,0.987828,-0.117336,0.218916,0.127742,0.599361,0.757783,0.784705,0.666928,0.083784,0.832650,0.086976,-0.106422,-0.522128,-0.638045,0.889283,0.237778,0.750527,0.503757,0.871846,0.891619,0.649872,0.354525,0.999126,0.614140,0.548423,0.973554,0.952282,0.817062,0.965313,0.706782,0.509339,0.816127,0.948345,0.896982,0.959654,0.676362,0.874987,0.884298,0.602932,0.795474,0.972224,0.963839,0.997401,0.950496,0.838889,0.788157,-0.164501,0.365375,0.999117,0.696119,0.870975,0.835727,0.829545,0.958421,0.944173,0.441712,0.786544,0.946888,0.558307,0.629330,0.060591,0.893109,0.765314,0.704549,0.902432,0.598469,0.448427,0.872581,0.947792,0.885342,0.986759,0.767678,0.636569,0.869895,0.545592,0.978275,0.677731,0.747741,0.794252,0.704239,-0.015130,-0.855185,-0.765454,0.831419,0.296448,0.898182
Rostral linear nucleus raphe,0.065398,0.193952,0.363584,0.212917,0.215392,0.063364,0.365065,0.183464,0.127862,-0.333571,-0.110152,0.522689,0.567210,0.326054,0.354011,-0.051955,-0.066468,0.135445,0.112629,0.216918,0.088925,0.142000,0.140579,0.039189,0.281627,0.465930,-0.017429,0.218448,-0.234320,0.270611,0.117819,-0.280931,0.328709,0.145765,0.250294,0.478690,0.508852,0.444708,0.381306,0.520673,0.590840,0.610862,0.504686,0.583125,0.679552,0.799479,0.716671,0.539290,0.435217,0.258506,1.000000,0.631171,0.573029,0.600061,0.908835,0.363039,0.579565,0.156230,0.766573,0.914060,0.815458,0.427568,0.374402,0.726355,0.133841,0.216198,-0.667680,-0.617564,0.294827,-0.225528,-0.344758,0.574975,-0.183806,-0.167797,0.002506,-0.404388,0.233675,0.201343,0.336503,0.321033,0.097050,0.265262,0.296400,0.079153,0.357389,0.411886,0.556316,0.149889,0.021439,0.352627,0.136707,0.200429,0.570563,0.597372,-0.386846,-0.283426,0.134124,0.882370,-0.233329,0.736526,-0.468221,0.279228,-0.964351,0.272654,0.140542,-0.338061,-0.658910,0.121391,0.260951,-0.407385,0.092108,0.142164,-0.000558,0.228662,0.096646,-0.274637,-0.044202,0.208494,0.330349,0.148039,-0.228548,-0.490290,0.067906,0.525417,-0.018154,-0.173029,-0.280789,-0.027875,0.132439,-0.441173,-0.130241,0.970785,-0.310610,-0.550390,-0.194163,0.140522,-0.167271,-0.060622,0.335915,-0.125285,0.188281,-0.519927,-0.034712,0.306053,-0.598469,-0.757985,0.249744,-0.276538,0.209416,0.459104,0.337911,0.111928,-0.838790,0.635744,0.056953,0.226449,-0.092403,-0.353146,-0.200925,-0.937698,0.170787,0.429898,0.906176,0.371514,-0.430213,0.427230,-0.435263,-0.379024,0.257518,0.226521,0.189248,0.387779,0.234051,0.235205,-0.022415,0.606780,0.066262,0.190690,-0.293872,0.501481,0.454247,-0.582087,0.236725,0.093538,-0.024799,0.009743,-0.491329,0.153226,0.124080,0.150291,0.260234,0.128551,0.012756,0.235008,0.394415,-0.308943,-0.303710,-0.299369,0.759685,0.283144,-0.411255,-0.109618,-0.306583,0.330611,0.062851,-0.072515,-0.738625,-0.357798,-0.011074,0.322758,0.880708,-0.691018,-0.117113,-0.293636,0.240706,0.090714,0.189547,0.192703,-0.134795,-0.063034,0.122461,0.291345,-0.270964,-0.485517,0.019583,0.297534,0.402626,0.644772,0.446649,-0.368704,-0.487164,-0.961736,-0.642955,-0.673536,-0.068185,-0.646594,-0.039744
Medial vestibular nucleus,0.781034,0.862691,0.949148,0.841193,0.838596,0.720950,0.939431,0.795287,0.777825,0.328076,0.525914,0.984145,0.971918,0.872783,0.910804,0.571535,0.550949,0.772573,0.795959,0.863524,0.786519,0.712491,0.445822,0.756332,0.921183,0.978919,0.363028,0.761295,0.491507,0.880769,0.791686,0.565882,0.938903,0.834142,0.902411,0.976095,0.955856,0.975361,0.928422,0.964244,0.692444,0.624970,0.939717,0.960956,0.920997,0.753772,0.968758,0.878031,0.965501,0.737850,0.631171,1.000000,0.993411,0.992819,0.748187,0.940247,0.997773,0.391239,0.430382,0.520508,0.780739,0.967674,0.951066,0.786953,0.851541,0.892117,-0.998797,0.178821,0.907820,0.611858,-0.444587,0.806938,0.499330,0.471028,0.719822,0.389048,0.765561,0.885944,0.941046,0.929820,0.831537,0.908097,0.924998,0.793194,0.895616,0.965542,0.991078,0.841098,0.522592,0.941794,0.806339,0.876662,0.926384,0.738651,0.470544,0.440474,0.835155,0.806582,0.571017,-0.022991,0.379231,0.909831,-0.476423,0.917233,0.849411,0.346415,-0.688411,0.728139,0.913050,0.407140,0.786061,0.739418,0.774132,0.850064,0.166330,0.407852,0.552404,0.715497,0.892838,0.858921,0.501851,0.365979,0.628910,0.991456,0.757894,0.652672,0.521099,0.701506,0.786975,0.374802,0.647856,0.796860,0.406172,0.293920,0.525829,0.854690,0.209249,0.689853,0.756745,0.687839,0.879000,0.303901,0.750088,0.866353,0.219125,-0.206788,0.651063,0.344026,0.806535,0.823886,0.192701,0.684247,-0.734229,0.818016,0.599018,0.872681,0.711857,0.202033,0.632958,-0.431728,0.868061,0.705654,0.245988,0.188583,-0.237955,0.952956,0.351130,0.428266,0.856681,0.887594,0.862764,0.944167,0.788350,0.709235,0.749165,0.964428,0.692503,0.825651,0.485402,0.825054,0.972759,0.258523,0.901634,0.765392,0.716535,0.528462,0.313436,0.849182,0.829213,0.839295,0.912995,0.561591,0.652093,0.759033,0.905851,0.371401,0.182417,-0.715349,0.895283,0.732415,0.421395,0.311303,0.323117,0.938323,0.725232,0.563973,0.002928,0.211188,0.668670,0.093617,0.916149,0.049158,0.628833,0.136496,0.195594,0.800022,0.856350,-0.075981,0.630700,0.554874,0.378216,0.823726,0.136950,-0.024621,0.323430,0.067195,0.723976,0.996279,0.974893,0.252031,0.281083,-0.399019,-0.691181,-0.583104,0.714791,0.172508,0.366317
Linear nucleus of the medulla,0.787533,0.867797,0.971610,0.832085,0.828033,0.708131,0.937615,0.778015,0.767093,0.316370,0.504633,0.997774,0.990391,0.851445,0.897402,0.547917,0.526091,0.758672,0.794950,0.862276,0.788345,0.682706,0.375708,0.760631,0.946115,0.980834,0.303006,0.729400,0.490209,0.873410,0.787798,0.614431,0.961130,0.839903,0.936708,0.993459,0.982383,0.983286,0.916858,0.987592,0.737247,0.667822,0.970815,0.981769,0.939658,0.765976,0.971838,0.917127,0.986773,0.695139,0.573029,0.993411,1.000000,0.999098,0.736063,0.969878,0.994232,0.313682,0.325001,0.428207,0.789095,0.969683,0.955664,0.810452,0.876327,0.923212,-0.989761,0.217236,0.946591,0.657214,-0.354688,0.848955,0.487965,0.450747,0.721245,0.409952,0.732174,0.916548,0.952007,0.959752,0.858432,0.917600,0.937047,0.800758,0.940695,0.981782,0.999773,0.849121,0.615495,0.968744,0.802947,0.916793,0.955798,0.781432,0.532082,0.439592,0.845431,0.736518,0.593522,-0.112887,0.426121,0.945416,-0.395307,0.943457,0.891660,0.339086,-0.603176,0.705530,0.932372,0.435190,0.786829,0.715640,0.807949,0.840566,0.076200,0.398038,0.523732,0.675745,0.877343,0.894461,0.501593,0.424992,0.594964,0.995432,0.785997,0.694277,0.542093,0.705081,0.778042,0.404926,0.663588,0.752817,0.404439,0.347453,0.522823,0.891276,0.316543,0.760712,0.821627,0.726061,0.900286,0.342437,0.782508,0.846622,0.304091,-0.199230,0.594763,0.323199,0.787359,0.772814,0.086359,0.653689,-0.739064,0.852372,0.686295,0.918990,0.749021,0.174776,0.683677,-0.394642,0.887031,0.766886,0.181292,0.249052,-0.129157,0.943783,0.444122,0.452729,0.909628,0.896704,0.869474,0.974027,0.853505,0.664475,0.804711,0.982316,0.672021,0.816181,0.499018,0.769945,0.990375,0.314597,0.920170,0.758662,0.724654,0.486724,0.342692,0.860803,0.839755,0.889411,0.933429,0.507642,0.632854,0.724035,0.883323,0.362223,0.143981,-0.785356,0.905442,0.685343,0.457065,0.258001,0.304881,0.948698,0.713683,0.542813,0.042244,0.186057,0.658420,-0.015867,0.874522,0.146582,0.633780,0.091260,0.095555,0.807025,0.904859,-0.183359,0.641498,0.530120,0.302977,0.794701,0.088272,-0.054690,0.254466,-0.041911,0.661592,0.995904,0.987964,0.235072,0.299501,-0.337803,-0.606913,-0.487151,0.738297,0.252533,0.309687
Nucleus raphe magnus,0.760680,0.845972,0.962284,0.808795,0.804647,0.678682,0.922520,0.752529,0.740214,0.276527,0.469310,0.995624,0.993073,0.831435,0.879760,0.514062,0.491788,0.731716,0.768771,0.840350,0.761669,0.654632,0.348380,0.732451,0.932975,0.971971,0.270925,0.703974,0.452972,0.852866,0.761412,0.583741,0.949777,0.816140,0.924629,0.989590,0.983814,0.974669,0.900824,0.988660,0.760185,0.694487,0.973825,0.986614,0.952268,0.792234,0.980949,0.927195,0.981373,0.670661,0.600061,0.992819,0.999098,1.000000,0.763784,0.962745,0.990974,0.287814,0.332251,0.445171,0.814315,0.958681,0.942379,0.833201,0.855931,0.908396,-0.991098,0.177144,0.938504,0.627562,-0.336334,0.865239,0.451267,0.414040,0.691343,0.371098,0.707229,0.900844,0.938186,0.950250,0.836897,0.899895,0.921428,0.774613,0.939058,0.973474,0.998365,0.825933,0.618905,0.960137,0.777369,0.903884,0.963467,0.802342,0.501501,0.401244,0.821993,0.744957,0.559149,-0.084524,0.390016,0.935347,-0.420488,0.930200,0.876332,0.299291,-0.597322,0.677234,0.916702,0.397214,0.760118,0.687992,0.783921,0.817883,0.052492,0.359363,0.489912,0.649538,0.858292,0.877511,0.464585,0.391066,0.564254,0.990662,0.759967,0.665540,0.506177,0.674421,0.751556,0.366531,0.631303,0.774480,0.365453,0.311024,0.486455,0.874259,0.323950,0.745701,0.829511,0.698244,0.881567,0.303800,0.756787,0.825924,0.275651,-0.240655,0.569837,0.284244,0.762690,0.756329,0.073933,0.624542,-0.766946,0.870385,0.687459,0.909637,0.722176,0.134894,0.656213,-0.431273,0.866972,0.782449,0.216467,0.282270,-0.120529,0.930488,0.423399,0.414881,0.904806,0.877101,0.847736,0.968489,0.853117,0.639075,0.785857,0.987884,0.641991,0.791926,0.461803,0.755280,0.985031,0.278142,0.903114,0.730983,0.694746,0.454246,0.303217,0.838433,0.815946,0.877218,0.918000,0.478774,0.601175,0.699040,0.866308,0.322896,0.105436,-0.793802,0.922450,0.661660,0.420190,0.223507,0.265414,0.934435,0.684345,0.508500,0.001499,0.146018,0.626728,-0.025958,0.885572,0.122189,0.600411,0.053590,0.077952,0.781240,0.894228,-0.194676,0.608349,0.495914,0.275936,0.772390,0.051252,-0.094817,0.224292,-0.052521,0.642521,0.998013,0.980831,0.194670,0.258877,-0.371226,-0.600094,-0.483983,0.709460,0.221476,0.276809
Area postrema,0.170996,0.311343,0.568506,0.274752,0.271541,0.088466,0.475499,0.207236,0.171170,-0.370835,-0.149091,0.708364,0.773580,0.351907,0.416176,-0.091301,-0.113637,0.166563,0.194110,0.311529,0.178720,0.106484,-0.076500,0.132020,0.487474,0.601833,-0.214965,0.185025,-0.208438,0.347178,0.188149,-0.058893,0.529221,0.259447,0.488188,0.674831,0.740538,0.601925,0.454233,0.741762,0.873338,0.880725,0.752141,0.798601,0.889774,0.977174,0.874095,0.814091,0.642277,0.183962,0.908835,0.748187,0.736063,0.763784,1.000000,0.594710,0.704417,-0.093733,0.456928,0.674213,0.982072,0.559988,0.511377,0.945588,0.321746,0.438296,-0.777763,-0.496379,0.553707,-0.007366,-0.065908,0.856705,-0.192367,-0.212353,0.078064,-0.315026,0.196003,0.419881,0.494327,0.549835,0.288504,0.409145,0.453980,0.191033,0.643910,0.597865,0.726045,0.273269,0.432088,0.573360,0.211734,0.454748,0.814961,0.877029,-0.131567,-0.264421,0.264485,0.753799,-0.107838,0.440433,-0.284157,0.524893,-0.766981,0.482452,0.396080,-0.356984,-0.444293,0.113595,0.442882,-0.288917,0.178010,0.132445,0.205011,0.290987,-0.227934,-0.292626,-0.104342,0.139598,0.380996,0.379162,-0.197234,-0.262336,0.002903,0.674759,0.162534,0.038402,-0.169382,0.052022,0.183904,-0.320269,-0.016008,0.947994,-0.300173,-0.354887,-0.168652,0.374728,0.254909,0.275337,0.683799,0.079938,0.369263,-0.379122,0.160683,0.336043,-0.292432,-0.803358,0.113726,-0.343341,0.228801,0.375070,-0.029317,0.068526,-0.988987,0.893364,0.455873,0.506082,0.113433,-0.464042,0.041742,-0.903920,0.340515,0.765497,0.745594,0.649767,-0.064537,0.515062,-0.073725,-0.270307,0.563438,0.364115,0.312491,0.622489,0.578739,0.148304,0.262979,0.813011,0.059251,0.248023,-0.215329,0.405031,0.649277,-0.382499,0.412775,0.148609,0.074310,-0.099247,-0.383338,0.291511,0.254169,0.435896,0.446396,-0.015792,0.002771,0.190581,0.423800,-0.330477,-0.456080,-0.660376,0.940370,0.193015,-0.262289,-0.292876,-0.367579,0.485487,0.093229,-0.104591,-0.639739,-0.459941,0.013516,-0.067296,0.872354,-0.360078,-0.045389,-0.475972,-0.108910,0.201920,0.473432,-0.215041,-0.041586,-0.109177,-0.122255,0.280288,-0.464905,-0.638776,-0.213634,-0.095441,0.261199,0.786376,0.623810,-0.436137,-0.423824,-0.833427,-0.431188,-0.408400,0.086994,-0.367603,-0.225481
Lateral vestibular nucleus,0.849291,0.907640,0.996488,0.854067,0.848035,0.748913,0.941201,0.795538,0.800624,0.409444,0.558761,0.983663,0.969430,0.841389,0.891230,0.591495,0.569958,0.787444,0.841503,0.891907,0.841581,0.691461,0.327265,0.824074,0.988455,0.968989,0.290026,0.724085,0.584951,0.887785,0.830445,0.767359,0.992523,0.888257,0.991958,0.991348,0.979413,0.980741,0.907825,0.980163,0.707595,0.626064,0.971080,0.958266,0.889638,0.669208,0.905120,0.910845,0.996455,0.669979,0.363039,0.940247,0.969878,0.962745,0.594710,1.000000,0.954692,0.250713,0.108876,0.198759,0.688084,0.965301,0.963565,0.742050,0.944609,0.982350,-0.926468,0.400469,0.996280,0.799526,-0.245044,0.830838,0.564023,0.513359,0.787038,0.551038,0.722675,0.977974,0.972566,0.998379,0.934706,0.949573,0.965836,0.861487,0.980795,0.992416,0.974842,0.899074,0.734977,0.999069,0.843195,0.985462,0.939034,0.752860,0.710324,0.540814,0.900162,0.558307,0.714939,-0.350663,0.601800,0.996068,-0.160108,0.988472,0.972730,0.438424,-0.450658,0.726154,0.973862,0.584482,0.838452,0.731766,0.906132,0.859581,-0.004483,0.486991,0.559699,0.661962,0.872996,0.969200,0.596868,0.614335,0.608939,0.973398,0.881836,0.825683,0.668136,0.777650,0.812888,0.560408,0.763780,0.575890,0.507805,0.538902,0.610465,0.968143,0.460896,0.895068,0.870244,0.847394,0.956235,0.515708,0.884839,0.841693,0.525306,-0.045681,0.552422,0.397678,0.798641,0.704589,-0.058193,0.665834,-0.625820,0.815610,0.800262,0.986711,0.864452,0.247860,0.826949,-0.197665,0.943905,0.787275,-0.048440,0.234785,0.033547,0.928891,0.648182,0.594753,0.974589,0.934981,0.911680,0.999274,0.927519,0.640132,0.923399,0.951527,0.703253,0.841324,0.618591,0.689203,0.993522,0.511885,0.965282,0.801896,0.801670,0.497898,0.502884,0.913734,0.896368,0.973940,0.975991,0.485690,0.673175,0.712319,0.860304,0.455918,0.195213,-0.842470,0.828508,0.650684,0.614799,0.266090,0.386192,0.969816,0.756015,0.592243,0.236814,0.262747,0.712899,-0.168670,0.730124,0.382987,0.720450,0.130501,-0.022231,0.865375,0.981005,-0.321289,0.737052,0.573676,0.248141,0.781445,0.119741,0.024541,0.222396,-0.191268,0.587333,0.944567,0.989209,0.324611,0.446885,-0.112634,-0.458940,-0.313028,0.837389,0.475979,0.304698
Lateral mammillary nucleus,0.819711,0.893686,0.965338,0.871550,0.868810,0.759692,0.959203,0.827294,0.813162,0.382755,0.571827,0.988170,0.969935,0.895941,0.932032,0.614787,0.594642,0.807407,0.832160,0.893413,0.824013,0.745927,0.470735,0.796538,0.943419,0.990351,0.396939,0.790404,0.544172,0.907431,0.827629,0.618749,0.957993,0.868115,0.924987,0.983351,0.957290,0.987625,0.947657,0.965565,0.666867,0.593746,0.939796,0.956327,0.904798,0.716884,0.954467,0.869595,0.975756,0.763507,0.579565,0.997773,0.994232,0.990974,0.704417,0.954692,1.000000,0.412679,0.398436,0.476934,0.744545,0.982233,0.969463,0.757295,0.884356,0.918037,-0.993305,0.243974,0.925498,0.662514,-0.452648,0.790222,0.549226,0.519237,0.762018,0.448595,0.793675,0.913061,0.961487,0.947767,0.866447,0.933920,0.948279,0.831036,0.905236,0.979010,0.993048,0.874673,0.534982,0.957841,0.841186,0.901630,0.919426,0.715523,0.525976,0.494917,0.869544,0.779182,0.624078,-0.081590,0.439929,0.929743,-0.423255,0.939898,0.878337,0.401852,-0.678895,0.763278,0.937854,0.466791,0.823399,0.773369,0.814108,0.879451,0.182579,0.461072,0.594647,0.744273,0.915723,0.888856,0.554372,0.425934,0.665488,0.997356,0.799668,0.701198,0.576183,0.745252,0.822081,0.435524,0.696434,0.755484,0.461434,0.356544,0.576844,0.884936,0.219251,0.724228,0.756749,0.734308,0.908656,0.366751,0.792278,0.890832,0.276515,-0.145083,0.674852,0.395602,0.836968,0.836198,0.189419,0.719133,-0.693582,0.797278,0.613410,0.893731,0.756671,0.253939,0.681470,-0.370746,0.899217,0.693936,0.182019,0.152131,-0.228622,0.968659,0.398710,0.486989,0.872518,0.916120,0.893947,0.956347,0.800301,0.735873,0.785977,0.958173,0.730628,0.857358,0.540977,0.833941,0.982202,0.321747,0.928307,0.802692,0.760060,0.566242,0.375655,0.882266,0.864200,0.865257,0.937669,0.591698,0.692917,0.786913,0.924389,0.425754,0.230230,-0.715619,0.871105,0.756075,0.480925,0.350113,0.375978,0.959291,0.764053,0.608383,0.069516,0.263723,0.711251,0.086520,0.890369,0.103452,0.676891,0.181790,0.201023,0.837220,0.879708,-0.080589,0.679587,0.598441,0.401828,0.848787,0.180629,0.027492,0.352901,0.060970,0.737979,0.991377,0.986023,0.306621,0.342892,-0.337989,-0.683243,-0.567789,0.759794,0.232791,0.402038
Red nucleus,0.637913,0.597533,0.330798,0.698870,0.708286,0.774336,0.563028,0.766281,0.741870,0.791882,0.848690,0.286826,0.179425,0.733858,0.662508,0.856078,0.863409,0.760485,0.678313,0.637935,0.665467,0.853469,0.995765,0.663086,0.364487,0.458710,0.978732,0.842543,0.744785,0.659849,0.697510,0.367517,0.359671,0.613372,0.284976,0.287637,0.144110,0.417232,0.632819,0.171845,-0.385498,-0.453651,0.086705,0.128419,0.009229,-0.217240,0.173629,-0.090765,0.283666,0.885734,0.156230,0.391239,0.313682,0.287814,-0.093733,0.250713,0.412679,1.000000,0.676552,0.479580,-0.168792,0.486944,0.500419,-0.220883,0.452361,0.342706,-0.376235,0.440218,0.198687,0.386774,-0.978428,-0.227777,0.800376,0.844988,0.694367,0.599589,0.845729,0.357129,0.466539,0.281514,0.450095,0.523423,0.481900,0.624791,0.057686,0.358650,0.307825,0.593236,-0.437486,0.290050,0.687168,0.253415,0.021220,-0.326438,0.254340,0.741763,0.581339,0.572617,0.583686,0.104901,0.396424,0.248996,-0.271073,0.357069,0.268162,0.770843,-0.842641,0.818637,0.434410,0.548980,0.672269,0.819686,0.426503,0.695000,0.966391,0.789849,0.879692,0.886520,0.690589,0.336936,0.738516,0.284982,0.890413,0.387960,0.486217,0.409555,0.599358,0.686609,0.728068,0.531716,0.619231,0.209293,0.744957,0.331837,0.753643,0.330167,-0.693161,0.034970,-0.255506,0.428080,0.457399,0.460060,0.452616,0.732402,-0.006679,0.516022,0.945409,0.839177,0.769221,0.843880,0.901575,0.864898,0.203970,-0.203858,-0.342871,0.160216,0.427881,0.843797,0.328016,0.186500,0.488183,-0.368119,-0.060132,-0.810058,-0.873963,0.584855,-0.128124,0.576034,0.045223,0.547794,0.586479,0.226312,-0.120022,0.902476,0.206954,0.136322,0.820002,0.710485,0.651784,0.840997,0.307498,0.304690,0.456455,0.725518,0.652666,0.930359,0.532468,0.561647,0.583349,0.169056,0.423963,0.960726,0.823814,0.854036,0.706658,0.783473,0.884554,0.309398,-0.015110,0.898218,0.490745,0.957079,0.824096,0.475911,0.766379,0.845560,0.384535,0.836422,0.775102,0.851075,0.397538,-0.202305,0.694773,0.896768,0.943343,0.625027,0.160780,0.798990,0.656522,0.862643,0.999372,0.798906,0.907911,0.787059,0.990377,0.847676,0.917877,0.310976,0.363144,0.806297,0.604780,0.002162,-0.852447,-0.830669,0.542254,0.047344,0.971419
Anterior pretectal nucleus,0.171757,0.227792,0.161575,0.325494,0.335492,0.291065,0.329545,0.365003,0.303817,0.103503,0.265709,0.263472,0.234921,0.441415,0.401146,0.305316,0.305806,0.326128,0.237446,0.277008,0.210511,0.423025,0.635646,0.175637,0.121071,0.333255,0.512607,0.465396,0.092557,0.334769,0.257522,-0.246482,0.153798,0.206396,0.044434,0.226657,0.162950,0.286074,0.398154,0.189720,-0.018356,-0.018490,0.125857,0.218720,0.241996,0.266655,0.370939,0.060315,0.188077,0.542841,0.766573,0.430382,0.325001,0.332251,0.456928,0.108876,0.398436,0.676552,1.000000,0.960450,0.303800,0.322222,0.289429,0.182002,0.075250,0.057583,-0.454287,-0.341996,0.023092,-0.201320,-0.813551,0.028109,0.174964,0.233168,0.179134,-0.122877,0.479925,0.056533,0.234857,0.095906,0.048102,0.222661,0.215267,0.170129,-0.012225,0.218851,0.306394,0.193156,-0.510309,0.126061,0.261533,-0.012873,0.146918,0.009189,-0.383035,0.066764,0.172754,0.873368,-0.053313,0.766811,-0.320006,0.042939,-0.880206,0.109249,-0.046449,0.076752,-0.905533,0.372822,0.154276,-0.168818,0.218419,0.387995,-0.034360,0.333595,0.694244,0.122549,0.337236,0.506565,0.406534,0.004531,0.089092,-0.412748,0.415958,0.333602,-0.001959,-0.154172,-0.064982,0.153370,0.294486,-0.198376,0.034257,0.705482,0.058485,-0.404838,0.121296,-0.005364,-0.729835,-0.327790,-0.191624,-0.111992,0.117520,-0.291167,-0.037478,0.424593,-0.654134,-0.253857,0.613683,0.182671,0.386320,0.662831,0.861516,0.415226,-0.320806,0.096486,-0.443963,-0.052201,-0.091919,0.175724,-0.228635,-0.554612,0.127508,-0.161239,0.693432,-0.302674,-0.908455,0.396704,-0.644238,-0.132638,-0.096928,0.212547,0.215663,0.113089,-0.204966,0.545203,-0.197490,0.244712,0.337900,0.319658,-0.025141,0.699644,0.219293,-0.438057,0.152109,0.265858,0.126037,0.433012,-0.218072,0.170690,0.167386,-0.102376,0.146327,0.550305,0.308245,0.489774,0.471649,0.101890,0.258529,0.245475,0.310378,0.576771,-0.219256,0.434093,0.153209,0.237112,0.283187,0.282122,-0.417832,0.162320,0.244945,0.854645,0.702362,-0.803928,0.107438,0.296124,0.799271,0.178094,-0.079048,0.770277,0.063474,0.306773,0.650360,0.475745,0.324765,0.110433,0.572092,0.840193,0.705035,0.388463,0.250246,0.113604,-0.149749,-0.719884,-0.896394,-0.955917,0.009294,-0.641013,0.485370
Superior vestibular nucleus,0.107492,0.198411,0.231603,0.269000,0.276484,0.183419,0.337629,0.281925,0.218826,-0.101016,0.095367,0.366996,0.370061,0.392182,0.378397,0.145094,0.139525,0.236452,0.169659,0.239681,0.142304,0.302316,0.444743,0.098828,0.169732,0.384747,0.298470,0.362028,-0.068539,0.299772,0.184752,-0.304668,0.211123,0.164007,0.108169,0.324094,0.298903,0.345654,0.388385,0.320739,0.233313,0.245002,0.274426,0.367662,0.428009,0.504878,0.523809,0.251712,0.280430,0.429717,0.914060,0.520508,0.428207,0.445171,0.674213,0.198759,0.476934,0.479580,0.960450,1.000000,0.534397,0.360669,0.316400,0.417132,0.075906,0.101126,-0.552256,-0.504113,0.115070,-0.252766,-0.649717,0.250688,0.005856,0.050663,0.085568,-0.277339,0.377936,0.093885,0.265278,0.171767,0.042813,0.226208,0.235237,0.112325,0.122190,0.288948,0.408994,0.157360,-0.329067,0.204660,0.195370,0.050445,0.318344,0.251759,-0.434990,-0.105252,0.137599,0.920086,-0.162288,0.818262,-0.429469,0.120235,-0.974627,0.158374,0.003008,-0.120497,-0.842111,0.260880,0.181302,-0.308119,0.148725,0.279469,-0.051340,0.280952,0.471883,-0.065105,0.169334,0.384938,0.371587,0.037946,-0.068450,-0.497054,0.267078,0.411796,-0.038549,-0.200758,-0.189461,0.056219,0.214746,-0.340867,-0.063169,0.856130,-0.121595,-0.516948,-0.033454,0.028473,-0.540918,-0.259075,0.005525,-0.153822,0.126268,-0.432304,-0.068050,0.372731,-0.691960,-0.498751,0.473286,-0.025964,0.306732,0.593515,0.686184,0.284715,-0.557517,0.320898,-0.274221,0.037965,-0.127099,-0.060047,-0.259348,-0.760617,0.124897,0.069619,0.840006,-0.025800,-0.756166,0.407625,-0.615893,-0.273295,0.024890,0.202884,0.188668,0.212601,-0.050790,0.421590,-0.162370,0.394634,0.215107,0.255742,-0.169203,0.635933,0.308397,-0.550907,0.169261,0.179819,0.039974,0.254873,-0.373857,0.144543,0.129860,-0.027081,0.176006,0.381457,0.173554,0.384953,0.441198,-0.092374,0.015150,0.043325,0.508520,0.462441,-0.341962,0.209054,-0.057371,0.264087,0.178096,0.121449,-0.600361,-0.070910,0.122419,0.678723,0.808260,-0.821566,-0.010678,0.045028,0.602544,0.122349,0.004869,0.572771,-0.046344,0.141555,0.448205,0.399577,0.073319,-0.152956,0.354153,0.659120,0.597781,0.500697,0.324172,-0.107925,-0.328008,-0.876193,-0.828968,-0.884341,-0.052838,-0.704073,0.271076
Lateral posterior nucleus of the thalamus,0.243639,0.379709,0.653577,0.321814,0.316347,0.131527,0.528931,0.242148,0.217016,-0.331100,-0.120854,0.773290,0.840152,0.377728,0.453272,-0.066388,-0.091015,0.207364,0.255006,0.370197,0.244160,0.121387,-0.136120,0.201682,0.579410,0.655817,-0.257181,0.195789,-0.148582,0.395578,0.244634,0.074070,0.615735,0.329767,0.592664,0.747105,0.820290,0.664797,0.493142,0.817347,0.946529,0.943935,0.836550,0.865943,0.943516,0.998781,0.909582,0.900487,0.721849,0.175937,0.815458,0.780739,0.789095,0.814315,0.982072,0.688084,0.744545,-0.168792,0.303800,0.534397,1.000000,0.616008,0.573234,0.989969,0.418545,0.540407,-0.804342,-0.385014,0.660928,0.121436,0.034332,0.937759,-0.148369,-0.183349,0.143639,-0.223302,0.204103,0.521953,0.566211,0.645856,0.388988,0.481676,0.528861,0.265057,0.753256,0.672861,0.782799,0.346750,0.594228,0.664278,0.268712,0.568096,0.891049,0.951277,0.017381,-0.204840,0.341481,0.669898,-0.010929,0.268854,-0.155634,0.629456,-0.633549,0.576349,0.514234,-0.309750,-0.347723,0.140519,0.528582,-0.186334,0.241831,0.157315,0.316556,0.337148,-0.334328,-0.247893,-0.088101,0.137125,0.415652,0.489119,-0.135584,-0.118003,0.010758,0.727936,0.266758,0.162103,-0.075210,0.120997,0.232488,-0.215371,0.071336,0.889369,-0.242648,-0.219308,-0.110955,0.486202,0.421726,0.430740,0.807447,0.198861,0.459943,-0.263914,0.270925,0.364843,-0.120148,-0.754553,0.081492,-0.318043,0.260335,0.348877,-0.172188,0.082230,-0.996562,0.961107,0.614998,0.624901,0.230654,-0.453659,0.177322,-0.824149,0.428629,0.872849,0.616845,0.714643,0.084432,0.555679,0.108017,-0.172534,0.686856,0.437273,0.383245,0.714618,0.713285,0.136920,0.401410,0.875170,0.089887,0.294937,-0.132650,0.370621,0.723430,-0.244448,0.498310,0.201015,0.150126,-0.105736,-0.281176,0.370001,0.331737,0.562346,0.533550,-0.043793,0.035453,0.195964,0.445860,-0.285570,-0.465317,-0.789596,0.974995,0.177124,-0.148523,-0.324191,-0.338582,0.556837,0.138313,-0.075682,-0.533661,-0.445706,0.060837,-0.221788,0.834231,-0.180128,0.025645,-0.498643,-0.236173,0.274962,0.596384,-0.372056,0.038349,-0.086336,-0.192977,0.294680,-0.493607,-0.642021,-0.273476,-0.249886,0.216137,0.825412,0.692992,-0.407121,-0.338542,-0.718447,-0.337298,-0.287824,0.185387,-0.202042,-0.261425
Lateral preoptic area,0.911938,0.961621,0.982806,0.942020,0.939324,0.858887,0.994064,0.906007,0.900331,0.538490,0.699367,0.971364,0.934447,0.947762,0.975052,0.733977,0.715987,0.894092,0.918767,0.959805,0.913891,0.834344,0.551808,0.894488,0.978712,0.998657,0.503836,0.865429,0.687011,0.965551,0.914368,0.746732,0.984314,0.945358,0.959204,0.975241,0.930070,0.996831,0.983868,0.938664,0.561880,0.474391,0.907757,0.912693,0.828727,0.585939,0.887039,0.811890,0.975671,0.831913,0.427568,0.967674,0.969683,0.958681,0.559988,0.965301,0.982233,0.486944,0.322222,0.360669,0.616008,1.000000,0.998238,0.643707,0.952575,0.963227,-0.954298,0.420666,0.943952,0.783697,-0.489561,0.709162,0.686457,0.654647,0.867527,0.608235,0.866071,0.962061,0.994793,0.968860,0.940762,0.984293,0.990050,0.920209,0.898575,0.989745,0.971365,0.949952,0.532911,0.973852,0.924195,0.941950,0.867479,0.617124,0.660385,0.644167,0.946756,0.697198,0.759590,-0.228940,0.596133,0.955586,-0.276834,0.976200,0.930417,0.558160,-0.656647,0.854357,0.982431,0.624333,0.913117,0.860986,0.902896,0.946951,0.250694,0.609979,0.712728,0.821615,0.964641,0.945489,0.696240,0.576988,0.766399,0.988507,0.895714,0.816099,0.719321,0.855202,0.907849,0.596471,0.818650,0.625548,0.614189,0.518767,0.714420,0.942304,0.214177,0.788594,0.719928,0.843185,0.967836,0.533466,0.888572,0.946264,0.416681,0.039633,0.743662,0.544286,0.911284,0.865441,0.203816,0.812741,-0.554081,0.706190,0.616825,0.920946,0.860360,0.408941,0.794350,-0.190494,0.963717,0.624920,0.005194,0.023660,-0.224738,0.993207,0.504488,0.642241,0.882994,0.975071,0.961996,0.960127,0.797753,0.808449,0.860179,0.910464,0.830817,0.932294,0.688471,0.854176,0.980539,0.485939,0.978887,0.894862,0.867744,0.675357,0.542800,0.954918,0.943250,0.906732,0.981565,0.680721,0.801732,0.859226,0.962105,0.578745,0.376730,-0.679238,0.774525,0.819932,0.635675,0.470906,0.528268,0.994379,0.863029,0.730503,0.254643,0.419763,0.822366,0.093060,0.802637,0.235428,0.800996,0.323894,0.239262,0.924479,0.913527,-0.063002,0.804493,0.719286,0.482182,0.909539,0.318907,0.189610,0.450172,0.070643,0.777808,0.951814,0.990507,0.465453,0.512598,-0.164988,-0.665305,-0.534067,0.867684,0.383994,0.513256
Nucleus raphe pallidus,0.933653,0.975530,0.982515,0.955840,0.953075,0.881740,0.997247,0.922009,0.919391,0.580854,0.731360,0.960169,0.918210,0.955042,0.980028,0.763028,0.745735,0.912829,0.938206,0.972814,0.934553,0.852925,0.567393,0.917907,0.984015,0.994036,0.528289,0.879585,0.725124,0.975588,0.933677,0.783417,0.986673,0.962246,0.964981,0.966909,0.916931,0.992919,0.986849,0.925336,0.529182,0.437846,0.893643,0.894315,0.800997,0.542926,0.860406,0.791273,0.970038,0.843552,0.374402,0.951066,0.955664,0.942379,0.511377,0.963565,0.969463,0.500419,0.289429,0.316400,0.573234,0.998238,1.000000,0.606316,0.968017,0.972068,-0.934921,0.473744,0.945386,0.817831,-0.490854,0.682434,0.722172,0.689416,0.893227,0.653562,0.879323,0.972029,0.998398,0.970291,0.958282,0.993034,0.996326,0.941016,0.893185,0.986930,0.958348,0.966371,0.534928,0.973499,0.942339,0.950108,0.847519,0.585874,0.700553,0.684560,0.963942,0.662410,0.796629,-0.278152,0.642333,0.958947,-0.224839,0.981916,0.942364,0.600861,-0.639157,0.874101,0.990121,0.669410,0.933663,0.879553,0.925555,0.959810,0.263146,0.649890,0.741245,0.836239,0.971330,0.958232,0.734065,0.622620,0.788961,0.978917,0.920218,0.847834,0.758854,0.882485,0.926557,0.642926,0.850764,0.578604,0.655800,0.567816,0.750622,0.955367,0.218614,0.807297,0.708107,0.872664,0.980187,0.582714,0.913507,0.954760,0.462007,0.095746,0.755112,0.583835,0.925785,0.864403,0.199223,0.832995,-0.508195,0.675912,0.619495,0.925727,0.888070,0.450934,0.826272,-0.131985,0.977545,0.603795,-0.052867,-0.011126,-0.214292,0.992761,0.539338,0.686242,0.883454,0.986446,0.976049,0.956380,0.795751,0.821376,0.880262,0.890665,0.853637,0.947510,0.729029,0.850212,0.974137,0.536001,0.988363,0.915756,0.894570,0.700516,0.591458,0.970760,0.961036,0.916196,0.989134,0.698907,0.827460,0.872388,0.964930,0.620163,0.415602,-0.668205,0.740390,0.829976,0.680359,0.500274,0.569207,0.998484,0.885875,0.760639,0.311543,0.462140,0.849271,0.086676,0.767339,0.280471,0.833052,0.361343,0.242064,0.944636,0.920513,-0.064761,0.837176,0.748865,0.497696,0.919258,0.354993,0.235155,0.471476,0.065396,0.779816,0.932895,0.985573,0.508916,0.561491,-0.107164,-0.649123,-0.513246,0.895653,0.432550,0.539185
Anterior tegmental nucleus,0.292567,0.422232,0.702144,0.349740,0.342712,0.160932,0.556749,0.262846,0.246499,-0.293344,-0.096635,0.803932,0.870435,0.388423,0.470635,-0.045935,-0.071703,0.233293,0.294869,0.405680,0.287681,0.129930,-0.177398,0.249365,0.634872,0.681048,-0.282574,0.199481,-0.100024,0.422770,0.281437,0.172146,0.666278,0.374930,0.657201,0.783872,0.860916,0.696473,0.510922,0.854923,0.979144,0.969108,0.880273,0.896188,0.961712,0.991526,0.914923,0.944158,0.764680,0.166013,0.726355,0.786953,0.810452,0.833201,0.945588,0.742050,0.757295,-0.220883,0.182002,0.417132,0.989969,0.643707,0.606316,1.000000,0.481447,0.604409,-0.805519,-0.292360,0.725904,0.215287,0.108465,0.976516,-0.111697,-0.157091,0.189625,-0.149130,0.205604,0.586362,0.606969,0.702804,0.455344,0.524915,0.572745,0.314516,0.817626,0.713426,0.807094,0.393881,0.701797,0.716969,0.305318,0.639855,0.927238,0.984588,0.128747,-0.155171,0.391369,0.591416,0.062151,0.133898,-0.055498,0.693188,-0.518696,0.633353,0.590864,-0.266876,-0.267355,0.157621,0.580576,-0.104896,0.284196,0.172482,0.392900,0.364039,-0.406049,-0.208340,-0.073638,0.132276,0.432073,0.560206,-0.085987,-0.006919,0.016617,0.750855,0.338794,0.251181,-0.002671,0.170061,0.263657,-0.131519,0.135325,0.824609,-0.193635,-0.112404,-0.064897,0.558493,0.536783,0.537205,0.881196,0.283497,0.517287,-0.171210,0.347367,0.378074,0.011878,-0.700140,0.055641,-0.291410,0.278075,0.321265,-0.275082,0.090794,-0.978839,0.989339,0.719844,0.699408,0.313270,-0.435032,0.274932,-0.744962,0.484789,0.932816,0.505813,0.746352,0.193963,0.573263,0.241758,-0.095020,0.763333,0.482030,0.427473,0.767023,0.797448,0.125395,0.495876,0.901312,0.110959,0.323385,-0.067373,0.336336,0.762166,-0.135107,0.550895,0.235787,0.203630,-0.107895,-0.197835,0.420335,0.382283,0.644045,0.586516,-0.063529,0.059337,0.195619,0.452130,-0.245005,-0.461121,-0.867929,0.978112,0.161277,-0.059597,-0.339844,-0.308697,0.597416,0.169073,-0.052018,-0.441503,-0.424378,0.095092,-0.332247,0.786188,-0.040996,0.078491,-0.503739,-0.325851,0.323454,0.674660,-0.480899,0.097564,-0.066970,-0.241249,0.298766,-0.503342,-0.629214,-0.311704,-0.359652,0.177502,0.835422,0.728726,-0.375620,-0.266498,-0.615376,-0.259187,-0.190853,0.254970,-0.073127,-0.282016
Lateral reticular nucleus,0.970695,0.984308,0.960903,0.952204,0.948006,0.907031,0.964128,0.919406,0.932745,0.682841,0.784789,0.896190,0.844098,0.919146,0.942870,0.803490,0.788041,0.922523,0.960855,0.973006,0.963895,0.850148,0.530132,0.959111,0.982679,0.939221,0.530537,0.859463,0.816810,0.960485,0.953471,0.913466,0.973241,0.981810,0.974507,0.915311,0.860229,0.945915,0.944630,0.864774,0.442128,0.340403,0.838932,0.816414,0.694806,0.392240,0.741075,0.727107,0.930594,0.806942,0.133841,0.851541,0.876327,0.855931,0.321746,0.944609,0.884356,0.452361,0.075250,0.075906,0.418545,0.952575,0.968017,0.481447,1.000000,0.988290,-0.824890,0.660533,0.945770,0.935283,-0.392558,0.605726,0.797054,0.754487,0.940219,0.791801,0.854926,0.991449,0.978237,0.961565,0.999312,0.988376,0.985880,0.975782,0.879440,0.951302,0.884058,0.986309,0.603710,0.956159,0.958456,0.973272,0.774300,0.499288,0.857173,0.785696,0.988511,0.458346,0.903542,-0.507542,0.807544,0.962089,0.026608,0.983184,0.980034,0.707090,-0.478172,0.880736,0.991136,0.812687,0.961701,0.881088,0.990880,0.952544,0.210255,0.742779,0.776283,0.812285,0.938166,0.991701,0.825395,0.797868,0.797944,0.910543,0.986530,0.952858,0.874034,0.937008,0.940110,0.793660,0.933309,0.362457,0.761305,0.751415,0.833505,0.990940,0.321582,0.898541,0.699360,0.966268,0.998479,0.752665,0.985424,0.924271,0.666644,0.280052,0.709210,0.668284,0.916433,0.778314,0.079125,0.835758,-0.342958,0.581020,0.681723,0.944623,0.974346,0.542992,0.941106,0.096514,0.998611,0.566012,-0.297340,-0.068030,-0.072397,0.941391,0.714178,0.822070,0.896200,0.990222,0.986732,0.931429,0.815331,0.787992,0.958956,0.805655,0.873014,0.948407,0.842046,0.751578,0.928703,0.726521,0.994511,0.938837,0.951249,0.714499,0.750682,0.991925,0.987911,0.954104,0.990810,0.679282,0.858467,0.846527,0.913134,0.719752,0.488859,-0.668349,0.608278,0.784803,0.828854,0.525709,0.661121,0.979405,0.912126,0.806946,0.518303,0.556909,0.891362,-0.037363,0.583149,0.503143,0.906324,0.426076,0.149828,0.976638,0.948765,-0.165588,0.917638,0.790591,0.458455,0.885744,0.412449,0.345166,0.457774,-0.053731,0.696808,0.832322,0.940265,0.612683,0.712848,0.140069,-0.492832,-0.336997,0.970003,0.644358,0.548841
Nucleus raphe pontis,0.924452,0.957167,0.987880,0.911163,0.905696,0.838524,0.958133,0.864483,0.876320,0.563455,0.683531,0.942705,0.908344,0.883028,0.920689,0.707703,0.689147,0.863780,0.913132,0.941914,0.915776,0.775868,0.422620,0.906199,0.997551,0.957197,0.409772,0.794717,0.719357,0.931095,0.903222,0.869233,0.993108,0.947512,0.997323,0.958097,0.924372,0.967986,0.929483,0.926302,0.573623,0.479602,0.910032,0.888444,0.788652,0.518403,0.816913,0.822609,0.970234,0.737907,0.216198,0.892117,0.923212,0.908396,0.438296,0.982350,0.918037,0.342706,0.057583,0.101126,0.540407,0.963227,0.972068,0.604409,0.988290,1.000000,-0.870184,0.562375,0.984224,0.894668,-0.302355,0.719567,0.695879,0.646824,0.878430,0.697235,0.791057,0.999743,0.983778,0.991395,0.984242,0.979094,0.985539,0.932987,0.941663,0.978711,0.930428,0.955482,0.692470,0.987692,0.911764,0.995601,0.858755,0.625250,0.816377,0.682558,0.957907,0.482297,0.832698,-0.469520,0.736345,0.992439,-0.029386,0.998246,0.994568,0.591233,-0.442040,0.810611,0.994279,0.725900,0.912837,0.812891,0.969149,0.913636,0.089867,0.631924,0.676804,0.738378,0.909427,0.997597,0.729755,0.740046,0.708935,0.943421,0.954328,0.914898,0.795056,0.873183,0.886409,0.705229,0.868808,0.443401,0.654038,0.679064,0.739440,0.997028,0.416973,0.923223,0.797129,0.930935,0.991398,0.665034,0.956343,0.886578,0.634608,0.141960,0.626876,0.547218,0.863550,0.734073,-0.013214,0.756280,-0.469171,0.696495,0.763568,0.981743,0.942632,0.408668,0.911580,-0.019561,0.985390,0.683945,-0.210472,0.082167,0.007081,0.937547,0.717640,0.734601,0.950946,0.973673,0.960801,0.974599,0.888188,0.713491,0.965216,0.878477,0.796905,0.903343,0.752991,0.710900,0.966748,0.653916,0.992224,0.881583,0.893155,0.610673,0.655449,0.966175,0.955997,0.982764,0.995364,0.581519,0.775916,0.781267,0.887467,0.605485,0.351463,-0.768968,0.710134,0.715550,0.750662,0.398689,0.538942,0.983064,0.844910,0.710758,0.410431,0.423732,0.814724,-0.128608,0.636960,0.483414,0.831240,0.285438,0.044657,0.934992,0.982300,-0.267401,0.846722,0.692250,0.345776,0.835536,0.271927,0.197944,0.336129,-0.147648,0.633120,0.884977,0.970048,0.484952,0.606173,0.049726,-0.454293,-0.298421,0.924149,0.598918,0.427633
Midbrain reticular nucleus retrorubral area,-0.750743,-0.837722,-0.934232,-0.817039,-0.814581,-0.691186,-0.922461,-0.770245,-0.750303,-0.287965,-0.491730,-0.978071,-0.970108,-0.853971,-0.893108,-0.539183,-0.518365,-0.745494,-0.767561,-0.839479,-0.757160,-0.686921,-0.428004,-0.725058,-0.901944,-0.967765,-0.338765,-0.738741,-0.452151,-0.859124,-0.763546,-0.525140,-0.921934,-0.807098,-0.882791,-0.967640,-0.951467,-0.963495,-0.912072,-0.959977,-0.707913,-0.644743,-0.936257,-0.961037,-0.929573,-0.777875,-0.976138,-0.880722,-0.954838,-0.718074,-0.667680,-0.998797,-0.989761,-0.991098,-0.777763,-0.926468,-0.993305,-0.376235,-0.454287,-0.552256,-0.804342,-0.954298,-0.934921,-0.805519,-0.824890,-0.870184,1.000000,-0.130576,-0.891620,-0.572639,0.439315,-0.815743,-0.462152,-0.435333,-0.687281,-0.344581,-0.743742,-0.863177,-0.923329,-0.913543,-0.803392,-0.886630,-0.905261,-0.763446,-0.885128,-0.952668,-0.986565,-0.814275,-0.510225,-0.926911,-0.778935,-0.855276,-0.928067,-0.752260,-0.427969,-0.399979,-0.807716,-0.825383,-0.530654,-0.021129,-0.333431,-0.892081,0.514984,-0.897671,-0.825210,-0.305614,0.694989,-0.701150,-0.892101,-0.362399,-0.756837,-0.713274,-0.742366,-0.826589,-0.155984,-0.368518,-0.520938,-0.693480,-0.874044,-0.834103,-0.462547,-0.320505,-0.601408,-0.984208,-0.724997,-0.614944,-0.479457,-0.667858,-0.759556,-0.329342,-0.610635,-0.825223,-0.365207,-0.246848,-0.487597,-0.829639,-0.199229,-0.661610,-0.753186,-0.651560,-0.854616,-0.256945,-0.716826,-0.846575,-0.175399,0.250782,-0.633165,-0.306290,-0.782633,-0.813641,-0.196679,-0.657732,0.761248,-0.829843,-0.585098,-0.854000,-0.676721,-0.164609,-0.595112,0.475144,-0.842676,-0.710762,-0.292670,-0.213045,0.246209,-0.939029,-0.313916,-0.384205,-0.841667,-0.864248,-0.837627,-0.932004,-0.776086,-0.688878,-0.719305,-0.965729,-0.663423,-0.800576,-0.443663,-0.817355,-0.962734,-0.211072,-0.879388,-0.736411,-0.682908,-0.500549,-0.267095,-0.822614,-0.801355,-0.817098,-0.892116,-0.539358,-0.621163,-0.737435,-0.890294,-0.331344,-0.148228,0.711614,-0.909856,-0.714183,-0.376543,-0.283524,-0.284463,-0.920246,-0.695372,-0.530758,0.045852,-0.173241,-0.636241,-0.100698,-0.932877,-0.007907,-0.592264,-0.104395,-0.193159,-0.770729,-0.836010,0.070236,-0.593408,-0.522368,-0.361639,-0.803846,-0.106082,0.061469,-0.302665,-0.073719,-0.713038,-0.996886,-0.963740,-0.212314,-0.235356,0.443061,0.696594,0.594387,-0.679789,-0.126937,-0.340669
Lateral septal nucleus caudal (caudodorsal) part,0.742402,0.644546,0.431896,0.636995,0.634986,0.739701,0.494956,0.655995,0.699412,0.896755,0.810692,0.260250,0.165065,0.540943,0.516203,0.781272,0.784167,0.692208,0.711733,0.631018,0.727899,0.665924,0.500460,0.761252,0.515875,0.376003,0.613864,0.612011,0.895869,0.588877,0.708280,0.891491,0.473482,0.683080,0.512728,0.305466,0.209404,0.384999,0.489057,0.210922,-0.260571,-0.358740,0.183542,0.121873,-0.059568,-0.402883,-0.013677,0.038821,0.346556,0.560147,-0.617564,0.178821,0.217236,0.177144,-0.496379,0.400469,0.243974,0.440218,-0.341996,-0.504113,-0.385014,0.420666,0.473744,-0.292360,0.660533,0.562375,-0.130576,1.000000,0.438110,0.869318,-0.255785,-0.101994,0.860478,0.833272,0.784865,0.967738,0.598619,0.579317,0.499449,0.450835,0.686893,0.574209,0.538315,0.731899,0.311399,0.397226,0.233061,0.677499,0.252968,0.426128,0.694632,0.540644,0.075641,-0.213103,0.904135,0.911750,0.687468,-0.211148,0.907495,-0.845039,0.971021,0.473615,0.662867,0.520898,0.593520,0.909974,-0.040190,0.691514,0.555381,0.969789,0.725943,0.676546,0.747902,0.624449,0.320846,0.890627,0.764419,0.601026,0.538332,0.613785,0.895381,0.951474,0.697623,0.294439,0.774197,0.847538,0.928176,0.803368,0.697021,0.978177,0.859239,-0.435466,0.917262,0.979076,0.878998,0.617087,0.144813,0.628911,0.128524,0.825499,0.620355,0.991473,0.776838,0.558729,0.870175,0.881644,0.520155,0.857613,0.635549,0.381227,0.039968,0.682181,0.460121,-0.156658,0.301685,0.478024,0.806117,0.835819,0.839000,0.810064,0.641703,-0.056843,-0.881171,-0.536854,0.040473,0.439951,0.746512,0.961895,0.393174,0.610764,0.646643,0.367090,0.314769,0.569866,0.685065,0.099488,0.728008,0.654231,0.931492,0.331798,0.337546,0.979513,0.581480,0.724502,0.801104,0.698288,0.988265,0.670156,0.695104,0.543178,0.552913,0.595396,0.759585,0.594478,0.478904,0.899757,0.775289,-0.121512,-0.181082,0.530979,0.967433,0.673660,0.871381,0.507090,0.741212,0.795984,0.984366,0.846209,0.785339,-0.036716,-0.176948,0.782280,0.852410,0.730915,0.168743,0.723897,0.508310,-0.035735,0.862585,0.783035,0.469101,0.562840,0.708296,0.792787,0.542894,-0.029298,0.390982,0.134940,0.365477,0.881931,0.980315,0.806517,-0.064069,0.064153,0.815886,0.906223,0.640233
Lateral septal nucleus rostral (rostroventral) part,0.842936,0.895916,0.988646,0.834055,0.827163,0.732423,0.919823,0.772288,0.782835,0.409206,0.544607,0.965880,0.953189,0.810907,0.863984,0.573865,0.552270,0.767715,0.829415,0.875948,0.831867,0.663270,0.279296,0.817506,0.984672,0.946354,0.253167,0.691981,0.585957,0.866662,0.816637,0.796861,0.985671,0.878599,0.994525,0.977020,0.969547,0.962126,0.880630,0.968087,0.708303,0.625795,0.964062,0.942986,0.870758,0.644953,0.875941,0.907936,0.985691,0.630895,0.294827,0.907820,0.946591,0.938504,0.553707,0.996280,0.925498,0.198687,0.023092,0.115070,0.660928,0.943952,0.945386,0.725904,0.945770,0.984224,-0.891620,0.438110,1.000000,0.825151,-0.180065,0.829262,0.557841,0.502011,0.780307,0.570489,0.689248,0.980071,0.959157,0.996159,0.938327,0.937764,0.954370,0.855203,0.986351,0.979513,0.953245,0.890490,0.780956,0.994135,0.828963,0.993015,0.929293,0.751767,0.751171,0.544012,0.893359,0.485028,0.728421,-0.422206,0.637762,0.998437,-0.081674,0.985715,0.983494,0.440577,-0.376616,0.702418,0.967625,0.607834,0.828059,0.706655,0.917064,0.838800,-0.059484,0.485269,0.539211,0.626223,0.845453,0.975891,0.598181,0.657864,0.581441,0.950055,0.890250,0.847257,0.682670,0.773197,0.795878,0.586240,0.769671,0.514707,0.511673,0.581859,0.608990,0.975683,0.523674,0.929363,0.888952,0.865319,0.953567,0.549277,0.896234,0.812760,0.588037,-0.017234,0.506884,0.390507,0.773453,0.654091,-0.129571,0.638378,-0.596497,0.807860,0.841266,0.997006,0.880578,0.240790,0.854642,-0.145122,0.940562,0.801731,-0.113600,0.255870,0.109456,0.901443,0.709287,0.615052,0.987862,0.924292,0.900989,0.994921,0.949019,0.600876,0.947393,0.933884,0.682683,0.821918,0.629745,0.635199,0.980082,0.557554,0.959429,0.787476,0.799517,0.468772,0.530327,0.906983,0.890069,0.988930,0.970398,0.445924,0.655277,0.678018,0.826822,0.455929,0.180648,-0.865539,0.802801,0.608497,0.642382,0.236215,0.381563,0.956279,0.740207,0.576666,0.280307,0.256908,0.700557,-0.240339,0.671681,0.457149,0.720117,0.112311,-0.087279,0.858368,0.993776,-0.386235,0.740491,0.555905,0.198531,0.748178,0.098958,0.022098,0.179863,-0.261717,0.533180,0.915262,0.973423,0.323242,0.468472,-0.046220,-0.385875,-0.233651,0.845133,0.537828,0.270354
Reticular nucleus of the thalamus,0.930356,0.897993,0.815151,0.859349,0.854309,0.868048,0.817164,0.837394,0.870430,0.788977,0.809443,0.694800,0.627933,0.786344,0.799914,0.807063,0.797015,0.857613,0.903707,0.878563,0.915194,0.783784,0.468919,0.928239,0.865738,0.756940,0.525747,0.765703,0.885551,0.847019,0.894535,0.998348,0.839661,0.912686,0.869092,0.729320,0.664731,0.771215,0.791987,0.664911,0.225391,0.118307,0.645412,0.595144,0.441365,0.101378,0.473212,0.523481,0.759885,0.699596,-0.225528,0.611858,0.657214,0.627562,-0.007366,0.799526,0.662514,0.386774,-0.201320,-0.252766,0.121436,0.783697,0.817831,0.215287,0.935283,0.894668,-0.572639,0.869318,0.825151,1.000000,-0.260696,0.391648,0.847929,0.800198,0.922648,0.922018,0.755794,0.903039,0.841506,0.831121,0.947741,0.876752,0.863297,0.930491,0.737924,0.788389,0.670803,0.915698,0.587759,0.814502,0.892730,0.885757,0.558467,0.279161,0.981043,0.872458,0.923522,0.134715,0.971005,-0.762668,0.960845,0.846643,0.371046,0.869457,0.913742,0.814504,-0.233232,0.821340,0.881250,0.943783,0.911879,0.814271,0.974336,0.854076,0.169829,0.826948,0.777453,0.722698,0.803651,0.922363,0.891959,0.959501,0.758739,0.707679,0.976170,0.998502,0.958854,0.930350,0.876085,0.937159,0.963422,0.009774,0.858142,0.935096,0.887630,0.924315,0.378103,0.905948,0.569192,0.994614,0.914346,0.925107,0.981082,0.798531,0.869737,0.544721,0.606364,0.754169,0.825199,0.599950,-0.045155,0.780319,-0.038808,0.345581,0.651614,0.848527,0.990832,0.658171,0.997112,0.429095,0.920635,0.404711,-0.615860,-0.197324,0.084639,0.772542,0.858615,0.942825,0.790092,0.892327,0.902087,0.777792,0.719319,0.689212,0.951312,0.576092,0.833407,0.863512,0.931894,0.558521,0.751169,0.921977,0.893156,0.888719,0.943362,0.697252,0.912752,0.920120,0.926511,0.885010,0.881213,0.620111,0.838172,0.747029,0.756108,0.816543,0.587138,-0.551856,0.327669,0.668978,0.961236,0.553951,0.757881,0.844732,0.873267,0.817830,0.772676,0.673549,0.879186,-0.154267,0.258625,0.742364,0.931970,0.521714,0.059009,0.927207,0.865770,-0.233925,0.949520,0.798302,0.404824,0.765676,0.500181,0.510846,0.440890,-0.161367,0.539678,0.588307,0.765108,0.732420,0.873830,0.481045,-0.253329,-0.089091,0.977604,0.864826,0.551747
Anteroventral preoptic nucleus,-0.563384,-0.548576,-0.322560,-0.654513,-0.664596,-0.702051,-0.550796,-0.717397,-0.681137,-0.656886,-0.749746,-0.316571,-0.224135,-0.714335,-0.647994,-0.767274,-0.772768,-0.701765,-0.613391,-0.593803,-0.595745,-0.800169,-0.964969,-0.583746,-0.337404,-0.470615,-0.916312,-0.804126,-0.620061,-0.627160,-0.633884,-0.232316,-0.342919,-0.554612,-0.253598,-0.306978,-0.176383,-0.425047,-0.624191,-0.205663,0.294462,0.349358,-0.120817,-0.179413,-0.091356,0.083085,-0.256736,0.037755,-0.293097,-0.858796,-0.344758,-0.444587,-0.354688,-0.336334,-0.065908,-0.245044,-0.452648,-0.978428,-0.813551,-0.649717,0.034332,-0.489561,-0.490854,0.108465,-0.392558,-0.302355,0.439315,-0.255785,-0.180065,-0.260696,1.000000,0.155601,-0.686439,-0.736867,-0.608571,-0.445043,-0.810687,-0.313280,-0.449107,-0.265494,-0.382961,-0.489825,-0.455505,-0.552865,-0.059378,-0.360434,-0.344949,-0.535304,0.473214,-0.280684,-0.627140,-0.212620,-0.074868,0.239624,-0.104176,-0.609638,-0.520258,-0.704548,-0.455116,-0.291785,-0.231285,-0.225063,0.463077,-0.328264,-0.214491,-0.633392,0.923214,-0.759369,-0.401271,-0.393060,-0.603244,-0.764564,-0.340747,-0.653861,-0.952493,-0.662050,-0.794190,-0.849053,-0.671183,-0.282661,-0.614388,-0.118090,-0.825639,-0.415364,-0.396215,-0.292289,-0.463267,-0.595070,-0.667917,-0.370779,-0.508497,-0.372954,-0.609216,-0.155669,-0.635551,-0.274553,0.740254,0.048810,0.238484,-0.319068,-0.408616,-0.287712,-0.359943,-0.708463,0.179971,-0.331970,-0.923381,-0.716018,-0.725759,-0.860413,-0.947846,-0.806466,-0.058222,0.117884,0.379236,-0.128554,-0.324870,-0.714989,-0.207465,0.013600,-0.435324,0.319645,-0.147264,0.715626,0.939873,-0.586585,0.270120,-0.424626,-0.025653,-0.505808,-0.536573,-0.227101,0.135070,-0.872041,-0.123124,-0.192802,-0.750194,-0.661740,-0.514667,-0.868243,-0.320504,-0.124563,-0.417777,-0.657661,-0.561214,-0.859740,-0.364789,-0.504494,-0.520253,-0.121123,-0.390887,-0.916336,-0.744290,-0.819782,-0.701878,-0.650679,-0.769288,-0.296367,-0.090443,-0.877783,-0.333780,-0.876812,-0.695701,-0.457036,-0.693727,-0.752517,-0.187867,-0.705704,-0.689018,-0.904363,-0.522324,0.377964,-0.587505,-0.788279,-0.963689,-0.555363,-0.121334,-0.837060,-0.545458,-0.772507,-0.970516,-0.773884,-0.804879,-0.648141,-0.940968,-0.897224,-0.928160,-0.369981,-0.372736,-0.669499,-0.439672,0.203023,0.928472,0.925548,-0.442486,0.134840,-0.903178
Anteroventral periventricular nucleus,0.412046,0.525223,0.788903,0.438007,0.429282,0.261601,0.630013,0.346289,0.342894,-0.166963,0.007107,0.855794,0.912298,0.450180,0.536126,0.050990,0.024507,0.325557,0.402434,0.500514,0.400454,0.203039,-0.167976,0.369671,0.736948,0.739527,-0.245952,0.262218,0.035970,0.505256,0.385722,0.355029,0.759223,0.484511,0.767768,0.846273,0.917320,0.762087,0.573972,0.908512,0.981034,0.954112,0.937088,0.933655,0.969256,0.940279,0.914573,0.986428,0.837150,0.210459,0.574975,0.806938,0.848955,0.865239,0.856705,0.830838,0.790222,-0.227777,0.028109,0.250688,0.937759,0.709162,0.682434,0.976516,0.605726,0.719567,-0.815743,-0.101994,0.829262,0.391648,0.155601,1.000000,0.009218,-0.048852,0.310860,0.019273,0.264848,0.703665,0.693136,0.799642,0.585720,0.621232,0.665952,0.433383,0.907533,0.788882,0.850047,0.504757,0.828893,0.807141,0.407960,0.760327,0.965858,0.991791,0.326110,-0.016273,0.505940,0.490955,0.222592,-0.082033,0.138265,0.798960,-0.338574,0.737441,0.721529,-0.134300,-0.191207,0.241508,0.683377,0.070632,0.395658,0.252935,0.539350,0.449993,-0.443054,-0.081192,0.015887,0.185867,0.498990,0.687564,0.050913,0.195443,0.090728,0.798740,0.483848,0.420556,0.159568,0.296223,0.361393,0.047322,0.281772,0.714523,-0.054661,0.089054,0.066826,0.687364,0.661380,0.700863,0.962069,0.446204,0.632004,0.017805,0.496964,0.444112,0.226722,-0.557010,0.081050,-0.179792,0.356537,0.330083,-0.370834,0.165699,-0.911765,0.997075,0.848963,0.816157,0.471953,-0.332740,0.451730,-0.584340,0.600590,0.981742,0.308084,0.721328,0.304496,0.631013,0.445087,0.075837,0.873392,0.583620,0.532320,0.850889,0.907199,0.169412,0.653462,0.932535,0.202538,0.413977,0.088367,0.333688,0.829746,0.068890,0.656974,0.339884,0.333770,-0.041007,-0.018196,0.533512,0.498290,0.774498,0.690000,-0.024187,0.157013,0.252694,0.503164,-0.115798,-0.378804,-0.952673,0.958862,0.197071,0.122835,-0.287534,-0.192458,0.684202,0.271184,0.049529,-0.252465,-0.318467,0.205304,-0.442679,0.718041,0.172443,0.213599,-0.434694,-0.395768,0.440544,0.798191,-0.588960,0.239829,0.029161,-0.241468,0.356603,-0.441068,-0.535952,-0.294502,-0.468549,0.177129,0.854601,0.796256,-0.256448,-0.098404,-0.432271,-0.187634,-0.088534,0.402096,0.142596,-0.238099
Barrington's nucleus,0.914922,0.853219,0.620893,0.888399,0.890717,0.960280,0.760525,0.920106,0.932911,0.982256,0.995661,0.501203,0.391536,0.850198,0.811457,0.990224,0.990841,0.935437,0.916613,0.862656,0.919098,0.946877,0.848110,0.932526,0.682474,0.648392,0.894103,0.918679,0.996126,0.849510,0.921964,0.843518,0.657521,0.878265,0.641509,0.528248,0.400428,0.635048,0.785131,0.415376,-0.184394,-0.290559,0.355469,0.339611,0.164586,-0.186694,0.275965,0.173235,0.550051,0.900028,-0.183806,0.499330,0.487965,0.451267,-0.192367,0.564023,0.549226,0.800376,0.174964,0.005856,-0.148369,0.686457,0.722172,-0.111697,0.797054,0.695879,-0.462152,0.860478,0.557841,0.847929,-0.686439,0.009218,1.000000,0.996428,0.953271,0.955447,0.912579,0.711540,0.721281,0.606978,0.808326,0.786193,0.749012,0.905166,0.413594,0.614870,0.494835,0.867401,0.079014,0.597774,0.911989,0.639646,0.255998,-0.118665,0.781220,0.993809,0.867159,0.292381,0.949706,-0.489956,0.866091,0.602704,0.195059,0.681521,0.673505,0.985258,-0.543652,0.951013,0.736294,0.938377,0.920761,0.944490,0.823962,0.880719,0.662228,0.994659,0.985900,0.921262,0.833847,0.718519,0.995287,0.801967,0.965075,0.568720,0.863248,0.853027,0.958864,0.957553,0.927308,0.929109,0.951518,-0.010411,0.991305,0.824424,0.996793,0.716709,-0.168710,0.558943,0.131126,0.854878,0.779918,0.890726,0.848459,0.859355,0.591091,0.736523,0.882469,0.981873,0.910966,0.787667,0.462866,0.956048,0.221037,-0.012244,0.167653,0.558463,0.847771,0.939685,0.807580,0.498328,0.804517,-0.045867,-0.527395,-0.652983,-0.409896,0.738456,0.488355,0.949850,0.451143,0.815475,0.849694,0.533160,0.314536,0.907345,0.682589,0.329762,0.966890,0.900997,0.976321,0.755584,0.556424,0.805156,0.759935,0.938820,0.944438,0.961461,0.922589,0.850636,0.871564,0.596124,0.730139,0.917261,0.979727,0.912225,0.806357,0.989759,0.915340,-0.094130,0.071985,0.886015,0.914362,0.911049,0.979403,0.729618,0.958652,0.993222,0.788365,0.944941,0.978063,0.371171,0.260465,0.413317,0.976344,0.882948,0.562787,0.901708,0.574236,0.312436,0.966326,0.990637,0.815454,0.882010,0.873728,0.838977,0.846104,0.368659,0.804851,0.435667,0.598900,0.962930,0.942426,0.422096,-0.563567,-0.450171,0.904819,0.627476,0.908169
Suprachiasmatic nucleus,0.888289,0.824182,0.575224,0.870166,0.873596,0.949431,0.732864,0.909369,0.918385,0.984995,0.997931,0.459558,0.346266,0.838995,0.793153,0.992419,0.994638,0.923301,0.894624,0.838029,0.895514,0.947934,0.885939,0.908420,0.636525,0.615986,0.928279,0.919236,0.985876,0.828382,0.902149,0.795219,0.612630,0.849976,0.589515,0.484501,0.350249,0.598541,0.764748,0.367183,-0.241531,-0.344619,0.302424,0.292779,0.119518,-0.223605,0.240645,0.115699,0.504141,0.908761,-0.167797,0.471028,0.450747,0.414040,-0.212353,0.513359,0.519237,0.844988,0.233168,0.050663,-0.183349,0.654647,0.689416,-0.157091,0.754487,0.646824,-0.435333,0.833272,0.502011,0.800198,-0.736867,-0.048852,0.996428,1.000000,0.932604,0.933334,0.913970,0.663151,0.684497,0.556769,0.765105,0.752038,0.712245,0.877294,0.352900,0.572856,0.456297,0.837229,-0.003367,0.549126,0.891235,0.584551,0.203934,-0.175643,0.727006,0.985103,0.835649,0.313429,0.919872,-0.430451,0.825835,0.549295,0.157701,0.634820,0.618162,0.984339,-0.581099,0.946588,0.694863,0.910574,0.897933,0.940419,0.778152,0.862383,0.722718,0.993292,0.992239,0.928906,0.817784,0.667753,0.983940,0.753412,0.972142,0.533911,0.822223,0.806437,0.931937,0.936094,0.911174,0.900985,0.923584,-0.008954,0.984409,0.782399,0.986483,0.665364,-0.251322,0.488897,0.059930,0.809360,0.738656,0.859116,0.804644,0.847338,0.528562,0.743697,0.903586,0.990317,0.901073,0.798302,0.532244,0.958720,0.252393,-0.065579,0.086975,0.498715,0.802065,0.957413,0.755121,0.491708,0.765410,-0.113880,-0.495229,-0.705811,-0.478978,0.715228,0.414839,0.923831,0.386686,0.782527,0.819526,0.481991,0.243230,0.918574,0.621770,0.284754,0.962393,0.883660,0.955884,0.768744,0.512812,0.762534,0.719615,0.922026,0.919218,0.977505,0.897239,0.817582,0.840115,0.535211,0.687902,0.940226,0.975921,0.914960,0.794485,0.989239,0.941317,-0.020654,0.033088,0.897856,0.880633,0.942579,0.986801,0.693393,0.946763,0.994016,0.766420,0.960908,0.967453,0.445687,0.257746,0.347170,0.956694,0.915055,0.628383,0.873953,0.513668,0.391244,0.942510,0.994219,0.859042,0.878089,0.908128,0.866169,0.887553,0.443854,0.827006,0.402795,0.558624,0.971909,0.925845,0.397161,-0.600380,-0.498188,0.868796,0.570280,0.939983
Bed nucleus of the anterior commissure,0.994103,0.969932,0.828620,0.977443,0.977055,0.992283,0.914001,0.980036,0.990897,0.882896,0.948920,0.735607,0.648391,0.945359,0.934340,0.957185,0.949776,0.988160,0.993101,0.971653,0.994743,0.962461,0.757576,0.998043,0.871234,0.840595,0.777157,0.953742,0.957300,0.960859,0.993226,0.907198,0.854409,0.981328,0.841293,0.758251,0.658029,0.834524,0.920753,0.669686,0.121050,0.012095,0.621135,0.605454,0.450088,0.107836,0.539930,0.462673,0.776031,0.920746,0.002506,0.719822,0.721245,0.691343,0.078064,0.787038,0.762018,0.694367,0.179134,0.085568,0.143639,0.867527,0.893227,0.189625,0.940219,0.878430,-0.687281,0.784865,0.780307,0.922648,-0.608571,0.310860,0.953271,0.932604,1.000000,0.912660,0.948809,0.888498,0.895368,0.818354,0.944760,0.935247,0.913408,0.991274,0.666793,0.823151,0.728016,0.977065,0.323061,0.812013,0.990486,0.837019,0.535450,0.186845,0.838689,0.939208,0.977101,0.429848,0.968917,-0.486649,0.862848,0.813852,0.079061,0.870425,0.857309,0.895491,-0.578107,0.977781,0.906318,0.911752,0.994909,0.975105,0.945238,0.973805,0.498238,0.920661,0.942621,0.933323,0.944414,0.890030,0.961000,0.818800,0.945797,0.782813,0.965932,0.936431,0.958531,0.999531,0.991120,0.895779,0.988902,0.209046,0.925200,0.808036,0.967381,0.888207,0.036228,0.741007,0.414197,0.946122,0.932070,0.849997,0.955689,0.952148,0.626894,0.530135,0.865309,0.879013,0.974545,0.850699,0.331462,0.959860,-0.066853,0.289900,0.413601,0.776602,0.947238,0.792728,0.902349,0.294319,0.945990,0.252183,-0.404726,-0.403670,-0.301400,0.893644,0.595311,0.924382,0.691764,0.951653,0.968673,0.763801,0.571753,0.915311,0.844703,0.595879,0.980935,0.982125,0.953787,0.821483,0.779987,0.783499,0.920787,0.995430,0.998292,0.902660,0.869713,0.969726,0.978951,0.799564,0.902437,0.866288,0.979245,0.944846,0.919858,0.905465,0.756068,-0.375983,0.359313,0.903547,0.904483,0.780342,0.872710,0.900598,0.993596,0.959487,0.670601,0.801970,0.991964,0.222652,0.467346,0.441000,0.992221,0.708597,0.418548,0.990189,0.786037,0.122320,0.990431,0.950991,0.704435,0.947467,0.698043,0.635427,0.717178,0.212390,0.821018,0.673567,0.810352,0.837564,0.864637,0.267103,-0.595900,-0.458548,0.980775,0.636104,0.792765
Bed nucleus of the accessory olfactory tract,0.878089,0.801199,0.591780,0.805762,0.804942,0.885269,0.679223,0.824185,0.855364,0.955740,0.923839,0.441859,0.340943,0.732749,0.707360,0.907297,0.907284,0.850904,0.859929,0.795503,0.870469,0.831136,0.661053,0.893886,0.665020,0.567129,0.742841,0.791110,0.976733,0.765032,0.858996,0.930434,0.630476,0.832101,0.647275,0.479971,0.371566,0.568237,0.682424,0.378445,-0.162256,-0.269695,0.337741,0.293866,0.111171,-0.250744,0.183757,0.174653,0.513337,0.748152,-0.404388,0.389048,0.409952,0.371098,-0.315026,0.551038,0.448595,0.599589,-0.122877,-0.277339,-0.223302,0.608235,0.653562,-0.149130,0.791801,0.697235,-0.344581,0.967738,0.570489,0.922018,-0.445043,0.019273,0.955447,0.933334,0.912660,1.000000,0.780658,0.713040,0.669216,0.597637,0.810928,0.736961,0.702533,0.869139,0.437155,0.568544,0.422472,0.825494,0.247826,0.579463,0.848151,0.662436,0.231721,-0.104078,0.908050,0.981167,0.831387,0.041919,0.977109,-0.725066,0.971227,0.609193,0.454136,0.667612,0.705905,0.967384,-0.279970,0.851058,0.708317,0.997513,0.869686,0.840148,0.850545,0.795817,0.451111,0.964109,0.892726,0.779969,0.727625,0.735361,0.977201,0.935456,0.849525,0.487828,0.879402,0.913557,0.988675,0.924427,0.852855,0.996604,0.953779,-0.208777,0.980418,0.953757,0.969360,0.736500,0.060901,0.674399,0.207280,0.903253,0.762348,0.985192,0.875386,0.746907,0.795874,0.808035,0.706844,0.931391,0.808774,0.601165,0.201407,0.842027,0.302106,-0.022901,0.317634,0.593441,0.890548,0.888143,0.890650,0.657638,0.783565,0.020176,-0.733620,-0.554029,-0.135182,0.636873,0.693399,0.998327,0.499752,0.768808,0.801412,0.519043,0.395093,0.754062,0.759074,0.276130,0.876807,0.819765,0.993015,0.557867,0.510268,0.943926,0.732303,0.872640,0.920095,0.838347,0.994730,0.815863,0.837295,0.645664,0.704618,0.758962,0.897792,0.777125,0.680483,0.964727,0.837945,-0.185964,-0.002831,0.723615,0.989390,0.782684,0.937498,0.676778,0.886167,0.917242,0.915028,0.897720,0.915976,0.109741,0.065189,0.660625,0.955609,0.793007,0.320295,0.863399,0.617052,0.073146,0.959173,0.906874,0.622382,0.752795,0.775014,0.802486,0.675749,0.111065,0.603016,0.338334,0.543178,0.931590,0.992767,0.633151,-0.302712,-0.168778,0.916416,0.827059,0.765323
Superior colliculus motor related,0.938766,0.932280,0.777882,0.972308,0.975359,0.978802,0.912051,0.989425,0.979716,0.830635,0.937717,0.725260,0.636407,0.980226,0.955427,0.956769,0.950890,0.984794,0.959084,0.950136,0.951999,0.995545,0.888065,0.944546,0.804467,0.844672,0.868185,0.999853,0.889236,0.958780,0.966005,0.728337,0.799277,0.936645,0.752337,0.734074,0.621953,0.823606,0.941366,0.641194,0.079829,-0.017519,0.576470,0.592131,0.459074,0.159991,0.582326,0.411923,0.737942,0.996162,0.233675,0.765561,0.732174,0.707229,0.196003,0.722675,0.793675,0.845729,0.479925,0.377936,0.204103,0.866071,0.879323,0.205604,0.854926,0.791057,-0.743742,0.598619,0.689248,0.755794,-0.810687,0.264848,0.912579,0.913970,0.948809,0.780658,1.000000,0.800145,0.863555,0.747415,0.850804,0.897199,0.874151,0.935200,0.574081,0.791270,0.732289,0.928105,0.107787,0.751175,0.964300,0.730357,0.505501,0.147520,0.623799,0.865962,0.921589,0.653915,0.848666,-0.190463,0.670083,0.726458,-0.202239,0.799950,0.738780,0.832638,-0.804526,0.992366,0.847877,0.763951,0.954788,0.994541,0.825974,0.971344,0.680157,0.868647,0.954706,0.996454,0.967079,0.785284,0.891103,0.599504,0.980954,0.791449,0.856238,0.782568,0.837086,0.940498,0.976498,0.740696,0.893221,0.396520,0.851629,0.594863,0.906754,0.780488,-0.216250,0.544818,0.288411,0.804155,0.860490,0.670586,0.835371,0.981095,0.349127,0.408533,0.972019,0.852746,0.991061,0.968724,0.581996,0.991595,-0.141128,0.267927,0.209901,0.662166,0.810966,0.776570,0.727403,0.101094,0.876934,0.152025,-0.149465,-0.476576,-0.568411,0.915191,0.318754,0.786742,0.570264,0.909600,0.927104,0.702662,0.427065,0.992999,0.680785,0.591857,0.984960,0.975217,0.847232,0.954141,0.751648,0.562667,0.860813,0.971730,0.929766,0.950733,0.712516,0.913651,0.921717,0.667754,0.841692,0.955124,0.975037,0.999872,0.965717,0.849201,0.771164,-0.237073,0.399574,0.991861,0.740068,0.846937,0.837964,0.869188,0.977239,0.951461,0.475219,0.780257,0.965104,0.483686,0.627623,0.135438,0.921196,0.741823,0.640974,0.936601,0.662490,0.369984,0.904919,0.952182,0.846731,0.995296,0.741640,0.619097,0.834423,0.470452,0.959135,0.709464,0.789623,0.795223,0.731676,0.020230,-0.817683,-0.715576,0.875103,0.363580,0.873325
Basolateral amygdalar nucleus,0.932301,0.962002,0.984924,0.917628,0.912304,0.849103,0.959421,0.872795,0.885108,0.581884,0.698840,0.936363,0.899399,0.888269,0.924063,0.722084,0.703960,0.872810,0.920934,0.947127,0.923743,0.786704,0.437015,0.914999,0.996576,0.954884,0.426593,0.803998,0.734814,0.935816,0.911308,0.878273,0.991254,0.953482,0.995450,0.952479,0.915743,0.965258,0.931831,0.917966,0.555007,0.459673,0.900479,0.878363,0.775049,0.499409,0.805562,0.809505,0.965254,0.747439,0.201343,0.885944,0.916548,0.900844,0.419881,0.977974,0.913061,0.357129,0.056533,0.093885,0.521953,0.962061,0.972029,0.586362,0.991449,0.999743,-0.863177,0.579317,0.980071,0.903039,-0.313280,0.703665,0.711540,0.663151,0.888498,0.713040,0.800145,1.000000,0.983743,0.988267,0.988000,0.981315,0.986461,0.940341,0.934015,0.975458,0.923924,0.960997,0.682315,0.984189,0.919318,0.994015,0.847036,0.607445,0.825330,0.698901,0.963470,0.476229,0.844923,-0.478919,0.749469,0.989436,-0.017724,0.997289,0.994273,0.609284,-0.444768,0.821074,0.994927,0.740764,0.920881,0.823013,0.974190,0.919755,0.105395,0.649123,0.691564,0.748776,0.913741,0.998406,0.744972,0.751527,0.721885,0.938854,0.960786,0.922728,0.808477,0.883643,0.894843,0.720416,0.879814,0.429378,0.670981,0.692584,0.754316,0.997845,0.406187,0.922355,0.784597,0.938239,0.993710,0.680385,0.962473,0.892124,0.642967,0.163821,0.637938,0.565570,0.871474,0.739434,-0.002691,0.767889,-0.449880,0.680050,0.754317,0.978070,0.949338,0.428793,0.918424,-0.000130,0.988572,0.668088,-0.226455,0.060990,-0.001351,0.938223,0.720794,0.749446,0.944753,0.977010,0.965507,0.969382,0.879589,0.723789,0.966682,0.868162,0.808373,0.910418,0.767696,0.715549,0.961882,0.667556,0.993688,0.890648,0.902896,0.625606,0.671643,0.971034,0.961773,0.980548,0.995833,0.595051,0.788424,0.790509,0.891038,0.623227,0.371636,-0.756166,0.694938,0.724947,0.764474,0.416725,0.557559,0.983301,0.855337,0.725293,0.428853,0.443762,0.826654,-0.118421,0.627339,0.490241,0.843487,0.305840,0.057434,0.942147,0.979266,-0.255551,0.858539,0.706981,0.360756,0.842673,0.292180,0.219885,0.352730,-0.137039,0.641057,0.877144,0.966305,0.504457,0.623735,0.066054,-0.457437,-0.301078,0.932555,0.609170,0.444655
Magnocellular nucleus,0.937106,0.976652,0.988533,0.950693,0.947278,0.877021,0.993080,0.913793,0.914702,0.581690,0.725280,0.960188,0.919557,0.943158,0.971124,0.755200,0.737560,0.906690,0.937847,0.970939,0.935713,0.839921,0.536976,0.920779,0.992232,0.990001,0.504276,0.864661,0.729178,0.970393,0.932028,0.809156,0.993093,0.964302,0.977539,0.969131,0.922483,0.991705,0.978342,0.929401,0.540558,0.447959,0.901132,0.896377,0.800626,0.537690,0.853075,0.801448,0.974520,0.823456,0.336503,0.941046,0.952007,0.938186,0.494327,0.972566,0.961487,0.466539,0.234857,0.265278,0.566211,0.994793,0.998398,0.606969,0.978237,0.983778,-0.923329,0.499449,0.959157,0.841506,-0.449107,0.693136,0.721281,0.684497,0.895368,0.669216,0.863555,0.983743,1.000000,0.980025,0.969891,0.995023,0.998949,0.944734,0.908626,0.989660,0.955817,0.969325,0.574565,0.981541,0.940646,0.965795,0.853286,0.596410,0.733098,0.689412,0.968060,0.621681,0.810787,-0.326803,0.669778,0.971626,-0.177538,0.990799,0.959773,0.603633,-0.595183,0.864438,0.996287,0.688134,0.934332,0.869115,0.941393,0.954283,0.224412,0.650807,0.731147,0.818081,0.961867,0.972748,0.738490,0.655431,0.775146,0.974878,0.933898,0.869246,0.772982,0.885940,0.922571,0.662953,0.860715,0.547397,0.660629,0.599082,0.753436,0.970423,0.266404,0.839325,0.731837,0.892023,0.988189,0.607279,0.929221,0.943833,0.506959,0.109818,0.729280,0.580040,0.916408,0.837995,0.150156,0.820057,-0.499249,0.682527,0.656417,0.943596,0.906547,0.445290,0.851866,-0.103377,0.984818,0.624479,-0.092944,0.008976,-0.162914,0.984618,0.585486,0.703089,0.903595,0.988807,0.977911,0.965114,0.821192,0.800711,0.905450,0.891158,0.845611,0.942511,0.740193,0.821485,0.976823,0.568725,0.994539,0.913226,0.899910,0.684098,0.611739,0.975185,0.965404,0.936724,0.995775,0.675679,0.820666,0.855914,0.951597,0.621781,0.404503,-0.694533,0.735208,0.807677,0.702356,0.480338,0.566899,0.999924,0.881704,0.754129,0.339053,0.457474,0.846627,0.036306,0.738756,0.331641,0.838259,0.347152,0.197094,0.947961,0.939819,-0.112674,0.845097,0.740691,0.465261,0.904576,0.339025,0.229822,0.443086,0.015504,0.749310,0.925259,0.986479,0.507917,0.577110,-0.068045,-0.605798,-0.464344,0.908068,0.476057,0.516931
Superior colliculus sensory related,0.875820,0.926630,0.997761,0.875430,0.869574,0.779816,0.950535,0.820432,0.827463,0.458490,0.599738,0.975192,0.954652,0.858235,0.904412,0.630051,0.609356,0.814488,0.867077,0.911108,0.867879,0.720880,0.359272,0.852663,0.995045,0.969601,0.329102,0.749487,0.628565,0.905052,0.856381,0.800800,0.996590,0.910118,0.997228,0.985184,0.966355,0.980984,0.918660,0.967535,0.668872,0.583212,0.956056,0.940724,0.862329,0.625862,0.882105,0.887092,0.992378,0.694545,0.321033,0.929820,0.959752,0.950250,0.549835,0.998379,0.947767,0.281514,0.095906,0.171767,0.645856,0.968860,0.970291,0.702804,0.961565,0.991395,-0.913543,0.450835,0.996159,0.831121,-0.265494,0.799642,0.606978,0.556769,0.818354,0.597637,0.747415,0.988267,0.980025,1.000000,0.953362,0.962549,0.975834,0.886930,0.972210,0.992246,0.965381,0.920066,0.723282,0.999415,0.867892,0.992039,0.918036,0.716320,0.744519,0.586465,0.921519,0.539025,0.753544,-0.386593,0.644521,0.998584,-0.122613,0.995242,0.982777,0.487139,-0.451790,0.755589,0.983961,0.629620,0.864817,0.760234,0.928631,0.880048,0.026181,0.533567,0.598495,0.689021,0.888269,0.981374,0.640049,0.654161,0.642840,0.968436,0.907241,0.855662,0.709363,0.810143,0.839080,0.606435,0.798855,0.538903,0.554700,0.582922,0.652569,0.980439,0.447265,0.906103,0.850388,0.875807,0.970716,0.562738,0.909865,0.859498,0.559190,0.011228,0.578748,0.445499,0.822357,0.717748,-0.042493,0.697000,-0.580655,0.782114,0.790745,0.988553,0.891326,0.298597,0.855344,-0.144951,0.960309,0.757909,-0.096750,0.187969,0.023337,0.935799,0.670276,0.639532,0.970539,0.950701,0.930530,0.995501,0.918219,0.666267,0.939049,0.933031,0.735350,0.864142,0.662039,0.700003,0.989340,0.556304,0.977351,0.829875,0.832938,0.535375,0.551040,0.933503,0.918278,0.979855,0.985757,0.518198,0.707888,0.737220,0.872840,0.503758,0.244562,-0.822266,0.795802,0.674322,0.658214,0.308844,0.434888,0.977896,0.786704,0.631455,0.290018,0.313559,0.747318,-0.154889,0.705765,0.413277,0.757320,0.179308,0.000182,0.890272,0.984687,-0.304002,0.773531,0.612900,0.280604,0.801990,0.167734,0.078201,0.259528,-0.176509,0.605190,0.930531,0.987426,0.375327,0.497074,-0.064858,-0.461300,-0.311953,0.867050,0.513912,0.344741
Basomedial amygdalar nucleus,0.972861,0.981608,0.951200,0.948890,0.944605,0.909338,0.954859,0.917227,0.932649,0.699333,0.793352,0.880198,0.826034,0.911542,0.934149,0.809946,0.795004,0.922146,0.961297,0.969488,0.965211,0.849470,0.528711,0.962275,0.976199,0.925863,0.535018,0.855923,0.829932,0.954952,0.953732,0.927891,0.964950,0.980945,0.969013,0.901040,0.844340,0.933292,0.934829,0.848514,0.420642,0.317678,0.823009,0.797553,0.671663,0.363093,0.717033,0.709137,0.917999,0.801807,0.097050,0.831537,0.858432,0.836897,0.288504,0.934706,0.866447,0.450095,0.048102,0.042813,0.388988,0.940762,0.958282,0.455344,0.999312,0.984242,-0.803392,0.686893,0.938327,0.947741,-0.382961,0.585720,0.808326,0.765105,0.944760,0.810928,0.850804,0.988000,0.969891,0.953362,1.000000,0.982858,0.979098,0.977422,0.869129,0.939809,0.866805,0.985263,0.604060,0.946768,0.958004,0.969582,0.755547,0.477874,0.875152,0.800551,0.988039,0.427939,0.916590,-0.536726,0.828704,0.955391,0.062370,0.977027,0.978647,0.723790,-0.456784,0.880865,0.985606,0.831894,0.962904,0.880440,0.995157,0.948632,0.209333,0.757257,0.782403,0.809048,0.930377,0.990213,0.838317,0.819595,0.799948,0.894706,0.991576,0.963450,0.888797,0.942664,0.939840,0.814036,0.942660,0.327652,0.777105,0.775338,0.845194,0.989719,0.327534,0.903953,0.688597,0.975151,0.995751,0.775712,0.991019,0.917433,0.691387,0.310547,0.704193,0.682681,0.913274,0.765458,0.068559,0.836184,-0.312194,0.558695,0.681200,0.939665,0.982021,0.559849,0.952538,0.132456,0.996605,0.551032,-0.332522,-0.083890,-0.058283,0.929754,0.732700,0.840299,0.889673,0.986216,0.984194,0.920502,0.809070,0.783702,0.963493,0.785885,0.875190,0.945940,0.857300,0.737033,0.915437,0.751493,0.989948,0.940018,0.956768,0.718486,0.772797,0.990706,0.987819,0.952057,0.985284,0.678748,0.862612,0.842343,0.902885,0.735427,0.503759,-0.658742,0.581779,0.778692,0.848142,0.533593,0.676591,0.971303,0.914453,0.814164,0.548612,0.573973,0.896414,-0.047861,0.552868,0.530401,0.915245,0.440409,0.143240,0.977847,0.945209,-0.171745,0.927183,0.797432,0.457477,0.879464,0.425907,0.366206,0.460640,-0.063345,0.685949,0.811576,0.927438,0.630286,0.734827,0.176682,-0.472114,-0.314553,0.976989,0.670944,0.554208
Suprageniculate nucleus,0.967208,0.993077,0.971330,0.973652,0.970802,0.918430,0.993255,0.944669,0.948078,0.659635,0.788016,0.927583,0.875906,0.959999,0.979991,0.813517,0.797815,0.940991,0.967291,0.988697,0.966073,0.881663,0.593790,0.955065,0.983949,0.974426,0.572641,0.899242,0.793737,0.985606,0.962597,0.847737,0.980744,0.985872,0.965904,0.939912,0.880696,0.974634,0.982725,0.888688,0.457603,0.359566,0.855627,0.847944,0.736952,0.451141,0.798192,0.741196,0.948333,0.858734,0.265262,0.908097,0.917600,0.899895,0.409145,0.949573,0.933920,0.523423,0.222661,0.226208,0.481676,0.984293,0.993034,0.524915,0.988376,0.979094,-0.886630,0.574209,0.937764,0.876752,-0.489825,0.621232,0.786193,0.752038,0.935247,0.736961,0.897199,0.981315,0.995023,0.962549,0.982858,1.000000,0.998291,0.972660,0.872369,0.970761,0.922224,0.988980,0.531839,0.962213,0.968833,0.955846,0.798331,0.516633,0.772480,0.758144,0.988069,0.587185,0.861957,-0.372071,0.727159,0.955085,-0.119979,0.982679,0.955717,0.680035,-0.598984,0.904822,0.994855,0.752025,0.964976,0.907885,0.960623,0.975666,0.286785,0.723021,0.790976,0.857413,0.974840,0.973123,0.801994,0.706315,0.826388,0.949501,0.959125,0.901714,0.829582,0.927745,0.954435,0.728536,0.905799,0.479533,0.732133,0.659001,0.815180,0.970908,0.223415,0.835077,0.676038,0.921833,0.994303,0.674391,0.953271,0.962122,0.546332,0.206721,0.771063,0.657114,0.945436,0.854183,0.189747,0.865296,-0.411155,0.607815,0.616925,0.924869,0.933563,0.530587,0.880597,-0.014343,0.994678,0.554288,-0.167231,-0.081512,-0.193005,0.981687,0.601795,0.766594,0.874294,0.998749,0.993851,0.938440,0.782381,0.839396,0.910293,0.841540,0.890681,0.968204,0.802236,0.834362,0.950914,0.629497,0.996697,0.948077,0.938714,0.744182,0.682021,0.992109,0.986388,0.924730,0.993616,0.728862,0.870565,0.890187,0.960906,0.696605,0.489573,-0.638042,0.664320,0.842186,0.761950,0.554624,0.645370,0.996119,0.922487,0.813278,0.421318,0.542409,0.894350,0.074846,0.689530,0.365910,0.888337,0.433150,0.246812,0.974954,0.924079,-0.065810,0.893574,0.800575,0.524763,0.929590,0.424201,0.324194,0.510279,0.056053,0.776750,0.885395,0.965239,0.590730,0.653013,0.008448,-0.611444,-0.467908,0.941812,0.523715,0.586317
Primary somatosensory area barrel field,0.951378,0.984530,0.983471,0.959650,0.956299,0.893867,0.992668,0.925263,0.928174,0.615319,0.750707,0.946978,0.901994,0.947719,0.973118,0.778305,0.761384,0.920162,0.950823,0.978578,0.949482,0.854673,0.553277,0.936660,0.991541,0.982947,0.527162,0.875880,0.758085,0.976066,0.945132,0.832892,0.990199,0.974602,0.976576,0.957950,0.906834,0.984770,0.978546,0.913815,0.508774,0.413474,0.884411,0.876963,0.774042,0.499946,0.828392,0.779130,0.965231,0.833564,0.296400,0.924998,0.937047,0.921428,0.453980,0.965836,0.948279,0.481900,0.215267,0.235237,0.528861,0.990050,0.996326,0.572745,0.985880,0.985539,-0.905261,0.538315,0.954370,0.863297,-0.455505,0.665952,0.749012,0.712245,0.913408,0.702533,0.874151,0.986461,0.998949,0.975834,0.979098,0.998291,1.000000,0.958160,0.897953,0.983002,0.941504,0.979056,0.567398,0.976114,0.952735,0.966374,0.832070,0.565783,0.758941,0.720276,0.978251,0.596578,0.836767,-0.359185,0.701850,0.968612,-0.140624,0.990353,0.963307,0.637138,-0.585430,0.879521,0.997954,0.720648,0.948089,0.883310,0.954366,0.962473,0.240652,0.682072,0.754272,0.830421,0.965446,0.977396,0.767055,0.686172,0.793667,0.963658,0.948832,0.889272,0.801233,0.905141,0.935595,0.696516,0.883024,0.510646,0.692644,0.633204,0.780834,0.975260,0.261108,0.846603,0.714981,0.910390,0.993540,0.642667,0.944197,0.949263,0.535969,0.154718,0.740555,0.612063,0.926787,0.838335,0.153934,0.836296,-0.459834,0.653055,0.649948,0.941023,0.923503,0.480219,0.871414,-0.058066,0.991560,0.600642,-0.135190,-0.024008,-0.162056,0.981823,0.605088,0.734948,0.897121,0.994275,0.985781,0.956748,0.812051,0.812097,0.914798,0.870820,0.863105,0.952661,0.769939,0.819792,0.967174,0.603579,0.997730,0.927899,0.918351,0.705615,0.647330,0.984155,0.976073,0.937711,0.997261,0.692447,0.840521,0.866583,0.952583,0.654321,0.437854,-0.678054,0.704241,0.816861,0.733931,0.506807,0.599902,0.999326,0.898433,0.777938,0.381481,0.492518,0.866684,0.039218,0.710726,0.360036,0.861404,0.380035,0.206288,0.960888,0.938893,-0.105672,0.868293,0.764359,0.482117,0.911829,0.371080,0.268546,0.464268,0.019383,0.753270,0.906907,0.978340,0.543073,0.613818,-0.025221,-0.597007,-0.453092,0.926258,0.508173,0.540727
Accessory supraoptic group,0.999723,0.992255,0.894938,0.986934,0.985320,0.976709,0.953317,0.976542,0.986607,0.814252,0.900405,0.815563,0.740739,0.957743,0.959343,0.914179,0.903478,0.981525,0.997194,0.990281,0.998579,0.939806,0.693206,0.997577,0.928328,0.898819,0.701445,0.939572,0.913004,0.980479,0.994923,0.910927,0.915326,0.997508,0.904474,0.835869,0.750850,0.896359,0.951705,0.760591,0.250822,0.143708,0.718719,0.703016,0.560436,0.231572,0.637628,0.575436,0.851620,0.900803,0.079153,0.793194,0.800758,0.774613,0.191033,0.861487,0.831036,0.624791,0.170129,0.112325,0.265057,0.920209,0.941016,0.314516,0.975782,0.932987,-0.763446,0.731899,0.855203,0.930491,-0.552865,0.433383,0.905166,0.877294,0.991274,0.869139,0.935200,0.940341,0.944734,0.886930,0.977422,0.972660,0.958160,1.000000,0.758465,0.889531,0.807404,0.996318,0.423275,0.881839,0.995388,0.899602,0.641320,0.314641,0.842425,0.888697,0.996592,0.472614,0.950424,-0.476007,0.839093,0.882762,0.031415,0.927673,0.913606,0.830827,-0.571654,0.959860,0.954074,0.875564,0.998042,0.958847,0.971760,0.985113,0.408801,0.861896,0.895377,0.909466,0.963738,0.939759,0.918598,0.805564,0.908463,0.852191,0.983588,0.947397,0.931882,0.988898,0.989416,0.857288,0.977257,0.294694,0.870118,0.780584,0.926736,0.938039,0.128721,0.801440,0.527007,0.959988,0.971531,0.810105,0.975818,0.963407,0.628704,0.426831,0.830009,0.808494,0.972672,0.850457,0.259928,0.932195,-0.188531,0.412834,0.511718,0.850154,0.964538,0.705459,0.919654,0.200409,0.980351,0.375886,-0.343958,-0.281987,-0.240415,0.933888,0.628946,0.888133,0.777748,0.983055,0.992088,0.842200,0.668958,0.889951,0.892782,0.693678,0.957585,0.988070,0.917369,0.823096,0.854232,0.754633,0.964154,0.990633,0.993026,0.849220,0.823554,0.993421,0.997308,0.866360,0.951338,0.816597,0.949787,0.929720,0.940772,0.842761,0.663983,-0.489646,0.472605,0.882501,0.876086,0.699002,0.800869,0.948451,0.979312,0.916248,0.602915,0.716256,0.968782,0.146754,0.540291,0.445354,0.970689,0.611055,0.339342,0.999932,0.856719,0.031603,0.972788,0.905272,0.632546,0.946653,0.600051,0.528295,0.637584,0.133486,0.800949,0.756062,0.878290,0.758804,0.807371,0.196267,-0.588076,-0.443796,0.986306,0.625740,0.717445
Septohippocampal nucleus,0.743079,0.813212,0.961026,0.738126,0.730080,0.612563,0.857451,0.664003,0.673221,0.254307,0.399669,0.959415,0.967258,0.719947,0.785933,0.432712,0.408906,0.656073,0.727721,0.789302,0.730000,0.538981,0.136775,0.711699,0.944616,0.908701,0.099394,0.575916,0.445439,0.781545,0.712592,0.707905,0.950546,0.789333,0.963746,0.966396,0.983654,0.928774,0.809402,0.979018,0.813286,0.743787,0.986635,0.966380,0.921696,0.743421,0.904983,0.961298,0.971709,0.512381,0.357389,0.895616,0.940695,0.939058,0.643910,0.980795,0.905236,0.057686,-0.012225,0.122190,0.753256,0.898575,0.893185,0.817626,0.879440,0.941663,-0.885128,0.311399,0.986351,0.737924,-0.059378,0.907533,0.413594,0.352900,0.666793,0.437155,0.574081,0.934015,0.908626,0.972210,0.869129,0.872369,0.897953,0.758465,1.000000,0.952031,0.946689,0.804560,0.842358,0.971721,0.728070,0.962628,0.968104,0.847879,0.670516,0.399972,0.807816,0.471540,0.611284,-0.368455,0.529179,0.975711,-0.125516,0.945982,0.945594,0.288198,-0.302884,0.581246,0.915183,0.481621,0.725471,0.587136,0.842965,0.744824,-0.198192,0.335216,0.395469,0.503168,0.761168,0.928207,0.459021,0.564174,0.445665,0.928506,0.805697,0.761019,0.559335,0.658226,0.688660,0.459859,0.655905,0.564436,0.365027,0.476359,0.470481,0.928365,0.609817,0.909707,0.949549,0.780336,0.891252,0.427184,0.815288,0.720220,0.529995,-0.163731,0.379640,0.233642,0.667025,0.559673,-0.236144,0.509893,-0.696907,0.888101,0.890780,0.983168,0.798416,0.077809,0.778322,-0.256009,0.872098,0.888790,-0.022394,0.410576,0.203754,0.841457,0.683245,0.487161,0.994486,0.851838,0.819508,0.985393,0.979209,0.478006,0.904655,0.958268,0.556568,0.722343,0.497724,0.545187,0.964205,0.453611,0.901528,0.677255,0.689763,0.322766,0.399886,0.826029,0.803353,0.967016,0.919465,0.306097,0.524063,0.561806,0.745978,0.304070,0.016419,-0.931345,0.865269,0.490487,0.524406,0.077685,0.224409,0.903814,0.621443,0.435261,0.152817,0.094486,0.574237,-0.339477,0.683055,0.422035,0.596436,-0.052234,-0.209329,0.762597,0.976588,-0.487619,0.620890,0.412931,0.054612,0.644763,-0.065140,-0.141927,0.028314,-0.362383,0.423551,0.916486,0.948415,0.163823,0.327928,-0.131986,-0.309129,-0.164424,0.747968,0.467700,0.115542
Primary somatosensory area lower limb,0.878792,0.935911,0.998226,0.897744,0.893237,0.799293,0.972427,0.848571,0.847775,0.460137,0.619136,0.989201,0.965802,0.895492,0.935928,0.653885,0.633618,0.837816,0.878425,0.926797,0.875831,0.757973,0.429748,0.856477,0.990289,0.991976,0.384563,0.791465,0.625766,0.928123,0.870416,0.752968,0.995984,0.916933,0.982969,0.994318,0.968256,0.997291,0.949631,0.972720,0.655244,0.571433,0.953640,0.950260,0.876736,0.648695,0.911949,0.878281,0.996483,0.747259,0.411886,0.965542,0.981782,0.973474,0.597865,0.992416,0.979010,0.358650,0.218851,0.288948,0.672861,0.989745,0.986930,0.713426,0.951302,0.978711,-0.952668,0.397226,0.979513,0.788389,-0.360434,0.788882,0.614870,0.572856,0.823151,0.568544,0.791270,0.975458,0.989660,0.992246,0.939809,0.970761,0.983002,0.889531,0.952031,1.000000,0.984959,0.925080,0.646242,0.995477,0.882256,0.970702,0.919253,0.705084,0.680790,0.581195,0.923954,0.637842,0.730402,-0.282121,0.590195,0.984237,-0.231266,0.989005,0.957292,0.484916,-0.555385,0.785764,0.983388,0.594259,0.873809,0.792247,0.905144,0.903318,0.110525,0.536221,0.626902,0.737224,0.920675,0.962154,0.636614,0.588256,0.680381,0.991130,0.888066,0.818381,0.685518,0.811846,0.858034,0.567816,0.785865,0.617669,0.548967,0.519206,0.652939,0.960003,0.348449,0.847124,0.810820,0.843442,0.965637,0.513402,0.886243,0.894597,0.465427,-0.023114,0.642453,0.457292,0.853160,0.785433,0.064657,0.733512,-0.611183,0.780297,0.720527,0.962613,0.861220,0.312273,0.808889,-0.213407,0.956588,0.724360,-0.006511,0.148809,-0.089518,0.966433,0.576102,0.608488,0.939663,0.957764,0.938233,0.990215,0.875185,0.719758,0.895403,0.945991,0.761462,0.885885,0.643969,0.772716,0.997388,0.488964,0.976549,0.845372,0.830855,0.576978,0.510964,0.935519,0.920085,0.947668,0.984177,0.574934,0.730735,0.782490,0.913763,0.504373,0.269647,-0.776575,0.820253,0.731690,0.616106,0.354780,0.443188,0.987825,0.805077,0.652351,0.230009,0.325273,0.761542,-0.046303,0.780300,0.303927,0.754154,0.210367,0.098458,0.893822,0.955404,-0.203135,0.764602,0.637221,0.354429,0.844446,0.202614,0.087952,0.323830,-0.069339,0.680111,0.961196,0.999248,0.379782,0.466451,-0.155192,-0.563517,-0.424648,0.849867,0.422483,0.396467
Subfornical organ,0.794213,0.872865,0.976023,0.835382,0.831136,0.712606,0.939796,0.780690,0.771149,0.324241,0.509596,0.998956,0.991102,0.851988,0.898501,0.552081,0.530211,0.762270,0.800288,0.866395,0.794257,0.684247,0.371280,0.767349,0.951918,0.981940,0.301456,0.729872,0.498768,0.876216,0.792754,0.628841,0.966037,0.845606,0.943701,0.995662,0.984668,0.985255,0.917803,0.989471,0.737240,0.666668,0.973421,0.982303,0.937944,0.760045,0.968560,0.919250,0.989979,0.693749,0.556316,0.991078,0.999773,0.998365,0.726045,0.974842,0.993048,0.307825,0.306394,0.408994,0.782799,0.971365,0.958348,0.807094,0.884058,0.930428,-0.986565,0.233061,0.953245,0.670803,-0.344949,0.850047,0.494835,0.456297,0.728016,0.422472,0.732289,0.923924,0.955817,0.965381,0.866805,0.922224,0.941504,0.807404,0.946689,0.984959,1.000000,0.855014,0.628073,0.973671,0.807752,0.924929,0.956980,0.781564,0.548593,0.448573,0.851740,0.722457,0.604877,-0.133833,0.441932,0.952084,-0.375779,0.949492,0.900775,0.347587,-0.590609,0.708203,0.937973,0.448553,0.792590,0.717951,0.818101,0.843636,0.068200,0.405783,0.527143,0.675281,0.878506,0.902949,0.510237,0.442122,0.596663,0.995792,0.795808,0.706999,0.553683,0.712401,0.782260,0.418761,0.673262,0.739385,0.413503,0.364489,0.530849,0.899948,0.330766,0.774360,0.828432,0.737979,0.907014,0.357725,0.792913,0.847595,0.324012,-0.187219,0.591536,0.329425,0.789518,0.767982,0.072966,0.655426,-0.731621,0.851836,0.698470,0.927171,0.760495,0.180463,0.697499,-0.379002,0.893762,0.771253,0.162072,0.249567,-0.114354,0.944360,0.463111,0.465479,0.917695,0.901782,0.874763,0.978614,0.862411,0.663049,0.816907,0.982213,0.675513,0.819690,0.509863,0.764030,0.992996,0.332080,0.926021,0.763552,0.732456,0.487829,0.356759,0.867025,0.846208,0.898947,0.939139,0.505910,0.637016,0.723925,0.882873,0.370286,0.147647,-0.792862,0.901345,0.683090,0.471292,0.258170,0.311664,0.952534,0.718317,0.547481,0.058633,0.192096,0.663937,-0.030190,0.863987,0.167629,0.642107,0.093729,0.084440,0.813483,0.913727,-0.196797,0.650662,0.534225,0.297791,0.794726,0.090049,-0.049036,0.251120,-0.056004,0.655835,0.993841,0.990343,0.242394,0.312250,-0.319335,-0.594735,-0.472414,0.748184,0.272433,0.308853
Primary somatosensory area mouth,0.994149,0.998997,0.928588,0.988757,0.986709,0.961905,0.974435,0.971609,0.979126,0.762707,0.865277,0.862075,0.795207,0.965407,0.973636,0.883535,0.870942,0.973342,0.992746,0.996269,0.993110,0.925205,0.662651,0.988342,0.954456,0.932685,0.659837,0.931609,0.874946,0.989028,0.989631,0.892433,0.945056,0.999661,0.932374,0.879477,0.803227,0.931055,0.969741,0.812460,0.327929,0.223510,0.773389,0.760790,0.629004,0.314046,0.701170,0.639646,0.892529,0.892194,0.149889,0.841098,0.849121,0.825933,0.273269,0.899074,0.874673,0.593236,0.193156,0.157360,0.346750,0.949952,0.966371,0.393881,0.986309,0.955482,-0.814275,0.677499,0.890490,0.915698,-0.535304,0.504757,0.867401,0.837229,0.977065,0.825494,0.928105,0.960997,0.969325,0.920066,0.985263,0.988980,0.979056,0.996318,0.804560,0.925080,0.855014,1.000000,0.464059,0.916770,0.992222,0.925415,0.702955,0.390445,0.820675,0.846293,0.999785,0.519764,0.923450,-0.438596,0.802131,0.914518,-0.026285,0.953539,0.934233,0.780705,-0.587539,0.946372,0.975014,0.834990,0.992388,0.946888,0.973270,0.988351,0.368475,0.816446,0.863343,0.897151,0.974578,0.957481,0.881538,0.772789,0.884899,0.893730,0.980380,0.935783,0.899703,0.972726,0.983223,0.814617,0.956912,0.366054,0.824862,0.739509,0.891661,0.955541,0.162090,0.817521,0.584103,0.951322,0.985878,0.764349,0.973167,0.969761,0.600396,0.348046,0.815006,0.758323,0.969474,0.858653,0.238174,0.914323,-0.272023,0.486890,0.551977,0.882329,0.958583,0.646067,0.910095,0.121418,0.991686,0.442935,-0.279336,-0.211102,-0.227014,0.957958,0.620880,0.848467,0.817365,0.995145,0.999140,0.882671,0.713814,0.878179,0.903859,0.752545,0.939643,0.987473,0.880520,0.833995,0.895232,0.712013,0.982131,0.981595,0.979306,0.816952,0.775952,0.999229,0.999612,0.892506,0.972788,0.790801,0.927207,0.922059,0.954966,0.794475,0.604749,-0.546141,0.546415,0.874522,0.838816,0.651458,0.749063,0.972111,0.965033,0.884706,0.538798,0.657264,0.947889,0.123686,0.600047,0.416625,0.946522,0.550338,0.309697,0.997136,0.886164,-0.001711,0.949659,0.873103,0.598615,0.947277,0.540102,0.456984,0.596317,0.108278,0.798751,0.808914,0.915955,0.702038,0.755172,0.126647,-0.602582,-0.457897,0.975813,0.590257,0.675003
Subparaventricular zone,0.406023,0.459380,0.679571,0.336741,0.324142,0.219619,0.474629,0.242520,0.276326,-0.032267,0.025341,0.658197,0.703305,0.275167,0.363754,0.039091,0.016590,0.249559,0.361174,0.412405,0.375112,0.093574,-0.355894,0.371097,0.669058,0.545829,-0.344468,0.114797,0.147368,0.381609,0.336675,0.581592,0.665152,0.441369,0.731289,0.675517,0.749622,0.589181,0.392880,0.729644,0.806205,0.765546,0.779563,0.721625,0.708789,0.610782,0.608913,0.827156,0.693277,0.024328,0.021439,0.522592,0.615495,0.618905,0.432088,0.734977,0.534982,-0.437486,-0.510309,-0.329067,0.594228,0.532911,0.534928,0.701797,0.603710,0.692470,-0.510225,0.252968,0.780956,0.587759,0.473214,0.828893,0.079014,-0.003367,0.323061,0.247826,0.107787,0.682315,0.574565,0.723282,0.604060,0.531839,0.567398,0.423275,0.842358,0.646242,0.628073,0.464059,1.000000,0.711041,0.351471,0.757004,0.775051,0.810913,0.623606,0.117464,0.476516,-0.028717,0.379068,-0.584675,0.444106,0.751839,0.243859,0.675976,0.748970,0.010865,0.256904,0.155014,0.614312,0.314129,0.366892,0.154987,0.614105,0.340976,-0.652443,0.031423,-0.009236,0.027650,0.333209,0.699240,0.161778,0.533704,0.005952,0.582025,0.555715,0.586421,0.334062,0.325971,0.296232,0.309563,0.379909,0.202996,0.089338,0.443356,0.157297,0.704341,0.940429,0.870685,0.941490,0.584582,0.599128,0.330464,0.584286,0.281089,0.660333,-0.201433,-0.127705,-0.087778,0.237592,0.038463,-0.719712,0.068045,-0.550379,0.784235,0.994579,0.812457,0.593770,-0.219990,0.646962,-0.095395,0.571188,0.910883,-0.220732,0.667907,0.699236,0.433863,0.821421,0.300071,0.867700,0.510802,0.471603,0.744266,0.933903,-0.010370,0.778267,0.704355,0.144540,0.321909,0.254533,0.015300,0.670519,0.441808,0.597288,0.296190,0.370810,-0.115351,0.264316,0.498121,0.473841,0.812015,0.623332,-0.174799,0.125052,0.091927,0.295350,0.013058,-0.309646,-0.957640,0.645746,-0.008468,0.382499,-0.332389,-0.082268,0.567177,0.231864,0.051444,0.156596,-0.199506,0.201171,-0.791993,0.253736,0.668811,0.285390,-0.383467,-0.688672,0.424235,0.815123,-0.877749,0.330589,0.019934,-0.431703,0.182317,-0.406553,-0.371635,-0.427091,-0.806086,-0.111376,0.575596,0.632048,-0.116696,0.161540,0.113045,0.251382,0.387758,0.487503,0.588185,-0.320103
Subceruleus nucleus,0.870492,0.924813,0.999035,0.875684,0.870060,0.776687,0.954125,0.820882,0.825705,0.446039,0.593542,0.982028,0.962578,0.862919,0.908941,0.625522,0.604656,0.813302,0.863800,0.910587,0.863674,0.721857,0.366162,0.846914,0.993728,0.975726,0.330771,0.752664,0.616914,0.906642,0.853566,0.782530,0.996862,0.906955,0.994235,0.990351,0.971836,0.985923,0.923740,0.973606,0.677627,0.593370,0.961135,0.949043,0.874265,0.643664,0.896208,0.893094,0.995900,0.700177,0.352627,0.941794,0.968744,0.960137,0.573360,0.999069,0.957841,0.290050,0.126061,0.204660,0.664278,0.973852,0.973499,0.716969,0.956159,0.987692,-0.926911,0.426128,0.994135,0.814502,-0.280684,0.807141,0.597774,0.549126,0.812013,0.579463,0.751175,0.984189,0.981541,0.999415,0.946768,0.962213,0.976114,0.881839,0.971721,0.995477,0.973671,0.916770,0.711041,1.000000,0.865507,0.987156,0.925483,0.725060,0.722537,0.573657,0.917570,0.566408,0.739089,-0.354825,0.622060,0.996332,-0.156490,0.993558,0.976032,0.473991,-0.474445,0.755127,0.982560,0.610549,0.860812,0.760441,0.918805,0.880761,0.035914,0.522127,0.594835,0.692989,0.892389,0.975388,0.628398,0.630022,0.642560,0.976162,0.897508,0.840698,0.693967,0.802800,0.837225,0.586383,0.787624,0.566849,0.541402,0.557990,0.642052,0.974157,0.430453,0.891767,0.848647,0.862362,0.967120,0.540038,0.899285,0.863456,0.530552,-0.011810,0.586082,0.435548,0.823707,0.729776,-0.023840,0.697334,-0.600544,0.792142,0.779475,0.983978,0.878814,0.288023,0.838843,-0.174409,0.956460,0.759939,-0.064191,0.192727,0.001916,0.941914,0.644966,0.621503,0.966498,0.949344,0.928418,0.996925,0.912929,0.671591,0.926789,0.942337,0.733250,0.863855,0.647201,0.713735,0.993734,0.530442,0.975349,0.826771,0.825153,0.534820,0.530004,0.929920,0.914037,0.972802,0.984235,0.522238,0.704324,0.741224,0.879522,0.491487,0.236741,-0.819261,0.811282,0.681180,0.638211,0.307421,0.423928,0.979301,0.783406,0.626116,0.262907,0.302565,0.742041,-0.135571,0.729579,0.382054,0.747644,0.172821,0.015143,0.885540,0.978881,-0.287537,0.762748,0.608266,0.287969,0.806687,0.162275,0.065641,0.263527,-0.157797,0.617308,0.942412,0.991968,0.362893,0.477429,-0.097538,-0.483335,-0.336959,0.856513,0.484592,0.345364
Bed nuclei of the stria terminalis,0.995770,0.990969,0.882232,0.996927,0.996473,0.987735,0.959512,0.992511,0.996811,0.819463,0.915841,0.811664,0.733604,0.978628,0.974407,0.932154,0.922234,0.994284,0.999658,0.994216,0.998547,0.964977,0.749626,0.995009,0.912701,0.903345,0.748074,0.967325,0.911382,0.989824,0.999687,0.869995,0.902379,0.995120,0.881176,0.828530,0.736739,0.895952,0.965675,0.749098,0.223378,0.117995,0.700994,0.694249,0.554490,0.232030,0.644270,0.551883,0.840713,0.937444,0.136707,0.806339,0.802947,0.777369,0.211734,0.843195,0.841186,0.687168,0.261533,0.195370,0.268712,0.924195,0.942339,0.305318,0.958456,0.911764,-0.778935,0.694632,0.828963,0.892730,-0.627140,0.407960,0.911989,0.891235,0.990486,0.848151,0.964300,0.919318,0.940646,0.867892,0.958004,0.968833,0.952735,0.995388,0.728070,0.882256,0.807752,0.992222,0.351471,0.865507,1.000000,0.871154,0.625695,0.288867,0.790072,0.886138,0.990552,0.538093,0.930329,-0.397193,0.797116,0.858813,-0.043519,0.910931,0.882776,0.832587,-0.646190,0.979205,0.942558,0.848988,0.998871,0.979357,0.945756,0.995602,0.480150,0.866380,0.917370,0.943194,0.980137,0.914242,0.916241,0.753885,0.935942,0.855837,0.961810,0.913203,0.912369,0.986062,0.998279,0.828679,0.963706,0.340994,0.867880,0.732413,0.926941,0.911616,0.043318,0.745861,0.480891,0.929017,0.957596,0.773973,0.950478,0.982798,0.555470,0.411719,0.877081,0.821496,0.990440,0.896059,0.346811,0.957593,-0.195188,0.394109,0.444749,0.817212,0.934797,0.722482,0.878027,0.160067,0.968003,0.333722,-0.282593,-0.324467,-0.330341,0.946562,0.551491,0.864700,0.740010,0.979058,0.989498,0.824030,0.621413,0.927894,0.849600,0.687472,0.974596,0.998070,0.903423,0.872351,0.846401,0.704089,0.952953,0.997305,0.986697,0.882018,0.794990,0.986570,0.990937,0.829524,0.938949,0.860343,0.965169,0.960087,0.963420,0.846320,0.690291,-0.439085,0.474230,0.922832,0.843542,0.739268,0.811485,0.944747,0.989346,0.932060,0.563416,0.731573,0.976889,0.235858,0.583671,0.361244,0.965679,0.642756,0.420150,0.995899,0.821612,0.117432,0.963013,0.923991,0.692707,0.973079,0.634704,0.545817,0.691599,0.221982,0.854629,0.764535,0.873903,0.767647,0.787276,0.136876,-0.661669,-0.526804,0.967483,0.555751,0.761167
Primary somatosensory area nose,0.889603,0.926417,0.983246,0.868842,0.862258,0.787547,0.929621,0.814262,0.829268,0.505011,0.621624,0.939898,0.914772,0.835583,0.881264,0.645406,0.625653,0.814448,0.873609,0.906538,0.877770,0.714578,0.336334,0.868481,0.990464,0.938254,0.325882,0.734553,0.669700,0.892841,0.861458,0.861826,0.986028,0.915237,0.998306,0.955996,0.935195,0.953625,0.893072,0.934362,0.625334,0.534993,0.926114,0.899183,0.807399,0.550310,0.820030,0.853274,0.969207,0.671433,0.200429,0.876662,0.916793,0.903884,0.454748,0.985462,0.901630,0.253415,-0.012873,0.050445,0.568096,0.941950,0.950108,0.639855,0.973272,0.995601,-0.855276,0.540644,0.993015,0.885757,-0.212620,0.760327,0.639646,0.584551,0.837019,0.662436,0.730357,0.994015,0.965795,0.992039,0.969582,0.955846,0.966374,0.899602,0.962628,0.970702,0.924929,0.925415,0.757004,0.987156,0.871154,1.000000,0.879255,0.672679,0.819260,0.632405,0.929202,0.434456,0.802465,-0.499612,0.723281,0.996622,0.003268,0.991977,0.997898,0.535761,-0.367842,0.753983,0.980327,0.697010,0.874046,0.756085,0.957039,0.871663,-0.003519,0.575389,0.611162,0.672192,0.867044,0.994173,0.680999,0.738263,0.642441,0.930624,0.935981,0.903994,0.762442,0.832589,0.841002,0.677643,0.835456,0.429634,0.602877,0.671185,0.689247,0.994308,0.499561,0.948799,0.844713,0.918362,0.975596,0.643837,0.941495,0.839527,0.659138,0.100699,0.551127,0.483197,0.812827,0.670206,-0.105084,0.693465,-0.497965,0.733750,0.820706,0.994738,0.930209,0.340437,0.908826,-0.032003,0.966483,0.738489,-0.217423,0.162144,0.096682,0.905802,0.755596,0.703109,0.974131,0.948121,0.931290,0.979707,0.925922,0.644769,0.974831,0.887960,0.740106,0.859788,0.713985,0.646301,0.963125,0.648162,0.976200,0.836551,0.856512,0.537596,0.626598,0.939537,0.927105,0.995453,0.982483,0.503703,0.718466,0.719434,0.842367,0.549002,0.277085,-0.821261,0.728289,0.646976,0.728321,0.317243,0.476367,0.964174,0.794920,0.649740,0.390344,0.356729,0.763457,-0.218958,0.611223,0.523241,0.789168,0.207736,-0.048864,0.901565,0.995517,-0.355990,0.809033,0.628903,0.256880,0.780436,0.192546,0.129721,0.248546,-0.238074,0.559210,0.877137,0.961081,0.422899,0.568621,0.057815,-0.379618,-0.220853,0.899682,0.617343,0.345175
Preparasubthalamic nucleus,0.623209,0.722062,0.916149,0.654139,0.647081,0.498574,0.809237,0.576474,0.571360,0.076812,0.260132,0.960598,0.987082,0.666097,0.736510,0.304187,0.278908,0.557043,0.619555,0.704399,0.616102,0.449575,0.086620,0.586880,0.877360,0.888666,0.012648,0.503247,0.274300,0.710458,0.606323,0.518658,0.895543,0.687069,0.891376,0.954841,0.988294,0.903513,0.766520,0.985429,0.898778,0.848115,0.993879,0.994222,0.989458,0.881594,0.973062,0.993620,0.948106,0.455254,0.570563,0.926384,0.955798,0.963467,0.814961,0.939034,0.919426,0.021220,0.146918,0.318344,0.891049,0.867479,0.847519,0.927238,0.774300,0.858755,-0.928067,0.075641,0.929293,0.558467,-0.074868,0.965858,0.255998,0.203934,0.535450,0.231721,0.505501,0.847036,0.853286,0.918036,0.755547,0.798331,0.832070,0.641320,0.968104,0.919253,0.956980,0.702955,0.775051,0.925483,0.625695,0.879255,1.000000,0.926634,0.465522,0.221488,0.702422,0.609318,0.431370,-0.132547,0.309695,0.912194,-0.349626,0.876676,0.847195,0.106803,-0.382280,0.483558,0.841033,0.273486,0.612504,0.494223,0.708091,0.664512,-0.216596,0.163679,0.271952,0.433694,0.706454,0.829072,0.288198,0.342377,0.345277,0.927038,0.666453,0.591179,0.371987,0.520338,0.587101,0.246575,0.495618,0.740359,0.183340,0.245951,0.306395,0.827674,0.538837,0.778352,0.940454,0.619606,0.798910,0.201902,0.672806,0.661068,0.304167,-0.383799,0.332334,0.070649,0.585881,0.553545,-0.180442,0.415197,-0.850447,0.963446,0.820274,0.910884,0.644293,-0.086801,0.604661,-0.489429,0.775235,0.920480,0.228008,0.517272,0.125305,0.810360,0.490936,0.284029,0.937341,0.768199,0.727104,0.951446,0.929432,0.417682,0.771926,0.992902,0.447032,0.633511,0.310752,0.552437,0.944942,0.219441,0.820991,0.566843,0.551218,0.219121,0.180502,0.724914,0.695671,0.875649,0.845337,0.234256,0.403910,0.494511,0.709203,0.127629,-0.130223,-0.918531,0.963268,0.441795,0.314088,-0.029587,0.055565,0.846820,0.506785,0.301649,-0.091855,-0.072911,0.444947,-0.271456,0.806690,0.198660,0.441649,-0.188545,-0.186026,0.648028,0.895168,-0.432477,0.461056,0.283411,0.009503,0.586260,-0.194559,-0.310845,-0.040526,-0.298059,0.413828,0.954044,0.925100,-0.012936,0.113413,-0.374070,-0.382768,-0.265736,0.598439,0.232808,0.021327
Sublaterodorsal nucleus,0.292209,0.412716,0.704116,0.321970,0.313047,0.137457,0.529051,0.226981,0.221735,-0.291580,-0.119863,0.786291,0.856373,0.339400,0.429559,-0.075446,-0.101817,0.204281,0.282694,0.387157,0.280309,0.081531,-0.273350,0.247889,0.644468,0.652205,-0.357142,0.144070,-0.091917,0.393771,0.265490,0.243200,0.669912,0.368996,0.680043,0.773224,0.859947,0.676140,0.470506,0.849381,0.997660,0.984569,0.885211,0.884189,0.942109,0.958563,0.873992,0.957365,0.761220,0.095367,0.597372,0.738651,0.781432,0.802342,0.877029,0.752860,0.715523,-0.326438,0.009189,0.251759,0.951277,0.617124,0.585874,0.984588,0.499288,0.625250,-0.752260,-0.213103,0.751767,0.279161,0.239624,0.991791,-0.118665,-0.175643,0.186845,-0.104078,0.147520,0.607445,0.596410,0.716320,0.477874,0.516633,0.565783,0.314641,0.847879,0.705084,0.781564,0.390445,0.810913,0.725060,0.288867,0.672679,0.926634,1.000000,0.221977,-0.143587,0.391573,0.453174,0.098790,-0.015618,0.024805,0.715992,-0.364529,0.645035,0.629681,-0.259635,-0.123402,0.119005,0.584489,-0.051065,0.275363,0.131246,0.429517,0.334887,-0.522365,-0.207942,-0.109623,0.068086,0.389832,0.590367,-0.076985,0.089464,-0.032344,0.721232,0.369484,0.307385,0.034996,0.171665,0.240787,-0.073129,0.157645,0.713418,-0.181410,-0.019021,-0.061258,0.590363,0.675596,0.622823,0.937642,0.332770,0.527739,-0.097853,0.384273,0.332135,0.146705,-0.648618,-0.030597,-0.303970,0.238411,0.229025,-0.424418,0.043250,-0.934868,0.991902,0.819702,0.738392,0.359325,-0.450433,0.343895,-0.646282,0.493426,0.980029,0.376251,0.798940,0.351571,0.533132,0.376750,-0.047235,0.808840,0.475489,0.420170,0.776749,0.859549,0.053682,0.560364,0.884440,0.078143,0.296471,-0.037791,0.236865,0.753167,-0.036691,0.555229,0.217845,0.210526,-0.162611,-0.137416,0.421064,0.383392,0.692004,0.591826,-0.139792,0.031181,0.135535,0.397752,-0.241750,-0.492730,-0.932864,0.943944,0.084003,0.003662,-0.400899,-0.316339,0.586477,0.147151,-0.077368,-0.353521,-0.436987,0.079104,-0.483996,0.682099,0.115090,0.087044,-0.543919,-0.462245,0.322225,0.718428,-0.622005,0.114209,-0.097167,-0.342067,0.242532,-0.548955,-0.639504,-0.398955,-0.509414,0.075113,0.793996,0.714576,-0.377906,-0.219345,-0.486124,-0.117261,-0.033660,0.283017,0.058555,-0.351254
Primary somatosensory area trunk,0.842946,0.796224,0.717288,0.744607,0.738273,0.767360,0.694707,0.720186,0.763601,0.745948,0.727248,0.579475,0.518081,0.652091,0.668858,0.715533,0.706976,0.747862,0.805402,0.769396,0.821599,0.664178,0.338279,0.842081,0.775846,0.631241,0.419547,0.636172,0.831687,0.727999,0.793558,0.989605,0.743630,0.816196,0.792122,0.619999,0.566764,0.652831,0.660110,0.562290,0.175993,0.074351,0.554306,0.488675,0.334961,0.004996,0.343720,0.447302,0.657039,0.560397,-0.386846,0.470544,0.532082,0.501501,-0.131567,0.710324,0.525976,0.254340,-0.383035,-0.434990,0.017381,0.660385,0.700553,0.128747,0.857173,0.816377,-0.427969,0.904135,0.751171,0.981043,-0.104176,0.326110,0.781220,0.727006,0.838689,0.908050,0.623799,0.825330,0.733098,0.744519,0.875152,0.772480,0.758941,0.842425,0.670516,0.680790,0.548593,0.820675,0.623606,0.722537,0.790072,0.819260,0.465522,0.221977,1.000000,0.826310,0.831982,-0.057115,0.932889,-0.873448,0.977147,0.769438,0.537446,0.781624,0.854210,0.774046,-0.044913,0.707989,0.786895,0.935310,0.817141,0.697827,0.918314,0.737478,0.052246,0.774992,0.682649,0.590527,0.673099,0.854412,0.837825,0.990761,0.646486,0.581196,0.916462,0.969427,0.926240,0.851597,0.769961,0.935560,0.906454,-0.155545,0.815838,0.970597,0.826887,0.858160,0.471057,0.900645,0.539765,0.956596,0.827918,0.942784,0.927283,0.667239,0.948594,0.596102,0.463290,0.698171,0.703995,0.436702,-0.189033,0.663993,0.064036,0.269105,0.671552,0.788399,0.948027,0.614115,0.980719,0.542902,0.833487,0.375145,-0.736084,-0.164900,0.238782,0.639143,0.926253,0.927341,0.738119,0.791034,0.802124,0.687751,0.688964,0.551818,0.921807,0.465526,0.727907,0.750783,0.896029,0.389806,0.643118,0.965156,0.799926,0.788456,0.867563,0.590112,0.918760,0.827866,0.836207,0.834767,0.788060,0.493155,0.740113,0.614068,0.614972,0.770440,0.532342,-0.533677,0.213320,0.525193,0.959236,0.463297,0.707855,0.736173,0.773429,0.730312,0.832326,0.630773,0.789272,-0.289339,0.083952,0.856880,0.865512,0.464915,-0.076122,0.837449,0.810827,-0.343413,0.889477,0.707822,0.277229,0.629964,0.439119,0.493994,0.328998,-0.292278,0.377709,0.453678,0.652180,0.693725,0.872096,0.617122,-0.066100,0.098448,0.919386,0.945178,0.449303
Mediodorsal nucleus of thalamus,0.898883,0.827657,0.593591,0.854531,0.855978,0.935120,0.720194,0.884383,0.904157,0.987651,0.979489,0.459612,0.350358,0.802812,0.766047,0.968640,0.969807,0.904655,0.893595,0.832367,0.899117,0.908359,0.793277,0.917249,0.661608,0.603701,0.855156,0.873798,0.998336,0.812593,0.897187,0.873775,0.632227,0.856302,0.627828,0.491275,0.367162,0.594857,0.738849,0.379566,-0.206917,-0.313866,0.325238,0.299044,0.118342,-0.239647,0.218258,0.146682,0.517812,0.847556,-0.283426,0.440474,0.439592,0.401244,-0.264421,0.540814,0.494917,0.741763,0.066764,-0.105252,-0.204840,0.644167,0.684560,-0.155171,0.785696,0.682558,-0.399979,0.911750,0.544012,0.872458,-0.609638,-0.016273,0.993809,0.985103,0.939208,0.981167,0.865962,0.698901,0.689412,0.586465,0.800551,0.758144,0.720276,0.888697,0.399972,0.581195,0.448573,0.846293,0.117464,0.573657,0.886138,0.632405,0.221488,-0.143587,0.826310,1.000000,0.848263,0.189225,0.963127,-0.578857,0.909609,0.587971,0.301989,0.661931,0.671276,0.992897,-0.447041,0.917200,0.713699,0.967763,0.900041,0.908666,0.826500,0.845590,0.604691,0.996194,0.961541,0.873612,0.788978,0.712048,0.997530,0.853539,0.930104,0.521602,0.863996,0.871791,0.975108,0.946708,0.899088,0.962146,0.954008,-0.104165,0.999237,0.877821,0.995159,0.711307,-0.105644,0.586577,0.132249,0.868454,0.763097,0.934116,0.852619,0.814076,0.665691,0.786718,0.824896,0.978853,0.872548,0.717828,0.382681,0.919349,0.279753,-0.045468,0.199535,0.553211,0.858467,0.940314,0.833222,0.579032,0.787632,-0.050871,-0.617516,-0.644619,-0.322358,0.690430,0.555588,0.975295,0.448096,0.789772,0.825257,0.508627,0.320790,0.855636,0.698610,0.286233,0.938002,0.868478,0.990022,0.681194,0.521006,0.862403,0.738486,0.914383,0.935578,0.927536,0.959179,0.831127,0.853489,0.597822,0.708186,0.869483,0.955293,0.864795,0.753874,0.994279,0.907586,-0.100891,0.017235,0.829931,0.947796,0.881891,0.979873,0.697814,0.934121,0.974259,0.850405,0.946791,0.959475,0.292145,0.170562,0.503246,0.972656,0.871893,0.491327,0.884157,0.572548,0.245198,0.966746,0.969389,0.760227,0.833381,0.859546,0.850025,0.801078,0.291771,0.734047,0.379501,0.561397,0.968975,0.973578,0.516527,-0.468304,-0.349098,0.906722,0.703010,0.872224
Parasubthalamic nucleus,0.994385,0.998040,0.928688,0.985711,0.983446,0.959523,0.971200,0.967681,0.976523,0.763602,0.863106,0.859737,0.793192,0.959812,0.968905,0.880588,0.867941,0.970248,0.991588,0.994265,0.992525,0.919898,0.651883,0.988483,0.955530,0.929180,0.651680,0.925415,0.876472,0.985772,0.988040,0.901130,0.945394,0.999169,0.934974,0.877990,0.802767,0.928536,0.965049,0.811472,0.329393,0.224566,0.773590,0.758977,0.626163,0.309431,0.695901,0.640688,0.891913,0.884216,0.134124,0.835155,0.845431,0.821993,0.264485,0.900162,0.869544,0.581339,0.172754,0.137599,0.341481,0.946756,0.963942,0.391369,0.988511,0.957907,-0.807716,0.687468,0.893359,0.923522,-0.520258,0.505940,0.867159,0.835649,0.977101,0.831387,0.921589,0.963470,0.968060,0.921519,0.988039,0.988069,0.978251,0.996592,0.807816,0.923954,0.851740,0.999785,0.476516,0.917570,0.990552,0.929202,0.702422,0.391573,0.831982,0.848263,1.000000,0.503236,0.928213,-0.456559,0.812074,0.917071,-0.007678,0.954859,0.938775,0.782230,-0.570673,0.942202,0.975479,0.841881,0.991633,0.942396,0.977756,0.985130,0.355357,0.817132,0.859649,0.889967,0.969746,0.961044,0.883160,0.784565,0.879607,0.890047,0.984222,0.942683,0.904634,0.973294,0.980830,0.822058,0.959941,0.352413,0.826931,0.751010,0.892639,0.959307,0.178028,0.827557,0.590263,0.957385,0.987177,0.773561,0.977728,0.964541,0.616585,0.354942,0.805252,0.757527,0.965084,0.847973,0.220978,0.909146,-0.266101,0.486555,0.563376,0.886763,0.964245,0.645007,0.918461,0.133781,0.992804,0.447883,-0.295203,-0.205710,-0.208764,0.953236,0.636890,0.854645,0.822473,0.994481,0.998438,0.883599,0.720786,0.870105,0.911493,0.750148,0.936194,0.984551,0.884547,0.822437,0.893968,0.724112,0.982677,0.979806,0.980470,0.811058,0.783671,0.999479,0.999943,0.898052,0.973411,0.782316,0.924347,0.915314,0.948676,0.795519,0.601782,-0.553290,0.541799,0.865759,0.846778,0.644940,0.748857,0.970811,0.962828,0.882255,0.549854,0.656529,0.946441,0.106196,0.587406,0.435264,0.947977,0.546371,0.294110,0.997243,0.891186,-0.017881,0.952051,0.870089,0.587297,0.940905,0.535490,0.456599,0.586659,0.091038,0.786976,0.803718,0.914126,0.702498,0.761380,0.142493,-0.585970,-0.439471,0.979418,0.606149,0.667481
Submedial nucleus of the thalamus,0.465412,0.556228,0.590856,0.602187,0.606801,0.501391,0.676930,0.596938,0.546056,0.148032,0.366593,0.690181,0.677105,0.699285,0.700210,0.419366,0.407518,0.556972,0.516050,0.587165,0.492977,0.582433,0.573094,0.451398,0.541538,0.715168,0.440481,0.641417,0.235456,0.635766,0.525791,0.079288,0.575721,0.522929,0.486066,0.658823,0.620581,0.684375,0.711617,0.640961,0.415819,0.388091,0.592428,0.666157,0.677360,0.634602,0.775399,0.534810,0.625435,0.679342,0.882370,0.806582,0.736518,0.744957,0.753799,0.558307,0.779182,0.572617,0.873368,0.920086,0.669898,0.697198,0.662410,0.591416,0.458346,0.482297,-0.825383,-0.211148,0.485028,0.134715,-0.704548,0.490955,0.292381,0.313429,0.429848,0.041919,0.653915,0.476229,0.621681,0.539025,0.427939,0.587185,0.596578,0.472614,0.471540,0.637842,0.722457,0.519764,-0.028717,0.566408,0.538093,0.434456,0.609318,0.453174,-0.057115,0.189225,0.503236,1.000000,0.194000,0.532849,-0.079981,0.493850,-0.865504,0.531755,0.393125,0.141336,-0.922799,0.559011,0.551943,0.025057,0.497584,0.576089,0.339651,0.613452,0.467439,0.205688,0.429056,0.640585,0.690577,0.426270,0.239408,-0.139906,0.526756,0.731754,0.346422,0.188302,0.156172,0.402108,0.546089,-0.011818,0.295004,0.920992,0.164058,-0.179706,0.273944,0.417653,-0.325360,0.132191,0.307001,0.235760,0.503478,-0.108546,0.320763,0.683702,-0.356913,-0.367217,0.675708,0.208138,0.618228,0.819405,0.612558,0.559812,-0.661676,0.543670,0.048646,0.416105,0.263524,0.125048,0.134176,-0.665021,0.500669,0.316438,0.648091,-0.009274,-0.675180,0.730372,-0.261432,0.059338,0.390190,0.565358,0.548903,0.566794,0.296304,0.663220,0.236498,0.685953,0.513923,0.587897,0.158743,0.847287,0.648966,-0.219592,0.541179,0.513779,0.394915,0.479081,-0.059740,0.512021,0.495811,0.360112,0.547516,0.578639,0.469748,0.656427,0.743021,0.171601,0.169297,-0.252381,0.716503,0.699459,0.003847,0.357908,0.177269,0.620584,0.499045,0.399734,-0.354882,0.121249,0.439141,0.560314,0.958465,-0.532588,0.327885,0.170055,0.563113,0.482115,0.387540,0.413303,0.301962,0.410466,0.546493,0.688858,0.189703,-0.038520,0.460732,0.535823,0.785800,0.784746,0.665242,0.112014,-0.037236,-0.743025,-0.916325,-0.903762,0.323612,-0.380005,0.423383
Primary somatosensory area upper limb,0.954993,0.905886,0.749672,0.898759,0.896807,0.938992,0.813678,0.900735,0.926864,0.910016,0.923862,0.622411,0.533090,0.836739,0.826718,0.918938,0.913607,0.920360,0.939282,0.898338,0.947563,0.882190,0.653528,0.962167,0.808518,0.726084,0.710427,0.857493,0.970916,0.872963,0.936227,0.969084,0.781151,0.926655,0.792624,0.655602,0.559710,0.728825,0.809721,0.566325,0.037863,-0.072956,0.528246,0.490234,0.319673,-0.039620,0.387753,0.374225,0.684111,0.809672,-0.233329,0.571017,0.593522,0.559149,-0.107838,0.714939,0.624078,0.583686,-0.053313,-0.162288,-0.010929,0.759590,0.796629,0.062151,0.903542,0.832698,-0.530654,0.907495,0.728421,0.971005,-0.455116,0.222592,0.949706,0.919872,0.968917,0.977109,0.848666,0.844923,0.810787,0.753544,0.916590,0.861957,0.836767,0.950424,0.611284,0.730402,0.604877,0.923450,0.379068,0.739089,0.930329,0.802465,0.431370,0.098790,0.932889,0.963127,0.928213,0.194000,1.000000,-0.680518,0.960792,0.761481,0.322874,0.810433,0.835197,0.926387,-0.368917,0.906411,0.842207,0.982216,0.946313,0.898951,0.941008,0.891923,0.395673,0.936718,0.899522,0.833679,0.839425,0.860364,0.974180,0.931551,0.877109,0.660288,0.960094,0.971445,0.997897,0.975917,0.927565,0.974798,0.994458,-0.017055,0.954130,0.928500,0.971684,0.860832,0.148400,0.782814,0.385804,0.969114,0.882563,0.951935,0.956619,0.848364,0.786118,0.664390,0.747381,0.888414,0.889001,0.697052,0.175646,0.884852,0.092422,0.184844,0.455670,0.743652,0.963089,0.814681,0.950693,0.492860,0.897642,0.208140,-0.614634,-0.416321,-0.126980,0.776477,0.730323,0.986291,0.660572,0.884973,0.906782,0.687868,0.558105,0.807324,0.864304,0.474212,0.921645,0.907280,0.990225,0.657579,0.681526,0.912742,0.860267,0.940864,0.977570,0.840590,0.958516,0.918429,0.932132,0.783370,0.839428,0.773344,0.931208,0.843353,0.798039,0.929063,0.761240,-0.359688,0.209971,0.784990,0.981689,0.736275,0.890034,0.816537,0.941323,0.926970,0.820743,0.826132,0.954901,0.070810,0.252164,0.633291,0.986987,0.708191,0.283383,0.946731,0.761529,0.000185,0.993075,0.914204,0.601663,0.839613,0.691019,0.685613,0.638479,0.065995,0.670574,0.528325,0.708944,0.868879,0.944595,0.489388,-0.389937,-0.242226,0.980578,0.800521,0.732386
Infracerebellar nucleus,-0.478694,-0.400980,-0.336529,-0.328619,-0.320411,-0.387441,-0.262148,-0.304910,-0.366785,-0.523808,-0.406895,-0.176376,-0.136708,-0.203003,-0.222275,-0.372883,-0.370176,-0.346977,-0.420860,-0.361139,-0.446022,-0.256491,0.032067,-0.482321,-0.406640,-0.197780,-0.098203,-0.206940,-0.562864,-0.302202,-0.404905,-0.795977,-0.363961,-0.431862,-0.451004,-0.225295,-0.206430,-0.233095,-0.211796,-0.191542,0.003455,0.074358,-0.212222,-0.119748,0.009802,0.260488,0.057416,-0.157777,-0.272438,-0.121394,0.736526,-0.022991,-0.112887,-0.084524,0.440433,-0.350663,-0.081590,0.104901,0.766811,0.818262,0.268854,-0.228940,-0.278152,0.133898,-0.507542,-0.469520,-0.021129,-0.845039,-0.422206,-0.762668,-0.291785,-0.082033,-0.489956,-0.430451,-0.486649,-0.725066,-0.190463,-0.478919,-0.326803,-0.386593,-0.536726,-0.372071,-0.359185,-0.476007,-0.368455,-0.282121,-0.133833,-0.438596,-0.584675,-0.354825,-0.397193,-0.499612,-0.132547,-0.015618,-0.873448,-0.578857,-0.456559,0.532849,-0.680518,1.000000,-0.853493,-0.430504,-0.867867,-0.416506,-0.547102,-0.552635,-0.429807,-0.307324,-0.406567,-0.759796,-0.439631,-0.290894,-0.614856,-0.317742,0.231112,-0.523639,-0.338399,-0.164578,-0.228181,-0.527661,-0.566889,-0.899825,-0.263102,-0.152189,-0.605947,-0.727271,-0.690345,-0.510656,-0.373278,-0.777558,-0.610399,0.556990,-0.580676,-0.896560,-0.541053,-0.535207,-0.602061,-0.719514,-0.350492,-0.693837,-0.461878,-0.831747,-0.629092,-0.223123,-0.980261,-0.641620,-0.034542,-0.452424,-0.281256,0.044683,0.499661,-0.265505,-0.333234,-0.007607,-0.585197,-0.487708,-0.674154,-0.415976,-0.766868,-0.750943,-0.465723,-0.211797,0.919988,0.080311,-0.568457,-0.188800,-0.927466,-0.735784,-0.463895,-0.396038,-0.410128,-0.329112,-0.474729,-0.119877,-0.679329,-0.090367,-0.344416,-0.339449,-0.659244,0.097439,-0.248252,-0.911435,-0.421025,-0.403771,-0.530121,-0.232440,-0.784128,-0.450531,-0.463357,-0.552001,-0.410288,-0.102222,-0.374243,-0.180320,-0.153469,-0.535221,-0.322614,0.373249,0.130756,-0.081094,-0.794110,-0.174177,-0.475548,-0.329276,-0.394311,-0.395127,-0.850364,-0.432624,-0.433889,0.559844,0.379605,-0.992560,-0.554931,-0.262967,0.382977,-0.467478,-0.519729,0.537961,-0.589919,-0.369661,0.073474,-0.183741,-0.231124,-0.388279,-0.009944,0.551320,0.086294,-0.023822,-0.244894,-0.493433,-0.728522,-0.863047,-0.409292,-0.544760,-0.614517,-0.983607,-0.132074
Substantia nigra compact part,0.844511,0.774599,0.624009,0.747634,0.743685,0.807567,0.651608,0.745259,0.786947,0.859021,0.817167,0.469855,0.387707,0.656225,0.651459,0.798866,0.795417,0.775923,0.812531,0.755895,0.827817,0.721729,0.470426,0.853271,0.694962,0.558891,0.563304,0.682628,0.906649,0.715756,0.805378,0.973549,0.658387,0.803064,0.698018,0.512252,0.432169,0.572574,0.633325,0.431990,-0.025709,-0.130417,0.410453,0.349352,0.176669,-0.173489,0.211479,0.276437,0.550587,0.619508,-0.468221,0.379231,0.426121,0.390016,-0.284157,0.601800,0.439929,0.396424,-0.320006,-0.429469,-0.155634,0.596133,0.642333,-0.055498,0.807544,0.736345,-0.333431,0.971021,0.637762,0.960845,-0.231285,0.138265,0.866091,0.825835,0.862848,0.971227,0.670083,0.749469,0.669778,0.644521,0.828704,0.727159,0.701850,0.839093,0.529179,0.590195,0.441932,0.802131,0.444106,0.622060,0.797116,0.723281,0.309695,0.024805,0.977147,0.909609,0.812074,-0.079981,0.960792,-0.853493,1.000000,0.666333,0.568510,0.699924,0.766371,0.879672,-0.100146,0.755790,0.722163,0.984887,0.824832,0.743787,0.877357,0.738080,0.225585,0.873761,0.774074,0.653957,0.664780,0.779294,0.909692,0.992715,0.726401,0.491472,0.890861,0.946714,0.966188,0.877454,0.788846,0.987231,0.928054,-0.253447,0.905788,0.994939,0.897613,0.782398,0.292270,0.792466,0.356457,0.931466,0.774294,0.992016,0.896100,0.672308,0.915109,0.744778,0.549538,0.817999,0.727586,0.471006,-0.035595,0.728921,0.236773,0.083917,0.498706,0.673395,0.918557,0.759387,0.944493,0.661917,0.788278,0.176134,-0.797202,-0.368930,0.099457,0.597841,0.843888,0.978798,0.601514,0.754563,0.778212,0.573270,0.529480,0.619424,0.839314,0.327084,0.782423,0.759028,0.953044,0.422974,0.540278,0.990023,0.741915,0.810745,0.883771,0.695727,0.981304,0.801331,0.817798,0.727828,0.721159,0.598608,0.802643,0.663175,0.607317,0.874275,0.689042,-0.346349,0.053625,0.587632,0.994271,0.611953,0.828282,0.675317,0.811256,0.812879,0.918099,0.773001,0.839019,-0.129682,0.006072,0.811798,0.906001,0.631808,0.086335,0.832927,0.698979,-0.165104,0.921794,0.795416,0.421638,0.656222,0.608087,0.666556,0.481553,-0.128690,0.444729,0.346099,0.560677,0.822875,0.955165,0.692285,-0.123046,0.028130,0.913145,0.931207,0.591155
Supplemental somatosensory area,0.871597,0.919159,0.992870,0.862807,0.856417,0.769280,0.937186,0.805771,0.816163,0.457837,0.590550,0.964246,0.944724,0.839178,0.887392,0.618735,0.597996,0.801984,0.859316,0.901014,0.861580,0.703117,0.329251,0.848289,0.992612,0.955560,0.305888,0.729342,0.628733,0.891781,0.847552,0.818704,0.992282,0.903897,0.998739,0.976354,0.960355,0.969435,0.901696,0.960163,0.669682,0.583462,0.951839,0.931419,0.850896,0.611269,0.864254,0.885508,0.985731,0.670089,0.279228,0.909831,0.945416,0.935347,0.524893,0.996068,0.929743,0.248996,0.042939,0.120235,0.629456,0.955586,0.958947,0.693188,0.962089,0.992439,-0.892081,0.473615,0.998437,0.846643,-0.225063,0.798960,0.602704,0.549295,0.813852,0.609193,0.726458,0.989436,0.971626,0.998584,0.955391,0.955085,0.968612,0.882762,0.975711,0.984237,0.952084,0.914518,0.751839,0.996332,0.858813,0.996622,0.912194,0.715992,0.769438,0.587971,0.917071,0.493850,0.761481,-0.430504,0.666333,1.000000,-0.074441,0.993442,0.989313,0.487969,-0.405940,0.740583,0.979974,0.643603,0.858097,0.744386,0.935148,0.866958,-0.008170,0.532019,0.585410,0.666611,0.871045,0.985368,0.640411,0.680685,0.625464,0.954013,0.912170,0.868692,0.717927,0.807040,0.828267,0.621946,0.802129,0.501392,0.556608,0.609053,0.651216,0.984958,0.486246,0.927195,0.862145,0.886594,0.968894,0.583028,0.916643,0.841389,0.597662,0.028263,0.550283,0.440568,0.806508,0.686342,-0.086828,0.679675,-0.562944,0.777634,0.816199,0.994881,0.901014,0.293704,0.872177,-0.112957,0.958051,0.767133,-0.136592,0.201485,0.070423,0.918718,0.707858,0.651629,0.978770,0.943903,0.923700,0.992820,0.931596,0.641690,0.953719,0.922274,0.722277,0.851879,0.668489,0.666451,0.981038,0.584110,0.973582,0.820648,0.831270,0.516958,0.567528,0.929103,0.914136,0.989049,0.982172,0.493245,0.696443,0.715721,0.851969,0.503272,0.235045,-0.836727,0.780199,0.647956,0.674834,0.289915,0.431522,0.969412,0.776591,0.621404,0.316395,0.309426,0.739314,-0.199383,0.669819,0.458864,0.756724,0.167554,-0.040304,0.885662,0.992530,-0.344366,0.775273,0.601491,0.249565,0.781172,0.154384,0.076148,0.232823,-0.220256,0.571478,0.912511,0.977649,0.373960,0.509919,-0.024230,-0.416042,-0.262826,0.871522,0.551798,0.323073
Field CA1,0.040155,-0.070242,-0.175566,-0.121307,-0.127058,-0.007466,-0.231921,-0.117819,-0.054936,0.311040,0.109348,-0.335177,-0.365971,-0.247296,-0.250793,0.056516,0.064640,-0.069402,-0.017591,-0.105028,0.009105,-0.117154,-0.234463,0.056267,-0.099053,-0.310489,-0.078235,-0.185625,0.262231,-0.165259,-0.029145,0.423217,-0.145689,-0.028341,-0.051965,-0.287988,-0.297079,-0.278340,-0.269459,-0.313914,-0.359150,-0.388904,-0.284905,-0.376341,-0.472600,-0.613483,-0.535587,-0.305099,-0.241172,-0.248409,-0.964351,-0.476423,-0.395307,-0.420488,-0.766981,-0.160108,-0.423255,-0.271073,-0.880206,-0.974627,-0.633549,-0.276834,-0.224839,-0.518696,0.026608,-0.029386,0.514984,0.662867,-0.081674,0.371046,0.463077,-0.338574,0.195059,0.157701,0.079061,0.454136,-0.202239,-0.017724,-0.177538,-0.122613,0.062370,-0.119979,-0.140624,0.031415,-0.125516,-0.231266,-0.375779,-0.026285,0.243859,-0.156490,-0.043519,0.003268,-0.349626,-0.364529,0.537446,0.301989,-0.007678,-0.865504,0.322874,-0.867867,0.568510,-0.074441,1.000000,-0.088504,0.059133,0.326817,0.710122,-0.080882,-0.093721,0.474691,0.003829,-0.101028,0.159725,-0.135436,-0.269597,0.270651,0.036201,-0.199068,-0.236013,0.038481,0.260449,0.613958,-0.068521,-0.358303,0.161164,0.319702,0.356982,0.109307,-0.054080,0.506323,0.223008,-0.888622,0.320938,0.648263,0.225874,0.047138,0.412348,0.287179,-0.077175,0.272855,-0.027384,0.588485,0.184874,-0.226348,0.753451,0.679305,-0.280118,0.240962,-0.144281,-0.438924,-0.520788,-0.094764,0.667506,-0.409312,0.207560,-0.006946,0.243399,0.280480,0.363025,0.882907,-0.017912,-0.175762,-0.935957,-0.180848,0.604743,-0.302980,0.638141,0.443382,-0.022004,-0.088070,-0.062420,-0.181531,0.018914,-0.235016,0.225061,-0.403840,-0.030205,-0.103713,0.348531,-0.486064,-0.265704,0.678708,-0.074816,-0.016375,0.118261,-0.044186,0.543053,-0.020426,0.001345,0.066710,-0.090608,-0.175092,0.016520,-0.207735,-0.308124,0.299111,0.208832,0.037255,-0.566702,-0.280959,0.496671,0.014393,0.271601,-0.173812,-0.003716,0.079738,0.755168,0.290402,0.059834,-0.524836,-0.788898,0.846315,0.185106,0.179627,-0.418625,0.020461,0.029518,-0.421048,0.214294,0.062194,-0.236822,-0.238344,0.151539,0.369236,-0.135855,-0.504072,-0.423877,-0.475305,-0.268708,0.322858,0.511687,0.961812,0.693255,0.758595,0.191478,0.780894,-0.050174
Primary visual area,0.918639,0.957825,0.994853,0.914944,0.909831,0.835739,0.968410,0.868170,0.876248,0.542652,0.674275,0.959331,0.926977,0.894362,0.932150,0.701499,0.682518,0.864598,0.910761,0.944664,0.911819,0.779755,0.434548,0.899474,0.999929,0.972205,0.412476,0.802614,0.700968,0.937444,0.901558,0.841020,0.998272,0.945705,0.996954,0.971870,0.938882,0.981075,0.942041,0.941789,0.593294,0.501390,0.923902,0.907789,0.814113,0.553256,0.845922,0.838073,0.981190,0.749693,0.272654,0.917233,0.943457,0.930200,0.482452,0.988472,0.939898,0.357069,0.109249,0.158374,0.576349,0.976200,0.981916,0.633353,0.983184,0.998246,-0.897671,0.520898,0.985715,0.869457,-0.328264,0.737441,0.681521,0.634820,0.870425,0.667612,0.799950,0.997289,0.990799,0.995242,0.977027,0.982679,0.990353,0.927673,0.945982,0.989005,0.949492,0.953539,0.675976,0.993558,0.910931,0.991977,0.876676,0.645035,0.781624,0.661931,0.954859,0.531755,0.810433,-0.416506,0.699924,0.993442,-0.088504,1.000000,0.987621,0.569415,-0.482241,0.812250,0.996309,0.694992,0.909198,0.815719,0.956217,0.918250,0.104994,0.613296,0.671895,0.747231,0.920029,0.991825,0.711441,0.700982,0.710131,0.961357,0.941323,0.892656,0.770880,0.863403,0.886262,0.672522,0.852332,0.494580,0.632378,0.638136,0.723138,0.990748,0.391536,0.903111,0.799243,0.911411,0.989485,0.627624,0.941944,0.896657,0.587785,0.100844,0.640873,0.530601,0.868810,0.757209,0.017207,0.758895,-0.507386,0.718631,0.748938,0.978827,0.924818,0.390158,0.886826,-0.072035,0.982915,0.692354,-0.154168,0.093126,-0.028322,0.952097,0.677465,0.705508,0.949095,0.975367,0.960990,0.982033,0.884214,0.724551,0.948550,0.899483,0.795580,0.906098,0.729423,0.736913,0.979158,0.611279,0.993124,0.879214,0.882798,0.610723,0.620724,0.963868,0.952418,0.975466,0.997212,0.589420,0.771883,0.790514,0.902415,0.585257,0.337371,-0.768837,0.741456,0.729334,0.718403,0.395943,0.520542,0.989861,0.841886,0.703172,0.364006,0.404587,0.808020,-0.097536,0.681467,0.431693,0.817093,0.273289,0.068796,0.930322,0.977217,-0.242004,0.830814,0.685756,0.358095,0.846455,0.261485,0.174892,0.342490,-0.117744,0.655650,0.910099,0.982591,0.463697,0.573429,-0.007550,-0.493446,-0.341980,0.909410,0.550550,0.428617
Supraoptic nucleus,0.904756,0.932498,0.972358,0.875811,0.869257,0.805555,0.923857,0.824458,0.842549,0.547684,0.651782,0.917492,0.886835,0.835913,0.878328,0.672097,0.653358,0.827607,0.886588,0.911993,0.891997,0.729024,0.352393,0.885817,0.985697,0.923560,0.351688,0.743903,0.705654,0.895281,0.874497,0.892817,0.978086,0.924747,0.993723,0.936527,0.910291,0.939397,0.887731,0.909345,0.581134,0.487454,0.900079,0.868940,0.767673,0.496250,0.781849,0.820465,0.952515,0.678911,0.140542,0.849411,0.891660,0.876332,0.396080,0.972730,0.878337,0.268162,-0.046449,0.003008,0.514234,0.930417,0.942364,0.590864,0.980034,0.994568,-0.825210,0.593520,0.983494,0.913742,-0.214491,0.721529,0.673505,0.618162,0.857309,0.705905,0.738780,0.994273,0.959773,0.982777,0.978647,0.955717,0.963307,0.913606,0.945594,0.957292,0.900775,0.934233,0.748970,0.976032,0.882776,0.997898,0.847195,0.629681,0.854210,0.671276,0.938775,0.393125,0.835197,-0.547102,0.766371,0.989313,0.059133,0.987621,1.000000,0.578376,-0.346983,0.769128,0.978495,0.739646,0.888210,0.769924,0.971787,0.877537,0.013034,0.614551,0.637744,0.682921,0.866229,0.997396,0.716487,0.780220,0.662191,0.910384,0.953172,0.929217,0.798413,0.854635,0.853719,0.721958,0.862533,0.373997,0.643435,0.717801,0.722913,0.997857,0.496424,0.958144,0.821101,0.941010,0.978975,0.691380,0.958989,0.841133,0.700811,0.162293,0.559994,0.523198,0.821410,0.663742,-0.106128,0.710019,-0.441427,0.691464,0.812922,0.988732,0.950788,0.384799,0.933949,0.032770,0.971673,0.705637,-0.278389,0.119833,0.104294,0.896426,0.784336,0.744582,0.963305,0.951031,0.937437,0.964774,0.912477,0.654017,0.985895,0.856322,0.758775,0.868422,0.751803,0.636918,0.945737,0.696073,0.976432,0.851698,0.877675,0.561534,0.673921,0.947463,0.937364,0.994574,0.980461,0.520524,0.740573,0.727913,0.837675,0.590099,0.318910,-0.798623,0.682432,0.653040,0.769984,0.348446,0.517918,0.958747,0.812810,0.677531,0.448991,0.401296,0.786171,-0.220768,0.566725,0.565610,0.816956,0.248862,-0.042375,0.914838,0.991909,-0.351300,0.837156,0.656384,0.273808,0.784274,0.232399,0.180265,0.271862,-0.238429,0.557599,0.847116,0.945487,0.467781,0.617100,0.120224,-0.360078,-0.198054,0.921248,0.663193,0.372343
Anteromedial visual area,0.843465,0.760312,0.496385,0.798627,0.801234,0.898850,0.642917,0.839610,0.858734,0.999054,0.972601,0.357234,0.241970,0.747602,0.700448,0.957209,0.961513,0.861595,0.840289,0.768593,0.845614,0.881145,0.814180,0.866727,0.569319,0.514651,0.882968,0.840504,0.985415,0.749262,0.846107,0.819519,0.538047,0.793200,0.531149,0.389196,0.257005,0.502559,0.668991,0.270703,-0.321444,-0.424137,0.212636,0.188408,0.005611,-0.345029,0.112820,0.029091,0.416011,0.821745,-0.338061,0.346415,0.339086,0.299291,-0.356984,0.438424,0.401852,0.770843,0.076752,-0.120497,-0.309750,0.558160,0.600861,-0.266876,0.707090,0.591233,-0.305614,0.909974,0.440577,0.814504,-0.633392,-0.134300,0.985258,0.984339,0.895491,0.967384,0.832638,0.609284,0.603633,0.487139,0.723790,0.680035,0.637138,0.830827,0.288198,0.484916,0.347587,0.780705,0.010865,0.473991,0.832587,0.535761,0.106803,-0.259635,0.774046,0.992897,0.782230,0.141336,0.926387,-0.552635,0.879672,0.487969,0.326817,0.569415,0.578376,1.000000,-0.432577,0.884635,0.627708,0.947381,0.847208,0.875043,0.753825,0.788467,0.660912,0.997607,0.954791,0.849949,0.727630,0.623482,0.982797,0.816084,0.915893,0.426354,0.797982,0.811076,0.945559,0.904291,0.851391,0.944170,0.911565,-0.177989,0.996578,0.852849,0.979013,0.622634,-0.193227,0.493037,0.014167,0.805321,0.682191,0.918622,0.784666,0.759237,0.623022,0.841378,0.815646,0.992972,0.826976,0.680803,0.434891,0.896345,0.380597,-0.161900,0.090665,0.450185,0.792660,0.972857,0.768153,0.634796,0.710346,-0.169036,-0.638196,-0.727964,-0.367959,0.614270,0.488261,0.954726,0.338705,0.715667,0.756925,0.404240,0.207148,0.834644,0.611396,0.176221,0.909362,0.815203,0.969324,0.644621,0.420488,0.839511,0.655348,0.868684,0.888437,0.929211,0.948727,0.761966,0.788236,0.498591,0.621353,0.871382,0.931464,0.833061,0.693291,0.999526,0.947075,0.016517,-0.092299,0.806357,0.920717,0.913269,0.995072,0.613041,0.896615,0.962621,0.866023,0.977390,0.928993,0.353681,0.093539,0.466537,0.939136,0.918892,0.544540,0.825595,0.471085,0.323368,0.929559,0.960560,0.790380,0.789443,0.907825,0.906652,0.836018,0.356176,0.715588,0.279811,0.464881,0.991316,0.973449,0.552570,-0.453924,-0.348490,0.850134,0.670129,0.898554
Medullary reticular nucleus,-0.573374,-0.614075,-0.510151,-0.694951,-0.702751,-0.665872,-0.679121,-0.725322,-0.678966,-0.448267,-0.617041,-0.558387,-0.500423,-0.778188,-0.743447,-0.655022,-0.651327,-0.695674,-0.627088,-0.654685,-0.605352,-0.760669,-0.837379,-0.576626,-0.492369,-0.655707,-0.740511,-0.794432,-0.477984,-0.698278,-0.643160,-0.187917,-0.513341,-0.599534,-0.417454,-0.536939,-0.444929,-0.614887,-0.736730,-0.471672,-0.072660,-0.026018,-0.399499,-0.469862,-0.425637,-0.302048,-0.568057,-0.280816,-0.512010,-0.842933,-0.658910,-0.688411,-0.603176,-0.597322,-0.444293,-0.450658,-0.678895,-0.842641,-0.905533,-0.842111,-0.347723,-0.656647,-0.639157,-0.267355,-0.478172,-0.442040,0.694989,-0.040190,-0.376616,-0.233232,0.923214,-0.191207,-0.543652,-0.581099,-0.578107,-0.279970,-0.804526,-0.444768,-0.595183,-0.451790,-0.456784,-0.598984,-0.585430,-0.571654,-0.302884,-0.555385,-0.590609,-0.587539,0.256904,-0.474445,-0.646190,-0.367842,-0.382280,-0.123402,-0.044913,-0.447041,-0.570673,-0.922799,-0.368917,-0.429807,-0.100146,-0.405940,0.710122,-0.482241,-0.346983,-0.432577,1.000000,-0.726880,-0.532532,-0.243431,-0.611800,-0.738786,-0.386805,-0.700608,-0.767212,-0.483106,-0.674086,-0.817154,-0.750711,-0.401652,-0.477223,-0.006982,-0.743572,-0.634115,-0.420218,-0.279204,-0.352500,-0.555979,-0.672022,-0.211349,-0.452168,-0.699800,-0.432861,-0.005000,-0.507211,-0.392674,0.565207,-0.064209,-0.050623,-0.319223,-0.510837,-0.114121,-0.386970,-0.766835,0.272244,0.010391,-0.873629,-0.511839,-0.741105,-0.917779,-0.839081,-0.751691,0.328772,-0.239070,0.163282,-0.312104,-0.337322,-0.464218,-0.204378,0.359442,-0.523742,-0.008913,-0.417989,0.392261,0.867992,-0.726375,0.268915,-0.278920,-0.241741,-0.596014,-0.603756,-0.445211,-0.103270,-0.841061,-0.213818,-0.487385,-0.697742,-0.691150,-0.380863,-0.936255,-0.539279,0.033574,-0.535772,-0.649253,-0.534213,-0.734691,-0.181630,-0.566930,-0.566701,-0.278482,-0.524568,-0.817451,-0.670700,-0.810579,-0.794637,-0.458302,-0.515852,-0.010373,-0.444061,-0.863390,-0.200535,-0.675120,-0.484282,-0.598899,-0.660249,-0.636685,0.076176,-0.457500,-0.625334,-0.785201,-0.805227,0.476226,-0.511675,-0.525090,-0.822863,-0.578080,-0.293087,-0.667734,-0.475450,-0.652813,-0.824594,-0.803989,-0.544201,-0.336618,-0.762964,-0.767940,-0.934576,-0.636129,-0.576367,-0.434310,-0.233141,0.502140,0.999714,0.987959,-0.432642,0.260713,-0.724731
Superior olivary complex,0.964251,0.945240,0.779425,0.977725,0.979925,0.996123,0.905486,0.993989,0.992255,0.880001,0.965334,0.706447,0.613289,0.969590,0.945438,0.978533,0.973178,0.995232,0.977191,0.958412,0.973440,0.997860,0.867342,0.971490,0.815452,0.828794,0.866163,0.994332,0.936521,0.959432,0.982426,0.799654,0.804504,0.954424,0.769222,0.721358,0.607667,0.811989,0.929392,0.624844,0.050872,-0.052176,0.563456,0.567399,0.420550,0.098431,0.536439,0.394787,0.731210,0.981555,0.121391,0.728139,0.705530,0.677234,0.113595,0.726154,0.763278,0.818637,0.372822,0.260880,0.140519,0.854357,0.874101,0.157621,0.880736,0.810611,-0.701150,0.691514,0.702418,0.821340,-0.759369,0.241508,0.951013,0.946588,0.977781,0.851058,0.992366,0.821074,0.864438,0.755589,0.880865,0.904822,0.879521,0.959860,0.581246,0.785764,0.708203,0.946372,0.155014,0.755127,0.979205,0.753983,0.483558,0.119005,0.707989,0.917200,0.942202,0.559011,0.906411,-0.307324,0.755790,0.740583,-0.080882,0.812250,0.769128,0.884635,-0.726880,1.000000,0.859264,0.837654,0.975502,0.999780,0.867550,0.975115,0.647273,0.914754,0.973206,0.987848,0.958548,0.813034,0.938435,0.691084,0.987483,0.769604,0.897492,0.842310,0.898033,0.973036,0.989416,0.817786,0.939619,0.298744,0.904478,0.689037,0.950084,0.809291,-0.154552,0.601702,0.298731,0.858549,0.879807,0.756860,0.879632,0.973091,0.455814,0.493180,0.950762,0.893103,0.992382,0.930993,0.516301,0.996132,-0.071799,0.235389,0.254197,0.684442,0.862064,0.818396,0.792519,0.207379,0.897185,0.147934,-0.268000,-0.494636,-0.492734,0.899454,0.413718,0.856788,0.590248,0.920910,0.941127,0.703412,0.450909,0.979394,0.730723,0.563529,0.998415,0.982556,0.906021,0.910139,0.741797,0.660000,0.874393,0.989117,0.963949,0.957769,0.792872,0.932961,0.943375,0.698976,0.853508,0.945497,0.993654,0.991317,0.947866,0.898145,0.802825,-0.251695,0.347803,0.972737,0.817171,0.855948,0.881879,0.870483,0.995187,0.976142,0.575816,0.823667,0.990025,0.414857,0.546140,0.250248,0.961914,0.768329,0.588968,0.959978,0.689205,0.310558,0.949642,0.974249,0.823873,0.984455,0.764385,0.666791,0.823615,0.403696,0.920639,0.672199,0.779354,0.844111,0.806873,0.138194,-0.742356,-0.628636,0.919181,0.472616,0.875155
Anterolateral visual area,0.946762,0.978792,0.987346,0.946190,0.942055,0.878974,0.982921,0.907560,0.914120,0.603633,0.732409,0.946167,0.904253,0.927488,0.957082,0.758439,0.740978,0.904405,0.942003,0.969337,0.942265,0.830618,0.509328,0.930956,0.996762,0.975318,0.489141,0.850430,0.750927,0.963414,0.934753,0.852913,0.993900,0.969337,0.987163,0.959148,0.913570,0.980488,0.963475,0.918713,0.529101,0.433527,0.893893,0.880736,0.777458,0.502070,0.822632,0.793965,0.968566,0.802429,0.260951,0.913050,0.932372,0.916702,0.442882,0.973862,0.937854,0.434410,0.154276,0.181302,0.528582,0.982431,0.990121,0.580576,0.991136,0.994279,-0.892101,0.555381,0.967625,0.881250,-0.401271,0.683377,0.736294,0.694863,0.906318,0.708317,0.847877,0.994927,0.996287,0.983961,0.985606,0.994855,0.997954,0.954074,0.915183,0.983388,0.937973,0.975014,0.614312,0.982560,0.942558,0.980327,0.841033,0.584489,0.786895,0.713699,0.975479,0.551943,0.842207,-0.406567,0.722163,0.979974,-0.093721,0.996309,0.978495,0.627708,-0.532532,0.859264,1.000000,0.730263,0.940294,0.862359,0.964993,0.948765,0.188257,0.670838,0.731791,0.800985,0.948319,0.988717,0.760397,0.713393,0.767853,0.957318,0.956328,0.904885,0.806158,0.899337,0.922477,0.707512,0.884239,0.481225,0.685843,0.657854,0.772509,0.987186,0.318778,0.878849,0.744847,0.923910,0.996753,0.658855,0.954148,0.929925,0.579012,0.157948,0.702646,0.595291,0.907998,0.802402,0.093133,0.811982,-0.458177,0.666290,0.692995,0.958629,0.936305,0.461034,0.892276,-0.036447,0.993506,0.629415,-0.170527,0.009757,-0.099773,0.968037,0.651936,0.742425,0.918794,0.990672,0.980930,0.964968,0.841277,0.780014,0.937897,0.873003,0.844202,0.939070,0.771025,0.781748,0.968444,0.629915,0.999350,0.916094,0.914967,0.676241,0.658289,0.982074,0.973473,0.957503,0.999933,0.656320,0.822531,0.839474,0.931616,0.643698,0.412777,-0.711113,0.703480,0.783425,0.747683,0.472753,0.584695,0.996337,0.884209,0.759456,0.400459,0.474415,0.853493,-0.022337,0.680968,0.411589,0.856784,0.351659,0.148596,0.956460,0.957762,-0.164743,0.866885,0.743985,0.435933,0.887637,0.340851,0.249680,0.421785,-0.041780,0.711787,0.898575,0.976982,0.529097,0.619018,0.009585,-0.544556,-0.395351,0.931408,0.548722,0.504492
Medial amygdalar nucleus,0.883221,0.810325,0.620059,0.805483,0.803723,0.876576,0.690105,0.816959,0.850636,0.932819,0.902548,0.470146,0.374564,0.728173,0.709528,0.886560,0.885122,0.844216,0.861533,0.800985,0.873177,0.813445,0.615013,0.896438,0.691824,0.584686,0.697879,0.774871,0.964882,0.768246,0.858749,0.952377,0.657196,0.839820,0.679602,0.509183,0.408660,0.589271,0.686977,0.413706,-0.107923,-0.215761,0.378003,0.329850,0.149639,-0.211578,0.212378,0.222256,0.543625,0.725818,-0.407385,0.407140,0.435190,0.397214,-0.288917,0.584482,0.466791,0.548980,-0.168818,-0.308119,-0.186334,0.624333,0.669410,-0.104896,0.812687,0.725900,-0.362399,0.969789,0.607834,0.943783,-0.393060,0.070632,0.938377,0.910574,0.911752,0.997513,0.763951,0.740764,0.688134,0.629620,0.831894,0.752025,0.720648,0.875564,0.481621,0.594259,0.448553,0.834990,0.314129,0.610549,0.848988,0.697010,0.273486,-0.051065,0.935310,0.967763,0.841881,0.025057,0.982216,-0.759796,0.984887,0.643603,0.474691,0.694992,0.739646,0.947381,-0.243431,0.837654,0.730263,1.000000,0.871763,0.826714,0.872690,0.795872,0.389659,0.944722,0.868719,0.757796,0.727375,0.764549,0.966304,0.956988,0.826062,0.509254,0.896762,0.934641,0.990905,0.923885,0.849582,0.999302,0.957983,-0.203276,0.965393,0.969102,0.957815,0.766147,0.130780,0.721017,0.265527,0.923742,0.782850,0.990945,0.895204,0.742693,0.832113,0.783243,0.674612,0.904175,0.801200,0.580722,0.138015,0.822637,0.266593,0.025380,0.381114,0.633534,0.911545,0.853583,0.917218,0.647439,0.801719,0.079761,-0.744063,-0.495907,-0.073646,0.644946,0.741681,0.999323,0.545935,0.782071,0.811501,0.553647,0.449306,0.729386,0.796049,0.310960,0.862793,0.818365,0.989501,0.536237,0.538675,0.959911,0.752730,0.869433,0.922909,0.807191,0.994937,0.828063,0.847589,0.685496,0.727336,0.723748,0.882612,0.759330,0.677736,0.944506,0.797400,-0.246533,0.032845,0.699157,0.997167,0.738960,0.910986,0.695041,0.878356,0.897461,0.913302,0.864475,0.906255,0.043750,0.068431,0.702552,0.952632,0.748104,0.257481,0.869870,0.657275,0.003863,0.959687,0.884915,0.572105,0.741410,0.728552,0.761159,0.625964,0.044396,0.572413,0.361466,0.567997,0.903673,0.985428,0.639261,-0.266212,-0.125412,0.928553,0.857914,0.721887
Lateral visual area,0.998752,0.989082,0.876507,0.992137,0.991363,0.987705,0.950233,0.987474,0.994828,0.833174,0.920412,0.798509,0.719273,0.967754,0.963761,0.934330,0.924695,0.991516,0.999770,0.990512,0.999956,0.959337,0.736736,0.998584,0.910448,0.890781,0.742461,0.958610,0.923561,0.983202,0.999158,0.891544,0.897960,0.995089,0.881394,0.817622,0.725795,0.885069,0.954299,0.737280,0.210145,0.103277,0.690767,0.679543,0.535368,0.206173,0.621739,0.541027,0.832040,0.925449,0.092108,0.786061,0.786829,0.760118,0.178010,0.838452,0.823399,0.672269,0.218419,0.148725,0.241831,0.913117,0.933663,0.284196,0.961701,0.912837,-0.756837,0.725943,0.828059,0.911879,-0.603244,0.395658,0.920761,0.897933,0.994909,0.869686,0.954788,0.920881,0.934332,0.864817,0.962904,0.964976,0.948089,0.998042,0.725471,0.873809,0.792590,0.992388,0.366892,0.860812,0.998871,0.874046,0.612504,0.275363,0.817141,0.900041,0.991633,0.497584,0.946313,-0.439631,0.824832,0.858097,0.003829,0.909198,0.888210,0.847208,-0.611800,0.975502,0.940294,0.871763,1.000000,0.974722,0.955211,0.990178,0.464515,0.878470,0.918405,0.933492,0.970038,0.918482,0.928397,0.784123,0.932188,0.841251,0.971066,0.929958,0.929746,0.991899,0.996421,0.852910,0.975052,0.300558,0.882548,0.763857,0.937471,0.916280,0.066474,0.762464,0.481123,0.943587,0.958324,0.802132,0.960963,0.972916,0.592843,0.441990,0.862994,0.831721,0.984159,0.875341,0.319350,0.952882,-0.166592,0.378348,0.458407,0.819909,0.948041,0.734022,0.897073,0.200383,0.969039,0.329357,-0.326664,-0.329700,-0.299098,0.933827,0.584238,0.885955,0.742303,0.976579,0.988027,0.818350,0.625965,0.916373,0.862858,0.671424,0.973195,0.994029,0.920067,0.849366,0.836490,0.736953,0.951481,0.997191,0.993144,0.878894,0.820744,0.987159,0.992423,0.835618,0.936870,0.850918,0.965850,0.950254,0.949831,0.859659,0.698145,-0.441262,0.450532,0.909197,0.867636,0.737998,0.823158,0.938570,0.989542,0.935364,0.598661,0.743655,0.979899,0.207967,0.547910,0.403076,0.974858,0.648969,0.397502,0.998050,0.826005,0.094044,0.973741,0.926352,0.679414,0.962217,0.639521,0.560914,0.682997,0.194998,0.833979,0.744568,0.863667,0.781569,0.811135,0.181768,-0.628073,-0.489678,0.977839,0.594078,0.756950
Field CA2,0.962936,0.946689,0.784905,0.979491,0.981738,0.994686,0.910657,0.995092,0.992188,0.870519,0.960329,0.715489,0.623527,0.973770,0.950270,0.974719,0.969074,0.995318,0.976839,0.960311,0.972598,0.998085,0.867921,0.969604,0.819101,0.836304,0.863409,0.996179,0.928968,0.962464,0.982171,0.791476,0.809178,0.954831,0.772336,0.729428,0.616687,0.819095,0.934844,0.634066,0.063164,-0.039173,0.572508,0.578100,0.433694,0.115006,0.550050,0.405035,0.738334,0.984288,0.142164,0.739418,0.715640,0.687992,0.132445,0.731766,0.773369,0.819686,0.387995,0.279469,0.157315,0.860986,0.879553,0.172482,0.881088,0.812891,-0.713274,0.676546,0.706655,0.814271,-0.764564,0.252935,0.944490,0.940419,0.975105,0.840148,0.994541,0.823013,0.869115,0.760234,0.880440,0.907885,0.883310,0.958847,0.587136,0.792247,0.717951,0.946888,0.154987,0.760441,0.979357,0.756085,0.494223,0.131246,0.697827,0.908666,0.942396,0.576089,0.898951,-0.290894,0.743787,0.744386,-0.101028,0.815719,0.769924,0.875043,-0.738786,0.999780,0.862359,0.826714,0.974722,1.000000,0.865101,0.977220,0.647549,0.906416,0.969573,0.989507,0.962846,0.813868,0.930998,0.678790,0.986177,0.778532,0.894591,0.836291,0.889597,0.969732,0.989452,0.806188,0.934244,0.318399,0.895406,0.675484,0.943341,0.809978,-0.157701,0.598710,0.304947,0.853493,0.881311,0.743768,0.876429,0.976838,0.441883,0.475819,0.953402,0.884791,0.994038,0.938100,0.522037,0.995728,-0.089280,0.248118,0.254645,0.687283,0.857692,0.808681,0.786047,0.187013,0.898273,0.156554,-0.248115,-0.485454,-0.500484,0.905956,0.403341,0.846395,0.594004,0.923111,0.942488,0.709609,0.454553,0.981642,0.728184,0.574740,0.997037,0.983840,0.897290,0.918200,0.749295,0.645858,0.876935,0.988333,0.960733,0.955323,0.780287,0.933583,0.943353,0.700169,0.856603,0.945596,0.991160,0.993523,0.953548,0.889130,0.794201,-0.257269,0.362844,0.976015,0.806203,0.851276,0.872964,0.875020,0.993741,0.971900,0.558618,0.813838,0.987034,0.420559,0.563204,0.234932,0.956758,0.760017,0.592449,0.959208,0.691254,0.313808,0.944146,0.970214,0.824194,0.987865,0.756564,0.654710,0.821764,0.408897,0.926590,0.683917,0.786589,0.833991,0.794341,0.117502,-0.753882,-0.641130,0.915167,0.457626,0.871904
Posterolateral visual area,0.968306,0.965266,0.921687,0.929034,0.924340,0.902510,0.922171,0.898991,0.920267,0.728400,0.801080,0.835159,0.777549,0.879907,0.900995,0.812130,0.798337,0.908676,0.951526,0.950267,0.957940,0.833376,0.507510,0.959807,0.954416,0.884510,0.529366,0.832658,0.851407,0.930104,0.943127,0.959882,0.938566,0.969039,0.951231,0.860457,0.802149,0.894615,0.899439,0.804858,0.373097,0.268021,0.781755,0.747907,0.612963,0.292573,0.653051,0.665695,0.881845,0.773536,-0.000558,0.774132,0.807949,0.783921,0.205011,0.906132,0.814108,0.426503,-0.034360,-0.051340,0.316556,0.902896,0.925555,0.392900,0.990880,0.969149,-0.742366,0.747902,0.917064,0.974336,-0.340747,0.539350,0.823962,0.778152,0.945238,0.850545,0.825974,0.974190,0.941393,0.928631,0.995157,0.960623,0.954366,0.971760,0.842965,0.905144,0.818101,0.973270,0.614105,0.918805,0.945756,0.957039,0.708091,0.429517,0.918314,0.826500,0.977756,0.339651,0.941008,-0.614856,0.877357,0.935148,0.159725,0.956217,0.971787,0.753825,-0.386805,0.867550,0.964993,0.872690,0.955211,0.865101,1.000000,0.927304,0.189417,0.781267,0.783238,0.785672,0.899097,0.981841,0.859406,0.871758,0.790000,0.848219,0.997291,0.984839,0.917299,0.946155,0.927274,0.858135,0.956927,0.234580,0.805391,0.832220,0.862834,0.982156,0.356283,0.918817,0.666756,0.991807,0.981957,0.827961,0.998772,0.887811,0.756508,0.380168,0.674957,0.705441,0.892453,0.717991,0.024727,0.822703,-0.237170,0.505859,0.687373,0.925528,0.995576,0.588658,0.977584,0.221921,0.984102,0.520163,-0.422711,-0.109931,-0.005797,0.890511,0.784101,0.878087,0.873532,0.967435,0.968479,0.889712,0.796535,0.757270,0.973018,0.733728,0.867121,0.928045,0.886042,0.685214,0.877102,0.811546,0.971428,0.931243,0.960559,0.712773,0.821297,0.978867,0.978476,0.945287,0.964875,0.660745,0.859527,0.817186,0.864919,0.762606,0.526668,-0.640830,0.514721,0.747635,0.890251,0.537114,0.702388,0.943265,0.907834,0.818517,0.620598,0.603477,0.896628,-0.090782,0.468365,0.605359,0.926958,0.461519,0.109025,0.971070,0.934686,-0.202716,0.941234,0.800469,0.437232,0.849984,0.444529,0.406517,0.450481,-0.103947,0.642123,0.753710,0.889227,0.661831,0.781571,0.271369,-0.403706,-0.241830,0.986641,0.739783,0.551008
Spinal nucleus of the trigeminal oral part,0.984321,0.991298,0.898504,0.999855,0.999733,0.977584,0.976295,0.993425,0.992180,0.776275,0.891843,0.844104,0.771048,0.992926,0.990746,0.913292,0.902318,0.990600,0.992927,0.997004,0.989499,0.963487,0.754469,0.981361,0.920889,0.929923,0.737984,0.972840,0.874865,0.997956,0.993625,0.826505,0.915179,0.990985,0.886420,0.856453,0.768304,0.920322,0.984497,0.781741,0.269780,0.168127,0.732472,0.733634,0.605097,0.299379,0.697787,0.588457,0.864235,0.947833,0.228662,0.850064,0.840566,0.817883,0.290987,0.859581,0.879451,0.695000,0.333595,0.280952,0.337148,0.946951,0.959810,0.364039,0.952544,0.913636,-0.826589,0.624449,0.838800,0.854076,-0.653861,0.449993,0.880719,0.862383,0.973805,0.795817,0.971344,0.919755,0.954283,0.880048,0.948632,0.975666,0.962473,0.985113,0.744824,0.903318,0.843636,0.988351,0.340976,0.880761,0.995602,0.871663,0.664512,0.334887,0.737478,0.845590,0.985130,0.613452,0.891923,-0.317742,0.738080,0.866958,-0.135436,0.918250,0.877537,0.788467,-0.700608,0.975115,0.948765,0.795872,0.990178,0.977220,0.927304,1.000000,0.486994,0.827581,0.899810,0.948767,0.994390,0.909613,0.880090,0.692747,0.928549,0.888445,0.941895,0.879200,0.870091,0.966566,0.993911,0.772714,0.934506,0.425865,0.825248,0.666598,0.893902,0.906280,0.020024,0.722804,0.498524,0.899289,0.956854,0.711246,0.928962,0.995108,0.486133,0.335815,0.888650,0.784054,0.993863,0.925832,0.378815,0.953569,-0.267221,0.442392,0.436268,0.820554,0.908011,0.680256,0.841469,0.070164,0.965666,0.362587,-0.191533,-0.289648,-0.371124,0.969686,0.496389,0.814126,0.747004,0.982249,0.989316,0.842958,0.627452,0.936486,0.829295,0.729310,0.965462,0.998998,0.860630,0.906630,0.871798,0.635718,0.956851,0.989289,0.967152,0.870834,0.735132,0.982845,0.984583,0.825520,0.945074,0.861096,0.951281,0.967436,0.984227,0.804722,0.653849,-0.453774,0.534021,0.935996,0.789639,0.720542,0.771321,0.957824,0.979033,0.911173,0.484474,0.688624,0.960027,0.268597,0.656128,0.285985,0.938381,0.608503,0.441700,0.986698,0.821397,0.140299,0.933758,0.904347,0.697238,0.984874,0.602872,0.494840,0.686430,0.252654,0.880796,0.809764,0.898465,0.722534,0.728679,0.043518,-0.714318,-0.585314,0.943277,0.482411,0.748605
Field CA3,0.425185,0.372118,0.078985,0.491935,0.503386,0.593291,0.333459,0.576444,0.547909,0.690732,0.716078,0.042935,-0.062159,0.535520,0.449296,0.716748,0.729715,0.570986,0.470634,0.418889,0.456533,0.693450,0.940363,0.457125,0.112960,0.221974,0.927425,0.675942,0.597394,0.444519,0.493639,0.156880,0.108566,0.392048,0.028983,0.040075,-0.103374,0.175254,0.415121,-0.074592,-0.570945,-0.617941,-0.160348,-0.111043,-0.211422,-0.379594,-0.045041,-0.325280,0.033019,0.736778,0.096646,0.166330,0.076200,0.052492,-0.227934,-0.004483,0.182579,0.966391,0.694244,0.471883,-0.334328,0.250694,0.263146,-0.406049,0.210255,0.089867,-0.155984,0.320846,-0.059484,0.169829,-0.952493,-0.443054,0.662228,0.722718,0.498238,0.451111,0.680157,0.105395,0.224412,0.026181,0.209333,0.286785,0.240652,0.408801,-0.198192,0.110525,0.068200,0.368475,-0.652443,0.035914,0.480150,-0.003519,-0.216596,-0.522365,0.052246,0.604691,0.355357,0.467439,0.395673,0.231112,0.225585,-0.008170,-0.269597,0.104994,0.013034,0.660912,-0.767212,0.647273,0.188257,0.389659,0.464515,0.647549,0.189417,0.486994,1.000000,0.669370,0.750112,0.738005,0.482396,0.085107,0.587859,0.106562,0.751596,0.150023,0.256985,0.187961,0.423018,0.491748,0.530477,0.377306,0.422510,0.091566,0.616108,0.173462,0.600922,0.078157,-0.846963,-0.212932,-0.491043,0.202766,0.214190,0.313007,0.220957,0.533220,-0.173155,0.516891,0.830334,0.744730,0.579547,0.691318,0.956699,0.711208,0.352556,-0.412043,-0.571724,-0.098918,0.199036,0.788048,0.102634,0.212974,0.248668,-0.580782,-0.016103,-0.885710,-0.924774,0.361561,-0.326262,0.415707,-0.212896,0.314519,0.359450,-0.028527,-0.370948,0.761415,-0.042244,-0.100197,0.653016,0.506615,0.490203,0.694109,0.059055,0.151816,0.212459,0.529487,0.450277,0.821267,0.392142,0.332018,0.358112,-0.089021,0.176885,0.860166,0.663318,0.691616,0.504741,0.670141,0.846311,0.540199,-0.216763,0.755837,0.321185,0.908419,0.731288,0.234612,0.583120,0.704972,0.304279,0.776181,0.601342,0.934605,0.239691,-0.338711,0.512728,0.877093,0.986318,0.408387,-0.098086,0.918379,0.468123,0.728025,0.965244,0.617797,0.892348,0.786440,0.959390,0.936430,0.797832,0.082962,0.117283,0.727708,0.482206,-0.001183,-0.774456,-0.793352,0.325160,-0.105641,0.915049
Medial geniculate complex,0.873512,0.798626,0.545171,0.836772,0.839370,0.926414,0.691044,0.874780,0.891043,0.996144,0.985891,0.413842,0.300115,0.791448,0.746927,0.974517,0.977469,0.893993,0.872737,0.807809,0.876774,0.911480,0.834540,0.894768,0.613697,0.568485,0.893910,0.875744,0.992562,0.791257,0.878582,0.828066,0.584995,0.828489,0.573694,0.443718,0.312245,0.555466,0.717269,0.326686,-0.271603,-0.375826,0.267210,0.246884,0.066750,-0.284727,0.176947,0.083113,0.468383,0.857695,-0.274637,0.407852,0.398038,0.359363,-0.292626,0.486991,0.461072,0.789849,0.122549,-0.065105,-0.247893,0.609979,0.649890,-0.208340,0.742779,0.631924,-0.368518,0.890627,0.485269,0.826948,-0.662050,-0.081192,0.994659,0.993292,0.920661,0.964109,0.868647,0.649123,0.650807,0.533567,0.757257,0.723021,0.682072,0.861896,0.335216,0.536221,0.405783,0.816446,0.031423,0.522127,0.866380,0.575389,0.163679,-0.207942,0.774992,0.996194,0.817132,0.205688,0.936718,-0.523639,0.873761,0.532019,0.270651,0.613296,0.614551,0.997607,-0.483106,0.914754,0.670838,0.944722,0.878470,0.906416,0.781267,0.827581,0.669370,1.000000,0.971681,0.883049,0.772448,0.660200,0.990565,0.808968,0.940114,0.483178,0.824024,0.827106,0.952118,0.927570,0.884241,0.938986,0.928832,-0.109816,0.997515,0.840593,0.989029,0.658902,-0.191341,0.515587,0.055757,0.824544,0.721088,0.907766,0.809803,0.802037,0.606622,0.802176,0.847992,0.992890,0.863608,0.728117,0.454236,0.924410,0.319425,-0.105952,0.115299,0.490876,0.814097,0.964486,0.782459,0.580619,0.748084,-0.125297,-0.592253,-0.704701,-0.392752,0.665386,0.483498,0.953947,0.380261,0.756291,0.795068,0.453995,0.245525,0.868579,0.637387,0.235774,0.935938,0.851860,0.973971,0.693708,0.473861,0.824720,0.697041,0.899169,0.912442,0.947348,0.939269,0.798187,0.822509,0.534952,0.664469,0.895515,0.954387,0.868875,0.741166,0.999207,0.939941,-0.022165,-0.028793,0.843094,0.918510,0.918610,0.993030,0.659862,0.924326,0.978833,0.835440,0.969174,0.951624,0.368887,0.162082,0.440499,0.956127,0.910479,0.559965,0.857383,0.509677,0.327195,0.945958,0.976801,0.807539,0.829989,0.900334,0.884741,0.847010,0.369400,0.756853,0.341794,0.517934,0.984188,0.962870,0.498893,-0.503889,-0.395807,0.872483,0.649990,0.908717
Medial mammillary nucleus,0.904933,0.855715,0.622931,0.905749,0.909644,0.968224,0.784611,0.942567,0.944409,0.956390,0.997162,0.525953,0.416374,0.888944,0.845257,0.998793,0.999405,0.950574,0.917687,0.873041,0.915483,0.977692,0.918522,0.922327,0.674813,0.678276,0.941418,0.958063,0.968258,0.870295,0.926175,0.765479,0.656565,0.875934,0.622696,0.545536,0.412661,0.657554,0.819664,0.431481,-0.177174,-0.278768,0.363417,0.364022,0.200707,-0.131050,0.328982,0.178152,0.559809,0.953267,-0.044202,0.552404,0.523732,0.489912,-0.104342,0.559699,0.594647,0.879692,0.337236,0.169334,-0.088101,0.712728,0.741245,-0.073638,0.776283,0.676804,-0.520938,0.764419,0.539211,0.777453,-0.794190,0.015887,0.985900,0.992239,0.942621,0.892726,0.954706,0.691564,0.731147,0.598495,0.782403,0.790976,0.754272,0.895377,0.395469,0.626902,0.527143,0.863343,-0.009236,0.594835,0.917370,0.611162,0.271952,-0.109623,0.682649,0.961541,0.859649,0.429056,0.899522,-0.338399,0.774074,0.585410,0.036201,0.671895,0.637744,0.954791,-0.674086,0.973206,0.731791,0.868719,0.918405,0.969573,0.783238,0.899810,0.750112,0.971681,1.000000,0.967352,0.867496,0.689366,0.966901,0.697138,0.993633,0.602292,0.826179,0.790403,0.906151,0.942305,0.937508,0.854783,0.916267,0.111533,0.957652,0.719709,0.973849,0.685954,-0.283776,0.480363,0.095035,0.799397,0.767140,0.802252,0.806035,0.894827,0.454573,0.659827,0.948216,0.969443,0.937472,0.866492,0.588073,0.985050,0.154753,0.006974,0.086834,0.526985,0.796071,0.927572,0.734370,0.380920,0.792285,-0.068992,-0.385765,-0.674114,-0.545552,0.774920,0.358524,0.885847,0.416904,0.817169,0.850299,0.530950,0.268011,0.960571,0.620614,0.359018,0.982365,0.916748,0.929448,0.842077,0.571188,0.695597,0.753966,0.943603,0.925209,0.992772,0.845052,0.843564,0.862932,0.554376,0.724570,0.970474,0.989497,0.956012,0.852282,0.963407,0.918256,-0.050491,0.123759,0.945602,0.837308,0.944188,0.962047,0.739481,0.965352,0.997716,0.682240,0.930354,0.977264,0.499066,0.370011,0.259023,0.952280,0.893543,0.672981,0.893441,0.537465,0.428238,0.935293,0.999384,0.889628,0.924978,0.889577,0.819722,0.905517,0.494150,0.889740,0.484521,0.616983,0.939421,0.875442,0.280304,-0.691567,-0.593027,0.867651,0.491398,0.950258
Subiculum,0.914825,0.900602,0.722253,0.950494,0.954534,0.970424,0.874451,0.976185,0.965085,0.851291,0.949098,0.666616,0.571958,0.960526,0.927561,0.965736,0.961987,0.972185,0.937763,0.921856,0.930090,0.995489,0.923149,0.924175,0.752124,0.797931,0.906242,0.996137,0.893451,0.931685,0.946606,0.696874,0.745963,0.907728,0.695196,0.675278,0.555121,0.773678,0.910277,0.575884,0.000184,-0.095496,0.506815,0.525288,0.389255,0.091596,0.520996,0.335668,0.678888,0.998669,0.208494,0.715497,0.675745,0.649538,0.139598,0.661962,0.744273,0.886520,0.506565,0.384938,0.137125,0.821615,0.836239,0.132276,0.812285,0.738378,-0.693480,0.601026,0.626223,0.722698,-0.849053,0.185867,0.921262,0.928906,0.933323,0.779969,0.996454,0.748776,0.818081,0.689021,0.809048,0.857413,0.830421,0.909466,0.503168,0.737224,0.675281,0.897151,0.027650,0.692989,0.943194,0.672192,0.433694,0.068086,0.590527,0.873612,0.889967,0.640585,0.833679,-0.164578,0.653957,0.666611,-0.199068,0.747231,0.682921,0.849949,-0.817154,0.987848,0.800985,0.757796,0.933492,0.989507,0.785672,0.948767,0.738005,0.883049,0.967352,1.000000,0.942430,0.733770,0.894024,0.575921,0.989744,0.739632,0.821453,0.748512,0.826842,0.925477,0.960103,0.735529,0.875979,0.359266,0.862099,0.580093,0.909317,0.728704,-0.290300,0.482188,0.206833,0.769246,0.816861,0.664995,0.798474,0.961448,0.315315,0.449174,0.986765,0.876649,0.977560,0.964548,0.637882,0.994340,-0.076375,0.191004,0.130425,0.598075,0.774534,0.812295,0.688562,0.134393,0.836205,0.068933,-0.156947,-0.545590,-0.620082,0.879299,0.267330,0.781240,0.499865,0.872663,0.894503,0.640328,0.350317,0.998881,0.626156,0.525789,0.982642,0.955215,0.843869,0.950567,0.694091,0.548487,0.816073,0.956300,0.910920,0.970500,0.711995,0.879696,0.890574,0.605747,0.794020,0.976646,0.975577,0.997572,0.942440,0.865762,0.812782,-0.154565,0.332089,0.996326,0.728221,0.886184,0.862039,0.824527,0.967867,0.959907,0.487180,0.814490,0.960004,0.544700,0.591220,0.100950,0.911563,0.788813,0.697550,0.910504,0.599150,0.440038,0.891912,0.962934,0.887947,0.984172,0.789901,0.668753,0.877810,0.533113,0.968430,0.654132,0.735800,0.823219,0.739567,0.036407,-0.830430,-0.737393,0.847346,0.337015,0.910054
Main olfactory bulb,0.961470,0.982221,0.910770,0.992537,0.992684,0.954657,0.986277,0.983072,0.975834,0.716285,0.852617,0.875316,0.809347,0.998095,0.999049,0.879740,0.867516,0.975118,0.974931,0.990233,0.969036,0.949495,0.746565,0.955741,0.923561,0.952307,0.713417,0.966877,0.822705,0.996981,0.976163,0.770901,0.923140,0.976676,0.886761,0.882512,0.800359,0.940707,0.995966,0.814664,0.326003,0.229621,0.765180,0.774811,0.660678,0.377306,0.754536,0.629343,0.885338,0.946958,0.330349,0.892838,0.877343,0.858292,0.380996,0.872996,0.915723,0.690589,0.406534,0.371587,0.415652,0.964641,0.971330,0.432073,0.938166,0.909427,-0.874044,0.538332,0.845453,0.803651,-0.671183,0.498990,0.833847,0.817784,0.944414,0.727625,0.967079,0.913741,0.961867,0.888269,0.930377,0.974840,0.965446,0.963738,0.761168,0.920675,0.878506,0.974578,0.333209,0.892389,0.980137,0.867044,0.706454,0.389832,0.673099,0.788978,0.969746,0.690577,0.839425,-0.228181,0.664780,0.871045,-0.236013,0.920029,0.866229,0.727630,-0.750711,0.958548,0.948319,0.727375,0.970038,0.962846,0.899097,0.994390,0.482396,0.772448,0.867496,0.942430,1.000000,0.898122,0.828402,0.618465,0.907545,0.918573,0.911310,0.833711,0.813089,0.934095,0.978016,0.701251,0.891909,0.518408,0.766295,0.586554,0.845527,0.894076,0.001542,0.694405,0.520096,0.858374,0.948260,0.633111,0.896982,0.998039,0.406452,0.243113,0.888582,0.730005,0.986316,0.947433,0.403720,0.936604,-0.350384,0.498211,0.429445,0.820344,0.870406,0.621012,0.794122,-0.033912,0.954892,0.398518,-0.087275,-0.240203,-0.406302,0.986612,0.434183,0.748147,0.752436,0.977005,0.979793,0.859572,0.634011,0.933414,0.801762,0.773185,0.943196,0.989286,0.802469,0.933416,0.894730,0.553174,0.953521,0.969309,0.935012,0.845234,0.659352,0.969614,0.968123,0.816882,0.944667,0.848685,0.923627,0.963430,0.997097,0.746553,0.600755,-0.472748,0.600462,0.938149,0.720933,0.686494,0.714398,0.964656,0.956009,0.875455,0.389449,0.628626,0.929541,0.295201,0.731860,0.202368,0.897062,0.557866,0.454130,0.966531,0.817152,0.156664,0.890673,0.869858,0.689090,0.986487,0.554864,0.426830,0.667434,0.276999,0.897587,0.855265,0.919743,0.660340,0.653516,-0.062288,-0.762269,-0.640487,0.907191,0.397591,0.721296
Medial preoptic nucleus,0.932107,0.956060,0.974841,0.908231,0.902529,0.845377,0.944848,0.863123,0.879034,0.595056,0.700831,0.917749,0.879684,0.871739,0.907817,0.721181,0.703430,0.865817,0.917330,0.939024,0.921678,0.776424,0.418965,0.915511,0.990491,0.936629,0.417164,0.790069,0.745826,0.924276,0.906945,0.900524,0.982642,0.949723,0.992406,0.936462,0.900024,0.949020,0.914753,0.901166,0.538494,0.441796,0.885742,0.858351,0.750330,0.467924,0.776476,0.794579,0.951837,0.729740,0.148039,0.858921,0.894461,0.877511,0.379162,0.969200,0.888856,0.336936,0.004531,0.037946,0.489119,0.945489,0.958232,0.560206,0.991701,0.997597,-0.834103,0.613785,0.975891,0.922363,-0.282661,0.687564,0.718519,0.667753,0.890030,0.735361,0.785284,0.998406,0.972748,0.981374,0.990213,0.973123,0.977396,0.939759,0.928207,0.962154,0.902949,0.957481,0.699240,0.975388,0.914242,0.994173,0.829072,0.590367,0.854412,0.712048,0.961044,0.426270,0.860364,-0.527661,0.779294,0.985368,0.038481,0.991825,0.997396,0.623482,-0.401652,0.813034,0.988717,0.764549,0.918482,0.813868,0.981841,0.909613,0.085107,0.660200,0.689366,0.733770,0.898122,1.000000,0.755939,0.784498,0.713947,0.918382,0.968143,0.939141,0.825635,0.886866,0.888912,0.746001,0.889641,0.380236,0.685103,0.727064,0.763318,0.999951,0.433418,0.939208,0.783060,0.952007,0.990986,0.710822,0.971326,0.876753,0.685122,0.198120,0.617991,0.574610,0.860338,0.711564,-0.036479,0.758737,-0.415292,0.659908,0.768806,0.978197,0.961515,0.439760,0.937681,0.046997,0.986176,0.661659,-0.277565,0.055994,0.036854,0.919607,0.757484,0.771373,0.944689,0.970411,0.960064,0.959568,0.882640,0.706688,0.979189,0.846586,0.803073,0.901903,0.784021,0.685085,0.946979,0.703822,0.988379,0.886786,0.906838,0.618619,0.699157,0.968039,0.959826,0.984651,0.989856,0.580687,0.785625,0.775284,0.871351,0.635858,0.378363,-0.757086,0.665104,0.705363,0.789840,0.412468,0.568349,0.972453,0.851872,0.725725,0.468468,0.455337,0.826566,-0.152303,0.582825,0.538399,0.850743,0.310801,0.029069,0.940969,0.981384,-0.283659,0.867638,0.706326,0.342443,0.826179,0.295521,0.235726,0.339974,-0.169794,0.613425,0.850644,0.950915,0.518074,0.649036,0.118680,-0.415203,-0.255171,0.941194,0.652455,0.436828
Medial preoptic area,0.927370,0.865030,0.647795,0.888041,0.889110,0.955955,0.766939,0.912521,0.930752,0.975944,0.982739,0.520742,0.414962,0.839669,0.807894,0.975658,0.975069,0.930555,0.922812,0.869098,0.927632,0.928094,0.793024,0.942944,0.711331,0.658135,0.847002,0.898442,0.999881,0.850887,0.925696,0.889903,0.684189,0.890445,0.678113,0.550925,0.430569,0.649843,0.783229,0.442904,-0.141424,-0.249873,0.389311,0.364877,0.187525,-0.170894,0.286187,0.213180,0.575985,0.870426,-0.228548,0.501851,0.501593,0.464585,-0.197234,0.596868,0.554372,0.738516,0.089092,-0.068450,-0.135584,0.696240,0.734065,-0.085987,0.825395,0.729755,-0.462547,0.895381,0.598181,0.891959,-0.614388,0.050913,0.995287,0.983940,0.961000,0.977201,0.891103,0.744972,0.738490,0.640049,0.838317,0.801994,0.767055,0.918598,0.459021,0.636614,0.510237,0.881538,0.161778,0.628398,0.916241,0.680999,0.288198,-0.076985,0.837825,0.997530,0.883160,0.239408,0.974180,-0.566889,0.909692,0.640411,0.260449,0.711441,0.716487,0.982797,-0.477223,0.938435,0.760397,0.966304,0.928397,0.930998,0.859406,0.880090,0.587859,0.990565,0.966901,0.894024,0.828402,0.755939,1.000000,0.855669,0.942158,0.580212,0.893773,0.894192,0.981692,0.966973,0.926735,0.958541,0.970832,-0.041755,0.994043,0.872965,0.999360,0.754982,-0.076395,0.624840,0.191964,0.893441,0.805480,0.926708,0.882567,0.850150,0.665439,0.742228,0.840677,0.967950,0.901841,0.751496,0.374723,0.936408,0.211669,0.023017,0.246328,0.604928,0.885610,0.919194,0.856267,0.527089,0.828062,0.011288,-0.580989,-0.601072,-0.319951,0.738711,0.570379,0.974909,0.502990,0.830823,0.862859,0.566192,0.376056,0.875800,0.736097,0.352564,0.955865,0.900230,0.992648,0.715963,0.579321,0.855562,0.783313,0.939966,0.957809,0.931180,0.950815,0.867864,0.887752,0.645608,0.755176,0.876828,0.969465,0.889333,0.795017,0.985925,0.885199,-0.158957,0.087417,0.852659,0.948826,0.869274,0.967516,0.746320,0.955434,0.980685,0.822625,0.926326,0.975544,0.279513,0.232382,0.496738,0.986402,0.846661,0.480123,0.914711,0.622462,0.221218,0.981347,0.974982,0.755477,0.864633,0.834515,0.814280,0.791070,0.277120,0.758361,0.443353,0.618011,0.951571,0.961245,0.471467,-0.498001,-0.373757,0.931172,0.697327,0.863983
Medial pretectal area,0.809077,0.744221,0.626682,0.701895,0.696450,0.750617,0.623403,0.689050,0.735144,0.791327,0.745352,0.473754,0.402894,0.603175,0.608948,0.726560,0.721449,0.721041,0.770803,0.719346,0.788156,0.650615,0.363710,0.814085,0.694930,0.542514,0.460171,0.612835,0.851390,0.675191,0.760660,0.974098,0.658126,0.770832,0.708441,0.517392,0.453387,0.562259,0.594650,0.449641,0.043931,-0.057108,0.438272,0.369791,0.205943,-0.130618,0.220882,0.321890,0.557404,0.540893,-0.490290,0.365979,0.424992,0.391066,-0.262336,0.614335,0.425934,0.284982,-0.412748,-0.497054,-0.118003,0.576988,0.622620,-0.006919,0.797868,0.740046,-0.320505,0.951474,0.657864,0.959501,-0.118090,0.195443,0.801967,0.753412,0.818800,0.935456,0.599504,0.751527,0.655431,0.654161,0.819595,0.706315,0.686172,0.805564,0.564174,0.588256,0.442122,0.772789,0.533704,0.630022,0.753885,0.738263,0.342377,0.089464,0.990761,0.853539,0.784565,-0.139906,0.931551,-0.899825,0.992715,0.680685,0.613958,0.700982,0.780220,0.816084,-0.006982,0.691084,0.713393,0.956988,0.784123,0.678790,0.871758,0.692747,0.106562,0.808968,0.697138,0.575921,0.618465,0.784498,0.855669,1.000000,0.648244,0.482578,0.877199,0.942810,0.933709,0.834524,0.739233,0.960927,0.894769,-0.270513,0.848247,0.994042,0.841709,0.788527,0.402938,0.834888,0.424141,0.925393,0.763423,0.973802,0.887005,0.619882,0.955443,0.696510,0.457951,0.742766,0.670619,0.394868,-0.154720,0.655777,0.198551,0.136122,0.579418,0.699134,0.912662,0.677661,0.951102,0.649627,0.773443,0.251185,-0.811957,-0.267229,0.215991,0.565034,0.901589,0.947539,0.639856,0.730874,0.749475,0.588180,0.585902,0.537779,0.861576,0.345716,0.717582,0.711721,0.912006,0.345490,0.543657,0.991721,0.730571,0.761723,0.846090,0.608378,0.953077,0.776475,0.790071,0.753498,0.713774,0.504408,0.736974,0.591041,0.557035,0.809419,0.598661,-0.419923,0.081013,0.506000,0.975023,0.512213,0.754938,0.659826,0.755638,0.742326,0.899601,0.693021,0.781760,-0.247977,-0.023971,0.870548,0.861114,0.536457,-0.033914,0.799317,0.725158,-0.282030,0.882750,0.721654,0.310870,0.593030,0.510355,0.583229,0.372788,-0.247174,0.354935,0.342466,0.557282,0.749902,0.915279,0.707083,-0.029461,0.127135,0.891544,0.963558,0.490130
posteromedial visual area,0.916248,0.882146,0.671442,0.932667,0.936672,0.976847,0.830456,0.964941,0.960997,0.917441,0.983870,0.592101,0.488218,0.927743,0.888371,0.992179,0.990880,0.967659,0.933692,0.901416,0.929019,0.993481,0.928486,0.930244,0.713960,0.736444,0.933836,0.982695,0.942683,0.904281,0.942436,0.740509,0.700948,0.896722,0.659204,0.606962,0.478579,0.713931,0.866234,0.498441,-0.100597,-0.200340,0.429317,0.437948,0.285461,-0.033709,0.416440,0.248770,0.616584,0.981226,0.067906,0.628910,0.594964,0.564254,0.002903,0.608939,0.665488,0.890413,0.415958,0.267078,0.010758,0.766399,0.788961,0.016617,0.797944,0.708935,-0.601408,0.697623,0.581441,0.758739,-0.825639,0.090728,0.965075,0.972142,0.945797,0.849525,0.980954,0.721885,0.775146,0.642840,0.799948,0.826388,0.793667,0.908463,0.445665,0.680381,0.596663,0.884899,0.005952,0.642560,0.935942,0.642441,0.345277,-0.032344,0.646486,0.930104,0.879607,0.526756,0.877109,-0.263102,0.726401,0.625464,-0.068521,0.710131,0.662191,0.915893,-0.743572,0.987483,0.767853,0.826062,0.932188,0.986177,0.790000,0.928549,0.751596,0.940114,0.993633,0.989744,0.907545,0.713947,0.942158,0.648244,1.000000,0.667672,0.830171,0.777523,0.877850,0.942122,0.954871,0.808308,0.905366,0.222492,0.922822,0.662914,0.952882,0.709766,-0.290083,0.484086,0.144490,0.791819,0.794839,0.747310,0.808568,0.931459,0.395523,0.571665,0.973259,0.936143,0.962690,0.917167,0.615876,0.997142,0.053760,0.088049,0.105797,0.561991,0.792289,0.884074,0.719219,0.274390,0.817639,-0.009208,-0.286793,-0.623170,-0.583990,0.827206,0.319901,0.846157,0.456233,0.847948,0.876368,0.583112,0.305757,0.985473,0.627243,0.435373,0.990334,0.940978,0.898637,0.897225,0.629785,0.635270,0.787073,0.956610,0.925966,0.991089,0.792406,0.865953,0.881728,0.580827,0.760677,0.981340,0.991226,0.982205,0.899028,0.927782,0.879150,-0.096126,0.216765,0.975906,0.795133,0.926452,0.925469,0.782717,0.974078,0.988963,0.600788,0.886594,0.977319,0.524368,0.471212,0.189992,0.941591,0.854652,0.690205,0.907834,0.568366,0.437999,0.923228,0.991286,0.896636,0.958664,0.852930,0.759631,0.901063,0.516458,0.932157,0.563313,0.674178,0.895488,0.821908,0.173883,-0.759317,-0.662581,0.865125,0.425999,0.940482
Central amygdalar nucleus,0.840843,0.910053,0.981698,0.881238,0.877777,0.772296,0.966504,0.834261,0.824825,0.404938,0.584748,0.994209,0.975085,0.896348,0.934932,0.625184,0.604754,0.817396,0.848604,0.906350,0.842420,0.748180,0.451034,0.817523,0.964068,0.994946,0.386599,0.789371,0.569641,0.915915,0.842654,0.666592,0.975763,0.886374,0.950065,0.992754,0.967861,0.995361,0.950319,0.974629,0.672325,0.595566,0.951762,0.961191,0.902821,0.701708,0.946356,0.880909,0.988485,0.755879,0.525417,0.991456,0.995432,0.990662,0.674759,0.973398,0.997356,0.387960,0.333602,0.411796,0.727936,0.988507,0.978917,0.750855,0.910543,0.943421,-0.984208,0.294439,0.950055,0.707679,-0.415364,0.798740,0.568720,0.533911,0.782813,0.487828,0.791449,0.938854,0.974878,0.968436,0.894706,0.949501,0.963658,0.852191,0.928506,0.991130,0.995792,0.893730,0.582025,0.976162,0.855837,0.930624,0.927038,0.721232,0.581196,0.521602,0.890047,0.731754,0.660288,-0.152189,0.491472,0.954013,-0.358303,0.961357,0.910384,0.426354,-0.634115,0.769604,0.957318,0.509254,0.841251,0.778532,0.848219,0.888445,0.150023,0.483178,0.602292,0.739632,0.918573,0.918382,0.580212,0.482578,0.667672,1.000000,0.832170,0.743487,0.612865,0.767855,0.834415,0.479543,0.727116,0.712587,0.488232,0.412256,0.600618,0.915102,0.272230,0.772308,0.784283,0.773936,0.931579,0.415808,0.826955,0.892656,0.343841,-0.109432,0.660338,0.412046,0.842243,0.817742,0.139444,0.721847,-0.673197,0.800251,0.658785,0.923496,0.794918,0.267971,0.727897,-0.321684,0.921894,0.713901,0.119400,0.160147,-0.174324,0.970523,0.464303,0.527312,0.902619,0.932962,0.911132,0.973980,0.834044,0.727892,0.828292,0.960875,0.739529,0.867614,0.574671,0.811901,0.992851,0.378989,0.948406,0.817195,0.784562,0.565761,0.420190,0.902672,0.885145,0.899339,0.957567,0.581694,0.703857,0.783855,0.921807,0.448811,0.237166,-0.745688,0.861247,0.745468,0.526722,0.345436,0.394296,0.972697,0.777260,0.620500,0.121513,0.279015,0.727104,0.033384,0.856333,0.175164,0.702494,0.184469,0.158368,0.857776,0.911688,-0.131121,0.708247,0.608525,0.379299,0.846821,0.180926,0.040865,0.336336,0.008512,0.715524,0.986488,0.995492,0.326562,0.382409,-0.278114,-0.639705,-0.515430,0.791987,0.299486,0.394150
Temporal association areas,0.981728,0.971688,0.903221,0.944346,0.940506,0.929359,0.922260,0.921705,0.941914,0.775048,0.842864,0.811567,0.746131,0.896427,0.910174,0.852345,0.840086,0.932014,0.967382,0.959789,0.973245,0.866751,0.564366,0.976350,0.939912,0.874586,0.588812,0.862880,0.886746,0.940509,0.960676,0.962376,0.922843,0.978044,0.931415,0.837322,0.768751,0.881632,0.905473,0.773227,0.310609,0.203345,0.744634,0.713015,0.570591,0.240259,0.621259,0.617587,0.858912,0.808196,-0.018154,0.757894,0.785997,0.759967,0.162534,0.881836,0.799668,0.486217,-0.001959,-0.038549,0.266758,0.895714,0.920218,0.338794,0.986530,0.954328,-0.724997,0.774197,0.890250,0.976170,-0.396215,0.483848,0.863248,0.822223,0.965932,0.879402,0.856238,0.960786,0.933898,0.907241,0.991576,0.959125,0.948832,0.983588,0.805697,0.888066,0.795808,0.980380,0.555715,0.897508,0.961810,0.935981,0.666453,0.369484,0.916462,0.863996,0.984222,0.346422,0.960094,-0.605947,0.890861,0.912170,0.161164,0.941323,0.953172,0.797982,-0.420218,0.897492,0.956328,0.896762,0.971066,0.894591,0.997291,0.941895,0.256985,0.824024,0.826179,0.821453,0.911310,0.968143,0.893773,0.877199,0.830171,0.832170,1.000000,0.986530,0.939948,0.967110,0.947417,0.882379,0.975168,0.213438,0.844742,0.844689,0.897251,0.968130,0.292602,0.889527,0.611532,0.993286,0.976700,0.849949,0.999231,0.904526,0.746082,0.430349,0.718304,0.755009,0.914861,0.745299,0.085907,0.858294,-0.186780,0.451678,0.632792,0.897379,0.995910,0.645217,0.973847,0.256944,0.981761,0.458490,-0.439240,-0.182012,-0.062680,0.891645,0.758002,0.903274,0.837147,0.968807,0.974038,0.863321,0.750452,0.794574,0.954363,0.699280,0.898850,0.944995,0.914442,0.712224,0.855682,0.823557,0.965023,0.952208,0.978168,0.760751,0.848473,0.983137,0.985379,0.919412,0.955399,0.709497,0.893455,0.848401,0.877752,0.806574,0.587293,-0.583344,0.471609,0.783509,0.909123,0.597317,0.751765,0.936630,0.933864,0.858273,0.650778,0.659037,0.926000,-0.028929,0.456398,0.587620,0.951966,0.525225,0.173372,0.982594,0.907355,-0.136987,0.963181,0.841974,0.497518,0.873871,0.509071,0.469241,0.512657,-0.041120,0.679867,0.731381,0.872049,0.713151,0.815885,0.290513,-0.437762,-0.279195,0.995743,0.735757,0.609742
Medial septal nucleus,0.946716,0.920318,0.842433,0.883735,0.878915,0.885702,0.847475,0.860995,0.891021,0.785913,0.818759,0.729118,0.662841,0.816639,0.830822,0.819469,0.808711,0.878764,0.922881,0.902485,0.933039,0.806063,0.491270,0.943551,0.889475,0.790828,0.540011,0.791701,0.887531,0.873829,0.914172,0.993733,0.865634,0.932798,0.890220,0.761555,0.696368,0.803555,0.823889,0.697512,0.252246,0.144770,0.676005,0.630056,0.478944,0.140500,0.514961,0.552973,0.789983,0.727865,-0.173029,0.652672,0.694277,0.665540,0.038402,0.825683,0.701198,0.409555,-0.154172,-0.200758,0.162103,0.816099,0.847834,0.251181,0.952858,0.914898,-0.614944,0.847538,0.847257,0.998502,-0.292289,0.420556,0.853027,0.806437,0.936431,0.913557,0.782568,0.922728,0.869246,0.855662,0.963450,0.901714,0.889272,0.947397,0.761019,0.818381,0.706999,0.935783,0.586421,0.840698,0.913203,0.903994,0.591179,0.307385,0.969427,0.871791,0.942683,0.188302,0.971445,-0.727271,0.946714,0.868692,0.319702,0.892656,0.929217,0.811076,-0.279204,0.842310,0.904885,0.934641,0.929958,0.836291,0.984839,0.879200,0.187961,0.827106,0.790403,0.748512,0.833711,0.939141,0.894192,0.942810,0.777523,0.743487,0.986530,1.000000,0.956975,0.942503,0.896767,0.926016,0.969603,0.062673,0.856035,0.915763,0.891810,0.940629,0.362665,0.908026,0.586322,0.998795,0.934689,0.908920,0.990185,0.827837,0.843286,0.514931,0.634445,0.754470,0.850115,0.637537,-0.016500,0.801170,-0.079801,0.377691,0.653647,0.866733,0.996691,0.654063,0.996127,0.385231,0.940497,0.424408,-0.573007,-0.189413,0.051769,0.806108,0.839006,0.935486,0.808140,0.915676,0.924051,0.804805,0.733688,0.716434,0.957783,0.612227,0.851607,0.886918,0.929861,0.598044,0.782507,0.900592,0.915881,0.907424,0.955313,0.713211,0.898897,0.940001,0.945193,0.899582,0.904679,0.642192,0.853679,0.773931,0.789434,0.814791,0.585729,-0.566323,0.368484,0.698518,0.951247,0.563322,0.756456,0.872303,0.890822,0.829096,0.743422,0.669189,0.893060,-0.127610,0.310561,0.707979,0.939621,0.520636,0.083714,0.944696,0.882166,-0.215072,0.955865,0.810172,0.425946,0.794891,0.500303,0.498399,0.456768,-0.136095,0.574964,0.628683,0.796832,0.727424,0.860901,0.433876,-0.298706,-0.134908,0.986094,0.836545,0.564901
Postpiriform transition area,0.937887,0.880272,0.705543,0.877867,0.876371,0.930441,0.779168,0.885505,0.912732,0.930883,0.932015,0.571445,0.477621,0.813244,0.797849,0.923796,0.920130,0.907080,0.922013,0.873797,0.930770,0.875578,0.666500,0.947883,0.768866,0.683326,0.730312,0.846324,0.979335,0.847278,0.919830,0.959721,0.739412,0.904150,0.751469,0.605996,0.504893,0.685058,0.778200,0.511917,-0.025704,-0.136087,0.472099,0.433003,0.257857,-0.104067,0.329145,0.313609,0.635798,0.800605,-0.280789,0.521099,0.542093,0.506177,-0.169382,0.668136,0.576183,0.599358,-0.064982,-0.189461,-0.075210,0.719321,0.758854,-0.002671,0.874034,0.795056,-0.479457,0.928176,0.682670,0.958854,-0.463267,0.159568,0.958864,0.931937,0.958531,0.988675,0.837086,0.808477,0.772982,0.709363,0.888797,0.829582,0.801233,0.931882,0.559335,0.685518,0.553683,0.899703,0.334062,0.693967,0.912369,0.762442,0.371987,0.034996,0.926240,0.975108,0.904634,0.156172,0.997897,-0.690345,0.966188,0.717927,0.356982,0.770880,0.798413,0.945559,-0.352500,0.898033,0.806158,0.990905,0.929746,0.889597,0.917299,0.870091,0.423018,0.952118,0.906151,0.826842,0.813089,0.825635,0.981692,0.933709,0.877850,0.612865,0.939948,0.956975,1.000000,0.966809,0.912316,0.985194,0.987612,-0.070494,0.968591,0.937510,0.977830,0.826212,0.113610,0.749340,0.329236,0.952549,0.850696,0.964842,0.935899,0.825559,0.786707,0.711122,0.745384,0.909135,0.872764,0.677707,0.194094,0.880787,0.156134,0.120931,0.409658,0.699633,0.944583,0.844590,0.934619,0.542091,0.867919,0.147879,-0.648523,-0.465719,-0.140073,0.740839,0.715865,0.994355,0.612224,0.855428,0.880826,0.639390,0.507312,0.800893,0.833710,0.416624,0.916321,0.888116,0.996529,0.637188,0.633379,0.923187,0.826181,0.927446,0.966276,0.849356,0.973186,0.892947,0.909149,0.743014,0.802985,0.779127,0.929250,0.832414,0.770335,0.946826,0.792762,-0.303917,0.146893,0.776192,0.987419,0.759913,0.911873,0.779366,0.932245,0.932233,0.850927,0.855367,0.950648,0.092767,0.201745,0.636978,0.983839,0.742389,0.305324,0.927603,0.719146,0.031643,0.988688,0.920421,0.618688,0.821959,0.725165,0.727873,0.660134,0.089719,0.660532,0.475163,0.663032,0.895016,0.963718,0.530146,-0.374090,-0.230547,0.965923,0.806665,0.752272
Tegmental reticular nucleus,0.992070,0.964244,0.818915,0.970659,0.970144,0.989547,0.903259,0.973756,0.986432,0.891403,0.950744,0.721127,0.632891,0.934931,0.923443,0.957279,0.950232,0.983359,0.989446,0.965069,0.991864,0.956862,0.750522,0.996658,0.863909,0.827201,0.774930,0.945916,0.963396,0.952531,0.989312,0.916588,0.845662,0.977014,0.835230,0.745144,0.644482,0.821965,0.909169,0.655676,0.106163,-0.003382,0.607901,0.589619,0.431530,0.085811,0.519675,0.448854,0.764290,0.911384,-0.027875,0.701506,0.705081,0.674421,0.052022,0.777650,0.745252,0.686609,0.153370,0.056219,0.120997,0.855202,0.882485,0.170061,0.937008,0.873183,-0.667858,0.803368,0.773197,0.930350,-0.595070,0.296223,0.957553,0.936094,0.999531,0.924427,0.940498,0.883643,0.885940,0.810143,0.942664,0.927745,0.905141,0.988898,0.658226,0.811846,0.712401,0.972726,0.325971,0.802800,0.986062,0.832589,0.520338,0.171665,0.851597,0.946708,0.973294,0.402108,0.975917,-0.510656,0.877454,0.807040,0.109307,0.863403,0.854635,0.904291,-0.555979,0.973036,0.899337,0.923885,0.991899,0.969732,0.946155,0.966566,0.491748,0.927570,0.942305,0.925477,0.934095,0.886866,0.966973,0.834524,0.942122,0.767855,0.967110,0.942503,0.966809,1.000000,0.986597,0.908950,0.992731,0.179947,0.933436,0.825236,0.972276,0.885296,0.045135,0.745164,0.407128,0.950717,0.927195,0.865732,0.957506,0.942341,0.646766,0.551483,0.855683,0.885561,0.967465,0.835405,0.317632,0.955076,-0.043452,0.273264,0.415250,0.771712,0.950867,0.801214,0.909580,0.321985,0.941509,0.242404,-0.432543,-0.411541,-0.284894,0.880876,0.610929,0.935571,0.686301,0.945216,0.963180,0.753737,0.567484,0.906525,0.847136,0.579268,0.977821,0.975949,0.962144,0.804853,0.767567,0.801702,0.914448,0.992084,0.998855,0.900332,0.884271,0.965439,0.975436,0.796953,0.895521,0.860158,0.977684,0.936437,0.907474,0.913370,0.762742,-0.370160,0.338210,0.893329,0.917028,0.780967,0.880207,0.891311,0.990924,0.960254,0.692591,0.810666,0.991421,0.209173,0.440756,0.464046,0.995254,0.714741,0.407657,0.987466,0.782266,0.112623,0.994192,0.951354,0.697712,0.937709,0.703420,0.647592,0.713585,0.199639,0.806879,0.655135,0.797952,0.846872,0.878654,0.296407,-0.574250,-0.435642,0.983170,0.657128,0.791290
Central lateral nucleus of the thalamus,0.990964,0.981980,0.856207,0.995620,0.995930,0.994424,0.947915,0.997172,0.999772,0.840661,0.934169,0.784566,0.701785,0.980128,0.970118,0.949628,0.940990,0.998821,0.997463,0.988099,0.995595,0.978609,0.786832,0.992522,0.888449,0.885530,0.785449,0.979237,0.922709,0.985227,0.998994,0.853578,0.877882,0.987625,0.852553,0.800959,0.702430,0.875395,0.959223,0.716229,0.174253,0.069078,0.664085,0.660364,0.517907,0.194092,0.615604,0.508660,0.812541,0.954150,0.132439,0.786975,0.778042,0.751556,0.183904,0.812888,0.822081,0.728068,0.294486,0.214746,0.232488,0.907849,0.926557,0.263657,0.940110,0.886409,-0.759556,0.697021,0.795878,0.876085,-0.667917,0.361393,0.927308,0.911174,0.991120,0.852855,0.976498,0.894843,0.922571,0.839080,0.939840,0.954435,0.935595,0.989416,0.688660,0.858034,0.782260,0.983223,0.296232,0.837225,0.998279,0.841002,0.587101,0.240787,0.769961,0.899088,0.980830,0.546089,0.927565,-0.373278,0.788846,0.828267,-0.054080,0.886262,0.853719,0.851391,-0.672022,0.989416,0.922477,0.849582,0.996421,0.989452,0.927274,0.993911,0.530477,0.884241,0.937508,0.960103,0.978016,0.888912,0.926735,0.739233,0.954871,0.834415,0.947417,0.896767,0.912316,0.986597,1.000000,0.829327,0.960993,0.329845,0.882362,0.723305,0.937741,0.885955,-0.013585,0.707482,0.430208,0.912752,0.939203,0.772621,0.934157,0.984132,0.529355,0.437375,0.902071,0.845875,0.995215,0.909846,0.397137,0.972840,-0.160022,0.349689,0.391606,0.782307,0.917888,0.753487,0.857228,0.174842,0.951676,0.281310,-0.280002,-0.375203,-0.378505,0.936880,0.514276,0.866339,0.699847,0.966416,0.979742,0.792595,0.574753,0.946703,0.818959,0.654387,0.985685,0.997843,0.908229,0.886840,0.819661,0.694667,0.934295,0.999233,0.984425,0.907732,0.798048,0.975304,0.981449,0.795348,0.918232,0.888627,0.977588,0.973180,0.962942,0.865106,0.725936,-0.386725,0.439434,0.941137,0.839770,0.776239,0.835483,0.927254,0.995307,0.948878,0.569770,0.761516,0.984935,0.288456,0.574980,0.331049,0.968840,0.681957,0.470643,0.989811,0.786848,0.173653,0.963395,0.942555,0.733559,0.980468,0.675047,0.583352,0.732737,0.275315,0.877238,0.740900,0.850191,0.793236,0.796573,0.138273,-0.687575,-0.558219,0.957763,0.534432,0.797424
Accessory facial motor nucleus,0.865339,0.788574,0.595206,0.782791,0.780936,0.858524,0.663510,0.795084,0.830510,0.929601,0.890786,0.441409,0.345815,0.702095,0.682814,0.872717,0.871858,0.823840,0.842007,0.778361,0.854446,0.793043,0.597361,0.879327,0.669027,0.555988,0.685261,0.752060,0.957353,0.743941,0.839011,0.947867,0.633078,0.819484,0.658443,0.481587,0.381791,0.561451,0.659605,0.386219,-0.128697,-0.235489,0.351922,0.301292,0.120346,-0.239465,0.180218,0.197666,0.517232,0.702063,-0.441173,0.374802,0.404926,0.366531,-0.320269,0.560408,0.435524,0.531716,-0.198376,-0.340867,-0.215371,0.596471,0.642926,-0.131519,0.793660,0.705229,-0.329342,0.978177,0.586240,0.937159,-0.370779,0.047322,0.929109,0.900985,0.895779,0.996604,0.740696,0.720416,0.662953,0.606435,0.814036,0.728536,0.696516,0.857288,0.459859,0.567816,0.418761,0.814617,0.309563,0.586383,0.828679,0.677643,0.246575,-0.073129,0.935560,0.962146,0.822058,-0.011818,0.974798,-0.777558,0.987231,0.621946,0.506323,0.672522,0.721958,0.944170,-0.211349,0.817786,0.707512,0.999302,0.852910,0.806188,0.858135,0.772714,0.377306,0.938986,0.854783,0.735529,0.701251,0.746001,0.958541,0.960927,0.808308,0.479543,0.882379,0.926016,0.985194,0.908950,0.829327,1.000000,0.946757,-0.239193,0.960882,0.975117,0.948779,0.747890,0.137194,0.712201,0.248764,0.913343,0.762111,0.995082,0.881589,0.717188,0.843027,0.799885,0.651841,0.899013,0.778531,0.551357,0.120142,0.803256,0.295225,0.000295,0.373860,0.614355,0.900030,0.852229,0.910181,0.674161,0.781302,0.062429,-0.768371,-0.500891,-0.053177,0.616525,0.747832,0.997440,0.527174,0.759592,0.789947,0.529130,0.433396,0.706457,0.784114,0.281734,0.844721,0.796326,0.984195,0.505885,0.511543,0.967396,0.730537,0.850421,0.907955,0.791933,0.997690,0.807746,0.828071,0.668514,0.704686,0.704986,0.866347,0.736072,0.649796,0.940152,0.794847,-0.231653,0.002239,0.674803,0.996817,0.729421,0.906950,0.669963,0.860317,0.884292,0.927509,0.863157,0.890696,0.028065,0.031405,0.719645,0.940772,0.745880,0.241513,0.851224,0.639192,-0.005912,0.948518,0.871520,0.555825,0.716336,0.725702,0.766630,0.612958,0.029710,0.545225,0.329501,0.540569,0.902260,0.987976,0.667541,-0.234386,-0.094603,0.915519,0.870199,0.709803
Taenia tecta,0.980619,0.943776,0.799984,0.939835,0.938239,0.965979,0.867838,0.939644,0.959987,0.895747,0.933643,0.687235,0.600156,0.889304,0.881154,0.934793,0.927992,0.954436,0.970149,0.939043,0.975899,0.917713,0.688177,0.985479,0.851422,0.788386,0.729108,0.900526,0.967014,0.919233,0.967844,0.955488,0.828569,0.959984,0.831081,0.716246,0.620569,0.788425,0.866416,0.628839,0.094602,-0.016252,0.587585,0.557817,0.393821,0.040047,0.468619,0.433156,0.740514,0.856879,-0.130241,0.647856,0.663588,0.631303,-0.016008,0.763780,0.696434,0.619231,0.034257,-0.063169,0.071336,0.818650,0.850764,0.135325,0.933309,0.868808,-0.610635,0.859239,0.769671,0.963422,-0.508497,0.281772,0.951518,0.923584,0.988902,0.953779,0.893221,0.879814,0.860715,0.798855,0.942660,0.905799,0.883024,0.977257,0.655905,0.785865,0.673262,0.956912,0.379909,0.787624,0.963706,0.835456,0.495618,0.157645,0.906454,0.954008,0.959941,0.295004,0.994458,-0.610399,0.928054,0.802129,0.223008,0.852332,0.862533,0.911565,-0.452168,0.939619,0.884239,0.957983,0.975052,0.934244,0.956927,0.934506,0.422510,0.928832,0.916267,0.875979,0.891909,0.889641,0.970832,0.894769,0.905366,0.727116,0.975168,0.969603,0.987612,0.992731,0.960993,0.946757,1.000000,0.086099,0.942132,0.886054,0.972069,0.889248,0.123818,0.785715,0.421663,0.972434,0.917806,0.914553,0.969506,0.898966,0.732753,0.599833,0.793750,0.880425,0.930508,0.763264,0.224212,0.917432,0.009098,0.250211,0.462262,0.777489,0.969749,0.797985,0.944680,0.403527,0.931635,0.250316,-0.528307,-0.392840,-0.184219,0.836947,0.691700,0.965392,0.695227,0.925368,0.944052,0.738659,0.587063,0.852304,0.874283,0.544171,0.949325,0.946296,0.979171,0.727708,0.740179,0.866484,0.900272,0.970375,0.994285,0.862921,0.925103,0.951775,0.962887,0.809867,0.881221,0.807633,0.953496,0.888093,0.856910,0.917453,0.749596,-0.390774,0.290891,0.834637,0.956301,0.745408,0.878754,0.866039,0.968181,0.940648,0.758252,0.808986,0.974357,0.115987,0.351398,0.566113,0.994776,0.697156,0.323609,0.974724,0.791746,0.030420,0.998608,0.928942,0.633900,0.889445,0.682286,0.653023,0.660345,0.108459,0.731584,0.605068,0.767829,0.850693,0.912386,0.395158,-0.471895,-0.325426,0.991412,0.743020,0.748905
Central linear nucleus raphe,0.279627,0.406910,0.576132,0.410684,0.411390,0.253320,0.565220,0.370462,0.322813,-0.181284,0.053218,0.711983,0.746492,0.506923,0.543581,0.112666,0.094499,0.326247,0.319379,0.423358,0.298510,0.308235,0.215099,0.250412,0.502504,0.659891,0.066913,0.383504,-0.049810,0.469560,0.321261,-0.047178,0.544782,0.359841,0.475272,0.675378,0.697588,0.643945,0.571506,0.708372,0.695637,0.691794,0.691332,0.757171,0.823190,0.870136,0.861047,0.704812,0.638537,0.405155,0.970785,0.796860,0.752817,0.774480,0.947994,0.575890,0.755484,0.209293,0.705482,0.856130,0.889369,0.625548,0.578604,0.824609,0.362457,0.443401,-0.825223,-0.435466,0.514707,0.009774,-0.372954,0.714523,-0.010411,-0.008954,0.209046,-0.208777,0.396520,0.429378,0.547397,0.538903,0.327652,0.479533,0.510646,0.294694,0.564436,0.617669,0.739385,0.366054,0.202996,0.566849,0.340994,0.429634,0.740359,0.713418,-0.155545,-0.104165,0.352413,0.920992,-0.017055,0.556990,-0.253447,0.501392,-0.888622,0.494580,0.373997,-0.177989,-0.699800,0.298744,0.481225,-0.203276,0.300558,0.318399,0.234580,0.425865,0.091566,-0.109816,0.111533,0.359266,0.518408,0.380236,-0.041755,-0.270513,0.222492,0.712587,0.213438,0.062673,-0.070494,0.179947,0.329845,-0.239193,0.086099,1.000000,-0.136407,-0.342093,-0.008010,0.373320,-0.034600,0.175861,0.514773,0.110233,0.413199,-0.320254,0.199412,0.489454,-0.390514,-0.671958,0.367926,-0.133898,0.394032,0.589523,0.288829,0.275415,-0.893624,0.764107,0.251596,0.451995,0.143418,-0.239308,0.037866,-0.871074,0.394965,0.575039,0.781593,0.379023,-0.375823,0.616757,-0.217031,-0.175564,0.475188,0.442040,0.403727,0.597194,0.441221,0.377238,0.218017,0.776253,0.244570,0.388037,-0.094192,0.622721,0.654668,-0.377010,0.457975,0.292910,0.188502,0.143454,-0.297860,0.372465,0.342654,0.382035,0.481054,0.244747,0.190005,0.395112,0.571466,-0.147887,-0.209083,-0.475190,0.877623,0.421928,-0.199403,-0.020207,-0.163299,0.541607,0.254619,0.094745,-0.583882,-0.239644,0.178861,0.246897,0.961994,-0.509637,0.087161,-0.216686,0.213142,0.305825,0.418189,0.093444,0.075585,0.098453,0.179025,0.461713,-0.199467,-0.412895,0.082176,0.218979,0.510655,0.809225,0.647364,-0.233646,-0.307921,-0.871943,-0.688009,-0.677354,0.158680,-0.444865,0.051037
Diagonal band nucleus,0.881099,0.805214,0.561760,0.834697,0.836404,0.922198,0.693118,0.867743,0.888066,0.992394,0.976430,0.424619,0.313510,0.781732,0.742004,0.963631,0.965806,0.889067,0.875714,0.810511,0.881499,0.896755,0.794433,0.901039,0.631990,0.572521,0.860113,0.859663,0.995395,0.790161,0.879797,0.861180,0.601551,0.835541,0.597611,0.456881,0.330621,0.563160,0.713406,0.343159,-0.244075,-0.349898,0.288245,0.261542,0.079478,-0.277255,0.180472,0.108435,0.484017,0.834868,-0.310610,0.406172,0.404439,0.365453,-0.300173,0.507805,0.461434,0.744957,0.058485,-0.121595,-0.242648,0.614189,0.655800,-0.193635,0.761305,0.654038,-0.365207,0.917262,0.511673,0.858142,-0.609216,-0.054661,0.991305,0.984409,0.925200,0.980418,0.851629,0.670981,0.660629,0.554700,0.777105,0.732133,0.692644,0.870118,0.365027,0.548967,0.413503,0.824862,0.089338,0.541402,0.867880,0.602877,0.183340,-0.181410,0.815838,0.999237,0.826931,0.164058,0.954130,-0.580676,0.905788,0.556608,0.320938,0.632378,0.643435,0.996578,-0.432861,0.904478,0.685843,0.965393,0.882548,0.895406,0.805391,0.825248,0.616108,0.997515,0.957652,0.862099,0.766295,0.685103,0.994043,0.848247,0.922822,0.488232,0.844742,0.856035,0.968591,0.933436,0.882362,0.960882,0.942132,-0.136407,1.000000,0.876514,0.990836,0.684441,-0.125600,0.561612,0.096745,0.851420,0.737421,0.934668,0.833128,0.793337,0.661098,0.809097,0.816666,0.983528,0.855375,0.699831,0.390345,0.909218,0.316622,-0.084206,0.170094,0.521902,0.840315,0.950916,0.816842,0.604792,0.763062,-0.087177,-0.633679,-0.669428,-0.327208,0.662863,0.542683,0.972460,0.415016,0.765241,0.802632,0.474852,0.287306,0.844492,0.674423,0.248600,0.926999,0.849592,0.985927,0.662829,0.487269,0.862118,0.711631,0.898669,0.921077,0.925167,0.960562,0.808772,0.832483,0.568424,0.680139,0.865686,0.946225,0.850857,0.730598,0.997072,0.919386,-0.066160,-0.021629,0.817528,0.943809,0.888973,0.985241,0.669348,0.920890,0.969466,0.862263,0.956938,0.949011,0.302685,0.137959,0.501945,0.962846,0.885592,0.500289,0.865252,0.542100,0.261972,0.956253,0.965203,0.764115,0.815603,0.873295,0.868939,0.807514,0.303403,0.721577,0.343733,0.528681,0.977080,0.977523,0.537715,-0.454306,-0.338570,0.890472,0.701504,0.877060
Central medial nucleus of the thalamus,0.786603,0.708684,0.557361,0.677140,0.672748,0.746055,0.575331,0.675072,0.721382,0.831702,0.768576,0.395347,0.315816,0.577086,0.572536,0.745255,0.742988,0.709344,0.749855,0.687003,0.767285,0.652936,0.404952,0.796554,0.632240,0.480282,0.509897,0.608508,0.870325,0.642456,0.741756,0.953188,0.592733,0.740049,0.641012,0.440344,0.365465,0.496991,0.553591,0.363180,-0.065059,-0.165582,0.346980,0.279165,0.107792,-0.233305,0.131950,0.220820,0.481543,0.542223,-0.550390,0.293920,0.347453,0.311024,-0.354887,0.538902,0.356544,0.331837,-0.404838,-0.516948,-0.219308,0.518767,0.567816,-0.112404,0.751415,0.679064,-0.246848,0.979076,0.581859,0.935096,-0.155669,0.089054,0.824424,0.782399,0.808036,0.953757,0.594863,0.692584,0.599082,0.582922,0.775338,0.659001,0.633204,0.780584,0.476359,0.519206,0.364489,0.739509,0.443356,0.557990,0.732413,0.671185,0.245951,-0.019021,0.970597,0.877821,0.751010,-0.179706,0.928500,-0.896560,0.994939,0.609053,0.648263,0.638136,0.717801,0.852849,-0.005000,0.689037,0.657854,0.969102,0.763857,0.675484,0.832220,0.666598,0.173462,0.840593,0.719709,0.580093,0.586554,0.727064,0.872965,0.994042,0.662914,0.412256,0.844689,0.915763,0.937510,0.825236,0.723305,0.975117,0.886054,-0.342093,0.876514,1.000000,0.857566,0.731005,0.323435,0.770155,0.322967,0.895944,0.714080,0.989640,0.852517,0.594526,0.939766,0.770570,0.473208,0.785058,0.655492,0.381770,-0.098785,0.662235,0.298575,0.030050,0.489362,0.624014,0.880447,0.735301,0.919194,0.719202,0.728071,0.144193,-0.851701,-0.360891,0.167988,0.516837,0.860380,0.959606,0.555926,0.688155,0.713017,0.509950,0.494568,0.543671,0.805566,0.255174,0.719803,0.689770,0.924079,0.331553,0.468948,0.999171,0.678361,0.748147,0.832310,0.637155,0.973981,0.739594,0.757393,0.683311,0.657334,0.531231,0.744133,0.587758,0.524526,0.844485,0.661261,-0.318553,-0.017605,0.508687,0.980675,0.566204,0.798321,0.604632,0.749961,0.761080,0.941138,0.749159,0.783280,-0.186455,-0.089932,0.855665,0.860745,0.604570,0.026466,0.773551,0.652118,-0.206784,0.879048,0.742699,0.359339,0.577882,0.579145,0.659875,0.427051,-0.183046,0.358849,0.263608,0.487310,0.799474,0.945669,0.757564,-0.028239,0.119875,0.868767,0.957764,0.539138
Subparafascicular area,0.935197,0.876650,0.662230,0.901376,0.902629,0.965206,0.783847,0.925626,0.941759,0.972552,0.987185,0.540017,0.434631,0.857124,0.825499,0.982076,0.981103,0.942016,0.932626,0.881907,0.936528,0.940816,0.807513,0.950185,0.723400,0.677294,0.856115,0.913555,0.999125,0.865703,0.935888,0.883574,0.697766,0.900648,0.688330,0.568741,0.447933,0.667864,0.801419,0.460943,-0.126472,-0.234870,0.405960,0.384565,0.209263,-0.147271,0.310816,0.229226,0.592314,0.887361,-0.194163,0.525829,0.522823,0.486455,-0.168652,0.610465,0.576844,0.753643,0.121296,-0.033454,-0.110955,0.714420,0.750622,-0.064897,0.833505,0.739440,-0.487597,0.878998,0.608990,0.887630,-0.635551,0.066826,0.996793,0.986483,0.967381,0.969360,0.906754,0.754316,0.753436,0.652569,0.845194,0.815180,0.780834,0.926736,0.470481,0.652939,0.530849,0.891661,0.157297,0.642052,0.926941,0.689247,0.306395,-0.061258,0.826887,0.995159,0.892639,0.273944,0.971684,-0.541053,0.897613,0.651216,0.225874,0.723138,0.722913,0.979013,-0.507211,0.950084,0.772509,0.957815,0.937471,0.943341,0.862834,0.893902,0.600922,0.989029,0.973849,0.909317,0.845527,0.763318,0.999360,0.841709,0.952882,0.600618,0.897251,0.891810,0.977830,0.972276,0.937741,0.948779,0.972069,-0.008010,0.990836,0.857566,1.000000,0.762044,-0.089467,0.622296,0.199629,0.892810,0.815435,0.913649,0.885151,0.866927,0.645007,0.722406,0.858047,0.966943,0.915833,0.774620,0.395177,0.948275,0.186564,0.041203,0.243923,0.613087,0.886050,0.915844,0.852128,0.498101,0.837763,0.021003,-0.551512,-0.597249,-0.343159,0.757914,0.553998,0.967625,0.511019,0.842988,0.874206,0.580361,0.381669,0.892163,0.736545,0.373123,0.965723,0.912960,0.988936,0.740478,0.596528,0.838861,0.794855,0.949667,0.962844,0.940494,0.939455,0.877762,0.896921,0.651345,0.767155,0.890403,0.977619,0.905124,0.814442,0.983218,0.883956,-0.164888,0.111624,0.870557,0.939584,0.875134,0.965371,0.761169,0.964580,0.986314,0.801823,0.922732,0.982371,0.299060,0.264907,0.471385,0.988887,0.845940,0.497745,0.923231,0.629409,0.236073,0.982839,0.981118,0.769480,0.881661,0.834671,0.806185,0.801596,0.295818,0.780484,0.466960,0.635537,0.947246,0.950817,0.439717,-0.527552,-0.404245,0.933607,0.675900,0.872267
Nucleus of the lateral lemniscus,0.930368,0.953781,0.973256,0.904977,0.899175,0.842444,0.941579,0.859469,0.875983,0.593941,0.698125,0.915172,0.877402,0.867343,0.903829,0.718087,0.700329,0.862544,0.914940,0.936256,0.919554,0.772183,0.412601,0.913728,0.989297,0.933341,0.412006,0.785416,0.744834,0.920939,0.904356,0.902919,0.981128,0.947650,0.991975,0.934245,0.898453,0.946201,0.910800,0.899329,0.538767,0.442076,0.884542,0.856235,0.748001,0.465378,0.772859,0.794046,0.949999,0.724319,0.140522,0.854690,0.891276,0.874259,0.374728,0.968143,0.884936,0.330167,-0.005364,0.028473,0.486202,0.942304,0.955367,0.558493,0.990940,0.997028,-0.829639,0.617087,0.975683,0.924315,-0.274553,0.687364,0.716709,0.665364,0.888207,0.736500,0.780488,0.997845,0.970423,0.980439,0.989719,0.970908,0.975260,0.938039,0.928365,0.960003,0.899948,0.955541,0.704341,0.974157,0.911616,0.994308,0.827674,0.590363,0.858160,0.711307,0.959307,0.417653,0.860832,-0.535207,0.782398,0.984958,0.047138,0.990748,0.997857,0.622634,-0.392674,0.809291,0.987186,0.766147,0.916280,0.809978,0.982156,0.906280,0.078157,0.658902,0.685954,0.728704,0.894076,0.999951,0.754982,0.788527,0.709766,0.915102,0.968130,0.940629,0.826212,0.885296,0.885955,0.747890,0.889248,0.373320,0.684441,0.731005,0.762044,1.000000,0.440696,0.942457,0.785018,0.953080,0.989811,0.713629,0.971666,0.872522,0.691557,0.200526,0.611861,0.572711,0.856474,0.704976,-0.045060,0.754569,-0.412210,0.659034,0.773247,0.978732,0.962392,0.437922,0.939911,0.052393,0.984898,0.663333,-0.284352,0.059095,0.045889,0.915676,0.763847,0.772613,0.945679,0.968291,0.957906,0.958474,0.884712,0.701239,0.981137,0.844214,0.799672,0.898704,0.784198,0.678136,0.944831,0.708092,0.986865,0.884109,0.905542,0.614258,0.701236,0.966325,0.958140,0.985675,0.988405,0.575173,0.782512,0.770390,0.866663,0.634762,0.375705,-0.759579,0.662106,0.699607,0.791942,0.408082,0.566741,0.970105,0.849017,0.722860,0.472514,0.453632,0.824082,-0.160814,0.575919,0.546325,0.849619,0.307769,0.021094,0.939170,0.982181,-0.291343,0.866951,0.703217,0.335931,0.821434,0.292207,0.234525,0.334229,-0.178164,0.606406,0.846837,0.948456,0.516853,0.650433,0.125727,-0.406313,-0.245694,0.941060,0.658750,0.431939
Tuberal nucleus,0.112506,0.151034,0.390637,0.017498,0.004028,-0.080666,0.151362,-0.075829,-0.033383,-0.235213,-0.237205,0.366210,0.430912,-0.058369,0.031900,-0.236355,-0.254824,-0.061867,0.057186,0.097267,0.075684,-0.217829,-0.624188,0.079906,0.382396,0.228454,-0.588320,-0.207554,-0.089202,0.058294,0.030658,0.386775,0.374479,0.137964,0.462087,0.385768,0.487274,0.279424,0.061146,0.460745,0.691646,0.678181,0.530296,0.459852,0.474840,0.452711,0.336903,0.620811,0.407143,-0.299435,-0.167271,0.209249,0.316543,0.323950,0.254909,0.460896,0.219251,-0.693161,-0.729835,-0.540918,0.421726,0.214177,0.218614,0.536783,0.321582,0.416973,-0.199229,0.144813,0.523674,0.378103,0.740254,0.661380,-0.168710,-0.251322,0.036228,0.060901,-0.216250,0.406187,0.266404,0.447265,0.327534,0.223415,0.261108,0.128721,0.609817,0.348449,0.330766,0.162090,0.940429,0.430453,0.043318,0.499561,0.538837,0.675596,0.471057,-0.105644,0.178028,-0.325360,0.148400,-0.602061,0.292270,0.486246,0.412348,0.391536,0.496424,-0.193227,0.565207,-0.154552,0.318778,0.130780,0.066474,-0.157701,0.356283,0.020024,-0.846963,-0.191341,-0.283776,-0.290300,0.001542,0.433418,-0.076395,0.402938,-0.290083,0.272230,0.292602,0.362665,0.113610,0.045135,-0.013585,0.137194,0.123818,-0.034600,-0.125600,0.323435,-0.089467,0.440696,1.000000,0.696010,0.792802,0.348829,0.308972,0.187551,0.328549,-0.050460,0.612740,-0.225494,-0.439477,-0.302623,-0.084217,-0.301605,-0.912589,-0.237954,-0.394673,0.609683,0.900943,0.570498,0.351853,-0.399969,0.441189,-0.010464,0.279010,0.791739,-0.279677,0.746314,0.899689,0.103274,0.759127,0.107001,0.647582,0.203908,0.165028,0.472861,0.756918,-0.329536,0.561482,0.440271,-0.155993,0.004848,0.034689,-0.324971,0.378666,0.335161,0.301289,-0.007574,0.091617,-0.392485,0.107361,0.199128,0.176585,0.577538,0.329469,-0.465923,-0.165675,-0.231829,-0.042619,-0.199431,-0.491676,-0.827974,0.421266,-0.333083,0.204884,-0.559287,-0.289323,0.258255,-0.068213,-0.220299,0.101568,-0.380530,-0.085724,-0.952383,-0.042166,0.694759,0.021922,-0.556221,-0.888011,0.127863,0.577416,-0.987051,0.072863,-0.252354,-0.683780,-0.149131,-0.581379,-0.485736,-0.663368,-0.959219,-0.438072,0.275737,0.330940,-0.302908,0.001076,0.219281,0.561776,0.668395,0.226572,0.543940,-0.563411
Cuneiform nucleus,0.791760,0.807161,0.877203,0.722890,0.713598,0.659264,0.776063,0.659911,0.693654,0.455753,0.513109,0.802131,0.785841,0.654207,0.708999,0.522580,0.503998,0.672751,0.755915,0.773080,0.768432,0.548841,0.126252,0.771120,0.897947,0.780952,0.156545,0.553475,0.613204,0.741644,0.738267,0.897935,0.882928,0.803992,0.928978,0.829375,0.828011,0.810107,0.720508,0.818962,0.586253,0.500094,0.830566,0.775538,0.679347,0.425305,0.651993,0.780253,0.854394,0.469535,-0.060622,0.689853,0.760712,0.745701,0.275337,0.895068,0.724228,0.034970,-0.327790,-0.259075,0.430740,0.788594,0.807297,0.537205,0.898541,0.923223,-0.661610,0.628911,0.929363,0.905948,0.048810,0.700863,0.558943,0.488897,0.741007,0.674399,0.544818,0.922355,0.839325,0.906103,0.903953,0.835077,0.846603,0.801440,0.909707,0.847124,0.774360,0.817521,0.870685,0.891767,0.745861,0.948799,0.778352,0.622823,0.900645,0.586577,0.827557,0.132191,0.782814,-0.719514,0.792466,0.927195,0.287179,0.903111,0.958144,0.493037,-0.064209,0.601702,0.878849,0.721017,0.762464,0.598710,0.918817,0.722804,-0.212932,0.515587,0.480363,0.482188,0.694405,0.939208,0.624840,0.834888,0.484086,0.772308,0.889527,0.908026,0.749340,0.745164,0.707482,0.712201,0.785715,0.175861,0.561612,0.770155,0.622296,0.942457,0.696010,1.000000,0.851852,0.908019,0.886928,0.709556,0.905738,0.663414,0.834272,0.187982,0.334345,0.410141,0.651612,0.428138,-0.364599,0.531785,-0.358572,0.653873,0.910556,0.954991,0.912551,0.278361,0.935476,0.155806,0.875673,0.739883,-0.433393,0.236290,0.372662,0.732025,0.919328,0.715375,0.948119,0.831611,0.815514,0.887807,0.935153,0.444025,0.984937,0.756600,0.600167,0.716524,0.691717,0.393519,0.838876,0.758918,0.876107,0.712661,0.775977,0.380726,0.670723,0.837569,0.827389,0.972325,0.883288,0.310907,0.589652,0.531475,0.650121,0.497459,0.192395,-0.846480,0.582064,0.435641,0.765899,0.173818,0.413116,0.837241,0.668629,0.534074,0.511532,0.297935,0.651800,-0.470318,0.351143,0.752047,0.719615,0.115105,-0.290507,0.800671,0.964558,-0.572357,0.751999,0.506720,0.046822,0.592351,0.091632,0.100722,0.064545,-0.483596,0.311385,0.702535,0.827851,0.375549,0.595173,0.290990,-0.078467,0.090707,0.852794,0.791722,0.183488
Nucleus of the lateral olfactory tract,0.507574,0.592973,0.826030,0.490207,0.479672,0.339964,0.653799,0.396928,0.410925,-0.024561,0.105880,0.845682,0.889268,0.466936,0.553653,0.137623,0.111981,0.389041,0.482277,0.558435,0.487448,0.248388,-0.179608,0.468529,0.795995,0.740271,-0.216949,0.290477,0.176787,0.546534,0.462020,0.544222,0.805305,0.563032,0.838021,0.850070,0.913433,0.771579,0.586653,0.900752,0.923177,0.879586,0.934306,0.905349,0.905048,0.812744,0.838632,0.968112,0.854413,0.218121,0.335915,0.756745,0.821627,0.829511,0.683799,0.870244,0.756749,-0.255506,-0.191624,0.005525,0.807447,0.719928,0.708107,0.881196,0.699360,0.797129,-0.753186,0.128524,0.888952,0.569192,0.238484,0.962069,0.131126,0.059930,0.414197,0.207280,0.288411,0.784597,0.731837,0.850388,0.688597,0.676038,0.714981,0.527007,0.949549,0.810820,0.828432,0.584103,0.941490,0.848647,0.480891,0.844713,0.940454,0.937642,0.539765,0.132249,0.590263,0.307001,0.385804,-0.350492,0.356457,0.862145,-0.077175,0.799243,0.821101,0.014167,-0.050623,0.298731,0.744847,0.265527,0.481123,0.304947,0.666756,0.498524,-0.491043,0.055757,0.095035,0.206833,0.520096,0.783060,0.191964,0.424141,0.144490,0.784283,0.611532,0.586322,0.329236,0.407128,0.430208,0.248764,0.421663,0.514773,0.096745,0.322967,0.199629,0.785018,0.792802,0.851852,1.000000,0.600991,0.711474,0.236844,0.630575,0.466749,0.479303,-0.354069,0.072456,-0.056653,0.400048,0.285524,-0.495624,0.215713,-0.766053,0.938743,0.959143,0.895032,0.619753,-0.209895,0.627409,-0.345424,0.682678,0.982202,0.038934,0.664780,0.451842,0.634472,0.671111,0.263498,0.943723,0.647002,0.602261,0.883491,0.980584,0.179035,0.794175,0.896194,0.272310,0.470489,0.253366,0.274579,0.840570,0.308499,0.723753,0.418397,0.448057,0.012212,0.189176,0.614715,0.584921,0.873396,0.752205,-0.007897,0.237737,0.274153,0.503448,0.026583,-0.279011,-0.998128,0.862717,0.194441,0.324556,-0.234919,-0.062016,0.724014,0.350918,0.142453,-0.010206,-0.191894,0.299868,-0.578613,0.563797,0.434472,0.341682,-0.347764,-0.487781,0.531389,0.886915,-0.708960,0.376295,0.116210,-0.259765,0.373160,-0.362553,-0.407000,-0.286608,-0.600478,0.129927,0.802707,0.807531,-0.116841,0.097928,-0.169965,-0.052727,0.076676,0.536531,0.400684,-0.200273
Motor nucleus of trigeminal,0.958797,0.937913,0.865025,0.903142,0.898520,0.898904,0.872502,0.879649,0.906917,0.780512,0.824441,0.758377,0.692908,0.841494,0.856296,0.827941,0.816552,0.895168,0.937509,0.921512,0.946459,0.823517,0.509244,0.954656,0.908715,0.819348,0.550577,0.812571,0.886557,0.895504,0.929213,0.987053,0.886956,0.948340,0.907195,0.788858,0.723447,0.830701,0.850316,0.725426,0.276579,0.169054,0.702253,0.660260,0.512027,0.175963,0.551537,0.578703,0.815296,0.750866,-0.125285,0.687839,0.726061,0.698244,0.079938,0.847394,0.734308,0.428080,-0.111992,-0.153822,0.198861,0.843185,0.872664,0.283497,0.966268,0.930935,-0.651560,0.825499,0.865319,0.994614,-0.319068,0.446204,0.854878,0.809360,0.946122,0.903253,0.804155,0.938239,0.892023,0.875807,0.975151,0.921833,0.910390,0.959988,0.780336,0.843442,0.737979,0.951322,0.584582,0.862362,0.929017,0.918362,0.619606,0.332770,0.956596,0.868454,0.957385,0.235760,0.969114,-0.693837,0.931466,0.886594,0.272855,0.911411,0.941010,0.805321,-0.319223,0.858549,0.923910,0.923742,0.943587,0.853493,0.991807,0.899289,0.202766,0.824544,0.799397,0.769246,0.858374,0.952007,0.893441,0.925393,0.791819,0.773936,0.993286,0.998795,0.952549,0.950717,0.912752,0.913343,0.972434,0.110233,0.851420,0.895944,0.892810,0.953080,0.348829,0.908019,0.600991,1.000000,0.950639,0.891802,0.995839,0.851774,0.817600,0.486209,0.657389,0.752122,0.869979,0.669223,0.008343,0.817324,-0.117067,0.406298,0.654605,0.881269,0.999422,0.647917,0.992784,0.344439,0.955959,0.441879,-0.532915,-0.180807,0.022997,0.834143,0.819690,0.926186,0.822801,0.934274,0.941324,0.827365,0.745380,0.738487,0.961434,0.643566,0.865314,0.905414,0.925283,0.631570,0.808929,0.878980,0.934029,0.921598,0.963360,0.725025,0.883818,0.955387,0.959454,0.910746,0.923565,0.659660,0.864935,0.795641,0.817127,0.810532,0.582115,-0.578687,0.404758,0.722716,0.939623,0.569433,0.752560,0.894909,0.903934,0.836530,0.714891,0.662792,0.902818,-0.104286,0.356500,0.675629,0.943748,0.517439,0.104720,0.957822,0.895029,-0.198578,0.958824,0.818170,0.442935,0.818727,0.498221,0.485083,0.468951,-0.114005,0.604597,0.663607,0.823501,0.720372,0.846646,0.390228,-0.338132,-0.175096,0.991083,0.809144,0.574420
Cortical amygdalar area anterior part,0.965733,0.986347,0.972450,0.955644,0.951627,0.902611,0.975847,0.921545,0.931657,0.658426,0.771886,0.917154,0.867961,0.929197,0.954221,0.793654,0.777544,0.921961,0.958630,0.976446,0.960318,0.850664,0.533584,0.952812,0.989487,0.956723,0.525192,0.864137,0.796656,0.967036,0.951612,0.889639,0.982751,0.981202,0.979608,0.933655,0.880682,0.962154,0.957467,0.885857,0.470711,0.370999,0.859319,0.841390,0.726200,0.432966,0.774191,0.750355,0.946378,0.814348,0.188281,0.879000,0.900286,0.881567,0.369263,0.956235,0.908656,0.457399,0.117520,0.126268,0.459943,0.967836,0.980187,0.517287,0.998479,0.991398,-0.854616,0.620355,0.953567,0.914346,-0.408616,0.632004,0.779918,0.738656,0.932070,0.762348,0.860490,0.993710,0.988189,0.970716,0.995751,0.994303,0.993540,0.971531,0.891252,0.965637,0.907014,0.985878,0.599128,0.967120,0.957596,0.975596,0.798910,0.527739,0.827918,0.763097,0.987177,0.503478,0.882563,-0.461878,0.774294,0.968894,-0.027384,0.989485,0.978975,0.682191,-0.510837,0.879807,0.996753,0.782850,0.958324,0.881311,0.981957,0.956854,0.214190,0.721088,0.767140,0.816861,0.948260,0.990986,0.805480,0.763423,0.794839,0.931579,0.976700,0.934689,0.850696,0.927195,0.939203,0.762111,0.917806,0.413199,0.737421,0.714080,0.815435,0.989811,0.308972,0.886928,0.711474,0.950639,1.000000,0.717078,0.974666,0.933163,0.627242,0.235604,0.717058,0.647197,0.920043,0.797113,0.097645,0.834739,-0.386330,0.610916,0.678446,0.948609,0.960471,0.518800,0.921452,0.043595,0.999175,0.584519,-0.244262,-0.047167,-0.096096,0.956786,0.683349,0.793737,0.902299,0.993991,0.988481,0.944539,0.820785,0.794285,0.949000,0.832049,0.869091,0.950652,0.818302,0.772977,0.945575,0.687639,0.998761,0.935777,0.941459,0.708948,0.716740,0.991611,0.986025,0.953773,0.996385,0.680676,0.851706,0.852246,0.927027,0.696362,0.467935,-0.678688,0.644909,0.793788,0.798624,0.515273,0.638422,0.989023,0.907627,0.795930,0.472674,0.532327,0.882949,-0.018641,0.626951,0.459999,0.891837,0.406295,0.162315,0.973022,0.950662,-0.152943,0.902045,0.780261,0.461560,0.894206,0.394059,0.315406,0.455161,-0.036262,0.713255,0.860673,0.956636,0.586967,0.679522,0.085318,-0.524480,-0.371767,0.957573,0.602513,0.542084
Nucleus of the trapezoid body,0.818364,0.735029,0.545698,0.722184,0.719629,0.804048,0.600300,0.732737,0.773352,0.902641,0.844567,0.383854,0.291750,0.631821,0.614661,0.821956,0.821751,0.765125,0.789466,0.720931,0.804273,0.728822,0.526618,0.832746,0.623080,0.492061,0.626399,0.683161,0.925597,0.681596,0.785029,0.940875,0.584219,0.768346,0.619349,0.426914,0.333727,0.501377,0.591298,0.335694,-0.149213,-0.252858,0.307615,0.249260,0.069288,-0.283933,0.116741,0.161949,0.465705,0.628157,-0.519927,0.303901,0.342437,0.303800,-0.379122,0.515708,0.366751,0.460060,-0.291167,-0.432304,-0.263914,0.533466,0.582714,-0.171210,0.752665,0.665034,-0.256945,0.991473,0.549277,0.925107,-0.287712,0.017805,0.890726,0.859116,0.849997,0.985192,0.670586,0.680385,0.607279,0.562738,0.775712,0.674391,0.642667,0.810105,0.427184,0.513402,0.357725,0.764349,0.330464,0.540038,0.773973,0.643837,0.201902,-0.097853,0.942784,0.934116,0.773561,-0.108546,0.951935,-0.831747,0.992016,0.583028,0.588485,0.627624,0.691380,0.918622,-0.114121,0.756860,0.658855,0.990945,0.802132,0.743768,0.827961,0.711246,0.313007,0.907766,0.802252,0.664995,0.633111,0.710822,0.926708,0.973802,0.747310,0.415808,0.849949,0.908920,0.964842,0.865732,0.772621,0.995082,0.914553,-0.320254,0.934668,0.989640,0.913649,0.713629,0.187551,0.709556,0.236844,0.891802,0.717078,1.000000,0.852271,0.648350,0.881112,0.820446,0.575568,0.865435,0.714240,0.466229,0.043707,0.740516,0.342916,-0.034677,0.386365,0.584360,0.876193,0.824326,0.899838,0.727354,0.735673,0.051328,-0.825714,-0.478751,0.027967,0.547876,0.781521,0.985497,0.502020,0.706681,0.737360,0.484222,0.419954,0.633278,0.768457,0.227668,0.787555,0.736591,0.961848,0.418147,0.457321,0.985823,0.682242,0.796552,0.866435,0.733050,0.996413,0.759066,0.780151,0.643198,0.656691,0.636328,0.812722,0.665429,0.576434,0.911791,0.761441,-0.225568,-0.052457,0.598587,0.992047,0.678203,0.876363,0.614141,0.806315,0.835546,0.953160,0.835932,0.841387,-0.043753,-0.055631,0.776418,0.903389,0.711400,0.168957,0.803226,0.611685,-0.065041,0.914531,0.821208,0.486500,0.644827,0.689080,0.752218,0.551251,-0.040084,0.460094,0.262460,0.483555,0.877252,0.982383,0.732939,-0.137606,0.002182,0.883346,0.908559,0.652809
Cortical amygdalar area posterior part,0.973513,0.963700,0.903313,0.931453,0.927124,0.914509,0.913086,0.905872,0.928021,0.760376,0.824966,0.810171,0.747494,0.880064,0.896757,0.833756,0.821099,0.917087,0.956759,0.949676,0.963497,0.846657,0.532592,0.967245,0.940112,0.867835,0.559750,0.842420,0.875202,0.928596,0.949079,0.968360,0.922456,0.969992,0.935049,0.836815,0.772578,0.876941,0.892929,0.775877,0.326778,0.220083,0.750416,0.715699,0.574539,0.246078,0.619010,0.627944,0.859407,0.784508,-0.034712,0.750088,0.782508,0.756787,0.160683,0.884839,0.792278,0.452616,-0.037478,-0.068050,0.270925,0.888572,0.913507,0.347367,0.985424,0.956343,-0.716826,0.776838,0.896234,0.981082,-0.359943,0.496964,0.848459,0.804644,0.955689,0.875386,0.835371,0.962473,0.929221,0.909865,0.991019,0.953271,0.944197,0.975818,0.815288,0.886243,0.792913,0.973167,0.584286,0.899285,0.950478,0.941495,0.672806,0.384273,0.927283,0.852619,0.977728,0.320763,0.956619,-0.629092,0.896100,0.916643,0.184874,0.941944,0.958989,0.784666,-0.386970,0.879632,0.954148,0.895204,0.960963,0.876429,0.998772,0.928962,0.220957,0.809803,0.806035,0.798474,0.896982,0.971326,0.882567,0.887005,0.808568,0.826955,0.999231,0.990185,0.935899,0.957506,0.934157,0.881589,0.969506,0.199412,0.833128,0.852517,0.885151,0.971666,0.328549,0.905738,0.630575,0.995839,0.974666,0.852271,1.000000,0.888573,0.766504,0.424621,0.690505,0.737440,0.898522,0.720183,0.046931,0.837858,-0.190641,0.462595,0.658578,0.905758,0.998201,0.626095,0.980907,0.263284,0.978720,0.478345,-0.454004,-0.155578,-0.023502,0.880374,0.782091,0.900444,0.848829,0.962507,0.966599,0.866738,0.767543,0.770158,0.964324,0.701143,0.881496,0.931849,0.907860,0.686180,0.854943,0.832411,0.962333,0.939525,0.970152,0.736727,0.847490,0.977252,0.978922,0.928590,0.953641,0.682076,0.876360,0.827026,0.861490,0.792617,0.564890,-0.604434,0.473885,0.758590,0.910252,0.570213,0.735051,0.931675,0.919435,0.840433,0.654535,0.640532,0.911779,-0.067871,0.440116,0.614003,0.942603,0.501028,0.135290,0.974682,0.916262,-0.174578,0.955789,0.823022,0.464487,0.854718,0.483882,0.450382,0.481292,-0.079909,0.650982,0.726258,0.869394,0.697037,0.811241,0.305364,-0.404600,-0.243594,0.993059,0.754212,0.581602
Nucleus of the solitary tract,0.962576,0.976476,0.883940,0.993974,0.994815,0.967029,0.974135,0.990955,0.983252,0.750052,0.879552,0.843566,0.771461,0.999767,0.994420,0.904726,0.893995,0.983905,0.977632,0.986845,0.971486,0.966858,0.785534,0.959671,0.900421,0.931528,0.755875,0.980955,0.845356,0.993921,0.980229,0.767009,0.898692,0.973442,0.859765,0.851349,0.761283,0.917632,0.988576,0.776841,0.266945,0.169581,0.723381,0.734278,0.614452,0.324887,0.715945,0.579540,0.854590,0.964680,0.306053,0.866353,0.846622,0.825924,0.336043,0.841693,0.890832,0.732402,0.424593,0.372731,0.364843,0.946264,0.954760,0.378074,0.924271,0.886578,-0.846575,0.558729,0.812760,0.798531,-0.708463,0.444112,0.859355,0.847338,0.952148,0.746907,0.981095,0.892124,0.943833,0.859498,0.917433,0.962122,0.949263,0.963407,0.720220,0.894597,0.847595,0.969761,0.281089,0.863456,0.982798,0.839527,0.661068,0.332135,0.667239,0.814076,0.964541,0.683702,0.848364,-0.223123,0.672308,0.841389,-0.226348,0.896657,0.841133,0.759237,-0.766835,0.973091,0.929925,0.742693,0.972916,0.976838,0.887811,0.995108,0.533220,0.802037,0.894827,0.961448,0.998039,0.876753,0.850150,0.619882,0.931459,0.892656,0.904526,0.827837,0.825559,0.942341,0.984132,0.717188,0.898966,0.489454,0.793337,0.594526,0.866927,0.872522,-0.050460,0.663414,0.466749,0.851774,0.933163,0.648350,0.888573,1.000000,0.397467,0.287259,0.914182,0.765706,0.993748,0.957759,0.448489,0.956133,-0.299590,0.444058,0.379308,0.787223,0.862523,0.664115,0.784300,0.001527,0.942269,0.340426,-0.105893,-0.300178,-0.446882,0.974944,0.410832,0.764006,0.712942,0.966901,0.973383,0.826502,0.587777,0.953622,0.778310,0.732888,0.959730,0.992260,0.819920,0.943366,0.865027,0.561299,0.937110,0.976442,0.940443,0.876644,0.678470,0.962461,0.963362,0.786172,0.925638,0.879955,0.942527,0.978265,0.995276,0.777628,0.647136,-0.418224,0.553718,0.956815,0.732009,0.730436,0.750287,0.947348,0.967689,0.900232,0.415343,0.670851,0.944737,0.341716,0.708973,0.189927,0.909619,0.607181,0.501644,0.965846,0.784979,0.208622,0.900857,0.896089,0.731608,0.994630,0.604763,0.477856,0.712394,0.324668,0.917463,0.823998,0.893371,0.698783,0.678611,-0.039638,-0.778914,-0.660918,0.906089,0.394329,0.763223
Abducens nucleus,0.629343,0.567748,0.514948,0.495195,0.486888,0.531847,0.445570,0.464890,0.521594,0.591847,0.515911,0.363859,0.320344,0.379024,0.403419,0.491373,0.485021,0.501648,0.576475,0.529836,0.599029,0.403927,0.074732,0.628817,0.579041,0.387675,0.186240,0.364373,0.659699,0.475909,0.560495,0.893254,0.540509,0.592953,0.617131,0.410222,0.384742,0.420624,0.395810,0.372375,0.118040,0.034471,0.386088,0.300547,0.163627,-0.118117,0.129708,0.317252,0.454262,0.277249,-0.598469,0.219125,0.304091,0.275651,-0.292432,0.525306,0.276515,-0.006679,-0.654134,-0.691960,-0.120148,0.416681,0.462007,0.011878,0.666644,0.634608,-0.175399,0.870175,0.588037,0.869737,0.179971,0.226722,0.591091,0.528562,0.626894,0.795874,0.349127,0.642967,0.506959,0.559190,0.691387,0.546332,0.535969,0.628704,0.529995,0.465427,0.324012,0.600396,0.660333,0.530552,0.555470,0.659138,0.304167,0.146705,0.948594,0.665691,0.616585,-0.356913,0.786118,-0.980261,0.915109,0.597662,0.753451,0.587785,0.700811,0.623022,0.272244,0.455814,0.579012,0.832113,0.592843,0.441883,0.756508,0.486133,-0.173155,0.606622,0.454573,0.315315,0.406452,0.685122,0.665439,0.955443,0.395523,0.343841,0.746082,0.843286,0.786707,0.646766,0.529355,0.843027,0.732753,-0.390514,0.661098,0.939766,0.645007,0.691557,0.612740,0.834272,0.479303,0.817600,0.627242,0.881112,0.766504,0.397467,1.000000,0.600435,0.177319,0.526070,0.443929,0.129998,-0.432377,0.407696,0.192657,0.156529,0.677325,0.644653,0.802851,0.463844,0.876490,0.657733,0.629640,0.331492,-0.855164,-0.061330,0.491800,0.376845,0.970421,0.813198,0.615770,0.566475,0.576464,0.504412,0.609822,0.270766,0.809962,0.272633,0.485437,0.503131,0.750752,0.078543,0.432500,0.947059,0.591507,0.555075,0.667870,0.347553,0.837944,0.612880,0.622165,0.701478,0.582407,0.227066,0.507112,0.338164,0.336166,0.610962,0.369738,-0.492580,0.039920,0.237083,0.867052,0.250362,0.544426,0.509077,0.539193,0.511477,0.841093,0.481685,0.567484,-0.511001,-0.190344,0.975711,0.676612,0.303033,-0.316744,0.621648,0.672924,-0.522621,0.710332,0.485238,0.021605,0.352426,0.272218,0.392898,0.092719,-0.507701,0.072184,0.217437,0.430864,0.548170,0.779091,0.769410,0.251434,0.404753,0.747628,0.995729,0.219829
Facial motor nucleus,0.445912,0.312102,0.003487,0.351733,0.354643,0.520581,0.140536,0.413147,0.448605,0.846884,0.699733,-0.168960,-0.278027,0.270112,0.206500,0.656001,0.670979,0.451776,0.427662,0.314725,0.440993,0.492080,0.537008,0.482131,0.097398,-0.012130,0.664069,0.420434,0.749866,0.279546,0.433618,0.578582,0.052474,0.363010,0.076326,-0.127855,-0.246299,-0.017493,0.165405,-0.239505,-0.685315,-0.756143,-0.279493,-0.325663,-0.495645,-0.772815,-0.424318,-0.429187,-0.090537,0.404623,-0.757985,-0.206788,-0.199230,-0.240655,-0.803358,-0.045681,-0.145083,0.516022,-0.253857,-0.498751,-0.754553,0.039633,0.095746,-0.700140,0.280052,0.141960,0.250782,0.881644,-0.017234,0.544721,-0.331970,-0.557010,0.736523,0.743697,0.530135,0.808035,0.408533,0.163821,0.109818,0.011228,0.310547,0.206721,0.154718,0.426831,-0.163731,-0.023114,-0.187219,0.348046,-0.201433,-0.011810,0.411719,0.100699,-0.383799,-0.648618,0.596102,0.786718,0.354942,-0.367217,0.664390,-0.641620,0.744778,0.028263,0.679305,0.100844,0.162293,0.841378,0.010391,0.493180,0.157948,0.783243,0.441990,0.475819,0.380168,0.335815,0.516891,0.802176,0.659827,0.449174,0.243113,0.198120,0.742228,0.696510,0.571665,-0.109432,0.430349,0.514931,0.711122,0.551483,0.437375,0.799885,0.599833,-0.671958,0.809097,0.770570,0.722406,0.200526,-0.225494,0.187982,-0.354069,0.486209,0.235604,0.820446,0.424621,0.287259,0.600435,1.000000,0.435203,0.823621,0.391992,0.202027,0.252292,0.523130,0.805335,-0.598694,-0.166112,0.019112,0.458585,0.876868,0.489214,0.936847,0.269086,-0.519522,-0.860054,-0.812193,-0.154931,0.096650,0.392734,0.775894,-0.082323,0.255051,0.309928,-0.083324,-0.170412,0.432370,0.264673,-0.342870,0.540848,0.377437,0.749532,0.160128,-0.093139,0.778780,0.192496,0.469458,0.530470,0.635223,0.838377,0.327105,0.364776,0.091665,0.152324,0.545659,0.587692,0.411239,0.193865,0.825225,0.851268,0.358316,-0.590678,0.387831,0.754077,0.730600,0.839825,0.120646,0.516950,0.668038,0.935495,0.878301,0.583637,0.220593,-0.453838,0.543716,0.629862,0.841771,0.370474,0.417047,0.052000,0.286172,0.623933,0.667869,0.545732,0.334606,0.826976,0.932817,0.629585,0.238377,0.284592,-0.268711,-0.052022,0.876988,0.872885,0.853784,-0.011150,0.048199,0.504941,0.671442,0.681427
Caudoputamen,0.837287,0.821261,0.620226,0.890239,0.896286,0.920782,0.801541,0.928696,0.909838,0.823904,0.921718,0.576707,0.478983,0.915171,0.870385,0.938723,0.937847,0.921343,0.869072,0.850547,0.858222,0.968835,0.967862,0.850630,0.647187,0.720279,0.941824,0.969875,0.842081,0.867597,0.881817,0.579303,0.644039,0.828718,0.580122,0.580368,0.452414,0.688701,0.850216,0.476469,-0.096789,-0.183337,0.400159,0.431120,0.304363,0.033474,0.450963,0.226535,0.579030,0.988405,0.249744,0.651063,0.594763,0.569837,0.113726,0.552422,0.674852,0.945409,0.613683,0.473286,0.081492,0.743662,0.755112,0.055641,0.709210,0.626876,-0.633165,0.520155,0.506884,0.606364,-0.923381,0.081050,0.882469,0.903586,0.865309,0.706844,0.972019,0.637938,0.729280,0.578748,0.704193,0.771063,0.740555,0.830009,0.379640,0.642453,0.591536,0.815006,-0.127705,0.586082,0.877081,0.551127,0.332334,-0.030597,0.463290,0.824896,0.805252,0.675708,0.747381,-0.034542,0.549538,0.550283,-0.280118,0.640873,0.559994,0.815646,-0.873629,0.950762,0.702646,0.674612,0.862994,0.953402,0.674957,0.888650,0.830334,0.847992,0.948216,0.986765,0.888582,0.617991,0.840677,0.457951,0.973259,0.660338,0.718304,0.634445,0.745384,0.855683,0.902071,0.651841,0.793750,0.367926,0.816666,0.473208,0.858047,0.611861,-0.439477,0.334345,0.072456,0.657389,0.717058,0.575568,0.690505,0.914182,0.177319,0.435203,1.000000,0.860201,0.932074,0.962473,0.754321,0.970227,-0.029867,0.096001,-0.024318,0.471041,0.662740,0.813960,0.564845,0.101165,0.739538,-0.053481,-0.075545,-0.621261,-0.738151,0.815669,0.113065,0.701179,0.367600,0.787421,0.813144,0.530953,0.209443,0.992890,0.491831,0.435452,0.944610,0.896102,0.773847,0.954427,0.598414,0.440906,0.718924,0.896458,0.834564,0.970464,0.633372,0.792737,0.805777,0.474938,0.694373,0.991529,0.938119,0.975652,0.897604,0.832230,0.830813,-0.016893,0.262004,0.992415,0.634756,0.915787,0.843551,0.736470,0.916341,0.930080,0.417620,0.812694,0.909821,0.673444,0.583178,-0.038778,0.844026,0.819296,0.803294,0.831438,0.469888,0.577827,0.816846,0.938421,0.944267,0.951154,0.825063,0.690361,0.928609,0.663050,0.986894,0.583265,0.644956,0.807820,0.676640,-0.028612,-0.885016,-0.816494,0.751905,0.207514,0.940681
Visceral area,0.822128,0.741108,0.462256,0.793721,0.797811,0.897047,0.632031,0.842828,0.855026,0.996649,0.979506,0.333878,0.215159,0.755853,0.700928,0.966516,0.972142,0.861151,0.826683,0.755847,0.829053,0.897151,0.874002,0.847478,0.531822,0.501386,0.931853,0.858988,0.971658,0.743003,0.835423,0.756034,0.503670,0.773027,0.484555,0.361602,0.221749,0.483255,0.667896,0.238516,-0.366848,-0.465875,0.173305,0.159925,-0.018088,-0.356717,0.103612,-0.015835,0.384080,0.851763,-0.276538,0.344026,0.323199,0.284244,-0.343341,0.397678,0.395602,0.839177,0.182671,-0.025964,-0.318043,0.544286,0.583835,-0.291410,0.668284,0.547218,-0.306290,0.857613,0.390507,0.754169,-0.716018,-0.179792,0.981873,0.990317,0.879013,0.931391,0.852746,0.565570,0.580040,0.445499,0.682681,0.657114,0.612063,0.808494,0.233642,0.457292,0.329425,0.758323,-0.087778,0.435548,0.821496,0.483197,0.070649,-0.303970,0.698171,0.978853,0.757527,0.208138,0.888414,-0.452424,0.817999,0.440568,0.240962,0.530601,0.523198,0.992972,-0.511839,0.893103,0.595291,0.904175,0.831721,0.884791,0.705441,0.784054,0.744730,0.992890,0.969443,0.876649,0.730005,0.574610,0.967950,0.742766,0.936143,0.412046,0.755009,0.754470,0.909135,0.885561,0.845875,0.899013,0.880425,-0.133898,0.983528,0.785058,0.966943,0.572711,-0.302623,0.410141,-0.056653,0.752122,0.647197,0.865435,0.737440,0.765706,0.526070,0.823621,0.860201,1.000000,0.832273,0.720890,0.538277,0.913086,0.384113,-0.199166,-0.003556,0.392364,0.740606,0.987462,0.702775,0.590253,0.677433,-0.233465,-0.564191,-0.781918,-0.474539,0.611298,0.384139,0.915035,0.275542,0.692786,0.736108,0.363683,0.133394,0.866749,0.542515,0.150903,0.915478,0.810531,0.940387,0.689345,0.392243,0.769434,0.623439,0.860768,0.865144,0.957815,0.904698,0.736070,0.763208,0.436363,0.587870,0.913205,0.936199,0.854861,0.703321,0.994296,0.973663,0.092041,-0.105817,0.841111,0.869913,0.955057,0.999492,0.589945,0.893508,0.969352,0.814128,0.989695,0.924388,0.461834,0.131046,0.359538,0.918878,0.953091,0.639973,0.803878,0.410794,0.430537,0.903367,0.971076,0.856127,0.805329,0.945724,0.926089,0.894943,0.464031,0.767387,0.271879,0.440748,0.994799,0.940456,0.483994,-0.531897,-0.440419,0.811439,0.577894,0.943715
Superior central nucleus raphe,0.974209,0.971946,0.845526,0.994610,0.995885,0.988931,0.950171,0.999640,0.995848,0.819203,0.926870,0.787368,0.705043,0.991652,0.978367,0.946067,0.937650,0.997123,0.987152,0.982746,0.982579,0.986908,0.821950,0.975869,0.872126,0.891095,0.807557,0.992193,0.898235,0.985934,0.990592,0.798686,0.865432,0.974956,0.829871,0.799324,0.698309,0.876623,0.967783,0.714294,0.171454,0.070008,0.657691,0.663615,0.529022,0.219565,0.636020,0.501578,0.806468,0.975688,0.209416,0.806535,0.787359,0.762690,0.228801,0.798641,0.836968,0.769221,0.386320,0.306732,0.260335,0.911284,0.925785,0.278075,0.916433,0.863550,-0.782633,0.635549,0.773453,0.825199,-0.725759,0.356537,0.910966,0.901073,0.974545,0.808774,0.991061,0.871474,0.916408,0.822357,0.913274,0.945436,0.926787,0.972672,0.667025,0.853160,0.789518,0.969474,0.237592,0.823707,0.990440,0.812827,0.585881,0.238411,0.703995,0.872548,0.965084,0.618228,0.889001,-0.281256,0.727586,0.806508,-0.144281,0.868810,0.821410,0.826976,-0.741105,0.992382,0.907998,0.801200,0.984159,0.994038,0.892453,0.993863,0.579547,0.863608,0.937472,0.977560,0.986316,0.860338,0.901841,0.670619,0.962690,0.842243,0.914861,0.850115,0.872764,0.967465,0.995215,0.778531,0.930508,0.394032,0.855375,0.655492,0.915833,0.856474,-0.084217,0.651612,0.400048,0.869979,0.920043,0.714240,0.898522,0.993748,0.443929,0.391992,0.932074,0.832273,1.000000,0.946008,0.468712,0.980342,-0.192151,0.352264,0.336353,0.752587,0.877130,0.741731,0.804577,0.108176,0.932902,0.259893,-0.196760,-0.388285,-0.455960,0.946440,0.431655,0.821077,0.668916,0.955723,0.968586,0.779646,0.537562,0.968527,0.772059,0.660519,0.984987,0.996017,0.872514,0.927651,0.816485,0.624393,0.919007,0.991419,0.962781,0.918303,0.746021,0.959705,0.965085,0.759763,0.903132,0.912033,0.973891,0.988808,0.978503,0.842866,0.723434,-0.352599,0.460411,0.966562,0.786872,0.790399,0.819172,0.921099,0.989027,0.942958,0.504383,0.748167,0.974745,0.362945,0.629788,0.237294,0.945187,0.684625,0.532970,0.973910,0.754104,0.242914,0.935582,0.939282,0.771745,0.994973,0.680873,0.570051,0.762625,0.348662,0.918074,0.758134,0.848870,0.774066,0.751156,0.056865,-0.755124,-0.636105,0.925517,0.449689,0.816339
Ventral medial nucleus of the thalamus,0.851484,0.873631,0.759067,0.923124,0.927364,0.900015,0.896130,0.937800,0.912985,0.682905,0.832397,0.751275,0.677658,0.962269,0.940542,0.863301,0.855813,0.921275,0.884709,0.898768,0.871456,0.943023,0.873543,0.852645,0.764019,0.854373,0.815677,0.964383,0.749311,0.921937,0.893954,0.561516,0.771088,0.866974,0.704345,0.747410,0.646985,0.826955,0.932425,0.668876,0.165564,0.083764,0.602221,0.639706,0.542070,0.303348,0.670958,0.456487,0.739103,0.976797,0.459104,0.823886,0.772814,0.756329,0.375070,0.704589,0.836198,0.843880,0.662831,0.593515,0.348877,0.865441,0.864403,0.321265,0.778314,0.734073,-0.813641,0.381227,0.654091,0.599950,-0.860413,0.330083,0.787667,0.798302,0.850699,0.601165,0.968724,0.739434,0.837995,0.717748,0.765458,0.854183,0.838335,0.850457,0.559673,0.785433,0.767982,0.858653,0.038463,0.729776,0.896059,0.670206,0.553545,0.229025,0.436702,0.717828,0.847973,0.819405,0.697052,0.044683,0.471006,0.686342,-0.438924,0.757209,0.663742,0.680803,-0.917779,0.930993,0.802402,0.580722,0.875341,0.938100,0.717991,0.925832,0.691318,0.728117,0.866492,0.964548,0.947433,0.711564,0.751496,0.394868,0.917167,0.817742,0.745299,0.637537,0.677707,0.835405,0.909846,0.551357,0.763264,0.589523,0.699831,0.381770,0.774620,0.704976,-0.301605,0.428138,0.285524,0.669223,0.797113,0.466229,0.720183,0.957759,0.129998,0.202027,0.962473,0.720890,0.946008,1.000000,0.664930,0.933680,-0.299666,0.350793,0.141329,0.610332,0.682960,0.640792,0.576032,-0.131482,0.809751,0.185400,0.100108,-0.390247,-0.673805,0.916984,0.131642,0.609552,0.529940,0.857429,0.866916,0.691682,0.388306,0.970445,0.568480,0.646407,0.911323,0.921306,0.689040,0.998553,0.757867,0.344510,0.809444,0.895904,0.823354,0.883091,0.516121,0.843959,0.845796,0.596764,0.795952,0.920254,0.890335,0.969978,0.964428,0.703030,0.653884,-0.228328,0.511283,0.981063,0.553339,0.772698,0.699563,0.842205,0.897648,0.852557,0.244472,0.641687,0.870344,0.575676,0.776267,-0.089560,0.798403,0.634274,0.693145,0.854523,0.601380,0.444917,0.776133,0.857624,0.836116,0.973683,0.641200,0.473603,0.799210,0.558247,0.987164,0.772227,0.793404,0.647300,0.541504,-0.225369,-0.925575,-0.848298,0.754807,0.136184,0.813306
Ventrolateral preoptic nucleus,0.272880,0.253727,0.019860,0.379446,0.391817,0.444613,0.265174,0.458342,0.413905,0.468708,0.536349,0.037721,-0.043499,0.456844,0.377341,0.549498,0.560605,0.439808,0.330846,0.306746,0.310456,0.571191,0.859922,0.298559,0.027358,0.188448,0.805347,0.573158,0.383751,0.347743,0.355591,-0.068908,0.037148,0.260528,-0.060670,0.020213,-0.101343,0.136676,0.351361,-0.071164,-0.463907,-0.487705,-0.154010,-0.082004,-0.133799,-0.215906,0.029176,-0.286068,-0.000590,0.650853,0.337911,0.192701,0.086359,0.073933,-0.029317,-0.058193,0.189419,0.901575,0.861516,0.686184,-0.172188,0.203816,0.199223,-0.275082,0.079125,-0.013214,-0.196679,0.039968,-0.129571,-0.045155,-0.947846,-0.370834,0.462866,0.532244,0.331462,0.201407,0.581996,-0.002691,0.150156,-0.042493,0.068559,0.189747,0.153934,0.259928,-0.236144,0.064657,0.072966,0.238174,-0.719712,-0.023840,0.346811,-0.105084,-0.180442,-0.424418,-0.189033,0.382681,0.220978,0.612558,0.175646,0.499661,-0.035595,-0.086828,-0.520788,0.017207,-0.106128,0.434891,-0.839081,0.516301,0.093133,0.138015,0.319350,0.522037,0.024727,0.378815,0.956699,0.454236,0.588073,0.637882,0.403720,-0.036479,0.374723,-0.154720,0.615876,0.139444,0.085907,-0.016500,0.194094,0.317632,0.397137,0.120142,0.224212,0.288829,0.390345,-0.098785,0.395177,-0.045060,-0.912589,-0.364599,-0.495624,0.008343,0.097645,0.043707,0.046931,0.448489,-0.432377,0.252292,0.754321,0.538277,0.468712,0.664930,1.000000,0.582611,0.171523,-0.320825,-0.644838,-0.185610,0.012206,0.579633,-0.104346,-0.059404,0.126223,-0.535937,0.272880,-0.744583,-0.994835,0.312436,-0.544201,0.169187,-0.279562,0.205897,0.239872,-0.072703,-0.425363,0.671435,-0.199434,-0.063538,0.508405,0.388297,0.260507,0.683153,0.029883,-0.124129,0.109494,0.386037,0.276184,0.680889,0.127954,0.203005,0.221058,-0.197834,0.082026,0.755620,0.506424,0.594741,0.446300,0.449521,0.657598,0.547817,-0.103853,0.679316,0.068369,0.763262,0.518461,0.158241,0.433855,0.532121,0.014438,0.564733,0.435072,0.993212,0.372582,-0.590632,0.319015,0.699965,0.991449,0.262467,-0.195284,0.963388,0.269489,0.559481,0.890515,0.532284,0.722880,0.574375,0.857611,0.990870,0.765617,0.118974,0.082180,0.506198,0.221953,-0.279284,-0.839488,-0.890667,0.140983,-0.376514,0.784559
Ventromedial hypothalamic nucleus,0.938283,0.913201,0.724585,0.956722,0.960039,0.987013,0.870142,0.981761,0.977512,0.895437,0.974618,0.651286,0.552723,0.952939,0.920437,0.986228,0.982934,0.982823,0.954912,0.930468,0.950098,0.999221,0.907055,0.948925,0.762664,0.785416,0.906257,0.993097,0.935799,0.933746,0.962326,0.759434,0.751524,0.924506,0.710702,0.665218,0.543461,0.764780,0.901397,0.562488,-0.025153,-0.125908,0.496155,0.504569,0.356394,0.038360,0.482055,0.321124,0.673993,0.987828,0.111928,0.684247,0.653689,0.624542,0.068526,0.665834,0.719133,0.864898,0.415226,0.284715,0.082230,0.812741,0.832995,0.090794,0.835758,0.756280,-0.657732,0.682181,0.638378,0.780319,-0.806466,0.165699,0.956048,0.958720,0.959860,0.842027,0.991595,0.767889,0.820057,0.697000,0.836184,0.865296,0.836296,0.932195,0.509893,0.733512,0.655426,0.914323,0.068045,0.697334,0.957593,0.693465,0.415197,0.043250,0.663993,0.919349,0.909146,0.559812,0.884852,-0.265505,0.728921,0.679675,-0.094764,0.758895,0.710019,0.896345,-0.751691,0.996132,0.811982,0.822637,0.952882,0.995728,0.822703,0.953569,0.711208,0.924410,0.985050,0.994340,0.936604,0.758737,0.936408,0.655777,0.997142,0.721847,0.858294,0.801170,0.880787,0.955076,0.972840,0.803256,0.917432,0.275415,0.909218,0.662235,0.948275,0.754569,-0.237954,0.531785,0.215713,0.817324,0.834739,0.740516,0.837858,0.956133,0.407696,0.523130,0.970227,0.913086,0.980342,0.933680,0.582611,1.000000,-0.016431,0.162924,0.168476,0.618027,0.819773,0.849942,0.745727,0.226424,0.854934,0.065140,-0.259458,-0.562436,-0.556155,0.867097,0.349437,0.842972,0.517640,0.883765,0.908003,0.641802,0.371130,0.988920,0.670052,0.501974,0.995947,0.963116,0.896014,0.914270,0.686540,0.633300,0.828998,0.972888,0.941896,0.978352,0.782520,0.897722,0.910657,0.633436,0.805372,0.970149,0.993333,0.991925,0.928585,0.909550,0.841692,-0.167058,0.287717,0.981596,0.795916,0.895682,0.901519,0.826875,0.984988,0.982901,0.574822,0.853499,0.983142,0.486588,0.521826,0.199956,0.948216,0.813261,0.654190,0.932127,0.622935,0.389893,0.931969,0.983690,0.869979,0.976490,0.811115,0.711273,0.870225,0.476777,0.936971,0.622885,0.727979,0.866937,0.805729,0.138256,-0.766989,-0.663820,0.886700,0.431492,0.913391
Olivary pretectal nucleus,-0.166962,-0.306637,-0.589632,-0.251348,-0.246243,-0.058995,-0.463534,-0.172850,-0.144890,0.400019,0.190282,-0.720118,-0.793152,-0.313557,-0.388609,0.135297,0.159265,-0.136195,-0.180510,-0.298581,-0.168677,-0.055571,0.177865,-0.124863,-0.510756,-0.596408,0.304330,-0.131951,0.224233,-0.326674,-0.170788,0.008673,-0.549469,-0.255138,-0.523991,-0.690921,-0.770208,-0.604357,-0.429445,-0.767170,-0.934659,-0.941037,-0.788290,-0.821922,-0.912931,-0.997098,-0.875795,-0.863079,-0.662994,-0.117336,-0.838790,-0.734229,-0.739064,-0.766946,-0.988987,-0.625820,-0.693582,0.203970,-0.320806,-0.557517,-0.996562,-0.554081,-0.508195,-0.978839,-0.342958,-0.469171,0.761248,0.460121,-0.596497,-0.038808,-0.058222,-0.911765,0.221037,0.252393,-0.066853,0.302106,-0.141128,-0.449880,-0.499249,-0.580655,-0.312194,-0.411155,-0.459834,-0.188531,-0.696907,-0.611183,-0.731621,-0.272023,-0.550379,-0.600544,-0.195188,-0.497965,-0.850447,-0.934868,0.064036,0.279753,-0.266101,-0.661676,0.092422,-0.333234,0.236773,-0.562944,0.667506,-0.507386,-0.441427,0.380597,0.328772,-0.071799,-0.458177,0.266593,-0.166592,-0.089280,-0.237170,-0.267221,0.352556,0.319425,0.154753,-0.076375,-0.350384,-0.415292,0.211669,0.198551,0.053760,-0.673197,-0.186780,-0.079801,0.156134,-0.043452,-0.160022,0.295225,0.009098,-0.893624,0.316622,0.298575,0.186564,-0.412210,-0.394673,-0.358572,-0.766053,-0.117067,-0.386330,0.342916,-0.190641,-0.299590,0.192657,0.805335,-0.029867,0.384113,-0.192151,-0.299666,0.171523,-0.016431,1.000000,-0.939007,-0.565800,-0.558401,-0.149370,0.512659,-0.095409,0.865092,-0.354234,-0.845684,-0.671634,-0.737157,-0.079903,-0.494081,-0.038111,0.252688,-0.625818,-0.365137,-0.309882,-0.654367,-0.658617,-0.078897,-0.324936,-0.832760,-0.019854,-0.223935,0.211822,-0.324971,-0.665251,0.322729,-0.426686,-0.127316,-0.071763,0.165991,0.359426,-0.295122,-0.256046,-0.492427,-0.463203,0.097364,0.035319,-0.133643,-0.384667,0.356463,0.518617,0.749641,-0.954043,-0.121030,0.229858,0.374036,0.405053,-0.489529,-0.065409,0.145514,0.601593,0.505909,0.013056,0.212315,-0.817191,0.242065,0.052644,0.546778,0.244595,-0.198768,-0.528282,0.356827,0.041225,0.154661,0.229793,-0.231556,0.539958,0.689907,0.313749,0.239994,-0.170912,-0.781300,-0.633351,0.471877,0.414096,0.762613,0.316603,0.280424,-0.104660,0.274774,0.310730
Cuneate nucleus,0.391382,0.510330,0.775841,0.429595,0.421576,0.248975,0.625406,0.340160,0.331779,-0.192312,-0.007432,0.854137,0.912026,0.451668,0.535543,0.039384,0.013041,0.316099,0.386653,0.489081,0.382590,0.200986,-0.149032,0.348889,0.718989,0.738546,-0.237398,0.264017,0.008373,0.498559,0.371332,0.305920,0.744458,0.467351,0.745363,0.840984,0.911353,0.757942,0.573895,0.904067,0.981406,0.958260,0.929813,0.933865,0.977064,0.962167,0.928412,0.980315,0.828277,0.218916,0.635744,0.818016,0.852372,0.870385,0.893364,0.815610,0.797278,-0.203858,0.096486,0.320898,0.961107,0.706190,0.675912,0.989339,0.581020,0.696495,-0.829843,-0.156658,0.807860,0.345581,0.117884,0.997075,-0.012244,-0.065579,0.289900,-0.022901,0.267927,0.680050,0.682527,0.782114,0.558695,0.607815,0.653055,0.412834,0.888101,0.780297,0.851836,0.486890,0.784235,0.792142,0.394109,0.733750,0.963446,0.991902,0.269105,-0.045468,0.486555,0.543670,0.184844,-0.007607,0.083917,0.777634,-0.409312,0.718631,0.691464,-0.161900,-0.239070,0.235389,0.666290,0.025380,0.378348,0.248118,0.505859,0.442392,-0.412043,-0.105952,0.006974,0.191004,0.498211,0.659908,0.023017,0.136122,0.088049,0.800251,0.451678,0.377691,0.120931,0.273264,0.349689,0.000295,0.250211,0.764107,-0.084206,0.030050,0.041203,0.659034,0.609683,0.653873,0.938743,0.406298,0.610916,-0.034677,0.462595,0.444058,0.156529,-0.598694,0.096001,-0.199166,0.352264,0.350793,-0.320825,0.162924,-0.939007,1.000000,0.806102,0.789183,0.433668,-0.350459,0.404734,-0.640104,0.579546,0.966688,0.376496,0.717877,0.249474,0.632168,0.378145,0.032862,0.846514,0.568617,0.516611,0.836944,0.876816,0.177987,0.612146,0.935027,0.193453,0.404808,0.052433,0.358231,0.823015,0.008168,0.639035,0.325750,0.309049,-0.041671,-0.066158,0.514413,0.478389,0.742683,0.672502,-0.014664,0.145489,0.256577,0.508166,-0.141767,-0.389296,-0.926652,0.975007,0.208603,0.074406,-0.285220,-0.213883,0.673516,0.257981,0.036099,-0.309590,-0.337433,0.188892,-0.389684,0.758041,0.097466,0.186958,-0.441004,-0.353724,0.420674,0.768757,-0.539542,0.210133,0.017752,-0.219957,0.359993,-0.444896,-0.554112,-0.279632,-0.416424,0.201112,0.864524,0.790526,-0.279957,-0.141580,-0.498443,-0.234146,-0.143856,0.369718,0.072523,-0.232097
Ventral posterolateral nucleus of the thalamus,0.494944,0.548337,0.751359,0.432007,0.419956,0.315649,0.563387,0.340717,0.372299,0.048102,0.118313,0.726973,0.762902,0.373641,0.458597,0.134473,0.111573,0.346582,0.453470,0.504227,0.466170,0.194349,-0.258546,0.460859,0.742701,0.627836,-0.251255,0.216593,0.231896,0.475472,0.430140,0.642096,0.738912,0.530475,0.798249,0.744357,0.806276,0.668081,0.486154,0.788717,0.808152,0.758577,0.831074,0.776640,0.751755,0.626626,0.666443,0.861677,0.761680,0.127742,0.056953,0.599018,0.686295,0.687459,0.455873,0.800262,0.613410,-0.342871,-0.443963,-0.274221,0.614998,0.616825,0.619495,0.719844,0.681723,0.763568,-0.585098,0.301685,0.841266,0.651614,0.379236,0.848963,0.167653,0.086975,0.413601,0.317634,0.209901,0.754317,0.656417,0.790745,0.681200,0.616925,0.649948,0.511718,0.890780,0.720527,0.698470,0.551977,0.994579,0.779475,0.444749,0.820706,0.820274,0.819702,0.671552,0.199535,0.563376,0.048646,0.455670,-0.585197,0.498706,0.816199,0.207560,0.748938,0.812922,0.090665,0.163282,0.254197,0.692995,0.381114,0.458407,0.254645,0.687373,0.436268,-0.571724,0.115299,0.086834,0.130425,0.429445,0.768806,0.246328,0.579418,0.105797,0.658785,0.632792,0.653647,0.409658,0.415250,0.391606,0.373860,0.462262,0.251596,0.170094,0.489362,0.243923,0.773247,0.900943,0.910556,0.959143,0.654605,0.678446,0.386365,0.658578,0.379308,0.677325,-0.166112,-0.024318,-0.003556,0.336353,0.141329,-0.644838,0.168476,-0.565800,0.806102,1.000000,0.868669,0.664732,-0.142213,0.707269,-0.095096,0.652416,0.916416,-0.221065,0.613241,0.624943,0.524377,0.834676,0.369939,0.914093,0.597014,0.559777,0.807678,0.964442,0.093014,0.833876,0.759918,0.242472,0.417443,0.332311,0.117596,0.740918,0.484197,0.677263,0.390607,0.458299,-0.017262,0.325900,0.584054,0.560634,0.867866,0.701232,-0.073825,0.221649,0.194307,0.392862,0.094853,-0.230322,-0.969391,0.684728,0.095357,0.445890,-0.242654,-0.000000,0.649648,0.327527,0.145833,0.192958,-0.121753,0.295210,-0.726040,0.323741,0.662938,0.372298,-0.305761,-0.609546,0.512946,0.870872,-0.823457,0.414886,0.115034,-0.337497,0.283427,-0.328205,-0.308877,-0.335466,-0.741545,-0.007688,0.645642,0.706828,-0.038936,0.226815,0.101424,0.156718,0.300775,0.567003,0.607243,-0.227048
Dentate gyrus,0.838137,0.884643,0.976270,0.816678,0.809141,0.720692,0.898183,0.753318,0.768826,0.417059,0.538159,0.943159,0.930490,0.783869,0.838562,0.563785,0.542454,0.752204,0.819656,0.861269,0.824253,0.641770,0.244015,0.813126,0.976888,0.921615,0.228938,0.666141,0.592613,0.847267,0.805585,0.824078,0.974748,0.869791,0.991753,0.957644,0.952495,0.940601,0.854646,0.949272,0.696243,0.612527,0.949023,0.920564,0.843640,0.611228,0.841027,0.894828,0.969716,0.599361,0.226449,0.872681,0.918990,0.909637,0.506082,0.986711,0.893731,0.160216,-0.052201,0.037965,0.624901,0.920946,0.925727,0.699408,0.944623,0.981743,-0.854000,0.478024,0.997006,0.848527,-0.128554,0.816157,0.558463,0.498715,0.776602,0.593441,0.662166,0.978070,0.943596,0.988553,0.939665,0.924869,0.941023,0.850154,0.983168,0.962613,0.927171,0.882329,0.812457,0.983978,0.817212,0.994738,0.910884,0.738392,0.788399,0.553211,0.886763,0.416105,0.743652,-0.487708,0.673395,0.994881,-0.006946,0.978827,0.988732,0.450185,-0.312104,0.684442,0.958629,0.633534,0.819909,0.687283,0.925528,0.820554,-0.098918,0.490876,0.526985,0.598075,0.820344,0.978197,0.604928,0.699134,0.561991,0.923496,0.897379,0.866733,0.699633,0.771712,0.782307,0.614355,0.777489,0.451995,0.521902,0.624014,0.613087,0.978732,0.570498,0.954991,0.895032,0.881269,0.948609,0.584360,0.905758,0.787223,0.644653,0.019112,0.471041,0.392364,0.752587,0.610332,-0.185610,0.618027,-0.558401,0.789183,0.868669,1.000000,0.894587,0.244273,0.878893,-0.088572,0.935530,0.802712,-0.178266,0.262019,0.170623,0.874274,0.761255,0.638054,0.992156,0.913015,0.890527,0.984363,0.959358,0.569717,0.965216,0.909320,0.668070,0.805439,0.644658,0.588090,0.961861,0.602231,0.951230,0.776525,0.799547,0.449406,0.560599,0.900005,0.884036,0.996810,0.961856,0.416652,0.643649,0.650302,0.796229,0.463450,0.177877,-0.875368,0.769176,0.574282,0.671069,0.218771,0.385807,0.940760,0.728956,0.568443,0.326731,0.261347,0.693275,-0.296361,0.613041,0.523433,0.723373,0.106783,-0.136793,0.852574,0.999274,-0.434941,0.746720,0.545960,0.162456,0.719968,0.091150,0.031450,0.150877,-0.316370,0.488089,0.881934,0.953781,0.331027,0.494621,0.020365,-0.322395,-0.165035,0.852888,0.594877,0.248349
Orbital area medial part,0.962736,0.946586,0.881518,0.911304,0.906649,0.901083,0.887014,0.885986,0.911723,0.767630,0.819261,0.780054,0.716617,0.852855,0.869398,0.824774,0.812719,0.899984,0.942585,0.930505,0.950884,0.827176,0.509155,0.957413,0.922351,0.837946,0.545389,0.818938,0.878413,0.905992,0.934235,0.981434,0.902127,0.955252,0.920430,0.809211,0.745651,0.849011,0.864602,0.747813,0.303002,0.195970,0.724664,0.684738,0.539836,0.207453,0.579479,0.602981,0.834355,0.757783,-0.092403,0.711857,0.749021,0.722176,0.113433,0.864452,0.756671,0.427881,-0.091919,-0.127099,0.230654,0.860360,0.888070,0.313270,0.974346,0.942632,-0.676721,0.806117,0.880578,0.990832,-0.324870,0.471953,0.847771,0.802065,0.947238,0.890548,0.810966,0.949338,0.906547,0.891326,0.982021,0.933563,0.923503,0.964538,0.798416,0.861220,0.760495,0.958583,0.593770,0.878814,0.934797,0.930209,0.644293,0.359325,0.948027,0.858467,0.964245,0.263524,0.963089,-0.674154,0.918557,0.901014,0.243399,0.924818,0.950788,0.792660,-0.337322,0.862064,0.936305,0.911545,0.948041,0.857692,0.995576,0.908011,0.199036,0.814097,0.796071,0.774534,0.870406,0.961515,0.885610,0.912662,0.792289,0.794918,0.995910,0.996691,0.944583,0.950867,0.917888,0.900030,0.969749,0.143418,0.840315,0.880447,0.886050,0.962392,0.351853,0.912551,0.619753,0.999422,0.960471,0.876193,0.998201,0.862523,0.802851,0.458585,0.662740,0.740606,0.877130,0.682960,0.012206,0.819773,-0.149370,0.433668,0.664732,0.894587,1.000000,0.632858,0.990385,0.312355,0.964938,0.463744,-0.504529,-0.161812,0.015873,0.850355,0.811803,0.914764,0.837799,0.944514,0.949957,0.845361,0.760442,0.744336,0.966176,0.668678,0.866926,0.912706,0.916175,0.646537,0.828395,0.862479,0.945450,0.925454,0.964022,0.722572,0.868504,0.963082,0.965957,0.921526,0.936025,0.660620,0.864623,0.802359,0.830955,0.798824,0.567926,-0.596475,0.434786,0.730172,0.927936,0.561336,0.740125,0.909163,0.906204,0.832798,0.690892,0.647750,0.902396,-0.101369,0.386710,0.658286,0.940626,0.502998,0.105522,0.962761,0.907147,-0.200502,0.955538,0.814477,0.441665,0.828104,0.484331,0.464616,0.464336,-0.112021,0.615179,0.688641,0.842311,0.705659,0.830542,0.359308,-0.355726,-0.192710,0.991422,0.792148,0.568695
Ventral posteromedial nucleus of the thalamus,0.721953,0.626477,0.316718,0.691396,0.696768,0.818509,0.505724,0.753372,0.765272,0.981770,0.938239,0.183576,0.060658,0.653793,0.587170,0.918958,0.928604,0.774043,0.728210,0.644824,0.730654,0.828723,0.867316,0.753060,0.391470,0.363038,0.934592,0.782892,0.925165,0.632070,0.739371,0.665602,0.361105,0.663472,0.340847,0.211458,0.065778,0.341800,0.549440,0.083392,-0.509063,-0.599564,0.016014,0.004247,-0.171814,-0.491295,-0.045801,-0.173383,0.234244,0.784705,-0.353146,0.202033,0.174776,0.134894,-0.464042,0.247860,0.253939,0.843797,0.175724,-0.060047,-0.453659,0.408941,0.450934,-0.435032,0.542992,0.408668,-0.164609,0.835819,0.240790,0.658171,-0.714989,-0.332740,0.939685,0.957413,0.792728,0.888143,0.776570,0.428793,0.445290,0.298597,0.559849,0.530587,0.480219,0.705459,0.077809,0.312273,0.180463,0.646067,-0.219990,0.288023,0.722482,0.340437,-0.086801,-0.450433,0.614115,0.940314,0.645007,0.125048,0.814681,-0.415976,0.759387,0.293704,0.280480,0.390158,0.384799,0.972857,-0.464218,0.818396,0.461034,0.853583,0.734022,0.808681,0.588658,0.680256,0.788048,0.964486,0.927572,0.812295,0.621012,0.439760,0.919194,0.677661,0.884074,0.267971,0.645217,0.654063,0.844590,0.801214,0.753487,0.852229,0.797985,-0.239308,0.950916,0.735301,0.915844,0.437922,-0.399969,0.278361,-0.209895,0.647917,0.518800,0.824326,0.626095,0.664115,0.463844,0.876868,0.813960,0.987462,0.741731,0.640792,0.579633,0.849942,0.512659,-0.350459,-0.142213,0.244273,0.632858,1.000000,0.599155,0.656190,0.552856,-0.382209,-0.586095,-0.866302,-0.508185,0.486067,0.292888,0.863338,0.122969,0.570737,0.620484,0.212105,-0.019159,0.805664,0.413433,-0.004073,0.845900,0.711324,0.886172,0.610202,0.243418,0.723404,0.492220,0.771053,0.775482,0.926090,0.868098,0.620016,0.651647,0.292835,0.452821,0.881293,0.872902,0.780601,0.595135,0.971285,0.994630,0.242559,-0.253790,0.776836,0.812115,0.963077,0.988854,0.456223,0.813538,0.921785,0.817959,0.999773,0.853494,0.517942,0.013819,0.312301,0.846153,0.984113,0.680693,0.699931,0.264667,0.511034,0.826850,0.926841,0.862089,0.716394,0.978235,0.973544,0.907367,0.524127,0.710126,0.125062,0.295413,0.994435,0.915594,0.529117,-0.483951,-0.412596,0.712453,0.527061,0.944544
Orbital area ventrolateral part,0.917819,0.893382,0.836722,0.845909,0.840024,0.841956,0.820082,0.816290,0.850026,0.740139,0.767077,0.722580,0.663861,0.772444,0.793601,0.766684,0.754985,0.835553,0.889039,0.870984,0.900920,0.751634,0.412971,0.912376,0.882774,0.770606,0.466114,0.737253,0.848838,0.838913,0.878195,0.994406,0.858241,0.905147,0.891254,0.756349,0.702261,0.787816,0.789026,0.700747,0.292520,0.187719,0.686648,0.634661,0.489000,0.159673,0.510482,0.575944,0.786423,0.666928,-0.200925,0.632958,0.683677,0.656213,0.041742,0.826949,0.681470,0.328016,-0.228635,-0.259348,0.177322,0.794350,0.826272,0.274932,0.941106,0.911580,-0.595112,0.839000,0.854642,0.997112,-0.207465,0.451730,0.807580,0.755121,0.902349,0.890650,0.727403,0.918424,0.851866,0.855344,0.952538,0.880597,0.871414,0.919654,0.778322,0.808889,0.697499,0.910095,0.646962,0.838843,0.878027,0.908826,0.604661,0.343895,0.980719,0.833222,0.918461,0.134176,0.950693,-0.766868,0.944493,0.872177,0.363025,0.886826,0.933949,0.768153,-0.204378,0.792519,0.892276,0.917218,0.897073,0.786047,0.977584,0.841469,0.102634,0.782459,0.734370,0.688562,0.794122,0.937681,0.856267,0.951102,0.719219,0.727897,0.973847,0.996127,0.934619,0.909580,0.857228,0.910181,0.944680,0.037866,0.816842,0.919194,0.852128,0.939911,0.441189,0.935476,0.627409,0.992784,0.921452,0.899838,0.980907,0.784300,0.876490,0.489214,0.564845,0.702775,0.804577,0.576032,-0.104346,0.745727,-0.095409,0.404734,0.707269,0.878893,0.990385,0.599155,1.000000,0.387511,0.924689,0.469986,-0.593201,-0.122316,0.138880,0.774821,0.882275,0.915337,0.828929,0.893021,0.898314,0.807484,0.767708,0.653714,0.970435,0.615318,0.802408,0.848270,0.901768,0.535178,0.776314,0.906306,0.901746,0.868769,0.925986,0.649438,0.882459,0.917399,0.920940,0.912573,0.893051,0.572311,0.804588,0.717686,0.746380,0.770588,0.524341,-0.612083,0.376549,0.635246,0.939884,0.492924,0.706470,0.854187,0.847999,0.777774,0.737547,0.615513,0.850040,-0.214299,0.276990,0.755754,0.906497,0.455853,-0.003994,0.916756,0.895062,-0.298814,0.927011,0.756542,0.345264,0.744111,0.433626,0.444618,0.378724,-0.222560,0.504833,0.615617,0.785940,0.678605,0.836365,0.455293,-0.223727,-0.056287,0.968499,0.864802,0.492687
Ventral tegmental area,0.217575,0.078578,-0.172679,0.086990,0.086946,0.254454,-0.104288,0.133454,0.182845,0.634331,0.438198,-0.350615,-0.432101,-0.018465,-0.065475,0.384148,0.399355,0.179894,0.181651,0.066713,0.201727,0.194374,0.208184,0.250155,-0.078808,-0.238465,0.360676,0.115752,0.533912,0.018555,0.181529,0.476510,-0.128090,0.131137,-0.072155,-0.304692,-0.382965,-0.229096,-0.101418,-0.386014,-0.662859,-0.712849,-0.398018,-0.465865,-0.609207,-0.825213,-0.592603,-0.496248,-0.261090,0.083784,-0.937698,-0.431728,-0.394642,-0.431273,-0.903920,-0.197665,-0.370746,0.186500,-0.554612,-0.760617,-0.824149,-0.190494,-0.131985,-0.744962,0.096514,-0.019561,0.475144,0.810064,-0.145122,0.429095,0.013600,-0.584340,0.498328,0.491708,0.294319,0.657638,0.101094,-0.000130,-0.103377,-0.144951,0.132456,-0.014343,-0.058066,0.200409,-0.256009,-0.213407,-0.379002,0.121418,-0.095395,-0.174409,0.160067,-0.032003,-0.489429,-0.646282,0.542902,0.579032,0.133781,-0.665021,0.492860,-0.750943,0.661917,-0.112957,0.882907,-0.072035,0.032770,0.634796,0.359442,0.207379,-0.036447,0.647439,0.200383,0.187013,0.221921,0.070164,0.212974,0.580619,0.380920,0.134393,-0.033912,0.046997,0.527089,0.649627,0.274390,-0.321684,0.256944,0.385231,0.542091,0.321985,0.174842,0.674161,0.403527,-0.871074,0.604792,0.719202,0.498101,0.052393,-0.010464,0.155806,-0.345424,0.344439,0.043595,0.727354,0.263284,0.001527,0.657733,0.936847,0.101165,0.590253,0.108176,-0.131482,-0.059404,0.226424,0.865092,-0.640104,-0.095096,-0.088572,0.312355,0.656190,0.387511,1.000000,0.070272,-0.485469,-0.949686,-0.619531,0.160349,-0.161884,0.463105,0.628150,-0.158574,0.031762,0.080187,-0.230888,-0.192312,0.110243,0.174935,-0.488101,0.262030,0.112274,0.567819,-0.177127,-0.273104,0.740324,-0.005368,0.212748,0.310096,0.336470,0.720339,0.109158,0.144342,-0.009089,-0.038892,0.223771,0.315151,0.101459,-0.095346,0.610742,0.613991,0.328055,-0.704576,0.060865,0.635381,0.445660,0.615018,-0.094585,0.253064,0.401825,0.900663,0.659935,0.327428,-0.070426,-0.704019,0.675972,0.410515,0.601672,0.056714,0.189033,-0.051216,0.031543,0.417757,0.395943,0.220560,0.032473,0.581117,0.752498,0.320385,-0.047838,-0.060699,-0.471148,-0.247768,0.667054,0.734273,0.972865,0.339210,0.390948,0.322056,0.719797,0.382466
Olfactory tubercle,0.975474,0.991401,0.963158,0.964965,0.961348,0.919018,0.976053,0.934803,0.944915,0.687729,0.797060,0.903581,0.849797,0.938006,0.959104,0.817569,0.802320,0.935980,0.969159,0.982841,0.970788,0.869505,0.563322,0.964345,0.983036,0.950809,0.557673,0.880712,0.819757,0.973357,0.962935,0.896685,0.975219,0.988001,0.970688,0.920778,0.862084,0.954889,0.960502,0.868074,0.434996,0.333622,0.838777,0.821206,0.700889,0.400413,0.754129,0.723479,0.934049,0.832650,0.170787,0.868061,0.887031,0.866972,0.340515,0.943905,0.899217,0.488183,0.127508,0.124897,0.428629,0.963717,0.977545,0.484789,0.998611,0.985390,-0.842676,0.641703,0.940562,0.920635,-0.435324,0.600590,0.804517,0.765410,0.945990,0.783565,0.876934,0.988572,0.984818,0.960309,0.996605,0.994678,0.991560,0.980351,0.872098,0.956588,0.893762,0.991686,0.571188,0.956460,0.968003,0.966483,0.775235,0.493426,0.833487,0.787632,0.992804,0.500669,0.897642,-0.465723,0.788278,0.958051,-0.017912,0.982915,0.971673,0.710346,-0.523742,0.897185,0.993506,0.801719,0.969039,0.898273,0.984102,0.965666,0.248668,0.748084,0.792285,0.836205,0.954892,0.986176,0.828062,0.773443,0.817639,0.921894,0.981761,0.940497,0.867919,0.941509,0.951676,0.781302,0.931635,0.394965,0.763062,0.728071,0.837763,0.984898,0.279010,0.875673,0.682678,0.955959,0.999175,0.735673,0.978720,0.942269,0.629640,0.269086,0.739538,0.677433,0.932902,0.809751,0.126223,0.854934,-0.354234,0.579546,0.652416,0.935530,0.964938,0.552856,0.924689,0.070272,1.000000,0.551104,-0.261903,-0.087644,-0.121623,0.956889,0.676429,0.812956,0.884552,0.996189,0.993144,0.930867,0.797995,0.814082,0.943063,0.811842,0.887850,0.960998,0.838474,0.784988,0.933842,0.701590,0.996900,0.949015,0.954083,0.735969,0.737729,0.995955,0.991964,0.942575,0.992727,0.706903,0.872018,0.869135,0.933314,0.724205,0.503436,-0.648952,0.618193,0.812412,0.814922,0.548951,0.668804,0.986149,0.923638,0.819807,0.496590,0.565963,0.901259,0.010003,0.615007,0.458900,0.908917,0.443060,0.193637,0.981585,0.938347,-0.121606,0.917756,0.804891,0.492961,0.906978,0.431002,0.353100,0.488450,-0.006952,0.731452,0.846425,0.947185,0.618728,0.703994,0.104236,-0.537910,-0.386061,0.966297,0.608539,0.574465
Ventral tegmental nucleus,0.354301,0.457049,0.734843,0.352081,0.341566,0.182688,0.543759,0.253514,0.261195,-0.206161,-0.064644,0.784724,0.848262,0.343511,0.436679,-0.028531,-0.054778,0.239895,0.332619,0.423338,0.335592,0.100763,-0.302595,0.311354,0.689659,0.653713,-0.357843,0.151980,-0.004124,0.417628,0.312286,0.377018,0.706155,0.420253,0.735189,0.781526,0.866336,0.685014,0.475187,0.852350,0.975991,0.951839,0.893730,0.873516,0.908306,0.883076,0.827951,0.958680,0.779166,0.086976,0.429898,0.705654,0.766886,0.782449,0.765497,0.787275,0.693936,-0.368119,-0.161239,0.069619,0.872849,0.624920,0.603795,0.932816,0.566012,0.683945,-0.710762,-0.056843,0.801731,0.404711,0.319645,0.981742,-0.045867,-0.113880,0.252183,0.020176,0.152025,0.668088,0.624479,0.757909,0.551032,0.554288,0.600642,0.375886,0.888790,0.724360,0.771253,0.442935,0.910883,0.759939,0.333722,0.738489,0.920480,0.980029,0.375145,-0.050871,0.447883,0.316438,0.208140,-0.211797,0.176134,0.767133,-0.175762,0.692354,0.705637,-0.169036,-0.008913,0.147934,0.629415,0.079761,0.329357,0.156554,0.520163,0.362587,-0.580782,-0.125297,-0.068992,0.068933,0.398518,0.661659,0.011288,0.251185,-0.009208,0.713901,0.458490,0.424408,0.147879,0.242404,0.281310,0.062429,0.250316,0.575039,-0.087177,0.144193,0.021003,0.663333,0.791739,0.739883,0.982202,0.441879,0.584519,0.051328,0.478345,0.340426,0.331492,-0.519522,-0.053481,-0.233465,0.259893,0.185400,-0.535937,0.065140,-0.845684,0.966688,0.916416,0.802712,0.463744,-0.382209,0.469986,-0.485469,0.551104,1.000000,0.187732,0.782818,0.477939,0.532818,0.547541,0.077946,0.869913,0.518370,0.466378,0.806986,0.926362,0.045855,0.666187,0.867824,0.115569,0.329154,0.069826,0.182872,0.765937,0.130870,0.603219,0.265114,0.284823,-0.142324,0.001545,0.475855,0.441225,0.770023,0.637564,-0.146425,0.075825,0.138212,0.391210,-0.155525,-0.442454,-0.983727,0.887485,0.067799,0.141169,-0.384745,-0.240461,0.615054,0.193642,-0.025749,-0.189719,-0.365758,0.135246,-0.603516,0.572970,0.309644,0.168917,-0.503851,-0.551290,0.381559,0.789589,-0.730979,0.203171,-0.050359,-0.377128,0.244065,-0.515234,-0.568455,-0.415691,-0.626323,0.026214,0.761899,0.726191,-0.295929,-0.090723,-0.303050,-0.006627,0.099652,0.374768,0.245198,-0.345368
Vascular organ of the lamina terminalis,-0.355417,-0.236060,-0.056510,-0.206679,-0.202755,-0.333965,-0.061680,-0.222986,-0.281667,-0.624242,-0.452275,0.125032,0.192132,-0.084483,-0.065753,-0.404042,-0.411788,-0.270512,-0.306637,-0.210097,-0.330497,-0.236157,-0.107523,-0.376468,-0.145462,0.048429,-0.259852,-0.165983,-0.583130,-0.153544,-0.298987,-0.659828,-0.095969,-0.281901,-0.170510,0.074574,0.129875,0.026092,-0.039463,0.138766,0.395078,0.458301,0.136018,0.220176,0.366595,0.613466,0.379447,0.219998,0.026332,-0.106422,0.906176,0.245988,0.181292,0.216467,0.745594,-0.048440,0.182019,-0.060132,0.693432,0.840006,0.616845,0.005194,-0.052867,0.505813,-0.297340,-0.210472,-0.292670,-0.881171,-0.113600,-0.615860,-0.147264,0.308084,-0.527395,-0.495229,-0.404726,-0.733620,-0.149465,-0.226455,-0.092944,-0.096750,-0.332522,-0.167231,-0.135190,-0.343958,-0.022394,-0.006511,0.162072,-0.279336,-0.220732,-0.064191,-0.282593,-0.217423,0.228008,0.376251,-0.736084,-0.617516,-0.295203,0.648091,-0.614634,0.919988,-0.797202,-0.136592,-0.935957,-0.154168,-0.278389,-0.638196,-0.417989,-0.268000,-0.170527,-0.744063,-0.326664,-0.248115,-0.422711,-0.191533,-0.016103,-0.592253,-0.385765,-0.156947,-0.087275,-0.277565,-0.580989,-0.811957,-0.286793,0.119400,-0.439240,-0.573007,-0.648523,-0.432543,-0.280002,-0.768371,-0.528307,0.781593,-0.633679,-0.851701,-0.551512,-0.284352,-0.279677,-0.433393,0.038934,-0.532915,-0.244262,-0.825714,-0.454004,-0.105893,-0.855164,-0.860054,-0.075545,-0.564191,-0.196760,0.100108,0.272880,-0.259458,-0.671634,0.376496,-0.221065,-0.178266,-0.504529,-0.586095,-0.593201,-0.949686,-0.261903,0.187732,1.000000,0.405331,-0.365418,0.007308,-0.714639,-0.721201,-0.125508,-0.205953,-0.241360,-0.018516,-0.110757,-0.121407,-0.425553,0.247313,-0.318039,-0.226820,-0.649023,0.152216,0.044951,-0.871323,-0.195819,-0.316970,-0.434734,-0.309111,-0.798918,-0.277737,-0.304696,-0.255938,-0.170847,-0.180435,-0.363726,-0.144870,-0.015367,-0.615643,-0.516755,-0.017781,0.480532,-0.073701,-0.753212,-0.346355,-0.589874,-0.099330,-0.336401,-0.425093,-0.937574,-0.596213,-0.399324,0.307890,0.598492,-0.872017,-0.506108,-0.481167,0.148655,-0.333159,-0.215629,0.236891,-0.527023,-0.409517,-0.095256,-0.105558,-0.453859,-0.630248,-0.194091,0.290429,0.077839,0.268937,0.031543,-0.629280,-0.780783,-0.986853,-0.396260,-0.491153,-0.481929,-0.893570,-0.288851
Nucleus x,-0.304048,-0.194701,0.157358,-0.301476,-0.311459,-0.468142,-0.082021,-0.396915,-0.394252,-0.755777,-0.671288,0.259022,0.374803,-0.293638,-0.197892,-0.644228,-0.664130,-0.413317,-0.326232,-0.229239,-0.323454,-0.531028,-0.787149,-0.346899,0.089637,0.067240,-0.846550,-0.479183,-0.613292,-0.229967,-0.346117,-0.211741,0.114476,-0.235543,0.154152,0.243107,0.388384,0.102197,-0.153125,0.366885,0.837857,0.884208,0.438804,0.426243,0.556255,0.748302,0.419218,0.602417,0.231124,-0.522128,0.371514,0.188583,0.249052,0.282270,0.649767,0.234785,0.152131,-0.810058,-0.302674,-0.025800,0.714643,0.023660,-0.011126,0.746352,-0.068030,0.082167,-0.213045,-0.536854,0.255870,-0.197324,0.715626,0.721328,-0.652983,-0.705811,-0.403670,-0.554029,-0.476576,0.060990,0.008976,0.187969,-0.083890,-0.081512,-0.024008,-0.281987,0.410576,0.148809,0.249567,-0.211102,0.667907,0.192727,-0.324467,0.162144,0.517272,0.798940,-0.164900,-0.644619,-0.205710,-0.009274,-0.416321,0.080311,-0.368930,0.201485,-0.180848,0.093126,0.119833,-0.727964,0.392261,-0.494636,0.009757,-0.495907,-0.329700,-0.485454,-0.109931,-0.289648,-0.885710,-0.704701,-0.674114,-0.545590,-0.240203,0.055994,-0.601072,-0.267229,-0.623170,0.160147,-0.182012,-0.189413,-0.465719,-0.411541,-0.375203,-0.500891,-0.392840,0.379023,-0.669428,-0.360891,-0.597249,0.059095,0.746314,0.236290,0.664780,-0.180807,-0.047167,-0.478751,-0.155578,-0.300178,-0.061330,-0.812193,-0.621261,-0.781918,-0.388285,-0.390247,-0.744583,-0.562436,-0.737157,0.717877,0.613241,0.262019,-0.161812,-0.866302,-0.122316,-0.619531,-0.087644,0.782818,0.405331,1.000000,0.673056,-0.081955,0.160555,-0.506987,0.380345,-0.125136,-0.184704,0.267785,0.513294,-0.557278,0.096667,0.425977,-0.525596,-0.325681,-0.537321,-0.375534,0.215038,-0.356562,-0.023844,-0.391996,-0.369995,-0.721152,-0.540641,-0.174774,-0.212908,0.218804,0.020147,-0.706468,-0.560599,-0.487377,-0.233999,-0.722592,-0.902679,-0.692459,0.591592,-0.530498,-0.431879,-0.870743,-0.783349,-0.003245,-0.458416,-0.642190,-0.586033,-0.856235,-0.510590,-0.738724,0.213725,0.041613,-0.473956,-0.931557,-0.811689,-0.276294,0.244791,-0.791325,-0.439067,-0.660799,-0.823861,-0.389394,-0.936633,-0.938614,-0.865029,-0.753027,-0.522117,0.272125,0.157421,-0.811518,-0.626434,-0.425181,0.405312,0.420167,-0.270222,-0.148454,-0.843705
Hypoglossal nucleus,-0.251447,-0.246750,-0.041122,-0.370030,-0.382246,-0.417178,-0.276639,-0.443142,-0.394233,-0.401335,-0.488616,-0.076669,-0.004489,-0.457160,-0.383466,-0.507203,-0.516568,-0.420097,-0.312368,-0.300322,-0.290178,-0.548195,-0.830893,-0.273458,-0.039045,-0.214387,-0.761392,-0.558197,-0.328145,-0.345708,-0.336810,0.113042,-0.053711,-0.248101,0.048679,-0.054755,0.057635,-0.162285,-0.361460,0.027474,0.389143,0.407977,0.108244,0.030238,0.067301,0.127644,-0.092285,0.229206,-0.029805,-0.638045,-0.430213,-0.237955,-0.129157,-0.120529,-0.064537,0.033547,-0.228622,-0.873963,-0.908455,-0.756166,0.084432,-0.224738,-0.214292,0.193963,-0.072397,0.007081,0.246209,0.040473,0.109456,0.084639,0.939873,0.304496,-0.409896,-0.478978,-0.301400,-0.135182,-0.568411,-0.001351,-0.162914,0.023337,-0.058283,-0.193005,-0.162056,-0.240415,0.203754,-0.089518,-0.114354,-0.227014,0.699236,0.001916,-0.330341,0.096682,0.125305,0.351571,0.238782,-0.322358,-0.208764,-0.675180,-0.126980,-0.568457,0.099457,0.070423,0.604743,-0.028322,0.104294,-0.367959,0.867992,-0.492734,-0.099773,-0.073646,-0.299098,-0.500484,-0.005797,-0.371124,-0.924774,-0.392752,-0.545552,-0.620082,-0.406302,0.036854,-0.319951,0.215991,-0.583990,-0.174324,-0.062680,0.051769,-0.140073,-0.284894,-0.378505,-0.053177,-0.184219,-0.375823,-0.327208,0.167988,-0.343159,0.045889,0.899689,0.372662,0.451842,0.022997,-0.096096,0.027967,-0.023502,-0.446882,0.491800,-0.154931,-0.738151,-0.474539,-0.455960,-0.673805,-0.994835,-0.556155,-0.079903,0.249474,0.624943,0.170623,0.015873,-0.508185,0.138880,0.160349,-0.121623,0.477939,-0.365418,0.673056,1.000000,-0.329140,0.582284,-0.106465,0.256543,-0.204272,-0.232901,0.044552,0.397545,-0.655614,0.211112,0.009760,-0.479323,-0.376184,-0.202965,-0.696367,-0.061145,0.195295,-0.112787,-0.363661,-0.245195,-0.641583,-0.056014,-0.193525,-0.207764,0.190776,-0.089042,-0.726806,-0.471887,-0.580937,-0.454557,-0.384925,-0.589338,-0.505330,0.028320,-0.668428,-0.006100,-0.711103,-0.452397,-0.170012,-0.406707,-0.488237,0.075525,-0.493132,-0.400239,-0.988780,-0.442456,0.650747,-0.277106,-0.632219,-0.974821,-0.244089,0.183979,-0.948380,-0.227458,-0.515815,-0.859581,-0.526398,-0.656911,-0.492366,-0.816870,-0.984094,-0.765781,-0.169023,-0.110300,-0.434771,-0.147354,0.374747,0.866390,0.921627,-0.110411,0.443003,-0.738695
Posterior amygdalar nucleus,0.927843,0.969818,0.955748,0.965467,0.964264,0.897049,0.997155,0.940873,0.931728,0.598971,0.757680,0.941165,0.893265,0.976754,0.992752,0.791296,0.775497,0.928541,0.940089,0.973800,0.933597,0.885867,0.643993,0.914787,0.955511,0.988645,0.595592,0.913996,0.730959,0.982655,0.938650,0.735200,0.960588,0.956356,0.926524,0.944341,0.883832,0.981177,0.997245,0.895605,0.474170,0.384532,0.855521,0.866558,0.774250,0.521265,0.850461,0.743728,0.943702,0.889283,0.427230,0.952956,0.943783,0.930488,0.515062,0.928891,0.968659,0.584855,0.396704,0.407625,0.555679,0.993207,0.992761,0.573263,0.941391,0.937547,-0.939029,0.439951,0.901443,0.772542,-0.586585,0.631013,0.738456,0.715228,0.893644,0.636873,0.915191,0.938223,0.984618,0.935799,0.929754,0.981687,0.981823,0.933888,0.841457,0.966433,0.944360,0.957958,0.433863,0.941914,0.946562,0.905802,0.810360,0.533132,0.639143,0.690430,0.953236,0.730372,0.776477,-0.188800,0.597841,0.918718,-0.302980,0.952097,0.896426,0.614270,-0.726375,0.899454,0.968037,0.644946,0.933827,0.905956,0.890511,0.969686,0.361561,0.665386,0.774920,0.879299,0.986612,0.919607,0.738711,0.565034,0.827206,0.970523,0.891645,0.806108,0.740839,0.880876,0.936880,0.616525,0.836947,0.616757,0.662863,0.516837,0.757914,0.915676,0.103274,0.732025,0.634472,0.834143,0.956786,0.547876,0.880374,0.974944,0.376845,0.096650,0.815669,0.611298,0.946440,0.916984,0.312436,0.867097,-0.494081,0.632168,0.524377,0.874274,0.850355,0.486067,0.774821,-0.161884,0.956889,0.532818,0.007308,-0.081955,-0.329140,1.000000,0.443602,0.665419,0.824248,0.975976,0.968633,0.921145,0.723221,0.869584,0.821515,0.865830,0.877262,0.957779,0.719202,0.906691,0.951599,0.482537,0.967426,0.924098,0.887961,0.747807,0.566490,0.958366,0.950151,0.861445,0.965835,0.758194,0.850296,0.909995,0.987161,0.635300,0.462344,-0.589287,0.721891,0.880175,0.647599,0.561228,0.594147,0.985418,0.899805,0.786446,0.277831,0.495020,0.862568,0.203265,0.804330,0.182318,0.830883,0.415311,0.349605,0.937995,0.867070,0.050718,0.828801,0.778479,0.579982,0.949743,0.412457,0.274459,0.548032,0.181821,0.845297,0.927759,0.968141,0.533055,0.548307,-0.163220,-0.735492,-0.611776,0.872664,0.353318,0.603053
Nucleus y,0.623895,0.595040,0.623668,0.501810,0.491570,0.491276,0.508179,0.448895,0.502071,0.450878,0.415251,0.502545,0.482663,0.395095,0.441584,0.401805,0.389605,0.478566,0.570236,0.551818,0.591473,0.355010,-0.039754,0.612274,0.668779,0.486515,0.046895,0.332432,0.561358,0.501673,0.550476,0.873574,0.638577,0.608129,0.716319,0.543046,0.545554,0.524775,0.445048,0.530245,0.352251,0.274335,0.555268,0.472816,0.363243,0.113921,0.308190,0.515547,0.581842,0.237778,-0.435263,0.351130,0.444122,0.423399,-0.073725,0.648182,0.398710,-0.128124,-0.644238,-0.615893,0.108017,0.504488,0.539338,0.241758,0.714178,0.717640,-0.313916,0.746512,0.709287,0.858615,0.270120,0.445087,0.488355,0.414839,0.595311,0.693399,0.318754,0.720794,0.585486,0.670276,0.732700,0.601795,0.605088,0.628946,0.683245,0.576102,0.463111,0.620880,0.821421,0.644966,0.551491,0.755596,0.490936,0.376750,0.926253,0.555588,0.636890,-0.261432,0.730323,-0.927466,0.843888,0.707858,0.638141,0.677465,0.784336,0.488261,0.268915,0.413718,0.651936,0.741681,0.584238,0.403341,0.784101,0.496389,-0.326262,0.483498,0.358524,0.267330,0.434183,0.757484,0.570379,0.901589,0.319901,0.464303,0.758002,0.839006,0.715865,0.610929,0.514276,0.747832,0.691700,-0.217031,0.542683,0.860380,0.553998,0.763847,0.759127,0.919328,0.671111,0.819690,0.683349,0.781521,0.782091,0.410832,0.970421,0.392734,0.113065,0.384139,0.431655,0.131642,-0.544201,0.349437,-0.038111,0.378145,0.834676,0.761255,0.811803,0.292888,0.882275,0.463105,0.676429,0.547541,-0.714639,0.160555,0.582284,0.443602,1.000000,0.723482,0.755541,0.610297,0.605415,0.635126,0.769382,0.221575,0.874172,0.446320,0.432296,0.502987,0.663345,0.085302,0.558478,0.864601,0.656036,0.533386,0.641049,0.243899,0.728678,0.640966,0.640195,0.803730,0.657268,0.134568,0.441942,0.305396,0.369282,0.480331,0.193240,-0.685130,0.248890,0.196980,0.789502,0.098291,0.399322,0.584794,0.500717,0.420735,0.690632,0.312974,0.511616,-0.628724,-0.045617,0.950179,0.619614,0.118688,-0.446303,0.624014,0.783270,-0.667875,0.659159,0.390883,-0.105070,0.345352,0.088133,0.186958,-0.050671,-0.631139,0.039466,0.365834,0.545604,0.389959,0.651680,0.612569,0.251261,0.412569,0.737401,0.944092,0.080052
Piriform-amygdalar area,0.895811,0.825029,0.632308,0.823443,0.822010,0.892971,0.708331,0.836092,0.867673,0.940953,0.917177,0.485621,0.388691,0.750054,0.730148,0.902735,0.901208,0.861978,0.876399,0.817365,0.887102,0.834161,0.641131,0.909080,0.702758,0.602907,0.719592,0.797174,0.973550,0.786606,0.874279,0.949655,0.669241,0.853735,0.687755,0.523467,0.420326,0.605857,0.707510,0.426356,-0.105452,-0.213969,0.388211,0.343223,0.163052,-0.199275,0.230683,0.229404,0.556631,0.750527,-0.379024,0.428266,0.452729,0.414881,-0.270307,0.594753,0.486989,0.576034,-0.132638,-0.273295,-0.172534,0.642241,0.686242,-0.095020,0.822070,0.734601,-0.384205,0.961895,0.615052,0.942825,-0.424626,0.075837,0.949850,0.923831,0.924382,0.998327,0.786742,0.749446,0.703089,0.639532,0.840299,0.766594,0.734948,0.888133,0.487161,0.608488,0.465479,0.848467,0.300071,0.621503,0.864700,0.703109,0.284029,-0.047235,0.927341,0.975295,0.854645,0.059338,0.986291,-0.735784,0.978798,0.651629,0.443382,0.705508,0.744582,0.954726,-0.278920,0.856788,0.742425,0.999323,0.885955,0.846395,0.878087,0.814126,0.415707,0.953947,0.885847,0.781240,0.748147,0.771373,0.974909,0.947539,0.846157,0.527312,0.903274,0.935486,0.994355,0.935571,0.866339,0.997440,0.965392,-0.175564,0.972460,0.959606,0.967625,0.772613,0.107001,0.715375,0.263498,0.926186,0.793737,0.985497,0.900444,0.764006,0.813198,0.775894,0.701179,0.915035,0.821077,0.609552,0.169187,0.842972,0.252688,0.032862,0.369939,0.638054,0.914764,0.863338,0.915337,0.628150,0.812956,0.077946,-0.721201,-0.506987,-0.106465,0.665419,0.723482,1.000000,0.548555,0.796284,0.825790,0.563986,0.447549,0.754046,0.795442,0.325189,0.880622,0.836086,0.994147,0.566206,0.552781,0.949062,0.764831,0.885155,0.933722,0.827318,0.992076,0.840782,0.860155,0.688279,0.739214,0.747833,0.899277,0.782416,0.700669,0.952836,0.809744,-0.242377,0.048129,0.724928,0.994808,0.757830,0.920745,0.710082,0.894504,0.912831,0.901735,0.873847,0.920888,0.073897,0.097481,0.677208,0.962459,0.761364,0.286891,0.882731,0.660860,0.030125,0.968025,0.901053,0.598261,0.764276,0.742744,0.767240,0.649311,0.073914,0.602180,0.380982,0.583276,0.911686,0.984738,0.614396,-0.301470,-0.161749,0.935339,0.839301,0.742750
Periaqueductal gray,0.763422,0.821362,0.954327,0.741861,0.733287,0.629050,0.847734,0.668706,0.684434,0.303203,0.428586,0.934586,0.937343,0.710410,0.775302,0.456236,0.433265,0.665896,0.742336,0.794163,0.747326,0.544308,0.128798,0.733991,0.946694,0.889057,0.107882,0.573869,0.489609,0.780155,0.726159,0.765219,0.947506,0.802139,0.969767,0.946770,0.960773,0.912087,0.796412,0.954732,0.773601,0.699225,0.964146,0.934480,0.877005,0.678329,0.856047,0.933472,0.957156,0.503757,0.257518,0.856681,0.909628,0.904806,0.563438,0.974589,0.872518,0.045223,-0.096928,0.024890,0.686856,0.882994,0.883454,0.763333,0.896200,0.950946,-0.841667,0.393174,0.987862,0.790092,-0.025653,0.873392,0.451143,0.386686,0.691764,0.499752,0.570264,0.944753,0.903595,0.970539,0.889673,0.874294,0.897121,0.777748,0.994486,0.939663,0.917695,0.817365,0.867700,0.966498,0.740010,0.974131,0.937341,0.808840,0.738119,0.448096,0.822473,0.390190,0.660572,-0.463895,0.601514,0.978770,-0.022004,0.949095,0.963305,0.338705,-0.241741,0.590248,0.918794,0.545935,0.742303,0.594004,0.873532,0.747004,-0.212896,0.380261,0.416904,0.499865,0.752436,0.944689,0.502990,0.639856,0.456233,0.902619,0.837147,0.808140,0.612224,0.686301,0.699847,0.527174,0.695227,0.475188,0.415016,0.555926,0.511019,0.945679,0.647582,0.948119,0.943723,0.822801,0.902299,0.502020,0.848829,0.712942,0.615770,-0.082323,0.367600,0.275542,0.668916,0.529940,-0.279562,0.517640,-0.625818,0.846514,0.914093,0.992156,0.837799,0.122969,0.828929,-0.158574,0.884552,0.869913,-0.125508,0.380345,0.256543,0.824248,0.755541,0.548555,1.000000,0.857496,0.828372,0.976480,0.986319,0.470872,0.939127,0.923446,0.570936,0.728073,0.550123,0.510167,0.947322,0.535879,0.907467,0.692425,0.718476,0.335765,0.470783,0.839100,0.818994,0.984058,0.923272,0.305223,0.543350,0.557441,0.729549,0.351884,0.054011,-0.928840,0.809516,0.478367,0.590452,0.095747,0.269329,0.899310,0.638271,0.461157,0.242578,0.140724,0.597792,-0.384920,0.608657,0.513892,0.632459,-0.018114,-0.240730,0.780721,0.989509,-0.523690,0.659632,0.437039,0.045847,0.636743,-0.033986,-0.089624,0.030208,-0.405786,0.395709,0.876486,0.932018,0.213594,0.396094,-0.028132,-0.250031,-0.096805,0.783237,0.556916,0.127082
Zona incerta,0.978693,0.997508,0.959367,0.981051,0.978456,0.935264,0.989278,0.955947,0.960795,0.696002,0.815905,0.907761,0.850854,0.964008,0.980122,0.839003,0.824306,0.954111,0.978226,0.993636,0.977559,0.898323,0.618056,0.968650,0.976513,0.962678,0.603120,0.912152,0.823102,0.989095,0.974036,0.865207,0.971187,0.992951,0.957119,0.921859,0.856799,0.962303,0.980633,0.865210,0.415151,0.314707,0.830087,0.820657,0.702353,0.405956,0.767335,0.708901,0.931891,0.871846,0.226521,0.887594,0.896704,0.877101,0.364115,0.934981,0.916120,0.547794,0.212547,0.202884,0.437273,0.975071,0.986446,0.482030,0.990222,0.973673,-0.864248,0.610764,0.924292,0.892327,-0.505808,0.583620,0.815475,0.782527,0.951653,0.768808,0.909600,0.977010,0.988807,0.950701,0.986216,0.998749,0.994275,0.983055,0.851838,0.957764,0.901782,0.995145,0.510802,0.949344,0.979058,0.948121,0.768199,0.475489,0.791034,0.789772,0.994481,0.565358,0.884973,-0.396038,0.754563,0.943903,-0.088070,0.975367,0.951031,0.715667,-0.596014,0.920910,0.990672,0.782071,0.976579,0.923111,0.967435,0.982249,0.314519,0.756291,0.817169,0.872663,0.977005,0.970411,0.830823,0.730874,0.847948,0.932962,0.968807,0.915676,0.855428,0.945216,0.966416,0.759592,0.925368,0.442040,0.765241,0.688155,0.842988,0.968291,0.203908,0.831611,0.647002,0.934274,0.993991,0.706681,0.962507,0.966901,0.566475,0.255051,0.787421,0.692786,0.955723,0.857429,0.205897,0.883765,-0.365137,0.568617,0.597014,0.913015,0.944514,0.570737,0.893021,0.031762,0.996189,0.518370,-0.205953,-0.125136,-0.204272,0.975976,0.610297,0.796284,0.857496,1.000000,0.998081,0.922041,0.761504,0.854248,0.910672,0.813596,0.909254,0.976995,0.830728,0.835899,0.934496,0.659275,0.994297,0.961655,0.954756,0.770315,0.715614,0.996986,0.993308,0.916389,0.989104,0.751218,0.891694,0.902888,0.961073,0.731318,0.529450,-0.608958,0.626124,0.854851,0.790007,0.588362,0.681870,0.990473,0.939025,0.839256,0.462307,0.582391,0.914545,0.090839,0.660673,0.384565,0.910186,0.473528,0.268028,0.984852,0.913802,-0.044985,0.914763,0.826871,0.550517,0.937628,0.464100,0.369681,0.540159,0.073147,0.785664,0.861671,0.950990,0.629681,0.689248,0.048824,-0.609384,-0.465038,0.955732,0.547990,0.617355
Dorsal peduncular area,0.989165,0.999898,0.940136,0.989017,0.986938,0.954896,0.982863,0.969692,0.975258,0.738799,0.849940,0.880736,0.817124,0.969831,0.980220,0.870523,0.857213,0.969522,0.989150,0.997553,0.988714,0.920302,0.655389,0.981916,0.962177,0.946688,0.646274,0.930027,0.855934,0.992219,0.985978,0.876772,0.954779,0.998349,0.939880,0.896327,0.823233,0.944756,0.977863,0.832579,0.358131,0.255364,0.793986,0.784035,0.657738,0.350515,0.729236,0.663986,0.907653,0.891619,0.189248,0.862764,0.869474,0.847736,0.312491,0.911680,0.893947,0.586479,0.215663,0.188668,0.383245,0.961996,0.976049,0.427473,0.986732,0.960801,-0.837627,0.646643,0.900989,0.902087,-0.536573,0.532320,0.849694,0.819526,0.968673,0.801412,0.927104,0.965507,0.977911,0.930530,0.984194,0.993851,0.985781,0.992088,0.819508,0.938233,0.874763,0.999140,0.471603,0.928418,0.989498,0.931290,0.727104,0.420170,0.802124,0.825257,0.998438,0.548903,0.906782,-0.410128,0.778212,0.923700,-0.062420,0.960990,0.937437,0.756925,-0.603756,0.941127,0.980930,0.811501,0.988027,0.942488,0.968479,0.989316,0.359450,0.795068,0.850299,0.894503,0.979793,0.960064,0.862859,0.749475,0.876368,0.911132,0.974038,0.924051,0.880826,0.963180,0.979742,0.789947,0.944052,0.403727,0.802632,0.713017,0.874206,0.957906,0.165028,0.815514,0.602261,0.941324,0.988481,0.737360,0.966599,0.973383,0.576464,0.309928,0.813144,0.736108,0.968586,0.866916,0.239872,0.908003,-0.309882,0.516611,0.559777,0.890527,0.949957,0.620484,0.898314,0.080187,0.993144,0.466378,-0.241360,-0.184704,-0.232901,0.968633,0.605415,0.825790,0.828372,0.998081,1.000000,0.896620,0.726028,0.876390,0.901140,0.776647,0.932091,0.986651,0.860347,0.844021,0.910814,0.684555,0.986746,0.976538,0.970368,0.805376,0.749150,0.998946,0.997822,0.897443,0.978817,0.783684,0.917374,0.920990,0.962583,0.771741,0.580593,-0.563492,0.578702,0.874771,0.815983,0.634374,0.725805,0.980326,0.958118,0.870992,0.503544,0.631606,0.937774,0.125324,0.631654,0.391370,0.933140,0.526363,0.306880,0.993382,0.892833,-0.004878,0.936083,0.859529,0.590476,0.949337,0.516897,0.426490,0.584046,0.108901,0.803576,0.832222,0.930472,0.676402,0.727509,0.086997,-0.618020,-0.474728,0.966616,0.563571,0.660637
Dorsomedial nucleus of the hypothalamus,0.829272,0.892436,0.993555,0.836876,0.830686,0.725506,0.932085,0.775838,0.779864,0.374952,0.528848,0.986941,0.977160,0.826777,0.879234,0.563011,0.540927,0.766463,0.821850,0.876359,0.821555,0.668552,0.302122,0.802664,0.982086,0.965774,0.260661,0.703683,0.553980,0.873303,0.810470,0.744610,0.987723,0.871216,0.986829,0.993205,0.986279,0.977972,0.897421,0.986614,0.733159,0.654556,0.979465,0.967971,0.905997,0.696698,0.917948,0.925564,0.997055,0.649872,0.387779,0.944167,0.974027,0.968489,0.622489,0.999274,0.956347,0.226312,0.113089,0.212601,0.714618,0.960127,0.956380,0.767023,0.931429,0.974599,-0.932004,0.367090,0.994921,0.777792,-0.227101,0.850889,0.533160,0.481991,0.763801,0.519043,0.702662,0.969382,0.965114,0.995501,0.920502,0.938440,0.956748,0.842200,0.985393,0.990215,0.978614,0.882671,0.744266,0.996925,0.824030,0.979707,0.951446,0.776749,0.687751,0.508627,0.883599,0.566794,0.687868,-0.329112,0.573270,0.992820,-0.181531,0.982033,0.964774,0.404240,-0.445211,0.703412,0.964968,0.553647,0.818350,0.709609,0.889712,0.842958,-0.028527,0.453995,0.530950,0.640328,0.859572,0.959568,0.566192,0.588180,0.583112,0.973980,0.863321,0.804805,0.639390,0.753737,0.792595,0.529130,0.738659,0.597194,0.474852,0.509950,0.580361,0.958474,0.472861,0.887807,0.883491,0.827365,0.944539,0.484222,0.866738,0.826502,0.504412,-0.083324,0.530953,0.363683,0.779646,0.691682,-0.072703,0.641802,-0.654367,0.836944,0.807678,0.984363,0.845361,0.212105,0.807484,-0.230888,0.930867,0.806986,-0.018516,0.267785,0.044552,0.921145,0.635126,0.563986,0.976480,0.922041,0.896620,1.000000,0.933543,0.618984,0.912365,0.961774,0.678882,0.823184,0.588217,0.677763,0.994057,0.482847,0.955065,0.780527,0.778684,0.469703,0.470319,0.898245,0.879457,0.969054,0.967357,0.460376,0.647192,0.692165,0.848472,0.422193,0.160105,-0.856232,0.848325,0.631085,0.585325,0.234601,0.351747,0.961933,0.732780,0.563415,0.202059,0.226982,0.687347,-0.181690,0.742614,0.365411,0.693833,0.095681,-0.041090,0.846419,0.977529,-0.336118,0.710878,0.544754,0.222727,0.764235,0.085363,-0.012616,0.194182,-0.204861,0.571187,0.951133,0.987972,0.289048,0.412700,-0.141859,-0.452685,-0.309047,0.815978,0.452329,0.274776
Dorsal motor nucleus of the vagus nerve,0.652505,0.717259,0.894147,0.621639,0.611579,0.496515,0.749884,0.537730,0.557146,0.168440,0.284459,0.882512,0.903224,0.585108,0.661461,0.310933,0.286854,0.535694,0.625086,0.683667,0.632064,0.399625,-0.036422,0.619008,0.880640,0.808611,-0.055042,0.431106,0.361710,0.666362,0.605870,0.697579,0.882445,0.695347,0.916576,0.894285,0.932080,0.838250,0.687449,0.921541,0.834319,0.771856,0.944916,0.908895,0.871988,0.712775,0.824120,0.944000,0.905066,0.354525,0.234051,0.788350,0.853505,0.853117,0.578739,0.927519,0.800301,-0.120022,-0.204966,-0.050790,0.713285,0.797753,0.795751,0.797448,0.815331,0.888188,-0.776086,0.314769,0.949019,0.719319,0.135070,0.907199,0.314536,0.243230,0.571753,0.395093,0.427065,0.879589,0.821192,0.918219,0.809070,0.782381,0.812051,0.668958,0.979209,0.875185,0.862411,0.713814,0.933903,0.912929,0.621413,0.925922,0.929432,0.859549,0.688964,0.320790,0.720786,0.296304,0.558105,-0.474729,0.529480,0.931596,0.018914,0.884214,0.912477,0.207148,-0.103270,0.450909,0.841277,0.449306,0.625965,0.454553,0.796535,0.627452,-0.370948,0.245525,0.268011,0.350317,0.634011,0.882640,0.376056,0.585902,0.305757,0.834044,0.750452,0.733688,0.507312,0.567484,0.574753,0.433396,0.587063,0.441221,0.287306,0.494568,0.381669,0.884712,0.756918,0.935153,0.980584,0.745380,0.820785,0.419954,0.767543,0.587777,0.609822,-0.170412,0.209443,0.133394,0.537562,0.388306,-0.425363,0.371130,-0.658617,0.876816,0.964442,0.959358,0.760442,-0.019159,0.767708,-0.192312,0.797995,0.926362,-0.110757,0.513294,0.397545,0.723221,0.769382,0.447549,0.986319,0.761504,0.726028,0.933543,1.000000,0.319008,0.897912,0.896734,0.431275,0.605933,0.436927,0.369336,0.891439,0.479026,0.826279,0.567640,0.605058,0.179305,0.377078,0.740635,0.716957,0.949529,0.847449,0.144466,0.403030,0.412965,0.608904,0.218264,-0.094151,-0.974577,0.809364,0.327359,0.503125,-0.063898,0.129595,0.815362,0.506984,0.317471,0.173974,-0.000332,0.465040,-0.521655,0.542161,0.540684,0.512301,-0.167729,-0.394146,0.671919,0.956479,-0.651345,0.545534,0.290742,-0.119443,0.501059,-0.185234,-0.221373,-0.133919,-0.541914,0.242560,0.821359,0.867000,0.076948,0.290978,-0.032401,-0.109808,0.038564,0.687443,0.542246,-0.034867
Parasubiculum,0.895545,0.883058,0.702204,0.937912,0.942482,0.957919,0.861407,0.966223,0.952288,0.837767,0.939199,0.652309,0.557771,0.953510,0.918142,0.956884,0.953605,0.960594,0.921430,0.906651,0.912584,0.989945,0.935294,0.905427,0.729938,0.785516,0.913500,0.991975,0.875619,0.919152,0.931311,0.662187,0.725321,0.889446,0.670059,0.658985,0.537574,0.759132,0.900629,0.559320,-0.013815,-0.106775,0.488289,0.511138,0.379200,0.090569,0.515054,0.317345,0.660638,0.999126,0.235205,0.709235,0.664475,0.639075,0.148304,0.640132,0.735873,0.902476,0.545203,0.421590,0.136920,0.808449,0.821376,0.125395,0.787992,0.713491,-0.688878,0.569866,0.600876,0.689212,-0.872041,0.169412,0.907345,0.918574,0.915311,0.754062,0.992999,0.723789,0.800711,0.666267,0.783702,0.839396,0.812097,0.889951,0.478006,0.719758,0.663049,0.878179,-0.010370,0.671591,0.927894,0.644769,0.417682,0.053682,0.551818,0.855636,0.870105,0.663220,0.807324,-0.119877,0.619424,0.641690,-0.235016,0.724551,0.654017,0.834644,-0.841061,0.979394,0.780014,0.729386,0.916373,0.981642,0.757270,0.936486,0.761415,0.868579,0.960571,0.998881,0.933414,0.706688,0.875800,0.537779,0.985473,0.727892,0.794574,0.716434,0.800893,0.906525,0.946703,0.706457,0.852304,0.377238,0.844492,0.543671,0.892163,0.701239,-0.329536,0.444025,0.179035,0.738487,0.794285,0.633278,0.770158,0.953622,0.270766,0.432370,0.992890,0.866749,0.968527,0.970445,0.671435,0.988920,-0.078897,0.177987,0.093014,0.569717,0.744336,0.805664,0.653714,0.110243,0.814082,0.045855,-0.121407,-0.557278,-0.655614,0.869584,0.221575,0.754046,0.470872,0.854248,0.876390,0.618984,0.319008,1.000000,0.591776,0.512982,0.973035,0.942534,0.820499,0.958661,0.677172,0.511403,0.794968,0.941804,0.890421,0.969337,0.683362,0.859615,0.870522,0.575166,0.772724,0.981154,0.965221,0.994758,0.936725,0.851116,0.811021,-0.125410,0.327114,0.998768,0.697249,0.890443,0.851150,0.807233,0.954892,0.950022,0.456931,0.806924,0.946128,0.581162,0.603241,0.054708,0.891687,0.790327,0.726748,0.891278,0.569620,0.476688,0.869907,0.954516,0.902700,0.979585,0.792950,0.665014,0.889485,0.569461,0.978441,0.646594,0.719889,0.812100,0.714840,0.004139,-0.853585,-0.767239,0.821493,0.293724,0.915708
Dentate nucleus,0.885404,0.894897,0.919607,0.829881,0.822415,0.778935,0.860282,0.779420,0.807728,0.578519,0.646711,0.840174,0.806296,0.769745,0.811496,0.657849,0.640752,0.790515,0.857687,0.868660,0.867508,0.685112,0.295487,0.869225,0.944852,0.848255,0.320629,0.688565,0.725712,0.842166,0.843737,0.939601,0.929799,0.894009,0.961325,0.866550,0.840965,0.869501,0.817970,0.836967,0.514368,0.418514,0.833603,0.787639,0.674007,0.387633,0.675720,0.754307,0.889933,0.614140,-0.022415,0.749165,0.804711,0.785857,0.262979,0.923399,0.785977,0.206954,-0.197490,-0.162370,0.401410,0.860179,0.880262,0.495876,0.958956,0.965216,-0.719305,0.685065,0.947393,0.951312,-0.123124,0.653462,0.682589,0.621770,0.844703,0.759074,0.680785,0.966682,0.905450,0.939049,0.963493,0.910293,0.914798,0.892782,0.904655,0.895403,0.816907,0.903859,0.778267,0.926789,0.849600,0.974831,0.771926,0.560364,0.921807,0.698610,0.911493,0.236498,0.864304,-0.679329,0.839314,0.953719,0.225061,0.948550,0.985895,0.611396,-0.213818,0.730723,0.937897,0.796049,0.862858,0.728184,0.973018,0.829295,-0.042244,0.637387,0.620614,0.626156,0.801762,0.979189,0.736097,0.861576,0.627243,0.828292,0.954363,0.957783,0.833710,0.847136,0.818959,0.784114,0.874283,0.218017,0.674423,0.805566,0.736545,0.981137,0.561482,0.984937,0.794175,0.961434,0.949000,0.768457,0.964324,0.778310,0.809962,0.264673,0.491831,0.542515,0.772059,0.568480,-0.199434,0.670052,-0.324936,0.612146,0.833876,0.965216,0.966176,0.413433,0.970435,0.174935,0.943063,0.666187,-0.425553,0.096667,0.211112,0.821515,0.874172,0.795442,0.939127,0.910672,0.901140,0.912365,0.897912,0.591776,1.000000,0.770683,0.728888,0.825404,0.786100,0.534509,0.879004,0.789590,0.938735,0.823197,0.871544,0.532232,0.743098,0.918127,0.911570,0.982929,0.940450,0.470252,0.718693,0.669150,0.761788,0.618187,0.336703,-0.779317,0.575367,0.583325,0.830011,0.332901,0.542542,0.904952,0.786743,0.667098,0.559316,0.431297,0.770993,-0.311789,0.421005,0.694998,0.822593,0.263184,-0.120705,0.892187,0.974306,-0.421987,0.847589,0.643322,0.218111,0.719926,0.242329,0.228359,0.232879,-0.325636,0.466194,0.747994,0.877648,0.502060,0.681507,0.275571,-0.229299,-0.060168,0.927457,0.777032,0.345542
Parvicellular reticular nucleus,0.677059,0.773145,0.938166,0.719106,0.713387,0.571117,0.860089,0.650133,0.640473,0.149612,0.341754,0.982193,0.997668,0.738649,0.800101,0.387404,0.363166,0.628911,0.679671,0.761291,0.674050,0.535148,0.198723,0.643645,0.901288,0.929294,0.119384,0.588769,0.339565,0.771523,0.669138,0.533356,0.920097,0.739204,0.904995,0.975107,0.992845,0.938360,0.826928,0.993547,0.850684,0.794765,0.991792,0.999554,0.985300,0.860087,0.988839,0.973255,0.966565,0.548423,0.606780,0.964428,0.982316,0.987884,0.813011,0.951527,0.958173,0.136322,0.244712,0.394634,0.875170,0.910464,0.890665,0.901312,0.805655,0.878477,-0.965729,0.099488,0.933884,0.576092,-0.192802,0.932535,0.329762,0.284754,0.595879,0.276130,0.591857,0.868162,0.891158,0.933031,0.785885,0.841540,0.870820,0.693678,0.958268,0.945991,0.982213,0.752545,0.704355,0.942337,0.687472,0.887960,0.992902,0.884440,0.465526,0.286233,0.750148,0.685953,0.474212,-0.090367,0.327084,0.922274,-0.403840,0.899483,0.856322,0.176221,-0.487385,0.563529,0.873003,0.310960,0.671424,0.574740,0.733728,0.729310,-0.100197,0.235774,0.359018,0.525789,0.773185,0.846586,0.352564,0.345716,0.435373,0.960875,0.699280,0.612227,0.416624,0.579268,0.654387,0.281734,0.544171,0.776253,0.248600,0.255174,0.373123,0.844214,0.440271,0.756600,0.896194,0.643566,0.832049,0.227668,0.701143,0.732888,0.272633,-0.342870,0.435452,0.150903,0.660519,0.646407,-0.063538,0.501974,-0.832760,0.935027,0.759918,0.909320,0.668678,-0.004073,0.615318,-0.488101,0.811842,0.867824,0.247313,0.425977,0.009760,0.865830,0.446320,0.325189,0.923446,0.813596,0.776647,0.961774,0.896734,0.512982,0.770683,1.000000,0.526257,0.699574,0.362528,0.646548,0.966808,0.225326,0.855115,0.633050,0.605594,0.315305,0.215917,0.770487,0.743457,0.873362,0.876001,0.337626,0.482916,0.582160,0.779937,0.198866,-0.039915,-0.867675,0.960117,0.537635,0.343789,0.072701,0.133526,0.885705,0.578187,0.383040,-0.073480,0.008418,0.516495,-0.157922,0.858054,0.145415,0.500616,-0.094773,-0.067872,0.700628,0.892803,-0.324539,0.514588,0.367574,0.123667,0.667119,-0.098560,-0.232414,0.070430,-0.185012,0.516995,0.982912,0.953414,0.062878,0.158957,-0.397375,-0.488361,-0.373557,0.637670,0.207627,0.126190
Parasolitary nucleus,0.962951,0.936096,0.757428,0.969011,0.971218,0.997078,0.886378,0.987999,0.989004,0.904892,0.977757,0.675309,0.578571,0.955152,0.928362,0.987661,0.983311,0.991855,0.973809,0.948562,0.971211,0.995747,0.869066,0.972061,0.798375,0.802810,0.876567,0.987715,0.954408,0.946915,0.979045,0.814725,0.784769,0.948213,0.752935,0.692593,0.575686,0.786625,0.910386,0.592526,0.009960,-0.094483,0.531097,0.531294,0.378207,0.048233,0.493846,0.358864,0.704751,0.973554,0.066262,0.692503,0.672021,0.641991,0.059251,0.703253,0.730628,0.820002,0.337900,0.215107,0.089887,0.830817,0.853637,0.110959,0.873014,0.796905,-0.663423,0.728008,0.682683,0.833407,-0.750194,0.202538,0.966890,0.962393,0.980935,0.876807,0.984960,0.808373,0.845611,0.735350,0.875190,0.890681,0.863105,0.957585,0.556568,0.761462,0.675513,0.939643,0.144540,0.733250,0.974596,0.740106,0.447032,0.078143,0.727907,0.938002,0.936194,0.513923,0.921645,-0.344416,0.782423,0.722277,-0.030205,0.795580,0.758775,0.909362,-0.697742,0.998415,0.844202,0.862793,0.973195,0.997037,0.867121,0.965462,0.653016,0.935938,0.982365,0.982642,0.943196,0.803073,0.955865,0.717582,0.990334,0.739529,0.898850,0.851607,0.916321,0.977821,0.985685,0.844721,0.949325,0.244570,0.926999,0.719803,0.965723,0.799672,-0.155993,0.600167,0.272310,0.865314,0.869091,0.787555,0.881496,0.959730,0.485437,0.540848,0.944610,0.915478,0.984987,0.911323,0.508405,0.995947,-0.019854,0.193453,0.242472,0.668070,0.866926,0.845900,0.802408,0.262030,0.887850,0.115569,-0.318039,-0.525596,-0.479323,0.877262,0.432296,0.880622,0.570936,0.909254,0.932091,0.678882,0.431275,0.973035,0.728888,0.526257,1.000000,0.975267,0.925913,0.888205,0.714585,0.692352,0.860960,0.987552,0.968038,0.964913,0.822901,0.925603,0.937962,0.686951,0.838354,0.946551,0.998390,0.983993,0.929262,0.921319,0.828394,-0.226824,0.301153,0.963641,0.841681,0.871296,0.905795,0.852102,0.996038,0.986272,0.619268,0.851254,0.995278,0.407864,0.498139,0.283547,0.972016,0.793866,0.586662,0.957050,0.674895,0.310992,0.960180,0.984163,0.827095,0.973011,0.788870,0.702211,0.832521,0.398180,0.905594,0.634877,0.753218,0.871589,0.837826,0.191562,-0.714154,-0.599368,0.924179,0.505781,0.886612
Parabrachial nucleus,0.988243,0.988762,0.882189,0.999601,0.999675,0.985920,0.966090,0.996524,0.996746,0.803653,0.910545,0.820835,0.743660,0.989358,0.983878,0.929622,0.919601,0.995465,0.996113,0.994735,0.993273,0.971350,0.769640,0.987148,0.908575,0.913094,0.759127,0.977199,0.895501,0.994222,0.997191,0.837917,0.900922,0.990861,0.873346,0.834791,0.742173,0.903177,0.975706,0.755821,0.230667,0.127475,0.705206,0.704533,0.570197,0.256806,0.665270,0.556246,0.844072,0.952282,0.190690,0.825651,0.816181,0.791926,0.248023,0.841324,0.857358,0.710485,0.319658,0.255742,0.294937,0.932294,0.947510,0.323385,0.948407,0.903343,-0.800576,0.654231,0.821918,0.863512,-0.661740,0.413977,0.900997,0.883660,0.982125,0.819765,0.975217,0.910418,0.942511,0.864142,0.945940,0.968204,0.952661,0.988070,0.722343,0.885885,0.819690,0.987473,0.321909,0.863855,0.998070,0.859788,0.633511,0.296471,0.750783,0.868478,0.984551,0.587897,0.907280,-0.339449,0.759028,0.851879,-0.103713,0.906098,0.868422,0.815203,-0.691150,0.982556,0.939070,0.818365,0.994029,0.983840,0.928045,0.998998,0.506615,0.851860,0.916748,0.955215,0.989286,0.901903,0.900230,0.711721,0.940978,0.867614,0.944995,0.886918,0.888116,0.975949,0.997843,0.796326,0.946296,0.388037,0.849592,0.689770,0.912960,0.898704,0.004848,0.716524,0.470489,0.905414,0.950652,0.736591,0.931849,0.992260,0.503131,0.377437,0.896102,0.810531,0.996017,0.921306,0.388297,0.963116,-0.223935,0.404808,0.417443,0.805439,0.912706,0.711324,0.848270,0.112274,0.960998,0.329154,-0.226820,-0.325681,-0.376184,0.957779,0.502987,0.836086,0.728073,0.976995,0.986651,0.823184,0.605933,0.942534,0.825404,0.699574,0.975267,1.000000,0.880933,0.900590,0.851518,0.659724,0.948696,0.994751,0.975349,0.887596,0.761268,0.980927,0.984474,0.813639,0.935133,0.874214,0.963522,0.971567,0.977214,0.830474,0.684577,-0.426121,0.496141,0.940013,0.810559,0.744911,0.798695,0.946529,0.987122,0.928022,0.519228,0.719535,0.971582,0.278601,0.624618,0.303285,0.951945,0.639824,0.455493,0.989181,0.807755,0.155587,0.946898,0.921442,0.714015,0.984817,0.633715,0.531912,0.707161,0.263770,0.881424,0.782860,0.879856,0.752482,0.756986,0.081212,-0.705613,-0.576461,0.950089,0.503051,0.770264
Dorsal nucleus raphe,0.925093,0.860831,0.661773,0.869036,0.868597,0.933812,0.755168,0.885248,0.910420,0.958049,0.953200,0.525566,0.425288,0.807734,0.784075,0.943324,0.941602,0.906942,0.912557,0.858216,0.920409,0.888311,0.713493,0.938510,0.727928,0.650294,0.778553,0.856148,0.991521,0.833513,0.912446,0.933562,0.697890,0.887083,0.704783,0.559638,0.449422,0.648359,0.761272,0.458319,-0.099543,-0.209164,0.413214,0.377898,0.199153,-0.163601,0.280791,0.246504,0.588802,0.817062,-0.293872,0.485402,0.499018,0.461803,-0.215329,0.618591,0.540977,0.651784,-0.025141,-0.169203,-0.132650,0.688471,0.729029,-0.067373,0.842046,0.752991,-0.443663,0.931492,0.629745,0.931894,-0.514667,0.088367,0.976321,0.955884,0.953787,0.993015,0.847232,0.767696,0.740193,0.662039,0.857300,0.802236,0.769939,0.917369,0.497724,0.643969,0.509863,0.880520,0.254533,0.647201,0.903423,0.713985,0.310752,-0.037791,0.896029,0.990022,0.884547,0.158743,0.990225,-0.659244,0.953044,0.668489,0.348531,0.729423,0.751803,0.969324,-0.380863,0.906021,0.771025,0.989501,0.920067,0.897290,0.886042,0.860630,0.490203,0.973971,0.929448,0.843869,0.802469,0.784021,0.992648,0.912006,0.898637,0.574671,0.914442,0.929861,0.996529,0.962144,0.908229,0.984195,0.979171,-0.094192,0.985927,0.924079,0.988936,0.784198,0.034689,0.691717,0.253366,0.925283,0.818302,0.961848,0.907860,0.819920,0.750752,0.749532,0.773847,0.940387,0.872514,0.689040,0.260507,0.896014,0.211822,0.052433,0.332311,0.644658,0.916175,0.886172,0.901768,0.567819,0.838474,0.069826,-0.649023,-0.537321,-0.202965,0.719202,0.663345,0.994147,0.550123,0.830728,0.860347,0.588217,0.436927,0.820499,0.786100,0.362528,0.925913,0.880933,1.000000,0.649372,0.588237,0.909676,0.793137,0.923902,0.957654,0.880325,0.976073,0.870597,0.889451,0.689472,0.766987,0.813068,0.941099,0.843829,0.761707,0.970305,0.840716,-0.226166,0.090642,0.794818,0.979953,0.808218,0.942839,0.747406,0.934590,0.950974,0.861311,0.895439,0.956453,0.163087,0.180686,0.596993,0.983534,0.795531,0.372171,0.912850,0.664576,0.108535,0.984616,0.941592,0.671227,0.824952,0.779810,0.780445,0.713731,0.161309,0.684819,0.433631,0.622025,0.928851,0.975363,0.537412,-0.402569,-0.267317,0.947250,0.777732,0.799012
Parabigeminal nucleus,0.823748,0.851106,0.743609,0.903230,0.907791,0.875276,0.882023,0.918120,0.890114,0.647922,0.804445,0.745210,0.674860,0.948992,0.927281,0.837416,0.829853,0.899230,0.859749,0.877950,0.845215,0.924421,0.867139,0.824262,0.744200,0.845187,0.801855,0.948916,0.713854,0.904179,0.869612,0.518188,0.753752,0.842407,0.682891,0.738635,0.640703,0.816300,0.920184,0.663145,0.174784,0.097125,0.596160,0.638323,0.548759,0.324999,0.678704,0.454942,0.727751,0.965313,0.501481,0.825054,0.769945,0.755280,0.405031,0.689203,0.833941,0.840997,0.699644,0.635933,0.370621,0.854176,0.850212,0.336336,0.751578,0.710900,-0.817355,0.331798,0.635199,0.558521,-0.868243,0.333688,0.755584,0.768744,0.821483,0.557867,0.954141,0.715549,0.821485,0.700003,0.737033,0.834362,0.819792,0.823096,0.545187,0.772716,0.764030,0.833995,0.015300,0.713735,0.872351,0.646301,0.552437,0.236865,0.389806,0.681194,0.822437,0.847287,0.657579,0.097439,0.422974,0.666451,-0.486064,0.736913,0.636918,0.644621,-0.936255,0.910139,0.781748,0.536237,0.849366,0.918200,0.685214,0.906630,0.694109,0.693708,0.842077,0.950567,0.933416,0.685085,0.715963,0.345490,0.897225,0.811901,0.712224,0.598044,0.637188,0.804853,0.886840,0.505885,0.727708,0.622721,0.662829,0.331553,0.740478,0.678136,-0.324971,0.393519,0.274579,0.631570,0.772977,0.418147,0.686180,0.943366,0.078543,0.160128,0.954427,0.689345,0.927651,0.998553,0.683153,0.914270,-0.324971,0.358231,0.117596,0.588090,0.646537,0.610202,0.535178,-0.177127,0.784988,0.182872,0.152216,-0.375534,-0.696367,0.906691,0.085302,0.566206,0.510167,0.835899,0.844021,0.677763,0.369336,0.958661,0.534509,0.646548,0.888205,0.900590,0.649372,1.000000,0.747605,0.293552,0.787682,0.871131,0.792232,0.863677,0.469867,0.819065,0.819829,0.570718,0.775213,0.907767,0.865286,0.955806,0.954360,0.667818,0.627752,-0.216474,0.524612,0.971582,0.507748,0.754658,0.666795,0.825437,0.872655,0.825536,0.194184,0.610341,0.842728,0.597047,0.798569,-0.140642,0.764871,0.610919,0.704608,0.827667,0.577288,0.464535,0.741150,0.831726,0.831452,0.960384,0.619445,0.443605,0.789762,0.579015,0.986458,0.774224,0.782714,0.613281,0.497227,-0.274787,-0.942851,-0.872410,0.720347,0.083624,0.797757
Retrosplenial area dorsal part,0.842040,0.908106,0.994684,0.865186,0.860278,0.754784,0.955552,0.810710,0.808394,0.394811,0.561763,0.996665,0.981950,0.866893,0.912813,0.599038,0.577649,0.797789,0.841824,0.897890,0.838733,0.713169,0.377761,0.816955,0.980480,0.986433,0.325367,0.751223,0.567842,0.900778,0.833002,0.714062,0.988926,0.885725,0.976151,0.999390,0.983361,0.993019,0.929638,0.986822,0.706592,0.628101,0.971915,0.970271,0.909040,0.701321,0.936533,0.908973,0.999478,0.706782,0.454247,0.972759,0.990375,0.985031,0.649277,0.993522,0.982202,0.307498,0.219293,0.308397,0.723430,0.980539,0.974137,0.762166,0.928703,0.966748,-0.962734,0.337546,0.980082,0.751169,-0.320504,0.829746,0.556424,0.512812,0.779987,0.510268,0.751648,0.961882,0.976823,0.989340,0.915437,0.950914,0.967174,0.854232,0.964205,0.997388,0.992996,0.895232,0.670519,0.993734,0.846401,0.963125,0.944942,0.753167,0.643118,0.521006,0.893968,0.648966,0.681526,-0.248252,0.540278,0.981038,-0.265704,0.979158,0.945737,0.420488,-0.539279,0.741797,0.968444,0.538675,0.836490,0.749295,0.877102,0.871798,0.059055,0.473861,0.571188,0.694091,0.894730,0.946979,0.579321,0.543657,0.629785,0.992851,0.855682,0.782507,0.633379,0.767567,0.819661,0.511543,0.740179,0.654668,0.487269,0.468948,0.596528,0.944831,0.378666,0.838876,0.840570,0.808929,0.945575,0.457321,0.854943,0.865027,0.432500,-0.093139,0.598414,0.392243,0.816485,0.757867,0.029883,0.686540,-0.665251,0.823015,0.740918,0.961861,0.828395,0.243418,0.776314,-0.273104,0.933842,0.765937,0.044951,0.215038,-0.061145,0.951599,0.558478,0.552781,0.947322,0.934496,0.910814,0.994057,0.891439,0.677172,0.879004,0.966808,0.714585,0.851518,0.588237,0.747605,1.000000,0.438715,0.959066,0.805134,0.788643,0.521349,0.452194,0.907648,0.889464,0.942425,0.969799,0.523833,0.680915,0.742488,0.890297,0.440682,0.201189,-0.807646,0.858412,0.691846,0.563626,0.292071,0.377477,0.974138,0.760983,0.597033,0.167755,0.256554,0.713184,-0.078548,0.801010,0.278052,0.704882,0.141942,0.055993,0.859106,0.952692,-0.238676,0.716583,0.581465,0.301541,0.810410,0.134769,0.016189,0.266131,-0.102639,0.645628,0.973814,0.998216,0.312045,0.403855,-0.205649,-0.545968,-0.410476,0.811713,0.384021,0.336473
Dorsal tegmental nucleus,0.760877,0.679942,0.528769,0.646629,0.642070,0.718979,0.542778,0.644688,0.692739,0.818222,0.746662,0.364039,0.285801,0.543360,0.538915,0.721375,0.719594,0.680322,0.722302,0.657115,0.740552,0.623175,0.377237,0.771282,0.605021,0.447062,0.486767,0.576718,0.853092,0.610910,0.713843,0.942200,0.564441,0.712390,0.616087,0.409959,0.337409,0.464950,0.519698,0.334277,-0.080782,-0.179320,0.320287,0.249947,0.079601,-0.256841,0.099369,0.197679,0.452201,0.509339,-0.582087,0.258523,0.314597,0.278142,-0.382499,0.511885,0.321747,0.304690,-0.438057,-0.550907,-0.244448,0.485939,0.536001,-0.135107,0.726521,0.653916,-0.211072,0.979513,0.557554,0.921977,-0.124563,0.068890,0.805156,0.762534,0.783499,0.943926,0.562667,0.667556,0.568725,0.556304,0.751493,0.629497,0.603579,0.754633,0.453611,0.488964,0.332080,0.712013,0.441808,0.530442,0.704089,0.648162,0.219441,-0.036691,0.965156,0.862403,0.724112,-0.219592,0.912742,-0.911435,0.990023,0.584110,0.678708,0.611279,0.696073,0.839511,0.033574,0.660000,0.629915,0.959911,0.736953,0.645858,0.811546,0.635718,0.151816,0.824720,0.695597,0.548487,0.553174,0.703822,0.855562,0.991721,0.635270,0.378989,0.823557,0.900592,0.923187,0.801702,0.694667,0.967396,0.866484,-0.377010,0.862118,0.999171,0.838861,0.708092,0.335161,0.758918,0.308499,0.878980,0.687639,0.985823,0.832411,0.561299,0.947059,0.778780,0.440906,0.769434,0.624393,0.344510,-0.124129,0.633300,0.322729,0.008168,0.484197,0.602231,0.862479,0.723404,0.906306,0.740324,0.701590,0.130870,-0.871323,-0.356562,0.195295,0.482537,0.864601,0.949062,0.535879,0.659275,0.684555,0.482847,0.479026,0.511403,0.789590,0.225326,0.692352,0.659724,0.909676,0.293552,0.438715,1.000000,0.650668,0.720629,0.809063,0.611573,0.968203,0.712457,0.730743,0.663325,0.629595,0.502386,0.718276,0.555502,0.489473,0.829970,0.648077,-0.306406,-0.046389,0.475227,0.972341,0.546015,0.783866,0.574263,0.722962,0.737889,0.947752,0.737321,0.758436,-0.208948,-0.128559,0.870986,0.839926,0.591768,0.002105,0.747269,0.631274,-0.223107,0.859195,0.719189,0.333039,0.544474,0.565725,0.655242,0.403715,-0.204571,0.323010,0.229444,0.456197,0.787673,0.939088,0.781822,0.010265,0.156715,0.848289,0.965773,0.516488
Retrosplenial area ventral part,0.957641,0.984815,0.980988,0.954832,0.950928,0.894274,0.983273,0.919191,0.926513,0.631908,0.755473,0.934469,0.888494,0.934187,0.960774,0.779977,0.763230,0.917192,0.952798,0.975964,0.953330,0.846372,0.531215,0.943372,0.993546,0.969959,0.514949,0.863671,0.774239,0.969254,0.946008,0.865940,0.989284,0.977185,0.982555,0.948589,0.898316,0.974472,0.965528,0.903909,0.498649,0.401145,0.877210,0.863213,0.754501,0.470992,0.803149,0.771819,0.959014,0.816127,0.236725,0.901634,0.920170,0.903114,0.412775,0.965282,0.928307,0.456455,0.152109,0.169261,0.498310,0.978887,0.988363,0.550895,0.994511,0.992224,-0.879388,0.581480,0.959429,0.893156,-0.417777,0.656974,0.759935,0.719615,0.920787,0.732303,0.860813,0.993688,0.994539,0.977351,0.989948,0.996697,0.997730,0.964154,0.901528,0.976549,0.926021,0.982131,0.597288,0.975349,0.952953,0.976200,0.820991,0.555229,0.799926,0.738486,0.982677,0.541179,0.860267,-0.421025,0.741915,0.973582,-0.074816,0.993124,0.976432,0.655348,-0.535772,0.874393,0.999350,0.752730,0.951481,0.876935,0.971428,0.956851,0.212459,0.697041,0.753966,0.816073,0.953521,0.988379,0.783313,0.730571,0.787073,0.948406,0.965023,0.915881,0.826181,0.914448,0.934295,0.730537,0.900272,0.457975,0.711631,0.678361,0.794855,0.986865,0.301289,0.876107,0.723753,0.934029,0.998761,0.682242,0.962333,0.937110,0.591507,0.192496,0.718924,0.623439,0.919007,0.809444,0.109494,0.828998,-0.426686,0.639035,0.677263,0.951230,0.945450,0.492220,0.901746,-0.005368,0.996900,0.603219,-0.195819,-0.023844,-0.112787,0.967426,0.656036,0.764831,0.907467,0.994297,0.986746,0.955065,0.826279,0.794968,0.938735,0.855115,0.860960,0.948696,0.793137,0.787682,0.959066,0.650668,1.000000,0.928934,0.928916,0.698760,0.682999,0.988142,0.981014,0.952435,0.999000,0.676616,0.840984,0.852666,0.935646,0.670815,0.444098,-0.689658,0.678097,0.796933,0.768463,0.500536,0.613286,0.995020,0.899260,0.781241,0.429183,0.505431,0.870992,-0.006318,0.664387,0.421960,0.874815,0.383435,0.168464,0.966219,0.951387,-0.145826,0.884227,0.766102,0.458867,0.897406,0.372401,0.284115,0.447339,-0.025055,0.723061,0.884555,0.969369,0.559201,0.645951,0.035696,-0.548439,-0.398690,0.943237,0.564273,0.530599
Retrosplenial area lateral agranular part,0.992741,0.978608,0.845426,0.991631,0.991851,0.996404,0.937616,0.994407,0.999196,0.857751,0.942834,0.767180,0.682231,0.971633,0.960422,0.956058,0.947966,0.997956,0.997430,0.983874,0.996482,0.977481,0.785126,0.995362,0.881061,0.870918,0.789972,0.975079,0.936157,0.978886,0.998778,0.868300,0.868587,0.986192,0.846201,0.785377,0.685158,0.861549,0.948382,0.698565,0.151263,0.044832,0.646783,0.639979,0.493060,0.163062,0.589800,0.489244,0.798720,0.948345,0.093538,0.765392,0.758662,0.730983,0.148609,0.801896,0.802692,0.725518,0.265858,0.179819,0.201015,0.894862,0.915756,0.235787,0.938837,0.881583,-0.736411,0.724502,0.787476,0.888719,-0.657661,0.339884,0.938820,0.922026,0.995430,0.872640,0.971730,0.890648,0.913226,0.829875,0.940018,0.948077,0.927899,0.990633,0.677255,0.845372,0.763552,0.981595,0.296190,0.826771,0.997305,0.836551,0.566843,0.217845,0.788456,0.914383,0.979806,0.513779,0.940864,-0.403771,0.810745,0.820648,-0.016375,0.879214,0.851698,0.868684,-0.649253,0.989117,0.916094,0.869433,0.997191,0.988333,0.931243,0.989289,0.529487,0.899169,0.943603,0.956300,0.969309,0.886786,0.939966,0.761723,0.956610,0.817195,0.952208,0.907424,0.927446,0.992084,0.999233,0.850421,0.970375,0.292910,0.898669,0.748147,0.949667,0.884109,-0.007574,0.712661,0.418397,0.921598,0.935777,0.796552,0.939525,0.976442,0.555075,0.469458,0.896458,0.860768,0.991419,0.895904,0.386037,0.972888,-0.127316,0.325750,0.390607,0.776525,0.925454,0.771053,0.868769,0.212748,0.949015,0.265114,-0.316970,-0.391996,-0.363661,0.924098,0.533386,0.885155,0.692425,0.961655,0.976538,0.780527,0.567640,0.941804,0.823197,0.633050,0.987552,0.994751,0.923902,0.871131,0.805134,0.720629,0.928934,1.000000,0.989756,0.911619,0.821005,0.973487,0.980826,0.792635,0.911853,0.887766,0.981542,0.968354,0.951655,0.881311,0.741472,-0.376148,0.411094,0.934317,0.859689,0.784354,0.851512,0.918168,0.997304,0.956110,0.601499,0.779291,0.989822,0.277492,0.542709,0.359500,0.977793,0.696934,0.463706,0.990573,0.782543,0.167343,0.972996,0.949400,0.732365,0.973398,0.689109,0.605445,0.735600,0.265294,0.865461,0.718536,0.836127,0.811542,0.819416,0.176841,-0.665504,-0.534419,0.964618,0.562117,0.802871
Ectorhinal area,0.995250,0.970803,0.839411,0.970935,0.969797,0.983348,0.911917,0.969173,0.983250,0.873603,0.935148,0.742500,0.658162,0.932893,0.926127,0.942350,0.934268,0.978890,0.990476,0.969274,0.993521,0.944985,0.719555,0.997952,0.882959,0.840945,0.743874,0.935419,0.953557,0.955480,0.989114,0.929447,0.864907,0.982365,0.857883,0.766905,0.671802,0.837960,0.913616,0.681807,0.145928,0.036284,0.637371,0.616600,0.460786,0.116371,0.542390,0.483577,0.786546,0.896982,-0.024799,0.716535,0.724654,0.694746,0.074310,0.801670,0.760060,0.652666,0.126037,0.039974,0.150126,0.867744,0.894570,0.203630,0.951249,0.893155,-0.682908,0.801104,0.799517,0.943362,-0.561214,0.333770,0.944438,0.919218,0.998292,0.920095,0.929766,0.902896,0.899910,0.832938,0.956768,0.938714,0.918351,0.993026,0.689763,0.830855,0.732456,0.979306,0.370810,0.825153,0.986697,0.856512,0.551218,0.210526,0.867563,0.935578,0.980470,0.394915,0.977570,-0.530121,0.883771,0.831270,0.118261,0.882798,0.877675,0.888437,-0.534213,0.963949,0.914967,0.922909,0.993144,0.960733,0.960559,0.967152,0.450277,0.912442,0.925209,0.910920,0.935012,0.906838,0.957809,0.846090,0.925966,0.784562,0.978168,0.955313,0.966276,0.998855,0.984425,0.907955,0.994285,0.188502,0.921077,0.832310,0.962844,0.905542,0.091617,0.775977,0.448057,0.963360,0.941459,0.866435,0.970152,0.940443,0.667870,0.530470,0.834564,0.865144,0.962781,0.823354,0.276184,0.941896,-0.071763,0.309049,0.458299,0.799547,0.964022,0.775482,0.925986,0.310096,0.954083,0.284823,-0.434734,-0.369995,-0.245195,0.887961,0.641049,0.933722,0.718476,0.954756,0.970368,0.778684,0.605058,0.890421,0.871544,0.605594,0.968038,0.975349,0.957654,0.792232,0.788643,0.809063,0.928916,0.989756,1.000000,0.878692,0.881348,0.973873,0.982423,0.824207,0.911673,0.836399,0.966838,0.924976,0.907042,0.897511,0.733230,-0.412499,0.366041,0.877624,0.919622,0.750278,0.860117,0.904804,0.985318,0.945867,0.687222,0.785797,0.984144,0.165957,0.447155,0.488651,0.992007,0.682358,0.366050,0.991685,0.809994,0.066574,0.993221,0.935545,0.663815,0.930879,0.670103,0.616698,0.679488,0.155840,0.787672,0.673677,0.816539,0.825535,0.870641,0.295465,-0.552418,-0.409401,0.990423,0.674331,0.761145
External cuneate nucleus,0.859802,0.812336,0.566747,0.876312,0.881676,0.942630,0.749585,0.921386,0.916474,0.935683,0.982546,0.481529,0.370229,0.872550,0.821168,0.985949,0.988161,0.925903,0.879943,0.835893,0.874928,0.969979,0.959329,0.879379,0.614870,0.641863,0.972019,0.952466,0.933753,0.839475,0.891303,0.682907,0.599782,0.831675,0.554616,0.496676,0.358297,0.615418,0.794123,0.379816,-0.229634,-0.325159,0.305888,0.317102,0.161503,-0.151110,0.301842,0.118515,0.506526,0.959654,0.009743,0.528462,0.486724,0.454246,-0.099247,0.497898,0.566242,0.930359,0.433012,0.254873,-0.105736,0.675357,0.700516,-0.107895,0.714499,0.610673,-0.500549,0.698288,0.468772,0.697252,-0.859740,-0.041007,0.961461,0.977505,0.902660,0.838347,0.950733,0.625606,0.684098,0.535375,0.718486,0.744182,0.705615,0.849220,0.322766,0.576978,0.487829,0.816952,-0.115351,0.534820,0.882018,0.537596,0.219121,-0.162611,0.590112,0.927536,0.811058,0.479081,0.840590,-0.232440,0.695727,0.516958,-0.044186,0.610723,0.561534,0.929211,-0.734691,0.957769,0.676241,0.807191,0.878894,0.955323,0.712773,0.870834,0.821267,0.947348,0.992772,0.970500,0.845234,0.618619,0.931180,0.608378,0.991089,0.565761,0.760751,0.713211,0.849356,0.900332,0.907732,0.791933,0.862921,0.143454,0.925167,0.637155,0.940494,0.614258,-0.392485,0.380726,0.012212,0.725025,0.708948,0.733050,0.736727,0.876644,0.347553,0.635223,0.970464,0.957815,0.918303,0.883091,0.680889,0.978352,0.165991,-0.041671,-0.017262,0.449406,0.722572,0.926090,0.649438,0.336470,0.735969,-0.142324,-0.309111,-0.721152,-0.641583,0.747807,0.243899,0.827318,0.335765,0.770315,0.805376,0.469703,0.179305,0.969337,0.532232,0.315305,0.964913,0.887596,0.880325,0.863677,0.521349,0.611573,0.698760,0.911619,0.878692,1.000000,0.784308,0.793815,0.814047,0.472422,0.668053,0.990865,0.971100,0.953809,0.837759,0.939173,0.929222,0.035857,0.096252,0.956933,0.768403,0.968314,0.948187,0.692849,0.938431,0.982401,0.620150,0.926396,0.949430,0.599306,0.389955,0.147034,0.909610,0.913141,0.756535,0.847838,0.457473,0.530810,0.886878,0.987974,0.937726,0.916403,0.912946,0.827730,0.947267,0.594519,0.919132,0.456039,0.570586,0.925909,0.825791,0.212707,-0.750585,-0.668966,0.806507,0.389219,0.976943
Paracentral nucleus,0.832935,0.748017,0.539330,0.746106,0.744638,0.833697,0.614642,0.763584,0.800256,0.935825,0.882840,0.379760,0.281305,0.662717,0.638659,0.861246,0.862099,0.794318,0.809082,0.738529,0.822110,0.769770,0.594798,0.849559,0.617053,0.500260,0.689771,0.724286,0.950536,0.702836,0.806808,0.926638,0.579160,0.781873,0.605915,0.421118,0.318178,0.505115,0.613118,0.322671,-0.191617,-0.296350,0.287798,0.235824,0.052665,-0.304678,0.113531,0.131998,0.457963,0.676362,-0.491329,0.313436,0.342692,0.303217,-0.383338,0.502884,0.375655,0.532468,-0.218072,-0.373857,-0.281176,0.542800,0.591458,-0.197835,0.750682,0.655449,-0.267095,0.988265,0.530327,0.912752,-0.364789,-0.018196,0.922589,0.897239,0.869713,0.994730,0.712516,0.671643,0.611739,0.551040,0.772797,0.682021,0.647330,0.823554,0.399886,0.510964,0.356759,0.775952,0.264316,0.530004,0.794990,0.626598,0.180502,-0.137416,0.918760,0.959179,0.783671,-0.059740,0.958516,-0.784128,0.981304,0.567528,0.543053,0.620724,0.673921,0.948727,-0.181630,0.792872,0.658289,0.994937,0.820744,0.780287,0.821297,0.735132,0.392142,0.939269,0.845052,0.711995,0.659352,0.699157,0.950815,0.953077,0.792406,0.420190,0.848473,0.898897,0.973186,0.884271,0.798048,0.997690,0.925103,-0.297860,0.960562,0.973981,0.939455,0.701236,0.107361,0.670723,0.189176,0.883818,0.716740,0.996413,0.847490,0.678470,0.837944,0.838377,0.633372,0.904698,0.746021,0.516121,0.127954,0.782520,0.359426,-0.066158,0.325900,0.560599,0.868504,0.868098,0.882459,0.720339,0.737729,0.001545,-0.798918,-0.540641,-0.056014,0.566490,0.728678,0.992076,0.470783,0.715614,0.749150,0.470319,0.377078,0.683362,0.743098,0.215917,0.822901,0.761268,0.976073,0.469867,0.452194,0.968203,0.682999,0.821005,0.881348,0.784308,1.000000,0.767650,0.790261,0.618228,0.655188,0.694359,0.847964,0.708512,0.606574,0.943056,0.812343,-0.173717,-0.065687,0.649424,0.990003,0.737948,0.913977,0.619267,0.835008,0.873311,0.948903,0.878316,0.870277,0.040931,-0.028216,0.721204,0.922208,0.766450,0.251738,0.816895,0.587025,0.018096,0.929041,0.861442,0.557878,0.682352,0.746215,0.797133,0.619729,0.044515,0.519149,0.265948,0.482738,0.914182,0.994256,0.706923,-0.205000,-0.070952,0.886612,0.870251,0.714234
Lingula (I),0.990459,0.998293,0.940147,0.982965,0.980419,0.950675,0.975925,0.961863,0.970390,0.742486,0.846607,0.875071,0.811931,0.958056,0.970179,0.865400,0.852008,0.963595,0.987373,0.993679,0.988211,0.909664,0.633043,0.983087,0.964510,0.938824,0.629894,0.917300,0.860748,0.985544,0.983274,0.896782,0.955414,0.997871,0.945490,0.892602,0.821489,0.939026,0.967814,0.829702,0.359686,0.255897,0.793612,0.779178,0.650293,0.338661,0.716657,0.665132,0.905902,0.874987,0.153226,0.849182,0.860803,0.838433,0.291511,0.913734,0.882266,0.561647,0.170690,0.144543,0.370001,0.954918,0.970760,0.420335,0.991925,0.966175,-0.822614,0.670156,0.906983,0.920120,-0.504494,0.533512,0.850636,0.817582,0.969726,0.815863,0.913651,0.971034,0.975185,0.933503,0.990706,0.992109,0.984155,0.993421,0.826029,0.935519,0.867025,0.999229,0.498121,0.929920,0.986570,0.939537,0.724914,0.421064,0.827866,0.831127,0.999479,0.512021,0.918429,-0.450531,0.801331,0.929103,-0.020426,0.963868,0.947463,0.761966,-0.566930,0.932961,0.982074,0.828063,0.987159,0.933583,0.978867,0.982845,0.332018,0.798187,0.843564,0.879696,0.969614,0.968039,0.867864,0.776475,0.865953,0.902672,0.983137,0.940001,0.892947,0.965439,0.975304,0.807746,0.951775,0.372465,0.808772,0.739594,0.877762,0.966325,0.199128,0.837569,0.614715,0.955387,0.991611,0.759066,0.977252,0.962461,0.612880,0.327105,0.792737,0.736070,0.959705,0.843959,0.203005,0.897722,-0.295122,0.514413,0.584054,0.900005,0.963082,0.620016,0.917399,0.109158,0.995955,0.475855,-0.277737,-0.174774,-0.193525,0.958366,0.640966,0.840782,0.839100,0.996986,0.998946,0.898245,0.740635,0.859615,0.918127,0.770487,0.925603,0.980927,0.870597,0.819065,0.907648,0.712457,0.988142,0.973487,0.973873,0.793815,0.767650,1.000000,0.999135,0.909503,0.980292,0.766293,0.912275,0.907046,0.949128,0.775695,0.575932,-0.578098,0.567203,0.856397,0.834805,0.621708,0.727087,0.977549,0.954272,0.866974,0.529573,0.631845,0.935729,0.087771,0.603005,0.433026,0.937511,0.519519,0.273762,0.994330,0.903663,-0.039383,0.942477,0.854289,0.566969,0.936023,0.508619,0.427661,0.564339,0.071937,0.778436,0.820131,0.926167,0.679226,0.742810,0.123350,-0.581793,-0.434456,0.975370,0.599502,0.645674
Entorhinal area lateral part,0.995306,0.997422,0.925203,0.985347,0.983099,0.961096,0.968657,0.967941,0.977255,0.769673,0.866948,0.854460,0.787056,0.958434,0.966912,0.883826,0.871379,0.970988,0.992188,0.993584,0.993318,0.921029,0.653957,0.989797,0.953025,0.925167,0.655350,0.925686,0.881160,0.984629,0.988672,0.904646,0.942383,0.999128,0.932480,0.873160,0.797084,0.924569,0.962644,0.805774,0.321097,0.215885,0.767736,0.752491,0.618296,0.299683,0.688273,0.633853,0.887509,0.884298,0.124080,0.829213,0.839755,0.815946,0.254169,0.896368,0.864200,0.583349,0.167386,0.129860,0.331737,0.943250,0.961036,0.382283,0.987911,0.955997,-0.801355,0.695104,0.890069,0.926511,-0.520253,0.498290,0.871564,0.840115,0.978951,0.837295,0.921717,0.961773,0.965404,0.918278,0.987819,0.986388,0.976073,0.997308,0.803353,0.920085,0.846208,0.999612,0.473841,0.914037,0.990937,0.927105,0.695671,0.383392,0.836207,0.853489,0.999943,0.495811,0.932132,-0.463357,0.817798,0.914136,0.001345,0.952418,0.937364,0.788236,-0.566701,0.943375,0.973473,0.847589,0.992423,0.943353,0.978476,0.984583,0.358112,0.822509,0.862932,0.890574,0.968123,0.959826,0.887752,0.790071,0.881728,0.885145,0.985379,0.945193,0.909149,0.975436,0.981449,0.828071,0.962887,0.342654,0.832483,0.757393,0.896921,0.958140,0.176585,0.827389,0.584921,0.959454,0.986025,0.780151,0.978922,0.963362,0.622165,0.364776,0.805777,0.763208,0.965085,0.845796,0.221058,0.910657,-0.256046,0.478389,0.560634,0.884036,0.965957,0.651647,0.920940,0.144342,0.991964,0.441225,-0.304696,-0.212908,-0.207764,0.950151,0.640195,0.860155,0.818994,0.993308,0.997822,0.879457,0.716957,0.870522,0.911570,0.743457,0.937962,0.984474,0.889451,0.819829,0.889464,0.730743,0.981014,0.980826,0.982423,0.814047,0.790261,0.999135,1.000000,0.896155,0.971370,0.784215,0.926711,0.915471,0.946471,0.801256,0.608127,-0.548144,0.533077,0.865656,0.852268,0.649498,0.754800,0.968254,0.964368,0.885663,0.558687,0.663174,0.948819,0.106351,0.579141,0.441184,0.951126,0.552727,0.295314,0.997837,0.888846,-0.016434,0.955217,0.873485,0.589653,0.940197,0.541667,0.464611,0.590064,0.091463,0.785787,0.797321,0.909920,0.709073,0.768266,0.152499,-0.582191,-0.435444,0.981352,0.612483,0.671337
Central lobule,0.855582,0.891319,0.964903,0.822965,0.815318,0.739555,0.890315,0.762572,0.782349,0.465106,0.570484,0.917475,0.898885,0.781165,0.832830,0.591796,0.571539,0.765269,0.833798,0.866572,0.840142,0.654778,0.255080,0.832910,0.972913,0.903706,0.252440,0.672963,0.633739,0.848428,0.819507,0.864427,0.966791,0.880550,0.988963,0.935761,0.925250,0.923849,0.846287,0.921564,0.648712,0.560989,0.920946,0.886528,0.798409,0.548862,0.795959,0.859756,0.951467,0.602932,0.150291,0.839295,0.889411,0.877218,0.435896,0.973940,0.865257,0.169056,-0.102376,-0.027081,0.562346,0.906732,0.916196,0.644045,0.954104,0.982764,-0.817098,0.543178,0.988930,0.885010,-0.121123,0.774498,0.596124,0.535211,0.799564,0.645664,0.667754,0.980548,0.936724,0.979855,0.952057,0.924730,0.937711,0.866360,0.967016,0.947668,0.898947,0.892506,0.812015,0.972802,0.829524,0.995453,0.875649,0.692004,0.834767,0.597822,0.898052,0.360112,0.783370,-0.552001,0.727828,0.989049,0.066710,0.975466,0.994574,0.498591,-0.278482,0.698976,0.957503,0.685496,0.835618,0.700169,0.945287,0.825520,-0.089021,0.534952,0.554376,0.605747,0.816882,0.984651,0.645608,0.753498,0.580827,0.899339,0.919412,0.899582,0.743014,0.796953,0.795348,0.668514,0.809867,0.382035,0.568424,0.683311,0.651345,0.985675,0.577538,0.972325,0.873396,0.910746,0.953773,0.643198,0.928590,0.786172,0.701478,0.091665,0.474938,0.436363,0.759763,0.596764,-0.197834,0.633436,-0.492427,0.742683,0.867866,0.996810,0.921526,0.292835,0.912573,-0.009089,0.942575,0.770023,-0.255938,0.218804,0.190776,0.861445,0.803730,0.688279,0.984058,0.916389,0.897443,0.969054,0.949529,0.575166,0.982929,0.873362,0.686951,0.813639,0.689472,0.570718,0.942425,0.663325,0.952435,0.792635,0.824207,0.472422,0.618228,0.909503,0.896155,1.000000,0.960623,0.430123,0.666694,0.655799,0.787536,0.509878,0.222376,-0.855426,0.715985,0.575772,0.722661,0.249282,0.431893,0.934521,0.747805,0.597990,0.398867,0.310354,0.717922,-0.309690,0.556143,0.582513,0.755501,0.149827,-0.139626,0.867866,0.999112,-0.440326,0.779831,0.574791,0.174080,0.720611,0.132364,0.087148,0.170619,-0.327942,0.479115,0.845966,0.935965,0.381187,0.552526,0.099521,-0.290400,-0.128180,0.879583,0.656104,0.273774
Perirhinal area,0.943820,0.976525,0.988522,0.942438,0.938159,0.873905,0.981092,0.902734,0.909652,0.596874,0.725601,0.947653,0.906877,0.923166,0.953834,0.751670,0.734021,0.899644,0.938508,0.966495,0.938941,0.824252,0.499354,0.927607,0.997571,0.974769,0.479299,0.844303,0.745574,0.960249,0.930971,0.852976,0.994747,0.966822,0.988945,0.960703,0.916709,0.980504,0.960640,0.921523,0.536890,0.441656,0.897660,0.883882,0.781545,0.507516,0.824854,0.799450,0.970231,0.795474,0.260234,0.912995,0.933429,0.918000,0.446396,0.975991,0.937669,0.423963,0.146327,0.176006,0.533550,0.981565,0.989134,0.586516,0.990810,0.995364,-0.892116,0.552913,0.970398,0.881213,-0.390887,0.690000,0.730139,0.687902,0.902437,0.704618,0.841692,0.995833,0.995775,0.985757,0.985284,0.993616,0.997261,0.951338,0.919465,0.984177,0.939139,0.972788,0.623332,0.984235,0.938949,0.982483,0.845337,0.591826,0.788060,0.708186,0.973411,0.547516,0.839428,-0.410288,0.721159,0.982172,-0.090608,0.997212,0.980461,0.621353,-0.524568,0.853508,0.999933,0.727336,0.936870,0.856603,0.964875,0.945074,0.176885,0.664469,0.724570,0.794020,0.944667,0.989856,0.755176,0.713774,0.760677,0.957567,0.955399,0.904679,0.802985,0.895521,0.918232,0.704686,0.881221,0.481054,0.680139,0.657334,0.767155,0.988405,0.329469,0.883288,0.752205,0.923565,0.996385,0.656691,0.953641,0.925638,0.582407,0.152324,0.694373,0.587870,0.903132,0.795952,0.082026,0.805372,-0.463203,0.672502,0.701232,0.961856,0.936025,0.452821,0.893051,-0.038892,0.992727,0.637564,-0.170847,0.020147,-0.089042,0.965835,0.657268,0.739214,0.923272,0.989104,0.978817,0.967357,0.847449,0.772724,0.940450,0.876001,0.838354,0.935133,0.766987,0.775213,0.969799,0.629595,0.999000,0.911853,0.911673,0.668053,0.655188,0.980292,0.971370,0.960623,1.000000,0.647613,0.816521,0.833136,0.927654,0.637266,0.403765,-0.718982,0.707456,0.776200,0.745601,0.463112,0.577413,0.995706,0.879271,0.752831,0.397865,0.466371,0.848284,-0.033435,0.679504,0.416580,0.852641,0.342149,0.137276,0.953733,0.960983,-0.175941,0.863293,0.737053,0.425507,0.882264,0.331134,0.241043,0.411413,-0.052937,0.703894,0.899467,0.977672,0.521745,0.614771,0.009765,-0.536535,-0.386777,0.929629,0.551263,0.494832
Entorhinal area medial part dorsal zone,0.826443,0.791870,0.556935,0.864854,0.871228,0.919502,0.749846,0.911622,0.897939,0.881044,0.950276,0.493744,0.386882,0.878720,0.825936,0.959743,0.961610,0.909828,0.854785,0.820784,0.846113,0.963908,0.982072,0.844756,0.595016,0.651609,0.974789,0.954545,0.879584,0.832738,0.868139,0.599747,0.586113,0.806221,0.528071,0.502218,0.365170,0.620300,0.800789,0.389011,-0.206113,-0.294933,0.311269,0.335437,0.195020,-0.091348,0.343742,0.128328,0.505524,0.972224,0.128551,0.561591,0.507642,0.478774,-0.015792,0.485690,0.591698,0.960726,0.550305,0.381457,-0.043793,0.680721,0.698907,-0.063529,0.679282,0.581519,-0.539358,0.595396,0.445924,0.620111,-0.916336,-0.024187,0.917261,0.940226,0.866288,0.758962,0.955124,0.595051,0.675679,0.518198,0.678748,0.728862,0.692447,0.816597,0.306097,0.574934,0.505910,0.790801,-0.174799,0.522238,0.860343,0.503703,0.234256,-0.139792,0.493155,0.869483,0.782316,0.578639,0.773344,-0.102222,0.598608,0.493245,-0.175092,0.589420,0.520524,0.871382,-0.817451,0.945497,0.656320,0.723748,0.850918,0.945596,0.660745,0.861096,0.860166,0.895515,0.970474,0.976646,0.848685,0.580687,0.876828,0.504408,0.981340,0.581694,0.709497,0.642192,0.779127,0.860158,0.888627,0.704986,0.807633,0.244747,0.865686,0.531231,0.890403,0.575173,-0.465923,0.310907,-0.007897,0.659660,0.680676,0.636328,0.682076,0.879955,0.227066,0.545659,0.991529,0.913205,0.912033,0.920254,0.755620,0.970149,0.097364,-0.014664,-0.073825,0.416652,0.660620,0.881293,0.572311,0.223771,0.706903,-0.146425,-0.180435,-0.706468,-0.726806,0.758194,0.134568,0.747833,0.305223,0.751218,0.783684,0.460376,0.144466,0.981154,0.470252,0.337626,0.946551,0.874214,0.813068,0.907767,0.523833,0.502386,0.676616,0.887766,0.836399,0.990865,0.694359,0.766293,0.784215,0.430123,0.647613,1.000000,0.947437,0.959323,0.851479,0.884532,0.896062,0.060548,0.144607,0.974618,0.680800,0.959280,0.899779,0.684038,0.914531,0.952991,0.510244,0.879720,0.918406,0.678288,0.472794,0.018414,0.861132,0.886208,0.816239,0.816570,0.419964,0.600846,0.833778,0.961625,0.963528,0.923568,0.890225,0.778457,0.960223,0.671452,0.958459,0.488691,0.573749,0.872624,0.742194,0.085950,-0.830790,-0.763033,0.752792,0.266825,0.975378
Culmen,0.956241,0.921379,0.728628,0.955768,0.958093,0.994181,0.862000,0.978210,0.981546,0.927554,0.987732,0.638033,0.537608,0.936972,0.906879,0.994312,0.991145,0.984515,0.965480,0.933570,0.963870,0.991041,0.872392,0.967457,0.774343,0.771299,0.888149,0.978485,0.968585,0.929633,0.970928,0.822479,0.758234,0.936469,0.729181,0.657419,0.536944,0.755347,0.886807,0.553613,-0.036882,-0.142109,0.491800,0.488911,0.330203,-0.005856,0.446299,0.316008,0.671618,0.963839,0.012756,0.652093,0.632854,0.601175,0.002771,0.673175,0.692917,0.823814,0.308245,0.173554,0.035453,0.801732,0.827460,0.059337,0.858467,0.775916,-0.621163,0.759585,0.655277,0.838172,-0.744290,0.157013,0.979727,0.975921,0.979245,0.897792,0.975037,0.788424,0.820666,0.707888,0.862612,0.870565,0.840521,0.949787,0.524063,0.730735,0.637016,0.927207,0.125052,0.704324,0.965169,0.718466,0.403910,0.031181,0.740113,0.955293,0.924347,0.469748,0.931208,-0.374243,0.802643,0.696443,0.016520,0.771883,0.740573,0.931464,-0.670700,0.993654,0.822531,0.882612,0.965850,0.991160,0.859527,0.951281,0.663318,0.954387,0.989497,0.975577,0.923627,0.785625,0.969465,0.736974,0.991226,0.703857,0.893455,0.853679,0.929250,0.977684,0.977588,0.866347,0.953496,0.190005,0.946225,0.744133,0.977619,0.782512,-0.165675,0.589652,0.237737,0.864935,0.851706,0.812722,0.876360,0.942527,0.507112,0.587692,0.938119,0.936199,0.973891,0.890335,0.506424,0.993333,0.035319,0.145489,0.221649,0.643649,0.864623,0.872902,0.804588,0.315151,0.872018,0.075825,-0.363726,-0.560599,-0.471887,0.850296,0.441942,0.899277,0.543350,0.891694,0.917374,0.647192,0.403030,0.965221,0.718693,0.482916,0.998390,0.963522,0.941099,0.865286,0.680915,0.718276,0.840984,0.981542,0.966838,0.971100,0.847964,0.912275,0.926711,0.666694,0.816521,0.947437,1.000000,0.974296,0.906927,0.941880,0.854379,-0.193683,0.249707,0.953187,0.860308,0.887548,0.927971,0.827644,0.992930,0.993780,0.658635,0.878140,0.996698,0.407597,0.448607,0.309059,0.977389,0.820555,0.589648,0.948613,0.652426,0.318849,0.965583,0.991754,0.832634,0.958535,0.814764,0.738494,0.843492,0.399482,0.890445,0.592463,0.720865,0.897577,0.864691,0.241673,-0.687937,-0.573574,0.922872,0.531493,0.898970
Parafascicular nucleus,0.933548,0.926375,0.768485,0.968446,0.971707,0.976620,0.906112,0.987055,0.976715,0.831753,0.938357,0.716357,0.626730,0.977518,0.951305,0.957294,0.951747,0.982239,0.954676,0.945039,0.947325,0.995513,0.895098,0.939859,0.795160,0.837645,0.874791,0.999592,0.887688,0.954262,0.962006,0.719558,0.790091,0.930968,0.741922,0.724845,0.611435,0.815828,0.936798,0.631036,0.067823,-0.028969,0.565408,0.582126,0.449237,0.151507,0.574298,0.399935,0.728373,0.997401,0.235008,0.759033,0.724035,0.699040,0.190581,0.712319,0.786913,0.854036,0.489774,0.384953,0.195964,0.859226,0.872388,0.195619,0.846527,0.781267,-0.737435,0.594478,0.678018,0.747029,-0.819782,0.252694,0.912225,0.914960,0.944846,0.777125,0.999872,0.790509,0.855914,0.737220,0.842343,0.890187,0.866583,0.929720,0.561806,0.782490,0.723925,0.922059,0.091927,0.741224,0.960087,0.719434,0.494511,0.135535,0.614068,0.864795,0.915314,0.656427,0.843353,-0.180320,0.663175,0.715721,-0.207735,0.790514,0.727913,0.833061,-0.810579,0.991317,0.839474,0.759330,0.950254,0.993523,0.817186,0.967436,0.691616,0.868875,0.956012,0.997572,0.963430,0.775284,0.889333,0.591041,0.982205,0.783855,0.848401,0.773931,0.832414,0.936437,0.973180,0.736072,0.888093,0.395112,0.850857,0.587758,0.905124,0.770390,-0.231829,0.531475,0.274153,0.795641,0.852246,0.665429,0.827026,0.978265,0.338164,0.411239,0.975652,0.854861,0.988808,0.969978,0.594741,0.991925,-0.133643,0.256577,0.194307,0.650302,0.802359,0.780601,0.717686,0.101459,0.869135,0.138212,-0.144870,-0.487377,-0.580937,0.909995,0.305396,0.782416,0.557441,0.902888,0.920990,0.692165,0.412965,0.994758,0.669150,0.582160,0.983993,0.971567,0.843829,0.955806,0.742488,0.555502,0.852666,0.968354,0.924976,0.953809,0.708512,0.907046,0.915471,0.655799,0.833136,0.959323,0.974296,1.000000,0.962760,0.849651,0.776693,-0.222440,0.390782,0.993654,0.734316,0.853195,0.839931,0.861664,0.974858,0.951752,0.472298,0.783958,0.963097,0.497443,0.625572,0.123939,0.917638,0.748512,0.653162,0.931123,0.650534,0.384790,0.900591,0.952992,0.854901,0.994047,0.748730,0.625175,0.842361,0.484383,0.962700,0.702034,0.781118,0.797601,0.729351,0.017119,-0.823643,-0.723633,0.868313,0.353726,0.879516
Pontine gray,0.938176,0.965726,0.899488,0.981452,0.982204,0.937762,0.981097,0.973331,0.961161,0.683912,0.831835,0.876348,0.812864,0.996926,0.996750,0.862140,0.849861,0.961908,0.956279,0.976843,0.948338,0.942500,0.757922,0.931914,0.906758,0.952169,0.713865,0.964216,0.789498,0.988293,0.958701,0.720187,0.909754,0.957531,0.866157,0.879782,0.798346,0.937762,0.994603,0.813957,0.334549,0.242349,0.762346,0.779298,0.673954,0.406381,0.772498,0.629222,0.878930,0.950496,0.394415,0.905851,0.883323,0.866308,0.423800,0.860304,0.924389,0.706658,0.471649,0.441198,0.445860,0.962105,0.964930,0.452130,0.913134,0.887467,-0.890294,0.478904,0.826822,0.756108,-0.701878,0.503164,0.806357,0.794485,0.919858,0.680483,0.965717,0.891038,0.951597,0.872840,0.902885,0.960906,0.952583,0.940772,0.745978,0.913763,0.882873,0.954966,0.295350,0.879522,0.963420,0.842367,0.709203,0.397752,0.614972,0.753874,0.948676,0.743021,0.798039,-0.153469,0.607317,0.851969,-0.308124,0.902415,0.837675,0.693291,-0.794637,0.947866,0.931616,0.677736,0.949831,0.953548,0.864919,0.984227,0.504741,0.741166,0.852282,0.942440,0.997097,0.871351,0.795017,0.557035,0.899028,0.921807,0.877752,0.789434,0.770335,0.907474,0.962942,0.649796,0.856910,0.571466,0.730598,0.524526,0.814442,0.866663,-0.042619,0.650121,0.503448,0.817127,0.927027,0.576434,0.861490,0.995276,0.336166,0.193865,0.897604,0.703321,0.978503,0.964428,0.446300,0.928585,-0.384667,0.508166,0.392862,0.796229,0.830955,0.595135,0.746380,-0.095346,0.933314,0.391210,-0.015367,-0.233999,-0.454557,0.987161,0.369282,0.700669,0.729549,0.961073,0.962583,0.848472,0.608904,0.936725,0.761788,0.779937,0.929262,0.977214,0.761707,0.954360,0.890297,0.489473,0.935646,0.951655,0.907042,0.837759,0.606574,0.949128,0.946471,0.787536,0.927654,0.851479,0.906927,0.962760,1.000000,0.713892,0.581706,-0.453680,0.622355,0.944661,0.668755,0.680499,0.685659,0.954192,0.938636,0.856060,0.327070,0.601608,0.908467,0.340784,0.773833,0.128283,0.866168,0.542686,0.488153,0.944295,0.790425,0.198155,0.857079,0.852292,0.702632,0.986281,0.542101,0.399777,0.673972,0.321577,0.916549,0.867932,0.915752,0.629246,0.604664,-0.132190,-0.804729,-0.691536,0.872569,0.326579,0.719237
Declive (VI),0.855059,0.775300,0.514431,0.814469,0.817167,0.910705,0.662275,0.854793,0.872349,0.998657,0.979299,0.378979,0.264014,0.766515,0.719899,0.965665,0.969509,0.875451,0.853330,0.784354,0.857956,0.895207,0.826870,0.877662,0.585444,0.536047,0.891239,0.856663,0.988363,0.766529,0.859345,0.819793,0.555374,0.806937,0.545934,0.409865,0.277366,0.523195,0.689041,0.291567,-0.304430,-0.407609,0.232434,0.210432,0.028838,-0.321721,0.138252,0.048149,0.435567,0.838889,-0.308943,0.371401,0.362223,0.322896,-0.330477,0.455918,0.425754,0.783473,0.101890,-0.092374,-0.285570,0.578745,0.620163,-0.245005,0.719752,0.605485,-0.331344,0.899757,0.455929,0.816543,-0.650679,-0.115798,0.989759,0.989239,0.905465,0.964727,0.849201,0.623227,0.621781,0.503758,0.735427,0.696605,0.654321,0.842761,0.304070,0.504373,0.370286,0.794475,0.013058,0.491487,0.846320,0.549002,0.127629,-0.241750,0.770440,0.994279,0.795519,0.171601,0.929063,-0.535221,0.874275,0.503272,0.299111,0.585257,0.590099,0.999526,-0.458302,0.898145,0.643698,0.944506,0.859659,0.889130,0.762606,0.804722,0.670141,0.999207,0.963407,0.865762,0.746553,0.635858,0.985925,0.809419,0.927782,0.448811,0.806574,0.814791,0.946826,0.913370,0.865106,0.940152,0.917453,-0.147887,0.997072,0.844485,0.983218,0.634762,-0.199431,0.497459,0.026583,0.810532,0.696362,0.911791,0.792617,0.777628,0.610962,0.825225,0.832230,0.994296,0.842866,0.703030,0.449521,0.909550,0.356463,-0.141767,0.094853,0.463450,0.798824,0.971285,0.770588,0.610742,0.724205,-0.155525,-0.615643,-0.722592,-0.384925,0.635300,0.480331,0.952836,0.351884,0.731318,0.771741,0.422193,0.218264,0.851116,0.618187,0.198866,0.921319,0.830474,0.970305,0.667818,0.440682,0.829970,0.670815,0.881311,0.897511,0.939173,0.943056,0.775695,0.801256,0.509878,0.637266,0.884532,0.941880,0.849651,0.713892,1.000000,0.946722,0.005595,-0.067576,0.824098,0.917528,0.918866,0.995445,0.631087,0.908446,0.970479,0.851256,0.975742,0.938709,0.366859,0.123635,0.449817,0.945613,0.918468,0.557195,0.837852,0.483368,0.331862,0.935420,0.968663,0.802122,0.807536,0.907993,0.899850,0.844889,0.368538,0.736131,0.304611,0.485241,0.989574,0.968033,0.527150,-0.479361,-0.373626,0.857549,0.656895,0.906294
Folium-tuber vermis (VII),0.681266,0.587894,0.268632,0.664524,0.671135,0.794148,0.475050,0.733263,0.739241,0.960122,0.922439,0.146317,0.022440,0.638420,0.565522,0.904866,0.915811,0.750780,0.693905,0.611542,0.693892,0.819748,0.899558,0.714070,0.339746,0.331885,0.957552,0.776046,0.892174,0.604346,0.707490,0.592396,0.312283,0.623905,0.282283,0.170226,0.020404,0.305789,0.526742,0.040288,-0.550732,-0.635716,-0.031903,-0.034409,-0.203094,-0.504932,-0.067129,-0.222393,0.189067,0.788157,-0.303710,0.182417,0.143981,0.105436,-0.456080,0.195213,0.230230,0.884554,0.258529,0.015150,-0.465317,0.376730,0.415602,-0.461121,0.488859,0.351463,-0.148228,0.775289,0.180648,0.587138,-0.769288,-0.378804,0.915340,0.941317,0.756068,0.837945,0.771164,0.371636,0.404503,0.244562,0.503759,0.489573,0.437854,0.663983,0.016419,0.269647,0.147647,0.604749,-0.309646,0.236741,0.690291,0.277085,-0.130223,-0.492730,0.532342,0.907586,0.601782,0.169297,0.761240,-0.322614,0.689042,0.235045,0.208832,0.337371,0.318910,0.947075,-0.515852,0.802825,0.412777,0.797400,0.698145,0.794201,0.526668,0.653849,0.846311,0.939941,0.918256,0.812782,0.600755,0.378363,0.885199,0.598661,0.879150,0.237166,0.587293,0.585729,0.792762,0.762742,0.725936,0.794847,0.749596,-0.209083,0.919386,0.661261,0.883956,0.375705,-0.491676,0.192395,-0.279011,0.582115,0.467935,0.761441,0.564890,0.647136,0.369738,0.851268,0.830813,0.973663,0.723434,0.653884,0.657598,0.841692,0.518617,-0.389296,-0.230322,0.177877,0.567926,0.994630,0.524341,0.613991,0.503436,-0.442454,-0.516755,-0.902679,-0.589338,0.462344,0.193240,0.809744,0.054011,0.529450,0.580593,0.160105,-0.094151,0.811021,0.336703,-0.039915,0.828394,0.684577,0.840716,0.627752,0.201189,0.648077,0.444098,0.741472,0.733230,0.929222,0.812343,0.575932,0.608127,0.222376,0.403765,0.896062,0.854379,0.776693,0.581706,0.946722,1.000000,0.314655,-0.274646,0.784585,0.749773,0.980213,0.973080,0.415741,0.788061,0.905531,0.760652,0.992284,0.826938,0.602402,0.032797,0.214247,0.806734,0.996897,0.750208,0.658972,0.196063,0.597204,0.782558,0.913919,0.900520,0.707397,0.994304,0.976043,0.940002,0.608618,0.733760,0.101863,0.255929,0.978796,0.869146,0.467555,-0.534131,-0.477502,0.657843,0.436761,0.964081
Posterior hypothalamic nucleus,-0.470023,-0.553569,-0.794400,-0.445726,-0.434707,-0.296486,-0.611263,-0.350336,-0.366973,0.056208,-0.064608,-0.811976,-0.859627,-0.417805,-0.506915,-0.094236,-0.068759,-0.344066,-0.441556,-0.516560,-0.447982,-0.199324,0.233331,-0.430618,-0.764990,-0.699889,0.265385,-0.239693,-0.143703,-0.502185,-0.420299,-0.529494,-0.773244,-0.524274,-0.811670,-0.817460,-0.887003,-0.733697,-0.540514,-0.872663,-0.921690,-0.881331,-0.910805,-0.877806,-0.881068,-0.797770,-0.805638,-0.952594,-0.823132,-0.164501,-0.299369,-0.715349,-0.785356,-0.793802,-0.660376,-0.842470,-0.715619,0.309398,0.245475,0.043325,-0.789596,-0.679238,-0.668205,-0.867929,-0.668349,-0.768968,0.711614,-0.121512,-0.865539,-0.551856,-0.296367,-0.952673,-0.094130,-0.020654,-0.375983,-0.185964,-0.237073,-0.756166,-0.694533,-0.822266,-0.658742,-0.638042,-0.678054,-0.489646,-0.931345,-0.776575,-0.792862,-0.546141,-0.957640,-0.819261,-0.439085,-0.821261,-0.918531,-0.932864,-0.533677,-0.100891,-0.553290,-0.252381,-0.359688,0.373249,-0.346349,-0.836727,0.037255,-0.768837,-0.798623,0.016517,-0.010373,-0.251695,-0.711113,-0.246533,-0.441262,-0.257269,-0.640830,-0.453774,0.540199,-0.022165,-0.050491,-0.154565,-0.472748,-0.757086,-0.158957,-0.419923,-0.096126,-0.745688,-0.583344,-0.566323,-0.303917,-0.370160,-0.386725,-0.231653,-0.390774,-0.475190,-0.066160,-0.318553,-0.164888,-0.759579,-0.827974,-0.846480,-0.998128,-0.578687,-0.678688,-0.225568,-0.604434,-0.418224,-0.492580,0.358316,-0.016893,0.092041,-0.352599,-0.228328,0.547817,-0.167058,0.749641,-0.926652,-0.969391,-0.875368,-0.596475,0.242559,-0.612083,0.328055,-0.648952,-0.983727,-0.017781,-0.692459,-0.505330,-0.589287,-0.685130,-0.242377,-0.928840,-0.608958,-0.563492,-0.856232,-0.974577,-0.125410,-0.779317,-0.867675,-0.226824,-0.426121,-0.226166,-0.216474,-0.807646,-0.306406,-0.689658,-0.376148,-0.412499,0.035857,-0.173717,-0.578098,-0.548144,-0.855426,-0.718982,0.060548,-0.193683,-0.222440,-0.453680,0.005595,0.314655,1.000000,-0.838121,-0.139672,-0.308294,0.279693,0.095802,-0.686433,-0.307796,-0.100122,0.010311,0.224166,-0.258567,0.627309,-0.516643,-0.460511,-0.307056,0.383883,0.539591,-0.493683,-0.868248,0.750746,-0.343890,-0.072911,0.312705,-0.322181,0.399755,0.432047,0.336198,0.648198,-0.071377,-0.764789,-0.772154,0.147735,-0.079204,0.143569,-0.008361,-0.136669,-0.507250,-0.412942,0.247845
Pyramus (VIII),0.452911,0.575415,0.804252,0.520454,0.515002,0.344049,0.702365,0.444800,0.424547,-0.115876,0.095435,0.894829,0.938987,0.564090,0.633943,0.148221,0.123187,0.414371,0.462267,0.565893,0.452845,0.325285,0.030918,0.413957,0.744326,0.805965,-0.077178,0.393074,0.074195,0.586460,0.452097,0.280089,0.774358,0.531039,0.751505,0.875802,0.923649,0.813961,0.668718,0.923011,0.925048,0.897923,0.931385,0.954011,0.991952,0.966409,0.977779,0.957313,0.856585,0.365375,0.759685,0.895283,0.905442,0.922450,0.940370,0.828508,0.871105,-0.015110,0.310378,0.508520,0.974995,0.774525,0.740390,0.978112,0.608278,0.710134,-0.909856,-0.181082,0.802801,0.327669,-0.090443,0.958862,0.071985,0.033088,0.359313,-0.002831,0.399574,0.694938,0.735208,0.795802,0.581779,0.664320,0.704241,0.472605,0.865269,0.820253,0.901345,0.546415,0.645746,0.811282,0.474230,0.728289,0.963268,0.943944,0.213320,0.017235,0.541799,0.716503,0.209971,0.130756,0.053625,0.780199,-0.566702,0.741456,0.682432,-0.092299,-0.444061,0.347803,0.703480,0.032845,0.450532,0.362844,0.514721,0.534021,-0.216763,-0.028793,0.123759,0.332089,0.600462,0.665104,0.087417,0.081013,0.216765,0.861247,0.471609,0.368484,0.146893,0.338210,0.439434,0.002239,0.290891,0.877623,-0.021629,-0.017605,0.111624,0.662106,0.421266,0.582064,0.862717,0.404758,0.644909,-0.052457,0.473885,0.553718,0.039920,-0.590678,0.262004,-0.105817,0.460411,0.511283,-0.103853,0.287717,-0.954043,0.975007,0.684728,0.769176,0.434786,-0.253790,0.376549,-0.704576,0.618193,0.887485,0.480532,0.591592,0.028320,0.721891,0.248890,0.048129,0.809516,0.626124,0.578702,0.848325,0.809364,0.327114,0.575367,0.960117,0.301153,0.496141,0.090642,0.524612,0.858412,-0.046389,0.678097,0.411094,0.366041,0.096252,-0.065687,0.567203,0.533077,0.715985,0.707456,0.144607,0.249707,0.390782,0.622355,-0.067576,-0.274646,-0.838121,1.000000,0.361991,0.067961,-0.138555,-0.126180,0.727465,0.350922,0.140352,-0.346491,-0.243914,0.277800,-0.175383,0.883888,-0.056304,0.246997,-0.317670,-0.143663,0.481604,0.744766,-0.339019,0.259434,0.127880,-0.035281,0.485214,-0.315806,-0.466782,-0.107287,-0.204081,0.377958,0.927923,0.835869,-0.198392,-0.122461,-0.607527,-0.438374,-0.359294,0.397624,-0.035869,-0.077173
Uvula (IX),0.887308,0.881582,0.711926,0.936596,0.941224,0.948628,0.868961,0.962967,0.946401,0.809638,0.921169,0.670796,0.579812,0.957720,0.924307,0.941600,0.937609,0.954966,0.915230,0.906004,0.905301,0.984159,0.929857,0.895698,0.735104,0.799270,0.900295,0.990078,0.852176,0.921059,0.925230,0.639479,0.732948,0.885414,0.674459,0.675150,0.556934,0.772180,0.908438,0.578983,0.017062,-0.073674,0.508109,0.534620,0.409341,0.130582,0.545224,0.341224,0.674574,0.999117,0.283144,0.732415,0.685343,0.661660,0.193015,0.650684,0.756075,0.898218,0.576771,0.462441,0.177124,0.819932,0.829976,0.161277,0.784803,0.715550,-0.714183,0.530979,0.608497,0.668978,-0.877783,0.197071,0.886015,0.897856,0.903547,0.723615,0.991861,0.724947,0.807677,0.674322,0.778692,0.842186,0.816861,0.882501,0.490487,0.731690,0.683090,0.874522,-0.008468,0.681180,0.922832,0.646976,0.441795,0.084003,0.525193,0.829931,0.865759,0.699459,0.784990,-0.081094,0.587632,0.647956,-0.280959,0.729334,0.653040,0.806357,-0.863390,0.972737,0.783425,0.699157,0.909197,0.976015,0.747635,0.935996,0.755837,0.843094,0.945602,0.996326,0.938149,0.705363,0.852659,0.506000,0.975906,0.745468,0.783509,0.698518,0.776192,0.893329,0.941137,0.674803,0.834637,0.421928,0.817528,0.508687,0.870557,0.699607,-0.333083,0.435641,0.194441,0.722716,0.793788,0.598587,0.758590,0.956815,0.237083,0.387831,0.992415,0.841111,0.966562,0.981063,0.679316,0.981596,-0.121030,0.208603,0.095357,0.574282,0.730172,0.776836,0.635246,0.060865,0.812412,0.067799,-0.073701,-0.530498,-0.668428,0.880175,0.196980,0.724928,0.478367,0.854851,0.874771,0.631085,0.327359,0.998768,0.583325,0.537635,0.963641,0.940013,0.794818,0.971582,0.691846,0.475227,0.796933,0.934317,0.877624,0.956933,0.649424,0.856397,0.865656,0.575772,0.776200,0.974618,0.953187,0.993654,0.944661,0.824098,0.784585,-0.139672,0.361991,1.000000,0.667293,0.872846,0.824189,0.813807,0.945623,0.933788,0.413295,0.777855,0.933181,0.589415,0.640378,0.019166,0.874105,0.764629,0.728957,0.884402,0.572305,0.479628,0.851742,0.938685,0.896719,0.981617,0.768359,0.631189,0.878431,0.576572,0.985971,0.671333,0.733585,0.782462,0.680629,-0.044922,-0.874938,-0.791204,0.807472,0.257233,0.901352
Piriform area,0.882361,0.813773,0.644627,0.798882,0.796124,0.861045,0.695655,0.802983,0.839282,0.903133,0.874026,0.495202,0.405805,0.717134,0.705703,0.858535,0.855641,0.830793,0.856900,0.800535,0.869723,0.788493,0.561243,0.892830,0.714612,0.597723,0.645237,0.751464,0.946417,0.765421,0.852146,0.970152,0.679968,0.841734,0.708465,0.535107,0.443567,0.606052,0.685752,0.446587,-0.051374,-0.158963,0.416512,0.363861,0.187202,-0.171195,0.238892,0.269538,0.570609,0.696119,-0.411255,0.421395,0.457065,0.420190,-0.262289,0.614799,0.480925,0.490745,-0.219256,-0.341962,-0.148523,0.635675,0.680359,-0.059597,0.828854,0.750662,-0.376543,0.967433,0.642382,0.961236,-0.333780,0.122835,0.914362,0.880633,0.904483,0.989390,0.740068,0.764474,0.702356,0.658214,0.848142,0.761950,0.733931,0.876086,0.524406,0.616106,0.471292,0.838816,0.382499,0.638211,0.843542,0.728321,0.314088,0.003662,0.959236,0.947796,0.846778,0.003847,0.981689,-0.794110,0.994271,0.674834,0.496671,0.718403,0.769984,0.920717,-0.200535,0.817171,0.747683,0.997167,0.867636,0.806203,0.890251,0.789639,0.321185,0.918510,0.837308,0.728221,0.720933,0.789840,0.948826,0.975023,0.795133,0.526722,0.909123,0.951247,0.987419,0.917028,0.839770,0.996817,0.956301,-0.199403,0.943809,0.980675,0.939584,0.791942,0.204884,0.765899,0.324556,0.939623,0.798624,0.992047,0.910252,0.732009,0.867052,0.754077,0.634756,0.869913,0.786872,0.553339,0.068369,0.795916,0.229858,0.074406,0.445890,0.671069,0.927936,0.812115,0.939884,0.635381,0.814922,0.141169,-0.753212,-0.431879,-0.006100,0.647599,0.789502,0.994808,0.590452,0.790007,0.815983,0.585325,0.503125,0.697249,0.830011,0.343789,0.841681,0.810559,0.979953,0.507748,0.563626,0.972341,0.768463,0.859689,0.919622,0.768403,0.990003,0.834805,0.852268,0.722661,0.745601,0.680800,0.860308,0.734316,0.668755,0.917528,0.749773,-0.308294,0.067961,0.667293,1.000000,0.687674,0.877531,0.708540,0.863753,0.870451,0.907737,0.824350,0.889683,-0.027959,0.068337,0.744768,0.943295,0.696141,0.187966,0.870440,0.694914,-0.070624,0.954080,0.855640,0.514182,0.723149,0.674986,0.713584,0.568553,-0.027954,0.534463,0.381356,0.588951,0.868989,0.972510,0.644713,-0.223257,-0.076009,0.935307,0.887109,0.670782
Nodulus (X),0.714374,0.643109,0.343265,0.728445,0.736011,0.833996,0.560986,0.795180,0.789413,0.928400,0.934414,0.249400,0.129291,0.725599,0.654326,0.927949,0.936666,0.803365,0.737912,0.673109,0.732801,0.878704,0.968173,0.743564,0.400362,0.432059,0.995651,0.848761,0.875547,0.677174,0.753459,0.548094,0.381613,0.670842,0.333305,0.264889,0.114446,0.399934,0.619246,0.137827,-0.462378,-0.545842,0.058832,0.073277,-0.081759,-0.368858,0.068555,-0.132502,0.275219,0.870975,-0.109618,0.311303,0.258001,0.223507,-0.292876,0.266090,0.350113,0.957079,0.434093,0.209054,-0.324191,0.470906,0.500274,-0.339844,0.525709,0.398689,-0.283524,0.673660,0.236215,0.553951,-0.876812,-0.287534,0.911049,0.942579,0.780342,0.782684,0.846937,0.416725,0.480338,0.308844,0.533593,0.554624,0.506807,0.699002,0.077685,0.354780,0.258170,0.651458,-0.332389,0.307421,0.739268,0.317243,-0.029587,-0.400899,0.463297,0.881891,0.644940,0.357908,0.736275,-0.174177,0.611953,0.289915,0.014393,0.395943,0.348446,0.913269,-0.675120,0.855948,0.472753,0.738960,0.737998,0.851276,0.537114,0.720542,0.908419,0.918610,0.944188,0.886184,0.686494,0.412468,0.869274,0.512213,0.926452,0.345436,0.597317,0.563322,0.759913,0.780967,0.776239,0.729421,0.745408,-0.020207,0.888973,0.566204,0.875134,0.408082,-0.559287,0.173818,-0.234919,0.569433,0.515273,0.678203,0.570213,0.730436,0.250362,0.730600,0.915787,0.955057,0.790399,0.772698,0.763262,0.895682,0.374036,-0.285220,-0.242654,0.218771,0.561336,0.963077,0.492924,0.445660,0.548951,-0.384745,-0.346355,-0.870743,-0.711103,0.561228,0.098291,0.757830,0.095747,0.588362,0.634374,0.234601,-0.063898,0.890443,0.332901,0.072701,0.871296,0.744911,0.808218,0.754658,0.292071,0.546015,0.500536,0.784354,0.750278,0.968314,0.737948,0.621708,0.649498,0.249282,0.463112,0.959280,0.887548,0.853195,0.680499,0.918866,0.980213,0.279693,-0.138555,0.872846,0.687674,1.000000,0.948179,0.490903,0.827384,0.924214,0.635017,0.959368,0.852984,0.703960,0.211531,0.069769,0.808876,0.980203,0.838893,0.696167,0.230006,0.673099,0.779443,0.935358,0.966607,0.791478,0.982537,0.918855,0.986330,0.705434,0.846283,0.229673,0.347918,0.941847,0.799349,0.285500,-0.690722,-0.640339,0.661293,0.311130,0.997458
Paragigantocellular reticular nucleus dorsal part,0.814735,0.730540,0.449866,0.781392,0.785295,0.888032,0.616944,0.830506,0.844592,0.998335,0.974360,0.317339,0.198486,0.739838,0.684977,0.959662,0.965589,0.850269,0.817464,0.744140,0.820662,0.884884,0.859558,0.840523,0.521422,0.484574,0.922109,0.844685,0.971301,0.729492,0.825822,0.761505,0.491966,0.763646,0.475944,0.346342,0.207173,0.467536,0.651510,0.223294,-0.378459,-0.477463,0.159467,0.143331,-0.036286,-0.376294,0.082557,-0.028831,0.370133,0.835727,-0.306583,0.323117,0.304881,0.265414,-0.367579,0.386192,0.375978,0.824096,0.153209,-0.057371,-0.338582,0.528268,0.569207,-0.308697,0.661121,0.538942,-0.284463,0.871381,0.381563,0.757881,-0.695701,-0.192458,0.979403,0.986801,0.872710,0.937498,0.837964,0.557559,0.566899,0.434888,0.676591,0.645370,0.599902,0.800869,0.224409,0.443188,0.311664,0.749063,-0.082268,0.423928,0.811485,0.476367,0.055565,-0.316339,0.707855,0.979873,0.748857,0.177269,0.890034,-0.475548,0.828282,0.431522,0.271601,0.520542,0.517918,0.995072,-0.484282,0.881879,0.584695,0.910986,0.823158,0.872964,0.702388,0.771321,0.731288,0.993030,0.962047,0.862039,0.714398,0.568349,0.967516,0.754938,0.925469,0.394296,0.751765,0.756456,0.911873,0.880207,0.835483,0.906950,0.878754,-0.163299,0.985241,0.798321,0.965371,0.566741,-0.289323,0.413116,-0.062016,0.752560,0.638422,0.876363,0.735051,0.750287,0.544426,0.839825,0.843551,0.999492,0.819172,0.699563,0.518461,0.901519,0.405053,-0.213883,-0.000000,0.385807,0.740125,0.988854,0.706470,0.615018,0.668804,-0.240461,-0.589874,-0.783349,-0.452397,0.594147,0.399322,0.920745,0.269329,0.681870,0.725805,0.351747,0.129595,0.851150,0.542542,0.133526,0.905795,0.798695,0.942839,0.666795,0.377477,0.783866,0.613286,0.851512,0.860117,0.948187,0.913977,0.727087,0.754800,0.431893,0.577413,0.899779,0.927971,0.839931,0.685659,0.995445,0.973080,0.095802,-0.126180,0.824189,0.877531,0.948179,1.000000,0.576867,0.884608,0.963211,0.831724,0.991330,0.917458,0.442815,0.102460,0.382473,0.915917,0.951966,0.622579,0.795923,0.405290,0.415586,0.901369,0.964439,0.842027,0.789496,0.943800,0.931542,0.883877,0.445740,0.746673,0.251467,0.425582,0.997193,0.948719,0.511636,-0.504709,-0.412323,0.808949,0.596962,0.934723
Prelimbic area,0.941098,0.979173,0.986686,0.954396,0.951090,0.882874,0.993999,0.918629,0.919609,0.591397,0.733698,0.956860,0.914785,0.946561,0.973388,0.763218,0.745824,0.911798,0.942010,0.973813,0.939886,0.846334,0.546157,0.925304,0.991319,0.989011,0.514409,0.870352,0.737153,0.973178,0.936407,0.812629,0.991808,0.967374,0.975928,0.966072,0.917662,0.990351,0.980044,0.924811,0.530152,0.436922,0.895722,0.890967,0.793478,0.527938,0.847476,0.794021,0.971682,0.829545,0.330611,0.938323,0.948698,0.934435,0.485487,0.969816,0.959291,0.475911,0.237112,0.264087,0.556837,0.994379,0.998484,0.597416,0.979405,0.983064,-0.920246,0.507090,0.956279,0.844732,-0.457036,0.684202,0.729618,0.693393,0.900598,0.676778,0.869188,0.983301,0.999924,0.977896,0.971303,0.996119,0.999326,0.948451,0.903814,0.987825,0.952534,0.972111,0.567177,0.979301,0.944747,0.964174,0.846820,0.586477,0.736173,0.697814,0.970811,0.620584,0.816537,-0.329276,0.675317,0.969412,-0.173812,0.989861,0.958747,0.613041,-0.598899,0.870483,0.996337,0.695041,0.938570,0.875020,0.943265,0.957824,0.234612,0.659862,0.739481,0.824527,0.964656,0.972453,0.746320,0.659826,0.782717,0.972697,0.936630,0.872303,0.779366,0.891311,0.927254,0.669963,0.866039,0.541607,0.669348,0.604632,0.761169,0.970105,0.258255,0.837241,0.724014,0.894909,0.989023,0.614141,0.931675,0.947348,0.509077,0.120646,0.736470,0.589945,0.921099,0.842205,0.158241,0.826875,-0.489529,0.673516,0.649648,0.940760,0.909163,0.456223,0.854187,-0.094585,0.986149,0.615054,-0.099330,-0.003245,-0.170012,0.985418,0.584794,0.710082,0.899310,0.990473,0.980326,0.961933,0.815362,0.807233,0.904952,0.885705,0.852102,0.946529,0.747406,0.825437,0.974138,0.574263,0.995020,0.918168,0.904804,0.692849,0.619267,0.977549,0.968254,0.934521,0.995706,0.684038,0.827644,0.861664,0.954192,0.631087,0.415741,-0.686433,0.727465,0.813807,0.708540,0.490903,0.576867,1.000000,0.887449,0.762161,0.347380,0.468307,0.853086,0.044278,0.735161,0.332625,0.844482,0.358668,0.206161,0.951593,0.937247,-0.103954,0.850953,0.748912,0.474854,0.909123,0.350553,0.241693,0.453326,0.023674,0.755090,0.921536,0.984480,0.518285,0.585600,-0.061431,-0.609701,-0.468272,0.911893,0.479249,0.527080
Edinger-Westphal nucleus,0.983098,0.960938,0.804308,0.982209,0.983237,0.999921,0.912695,0.992542,0.996802,0.888326,0.964206,0.720964,0.629702,0.962571,0.944067,0.974933,0.968696,0.997169,0.989546,0.968880,0.988343,0.986957,0.822021,0.989029,0.843975,0.836487,0.831092,0.980642,0.952732,0.964267,0.992472,0.854577,0.830046,0.971440,0.805015,0.739703,0.631272,0.824556,0.928890,0.645987,0.079710,-0.026730,0.590133,0.584791,0.432694,0.098908,0.537277,0.424899,0.753437,0.958421,0.062851,0.725232,0.713683,0.684345,0.093229,0.756015,0.764053,0.766379,0.283187,0.178096,0.138313,0.863029,0.885875,0.169073,0.912126,0.844910,-0.695372,0.741212,0.740207,0.873267,-0.693727,0.271184,0.958652,0.946763,0.993596,0.886167,0.977239,0.855337,0.881704,0.786704,0.914453,0.922487,0.898433,0.979312,0.621443,0.805077,0.718317,0.965033,0.231864,0.783406,0.989346,0.794920,0.506785,0.147151,0.773429,0.934121,0.962828,0.499045,0.941323,-0.394311,0.811256,0.776591,-0.003716,0.841886,0.812810,0.896615,-0.660249,0.995187,0.884209,0.878356,0.989542,0.993741,0.907834,0.979033,0.583120,0.924326,0.965352,0.967867,0.956009,0.851872,0.955434,0.755638,0.974078,0.777260,0.933864,0.890822,0.932245,0.990924,0.995307,0.860317,0.968181,0.254619,0.920890,0.749961,0.964580,0.849017,-0.068213,0.668629,0.350918,0.903934,0.907627,0.806315,0.919435,0.967689,0.539193,0.516950,0.916341,0.893508,0.989027,0.897648,0.433855,0.984988,-0.065409,0.257981,0.327527,0.728956,0.906204,0.813538,0.847999,0.253064,0.923638,0.193642,-0.336401,-0.458416,-0.406707,0.899805,0.500717,0.894504,0.638271,0.939025,0.958118,0.732780,0.506984,0.954892,0.786743,0.578187,0.996038,0.987122,0.934590,0.872655,0.760983,0.722962,0.899260,0.997304,0.985318,0.938431,0.835008,0.954272,0.964368,0.747805,0.879271,0.914531,0.992930,0.974858,0.938636,0.908446,0.788061,-0.307796,0.350922,0.945623,0.863753,0.827384,0.884608,0.887449,1.000000,0.974764,0.626140,0.820662,0.996808,0.328562,0.508902,0.341821,0.981948,0.747435,0.514008,0.978823,0.736063,0.226152,0.974444,0.969819,0.774017,0.971939,0.740353,0.659182,0.780202,0.317880,0.878794,0.673270,0.795548,0.848143,0.840436,0.202595,-0.676952,-0.551699,0.952855,0.552921,0.843253
Paragigantocellular reticular nucleus lateral part,0.925126,0.875502,0.651872,0.917303,0.920340,0.976861,0.800456,0.949112,0.954674,0.961438,0.998969,0.549142,0.441335,0.893408,0.854452,0.999705,0.999368,0.958955,0.933688,0.889213,0.933050,0.976235,0.889739,0.941107,0.705391,0.695805,0.917968,0.955691,0.981326,0.882990,0.940494,0.807163,0.685557,0.895990,0.658178,0.571037,0.442209,0.678435,0.829909,0.459396,-0.144808,-0.249182,0.395074,0.389791,0.223316,-0.117011,0.343975,0.212258,0.587649,0.944173,-0.072515,0.563973,0.542813,0.508500,-0.104591,0.592243,0.608383,0.845560,0.282122,0.121449,-0.075682,0.730503,0.760639,-0.052018,0.806946,0.710758,-0.530758,0.795984,0.576666,0.817830,-0.752517,0.049529,0.993222,0.994016,0.959487,0.917242,0.951461,0.725293,0.754129,0.631455,0.814164,0.813278,0.777938,0.916248,0.435261,0.652351,0.547481,0.884706,0.051444,0.626116,0.932060,0.649740,0.301649,-0.077368,0.730312,0.974259,0.882255,0.399734,0.926970,-0.395127,0.812879,0.621404,0.079738,0.703172,0.677531,0.962621,-0.636685,0.976142,0.759456,0.897461,0.935364,0.971900,0.818517,0.911173,0.704972,0.978833,0.997716,0.959907,0.875455,0.725725,0.980685,0.742326,0.988963,0.620500,0.858273,0.829096,0.932233,0.960254,0.948878,0.884292,0.940648,0.094745,0.969466,0.761080,0.986314,0.722860,-0.220299,0.534074,0.142453,0.836530,0.795930,0.835546,0.840433,0.900232,0.511477,0.668038,0.930080,0.969352,0.942958,0.852557,0.532121,0.982901,0.145514,0.036099,0.145833,0.568443,0.832798,0.921785,0.777774,0.401825,0.819807,-0.025749,-0.425093,-0.642190,-0.488237,0.786446,0.420735,0.912831,0.461157,0.839256,0.870992,0.563415,0.317471,0.950022,0.667098,0.383040,0.986272,0.928022,0.950974,0.825536,0.597033,0.737889,0.781241,0.956110,0.945867,0.982401,0.873311,0.866974,0.885663,0.597990,0.752831,0.952991,0.993780,0.951752,0.856060,0.970479,0.905531,-0.100122,0.140352,0.933788,0.870451,0.924214,0.963211,0.762161,0.974764,1.000000,0.711750,0.925952,0.986958,0.439405,0.358229,0.319794,0.970368,0.876068,0.621567,0.914032,0.580152,0.367406,0.956729,0.999450,0.856826,0.924675,0.870025,0.808907,0.876010,0.434391,0.868232,0.499140,0.640557,0.940392,0.897185,0.315005,-0.654926,-0.547417,0.896927,0.545201,0.928939
Dorsal premammillary nucleus,0.615895,0.501545,0.267817,0.498830,0.497364,0.625469,0.335767,0.527103,0.573997,0.856188,0.733603,0.087213,-0.008015,0.396178,0.363490,0.695583,0.702335,0.567845,0.582531,0.488101,0.600489,0.553104,0.435550,0.639731,0.358276,0.207090,0.565274,0.489523,0.825065,0.442515,0.580006,0.803303,0.312079,0.545917,0.357709,0.134468,0.039448,0.216430,0.332500,0.039736,-0.393764,-0.481560,0.015625,-0.050263,-0.227894,-0.547331,-0.188474,-0.121457,0.177960,0.441712,-0.738625,0.002928,0.042244,0.001499,-0.639739,0.236814,0.069516,0.384535,-0.417832,-0.600361,-0.533661,0.254643,0.311543,-0.441503,0.518303,0.410431,0.045852,0.984366,0.280307,0.772676,-0.187867,-0.252465,0.788365,0.766420,0.670601,0.915028,0.475219,0.428853,0.339053,0.290018,0.548612,0.421318,0.381481,0.602915,0.152817,0.230009,0.058633,0.538798,0.156596,0.262907,0.563416,0.390344,-0.091855,-0.353521,0.832326,0.850405,0.549854,-0.354882,0.820743,-0.850364,0.918099,0.316395,0.755168,0.364006,0.448991,0.866023,0.076176,0.575816,0.400459,0.913302,0.598661,0.558618,0.620598,0.484474,0.304279,0.835440,0.682240,0.487180,0.389449,0.468468,0.822625,0.899601,0.600788,0.121513,0.650778,0.743422,0.850927,0.692591,0.569770,0.927509,0.758252,-0.583882,0.862263,0.941138,0.801823,0.472514,0.101568,0.511532,-0.010206,0.714891,0.472674,0.953160,0.654535,0.415343,0.841093,0.935495,0.417620,0.814128,0.504383,0.244472,0.014438,0.574822,0.601593,-0.309590,0.192958,0.326731,0.690892,0.817959,0.737547,0.900663,0.496590,-0.189719,-0.937574,-0.586033,0.075525,0.277831,0.690632,0.901735,0.242578,0.462307,0.503544,0.202059,0.173974,0.456931,0.559316,-0.073480,0.619268,0.519228,0.861311,0.194184,0.167755,0.947752,0.429183,0.601499,0.687222,0.620150,0.948903,0.529573,0.558687,0.398867,0.397865,0.510244,0.658635,0.472298,0.327070,0.851256,0.760652,0.010311,-0.346491,0.413295,0.907737,0.635017,0.831724,0.347380,0.626140,0.711750,1.000000,0.826738,0.681203,-0.045672,-0.341960,0.781079,0.755559,0.724207,0.144716,0.593573,0.360375,-0.014326,0.765137,0.700467,0.416143,0.427933,0.701334,0.815083,0.500743,-0.033386,0.273282,-0.041630,0.196206,0.855169,0.947469,0.889266,0.052405,0.162773,0.701397,0.886621,0.591301
Fasciola cinerea,0.732489,0.637338,0.330635,0.699772,0.704882,0.825386,0.515853,0.760053,0.772932,0.985396,0.942053,0.195993,0.073483,0.660291,0.595235,0.922771,0.932027,0.781130,0.737621,0.654650,0.740465,0.832636,0.861808,0.763054,0.405720,0.373841,0.930168,0.786809,0.932033,0.640986,0.748275,0.681095,0.374990,0.674257,0.356392,0.224506,0.079838,0.353544,0.557899,0.097033,-0.495868,-0.587586,0.030576,0.017226,-0.160029,-0.483039,-0.035906,-0.158522,0.247913,0.786544,-0.357798,0.211188,0.186057,0.146018,-0.459941,0.262747,0.263723,0.836422,0.162320,-0.070910,-0.445706,0.419763,0.462140,-0.424378,0.556909,0.423732,-0.173241,0.846209,0.256908,0.673549,-0.705704,-0.318467,0.944941,0.960908,0.801970,0.897720,0.780257,0.443762,0.457474,0.313559,0.573973,0.542409,0.492518,0.716256,0.094486,0.325273,0.192096,0.657264,-0.199506,0.302565,0.731573,0.356729,-0.072911,-0.436987,0.630773,0.946791,0.656529,0.121249,0.826132,-0.432624,0.773001,0.309426,0.290402,0.404587,0.401296,0.977390,-0.457500,0.823667,0.474415,0.864475,0.743655,0.813838,0.603477,0.688624,0.776181,0.969174,0.930354,0.814490,0.628626,0.455337,0.926326,0.693021,0.886594,0.279015,0.659037,0.669189,0.855367,0.810666,0.761516,0.863157,0.808986,-0.239644,0.956938,0.749159,0.922732,0.453632,-0.380530,0.297935,-0.191894,0.662792,0.532327,0.835932,0.640532,0.670851,0.481685,0.878301,0.812694,0.989695,0.748167,0.641687,0.564733,0.853499,0.505909,-0.337433,-0.121753,0.261347,0.647750,0.999773,0.615513,0.659935,0.565963,-0.365758,-0.596213,-0.856235,-0.493132,0.495020,0.312974,0.873847,0.140724,0.582391,0.631606,0.226982,-0.000332,0.806924,0.431297,0.008418,0.851254,0.719535,0.895439,0.610341,0.256554,0.737321,0.505431,0.779291,0.785797,0.926396,0.878316,0.631845,0.663174,0.310354,0.466371,0.879720,0.878140,0.783958,0.601608,0.975742,0.992284,0.224166,-0.243914,0.777855,0.824350,0.959368,0.991330,0.468307,0.820662,0.925952,0.826738,1.000000,0.860386,0.501383,0.015689,0.330238,0.855240,0.980127,0.667150,0.710684,0.282008,0.493158,0.836910,0.930316,0.855029,0.721249,0.973649,0.970552,0.900956,0.507389,0.708276,0.135056,0.307920,0.996448,0.923757,0.537002,-0.477474,-0.402885,0.725230,0.543755,0.940757
Primary motor area,0.974152,0.940652,0.763294,0.964524,0.965771,0.997072,0.878888,0.980053,0.987401,0.921643,0.979899,0.668151,0.571409,0.938282,0.914798,0.985996,0.981476,0.988045,0.978566,0.948430,0.978669,0.982115,0.829841,0.983156,0.809681,0.792361,0.850297,0.969442,0.973692,0.940772,0.981896,0.864615,0.792278,0.955362,0.770759,0.689760,0.575858,0.780543,0.896569,0.590450,0.011707,-0.095867,0.533739,0.524365,0.364233,0.021755,0.470091,0.363038,0.706270,0.946888,-0.011074,0.668670,0.658420,0.626728,0.013516,0.712899,0.711251,0.775102,0.244945,0.122419,0.060837,0.822366,0.849271,0.095092,0.891362,0.814724,-0.636241,0.785339,0.700557,0.879186,-0.689018,0.205304,0.978063,0.967453,0.991964,0.915976,0.965104,0.826654,0.846627,0.747318,0.896414,0.894350,0.866684,0.968782,0.574237,0.761542,0.663937,0.947889,0.201171,0.742041,0.976889,0.763457,0.444947,0.079104,0.789272,0.959475,0.946441,0.439141,0.954901,-0.433889,0.839019,0.739314,0.059834,0.808020,0.786171,0.928993,-0.625334,0.990025,0.853493,0.906255,0.979899,0.987034,0.896628,0.960027,0.601342,0.951624,0.977264,0.960004,0.929541,0.826566,0.975544,0.781760,0.977319,0.727104,0.926000,0.893060,0.950648,0.991421,0.984935,0.890696,0.974357,0.178861,0.949011,0.783280,0.982371,0.824082,-0.085724,0.651800,0.299868,0.902818,0.882949,0.841387,0.911779,0.944737,0.567484,0.583637,0.909821,0.924388,0.974745,0.870344,0.435072,0.983142,0.013056,0.188892,0.295210,0.693275,0.902396,0.853494,0.850040,0.327428,0.901259,0.135246,-0.399324,-0.510590,-0.400239,0.862568,0.511616,0.920888,0.597792,0.914545,0.937774,0.687347,0.465040,0.946128,0.770993,0.516495,0.995278,0.971582,0.956453,0.842728,0.713184,0.758436,0.870992,0.989822,0.984144,0.949430,0.870277,0.935729,0.948819,0.717922,0.848284,0.918406,0.996698,0.963097,0.908467,0.938709,0.826938,-0.258567,0.277800,0.933181,0.889683,0.852984,0.917458,0.853086,0.996808,0.986958,0.681203,0.860386,1.000000,0.332234,0.440416,0.374968,0.990216,0.787513,0.522126,0.967405,0.703084,0.241203,0.982545,0.982252,0.785118,0.953183,0.779415,0.712289,0.798805,0.323759,0.860158,0.613605,0.749807,0.886333,0.878643,0.271810,-0.643187,-0.518836,0.950971,0.587127,0.863452
Fastigial nucleus,0.160339,0.139495,-0.092316,0.269276,0.282167,0.339941,0.153254,0.352212,0.306128,0.390411,0.446244,-0.066926,-0.142299,0.350682,0.268195,0.457221,0.470165,0.333287,0.219582,0.193960,0.198795,0.473448,0.800250,0.187445,-0.087304,0.079193,0.745553,0.474302,0.289569,0.236501,0.245250,-0.175513,-0.076408,0.146625,-0.174593,-0.086692,-0.202150,0.026517,0.241931,-0.172428,-0.516917,-0.528921,-0.252467,-0.177681,-0.215465,-0.262544,-0.057482,-0.371837,-0.109313,0.558307,0.322758,0.093617,-0.015867,-0.025958,-0.067296,-0.168670,0.086520,0.851075,0.854645,0.678723,-0.221788,0.093060,0.086676,-0.332247,-0.037363,-0.128608,-0.100698,-0.036716,-0.240339,-0.154267,-0.904363,-0.442679,0.371171,0.445687,0.222652,0.109741,0.483686,-0.118421,0.036306,-0.154889,-0.047861,0.074846,0.039218,0.146754,-0.339477,-0.046303,-0.030190,0.123686,-0.791993,-0.135571,0.235858,-0.218958,-0.271456,-0.483996,-0.289339,0.292145,0.106196,0.560314,0.070810,0.559844,-0.129682,-0.199383,-0.524836,-0.097536,-0.220768,0.353681,-0.785201,0.414857,-0.022337,0.043750,0.207967,0.420559,-0.090782,0.268597,0.934605,0.368887,0.499066,0.544700,0.295201,-0.152303,0.279513,-0.247977,0.524368,0.033384,-0.028929,-0.127610,0.092767,0.209173,0.288456,0.028065,0.115987,0.246897,0.302685,-0.186455,0.299060,-0.160814,-0.952383,-0.470318,-0.578613,-0.104286,-0.018641,-0.043753,-0.067871,0.341716,-0.511001,0.220593,0.673444,0.461834,0.362945,0.575676,0.993212,0.486588,0.212315,-0.389684,-0.726040,-0.296361,-0.101369,0.517942,-0.214299,-0.070426,0.010003,-0.603516,0.307890,-0.738724,-0.988780,0.203265,-0.628724,0.073897,-0.384920,0.090839,0.125324,-0.181690,-0.521655,0.581162,-0.311789,-0.157922,0.407864,0.278601,0.163087,0.597047,-0.078548,-0.208948,-0.006318,0.277492,0.165957,0.599306,0.040931,0.087771,0.106351,-0.309690,-0.033435,0.678288,0.407597,0.497443,0.340784,0.366859,0.602402,0.627309,-0.175383,0.589415,-0.027959,0.703960,0.442815,0.044278,0.328562,0.439405,-0.045672,0.501383,0.332234,1.000000,0.305163,-0.650555,0.214176,0.652197,0.976433,0.149195,-0.306528,0.985108,0.163210,0.468739,0.839290,0.430227,0.676751,0.535800,0.806423,0.999571,0.686153,0.021935,-0.027462,0.436196,0.139583,-0.295944,-0.783906,-0.853380,0.028238,-0.452374,0.722585
Secondary motor area,0.527818,0.635175,0.743437,0.643491,0.644304,0.507624,0.762475,0.609865,0.568984,0.087929,0.318139,0.840622,0.846052,0.723016,0.751134,0.374104,0.356021,0.571920,0.564594,0.651637,0.545821,0.551761,0.418987,0.503228,0.689039,0.825819,0.289910,0.617067,0.224346,0.691156,0.566887,0.202706,0.722677,0.596136,0.654411,0.813487,0.803404,0.808654,0.771936,0.816955,0.647325,0.613700,0.786543,0.843089,0.858975,0.806213,0.921157,0.752540,0.784742,0.629330,0.880708,0.916149,0.874522,0.885572,0.872354,0.730124,0.890369,0.397538,0.702362,0.808260,0.834231,0.802637,0.767339,0.786188,0.583149,0.636960,-0.932877,-0.176948,0.671681,0.258625,-0.522324,0.718041,0.260465,0.257746,0.467346,0.065189,0.627623,0.627339,0.738756,0.705765,0.552868,0.689530,0.710726,0.540291,0.683055,0.780300,0.863987,0.600047,0.253736,0.729579,0.583671,0.611223,0.806690,0.682099,0.083952,0.170562,0.587406,0.958465,0.252164,0.379605,0.006072,0.669819,-0.788898,0.681467,0.566725,0.093539,-0.805227,0.546140,0.680968,0.068431,0.547910,0.563204,0.468365,0.656128,0.239691,0.162082,0.370011,0.591220,0.731860,0.582825,0.232382,-0.023971,0.471212,0.856333,0.456398,0.310561,0.201745,0.440756,0.574980,0.031405,0.351398,0.961994,0.137959,-0.089932,0.264907,0.575919,-0.042166,0.351143,0.563797,0.356500,0.626951,-0.055631,0.440116,0.708973,-0.190344,-0.453838,0.583178,0.131046,0.629788,0.776267,0.372582,0.521826,-0.817191,0.758041,0.323741,0.613041,0.386710,0.013819,0.276990,-0.704019,0.615007,0.572970,0.598492,0.213725,-0.442456,0.804330,-0.045617,0.097481,0.608657,0.660673,0.631654,0.742614,0.542161,0.603241,0.421005,0.858054,0.498139,0.624618,0.180686,0.798569,0.801010,-0.128559,0.664387,0.542709,0.447155,0.389955,-0.028216,0.603005,0.579141,0.556143,0.679504,0.472794,0.448607,0.625572,0.773833,0.123635,0.032797,-0.516643,0.883888,0.640378,0.068337,0.211531,0.102460,0.735161,0.508902,0.358229,-0.341960,0.015689,0.440416,0.305163,1.000000,-0.351555,0.355428,0.014029,0.328059,0.550055,0.585009,0.139316,0.343405,0.359879,0.372825,0.684696,0.027157,-0.185046,0.288514,0.277233,0.699640,0.912991,0.803904,0.029414,-0.036481,-0.717242,-0.799479,-0.753732,0.412495,-0.235395,0.279412
Fundus of striatum,0.445328,0.380986,0.359443,0.295421,0.285973,0.333740,0.255779,0.259916,0.322197,0.434207,0.327931,0.211395,0.185667,0.170576,0.201647,0.297277,0.292079,0.300012,0.384716,0.336863,0.410242,0.194829,-0.126350,0.443678,0.421393,0.209529,-0.003270,0.151622,0.491186,0.277760,0.366296,0.773849,0.381693,0.406884,0.473636,0.258464,0.257143,0.249159,0.196640,0.239636,0.100554,0.034908,0.269023,0.174883,0.060711,-0.167740,-0.003507,0.234137,0.304223,0.060591,-0.691018,0.049158,0.146582,0.122189,-0.360078,0.382987,0.103452,-0.202305,-0.803928,-0.821566,-0.180128,0.235428,0.280471,-0.040996,0.503143,0.483414,-0.007907,0.782280,0.457149,0.742364,0.377964,0.172443,0.413317,0.347170,0.441000,0.660625,0.135438,0.490241,0.331641,0.413277,0.530401,0.365910,0.360036,0.445354,0.422035,0.303927,0.167629,0.416625,0.668811,0.382054,0.361244,0.523241,0.198660,0.115090,0.856880,0.503246,0.435264,-0.532588,0.633291,-0.992560,0.811798,0.458864,0.846315,0.431693,0.565610,0.466537,0.476226,0.250248,0.411589,0.702552,0.403076,0.234932,0.605359,0.285985,-0.338711,0.440499,0.259023,0.100950,0.202368,0.538399,0.496738,0.870548,0.189992,0.175164,0.587620,0.707979,0.636978,0.464046,0.331049,0.719645,0.566113,-0.509637,0.501945,0.855665,0.471385,0.546325,0.694759,0.752047,0.434472,0.675629,0.459999,0.776418,0.614003,0.189927,0.975711,0.543716,-0.038778,0.359538,0.237294,-0.089560,-0.590632,0.199956,0.242065,0.097466,0.662938,0.523433,0.658286,0.312301,0.755754,0.675972,0.458900,0.309644,-0.872017,0.041613,0.650747,0.182318,0.950179,0.677208,0.513892,0.384565,0.391370,0.365411,0.540684,0.054708,0.694998,0.145415,0.283547,0.303285,0.596993,-0.140642,0.278052,0.870986,0.421960,0.359500,0.488651,0.147034,0.721204,0.433026,0.441184,0.582513,0.416580,0.018414,0.309059,0.123939,0.128283,0.449817,0.214247,-0.460511,-0.056304,0.019166,0.744768,0.069769,0.382473,0.332625,0.341821,0.319794,0.781079,0.330238,0.374968,-0.650555,-0.351555,1.000000,0.500605,0.150810,-0.481830,0.437519,0.553380,-0.635558,0.539916,0.291980,-0.172526,0.139481,0.118281,0.275030,-0.094099,-0.643835,-0.147606,0.060129,0.267692,0.396748,0.654946,0.812046,0.457243,0.595165,0.585353,0.968330,0.031034
Primary auditory area,0.975795,0.934293,0.764170,0.944060,0.943836,0.981015,0.857227,0.953605,0.969887,0.927528,0.965181,0.652627,0.558096,0.900641,0.883016,0.966063,0.961169,0.967215,0.970813,0.935007,0.974769,0.946322,0.757135,0.984142,0.817091,0.768917,0.795162,0.927705,0.983899,0.918910,0.971216,0.923263,0.794741,0.952122,0.788473,0.679966,0.573020,0.763758,0.865064,0.584052,0.021913,-0.088407,0.535368,0.512413,0.345386,-0.009018,0.434851,0.370372,0.702339,0.893109,-0.117113,0.628833,0.633780,0.600411,-0.045389,0.720450,0.676891,0.694773,0.107438,-0.010678,0.025645,0.800996,0.833052,0.078491,0.906324,0.831240,-0.592264,0.852410,0.720117,0.931970,-0.587505,0.213599,0.976344,0.956694,0.992221,0.955609,0.921196,0.843487,0.838259,0.757320,0.915245,0.888337,0.861404,0.970689,0.596436,0.754154,0.642107,0.946522,0.285390,0.747644,0.965679,0.789168,0.441649,0.087044,0.865512,0.972656,0.947977,0.327885,0.986987,-0.554931,0.906001,0.756724,0.185106,0.817093,0.816956,0.939136,-0.511675,0.961914,0.856784,0.952632,0.974858,0.956758,0.926958,0.938381,0.512728,0.956127,0.952280,0.911563,0.897062,0.850743,0.986402,0.861114,0.941591,0.702494,0.951966,0.939621,0.983839,0.995254,0.968840,0.940772,0.994776,0.087161,0.962846,0.860745,0.988887,0.849619,0.021922,0.719615,0.341682,0.943748,0.891837,0.903389,0.942603,0.909619,0.676612,0.629862,0.844026,0.918878,0.945187,0.798403,0.319015,0.948216,0.052644,0.186958,0.372298,0.723373,0.940626,0.846153,0.906497,0.410515,0.908917,0.168917,-0.506108,-0.473956,-0.277106,0.830883,0.619614,0.962459,0.632459,0.910186,0.933140,0.693833,0.512301,0.891687,0.822593,0.500616,0.972016,0.951945,0.983534,0.764871,0.704882,0.839926,0.874815,0.977793,0.992007,0.909610,0.922208,0.937511,0.951126,0.755501,0.852641,0.861132,0.977389,0.917638,0.866168,0.945613,0.806734,-0.307056,0.246997,0.874105,0.943295,0.808876,0.915917,0.844482,0.981948,0.970368,0.755559,0.855240,0.990216,0.214176,0.355428,0.500605,1.000000,0.760556,0.416896,0.968189,0.737136,0.131999,0.998653,0.961859,0.708686,0.910273,0.748106,0.709443,0.733542,0.207382,0.780778,0.578826,0.737686,0.889260,0.920368,0.378426,-0.531239,-0.394640,0.975310,0.694215,0.812599
Ventral premammillary nucleus,0.629236,0.534486,0.206465,0.619178,0.626654,0.754364,0.424090,0.693687,0.696520,0.935150,0.894531,0.089836,-0.034189,0.599262,0.521169,0.876512,0.888959,0.709974,0.645388,0.561434,0.644144,0.789921,0.904577,0.663924,0.276200,0.279353,0.959482,0.745940,0.854611,0.557162,0.660636,0.527143,0.249980,0.570822,0.215084,0.111506,-0.040189,0.250330,0.481152,-0.019166,-0.599956,-0.679176,-0.093536,-0.090926,-0.253566,-0.538586,-0.112988,-0.282577,0.128213,0.765314,-0.293636,0.136496,0.091260,0.053590,-0.475972,0.130501,0.181790,0.896768,0.296124,0.045028,-0.498643,0.323894,0.361343,-0.503739,0.426076,0.285438,-0.104395,0.730915,0.112311,0.521714,-0.788279,-0.434694,0.882948,0.915055,0.708597,0.793007,0.741823,0.305840,0.347152,0.179308,0.440409,0.433150,0.380035,0.611055,-0.052234,0.210367,0.093729,0.550338,-0.383467,0.172821,0.642756,0.207736,-0.188545,-0.543919,0.464915,0.871893,0.546371,0.170055,0.708191,-0.262967,0.631808,0.167554,0.179627,0.273289,0.248862,0.918892,-0.525090,0.768329,0.351659,0.748104,0.648969,0.760017,0.461519,0.608503,0.877093,0.910479,0.893543,0.788813,0.557866,0.310801,0.846661,0.536457,0.854652,0.184469,0.525225,0.520636,0.742389,0.714741,0.681957,0.745880,0.697156,-0.216686,0.885592,0.604570,0.845940,0.307769,-0.556221,0.115105,-0.347764,0.517439,0.406295,0.711400,0.501028,0.607181,0.303033,0.841771,0.819296,0.953091,0.684625,0.634274,0.699965,0.813261,0.546778,-0.441004,-0.305761,0.106783,0.502998,0.984113,0.455853,0.601672,0.443060,-0.503851,-0.481167,-0.931557,-0.632219,0.415311,0.118688,0.761364,-0.018114,0.473528,0.526363,0.095681,-0.167729,0.790327,0.263184,-0.094773,0.793866,0.639824,0.795531,0.610919,0.141942,0.591768,0.383435,0.696934,0.682358,0.913141,0.766450,0.519519,0.552727,0.149827,0.342149,0.886208,0.820555,0.748512,0.542686,0.918468,0.996897,0.383883,-0.317670,0.764629,0.696141,0.980203,0.951966,0.358668,0.747435,0.876068,0.724207,0.980127,0.787513,0.652197,0.014029,0.150810,0.760556,1.000000,0.787125,0.606144,0.124119,0.653761,0.733259,0.886856,0.911699,0.673871,0.999460,0.978081,0.949356,0.659316,0.724104,0.053840,0.198317,0.960147,0.830173,0.442009,-0.542354,-0.498634,0.599279,0.373988,0.963746
Simple lobule,0.353784,0.320317,0.059023,0.444155,0.456182,0.524536,0.310372,0.525628,0.487729,0.576604,0.628419,0.053290,-0.039487,0.507435,0.424749,0.636674,0.648439,0.512511,0.406810,0.370985,0.388949,0.640200,0.909072,0.382164,0.078103,0.217918,0.871647,0.634081,0.489319,0.405652,0.430925,0.039304,0.081840,0.332694,-0.009089,0.042106,-0.090560,0.167935,0.395104,-0.060646,-0.506752,-0.542049,-0.145813,-0.083117,-0.157680,-0.281305,0.008813,-0.294542,0.027161,0.704549,0.240706,0.195594,0.095555,0.077952,-0.108910,-0.022231,0.201023,0.943343,0.799271,0.602544,-0.236173,0.239262,0.242064,-0.325851,0.149828,0.044657,-0.193159,0.168743,-0.087279,0.059009,-0.963689,-0.395768,0.562787,0.628383,0.418548,0.320295,0.640974,0.057434,0.197094,0.000182,0.143240,0.246812,0.206288,0.339342,-0.209329,0.098458,0.084440,0.309697,-0.688672,0.015143,0.420150,-0.048864,-0.186026,-0.462245,-0.076122,0.491327,0.294110,0.563113,0.283383,0.382977,0.086335,-0.040304,-0.418625,0.068796,-0.042375,0.544540,-0.822863,0.588968,0.148596,0.257481,0.397502,0.592449,0.109025,0.441700,0.986318,0.559965,0.672981,0.697550,0.454130,0.029069,0.480123,-0.033914,0.690205,0.158368,0.173372,0.083714,0.305324,0.407657,0.470643,0.241513,0.323609,0.213142,0.500289,0.026466,0.497745,0.021094,-0.888011,-0.290507,-0.487781,0.104720,0.162315,0.168957,0.135290,0.501644,-0.316744,0.370474,0.803294,0.639973,0.532970,0.693145,0.991449,0.654190,0.244595,-0.353724,-0.609546,-0.136793,0.105522,0.680693,-0.003994,0.056714,0.193637,-0.551290,0.148655,-0.811689,-0.974821,0.349605,-0.446303,0.286891,-0.240730,0.268028,0.306880,-0.041090,-0.394146,0.726748,-0.120705,-0.067872,0.586662,0.455493,0.372171,0.704608,0.055993,0.002105,0.168464,0.463706,0.366050,0.756535,0.251738,0.273762,0.295314,-0.139626,0.137276,0.816239,0.589648,0.653162,0.488153,0.557195,0.750208,0.539591,-0.143663,0.728957,0.187966,0.838893,0.622579,0.206161,0.514008,0.621567,0.144716,0.667150,0.522126,0.976433,0.328059,-0.481830,0.416896,0.787125,1.000000,0.340666,-0.142046,0.950239,0.369190,0.647103,0.936470,0.585931,0.806799,0.674056,0.914715,0.975595,0.795979,0.116874,0.111417,0.613179,0.344332,-0.162006,-0.826380,-0.862075,0.234223,-0.255795,0.854505
fiber tracts,0.999471,0.993586,0.898703,0.988327,0.986727,0.976214,0.956725,0.977478,0.986926,0.809038,0.897740,0.821278,0.747153,0.960416,0.962460,0.912189,0.901305,0.981903,0.997435,0.991819,0.998560,0.940112,0.693264,0.996975,0.931071,0.903587,0.699665,0.940798,0.909039,0.982616,0.995194,0.907020,0.918633,0.998246,0.906975,0.841063,0.756631,0.900943,0.955192,0.766467,0.258424,0.151655,0.724543,0.709700,0.568450,0.241367,0.645816,0.581955,0.856307,0.902432,0.090714,0.800022,0.807025,0.781240,0.201920,0.865375,0.837220,0.625027,0.178094,0.122349,0.274962,0.924479,0.944636,0.323454,0.976638,0.934992,-0.770729,0.723897,0.858368,0.927207,-0.555363,0.440544,0.901708,0.873953,0.990189,0.863399,0.936601,0.942147,0.947961,0.890272,0.977847,0.974954,0.960888,0.999932,0.762597,0.893822,0.813483,0.997136,0.424235,0.885540,0.995899,0.901565,0.648028,0.322225,0.837449,0.884157,0.997243,0.482115,0.946731,-0.467478,0.832927,0.885662,0.020461,0.930322,0.914838,0.825595,-0.578080,0.959978,0.956460,0.869870,0.998050,0.959208,0.971070,0.986698,0.408387,0.857383,0.893441,0.910504,0.966531,0.940969,0.914711,0.799317,0.907834,0.857776,0.982594,0.944696,0.927603,0.987466,0.989811,0.851224,0.974724,0.305825,0.865252,0.773551,0.923231,0.939170,0.127863,0.800671,0.531389,0.957822,0.973022,0.803226,0.974682,0.965846,0.621648,0.417047,0.831438,0.803878,0.973910,0.854523,0.262467,0.932127,-0.198768,0.420674,0.512946,0.852574,0.962761,0.699931,0.916756,0.189033,0.981585,0.381559,-0.333159,-0.276294,-0.244089,0.937995,0.624014,0.882731,0.780721,0.984852,0.993382,0.846419,0.671919,0.891278,0.892187,0.700628,0.957050,0.989181,0.912850,0.827667,0.859106,0.747269,0.966219,0.990573,0.991685,0.847838,0.816895,0.994330,0.997837,0.867866,0.953733,0.816570,0.948613,0.931123,0.944295,0.837852,0.658972,-0.493683,0.481604,0.884402,0.870440,0.696167,0.795923,0.951593,0.978823,0.914032,0.593573,0.710684,0.967405,0.149195,0.550055,0.437519,0.968189,0.606144,0.340666,1.000000,0.858702,0.032591,0.970141,0.903141,0.632384,0.948810,0.595390,0.521293,0.636221,0.135635,0.804228,0.763180,0.882984,0.753152,0.800645,0.184904,-0.594299,-0.450414,0.984630,0.618029,0.715412
Dorsal auditory area,0.845228,0.886782,0.970910,0.818136,0.810498,0.727762,0.893484,0.755847,0.773525,0.437656,0.551149,0.931041,0.915927,0.780820,0.834415,0.574709,0.553834,0.756587,0.824975,0.862556,0.830469,0.645603,0.245785,0.821208,0.974951,0.912531,0.236733,0.667077,0.610319,0.846457,0.810702,0.843220,0.970913,0.873809,0.990719,0.947371,0.940199,0.932263,0.849375,0.936639,0.675900,0.590404,0.936547,0.905018,0.823068,0.582972,0.819886,0.879605,0.961223,0.598469,0.189547,0.856350,0.904859,0.894228,0.473432,0.981005,0.879708,0.160780,-0.079048,0.004869,0.596384,0.913527,0.920513,0.674660,0.948765,0.982300,-0.836010,0.508310,0.993776,0.865770,-0.121334,0.798191,0.574236,0.513668,0.786037,0.617052,0.662490,0.979266,0.939819,0.984687,0.945209,0.924079,0.938893,0.856719,0.976588,0.955404,0.913727,0.886164,0.815123,0.978881,0.821612,0.995517,0.895168,0.718428,0.810827,0.572548,0.891186,0.387540,0.761529,-0.519729,0.698979,0.992530,0.029518,0.977217,0.991909,0.471085,-0.293087,0.689205,0.957762,0.657275,0.826005,0.691254,0.934686,0.821397,-0.098086,0.509677,0.537465,0.599150,0.817152,0.981384,0.622462,0.725158,0.568366,0.911688,0.907355,0.882166,0.719146,0.782266,0.786848,0.639192,0.791746,0.418189,0.542100,0.652118,0.629409,0.982181,0.577416,0.964558,0.886915,0.895029,0.950662,0.611685,0.916262,0.784979,0.672924,0.052000,0.469888,0.410794,0.754104,0.601380,-0.195284,0.622935,-0.528282,0.768757,0.870872,0.999274,0.907147,0.264667,0.895062,-0.051216,0.938347,0.789589,-0.215629,0.244791,0.183979,0.867070,0.783270,0.660860,0.989509,0.913802,0.892833,0.977529,0.956479,0.569620,0.974306,0.892803,0.674895,0.807755,0.664576,0.577288,0.952692,0.631274,0.951387,0.782543,0.809994,0.457473,0.587025,0.903663,0.888846,0.999112,0.960983,0.419964,0.652426,0.650534,0.790425,0.483368,0.196063,-0.868248,0.744766,0.572305,0.694914,0.230006,0.405290,0.937247,0.736063,0.580152,0.360375,0.282008,0.703084,-0.306528,0.585009,0.553380,0.737136,0.124119,-0.142046,0.858702,1.000000,-0.441283,0.761139,0.557226,0.164364,0.718182,0.107540,0.055191,0.156706,-0.325707,0.480880,0.864689,0.945162,0.352460,0.520802,0.058442,-0.304137,-0.144300,0.864822,0.624982,0.257125
Ansiform lobule,0.047703,0.009278,-0.245267,0.142946,0.156263,0.238265,0.004733,0.234792,0.193059,0.362991,0.381427,-0.231533,-0.308058,0.215905,0.125709,0.383465,0.400154,0.220981,0.103490,0.063306,0.084829,0.371228,0.740395,0.079835,-0.232600,-0.080333,0.703776,0.361758,0.233134,0.101565,0.129867,-0.246432,-0.226165,0.022695,-0.316934,-0.248470,-0.363811,-0.132237,0.095396,-0.335432,-0.648442,-0.651815,-0.412272,-0.343015,-0.379780,-0.408768,-0.228261,-0.525836,-0.267957,0.448427,0.192703,-0.075981,-0.183359,-0.194676,-0.215041,-0.321289,-0.080589,0.798990,0.770277,0.572771,-0.372056,-0.063002,-0.064761,-0.480899,-0.165588,-0.267401,0.070236,-0.035735,-0.386235,-0.233925,-0.837060,-0.588960,0.312436,0.391244,0.122320,0.073146,0.369984,-0.255551,-0.112674,-0.304002,-0.171745,-0.065810,-0.105672,0.031603,-0.487619,-0.203135,-0.196797,-0.001711,-0.877749,-0.287537,0.117432,-0.355990,-0.432477,-0.622005,-0.343413,0.245198,-0.017881,0.413303,0.000185,0.537961,-0.165104,-0.344366,-0.421048,-0.242004,-0.351300,0.323368,-0.667734,0.310558,-0.164743,0.003863,0.094044,0.313808,-0.202716,0.140299,0.918379,0.327195,0.428238,0.440038,0.156664,-0.283659,0.221218,-0.282030,0.437999,-0.131121,-0.136987,-0.215072,0.031643,0.112623,0.173653,-0.005912,0.030420,0.093444,0.261972,-0.206784,0.236073,-0.291343,-0.987051,-0.572357,-0.708960,-0.198578,-0.152943,-0.065041,-0.174578,0.208622,-0.522621,0.286172,0.577827,0.430537,0.242914,0.444917,0.963388,0.389893,0.356827,-0.539542,-0.823457,-0.434941,-0.200502,0.511034,-0.298814,0.031543,-0.121606,-0.730979,0.236891,-0.791325,-0.948380,0.050718,-0.667875,0.030125,-0.523690,-0.044985,-0.004878,-0.336118,-0.651345,0.476688,-0.421987,-0.324539,0.310992,0.155587,0.108535,0.464535,-0.238676,-0.223107,-0.145826,0.167343,0.066574,0.530810,0.018096,-0.039383,-0.016434,-0.440326,-0.175941,0.600846,0.318849,0.384790,0.198155,0.331862,0.597204,0.750746,-0.339019,0.479628,-0.070624,0.673099,0.415586,-0.103954,0.226152,0.367406,-0.014326,0.493158,0.241203,0.985108,0.139316,-0.635558,0.131999,0.653761,0.950239,0.032591,-0.441283,1.000000,0.080895,0.397999,0.790399,0.304998,0.677568,0.567357,0.769463,0.989561,0.573565,-0.148632,-0.186916,0.421778,0.122444,-0.200456,-0.666725,-0.751209,-0.070737,-0.454473,0.681025
Ventral auditory area,0.977210,0.936494,0.777141,0.939447,0.938534,0.972895,0.858036,0.944640,0.963506,0.915876,0.951096,0.663225,0.571790,0.891324,0.877944,0.951445,0.945798,0.959362,0.969050,0.934325,0.974139,0.930779,0.722221,0.984176,0.830273,0.772856,0.763438,0.911984,0.978276,0.915833,0.968091,0.941817,0.807148,0.954089,0.806000,0.691865,0.590018,0.770441,0.861231,0.599584,0.050168,-0.060619,0.554666,0.527543,0.360904,0.005498,0.442873,0.394389,0.715642,0.872581,-0.134795,0.630700,0.641498,0.608349,-0.041586,0.737052,0.679587,0.656522,0.063474,-0.046344,0.038349,0.804493,0.837176,0.097564,0.917638,0.846722,-0.593408,0.862585,0.740491,0.949520,-0.545458,0.239829,0.966326,0.942510,0.990431,0.959173,0.904919,0.858539,0.845097,0.773531,0.927183,0.893574,0.868293,0.972788,0.620890,0.764602,0.650662,0.949659,0.330589,0.762748,0.963013,0.809033,0.461056,0.114209,0.889477,0.966746,0.952051,0.301962,0.993075,-0.589919,0.921794,0.775273,0.214294,0.830814,0.837156,0.929559,-0.475450,0.949642,0.866885,0.959687,0.973741,0.944146,0.941234,0.933758,0.468123,0.945958,0.935293,0.891912,0.890673,0.867638,0.981347,0.882750,0.923228,0.708247,0.963181,0.955865,0.988688,0.994192,0.963395,0.948518,0.998608,0.075585,0.956253,0.879048,0.982839,0.866951,0.072863,0.751999,0.376295,0.958824,0.902045,0.914531,0.955789,0.900857,0.710332,0.623933,0.816846,0.903367,0.935582,0.776133,0.269489,0.931969,0.041225,0.210133,0.414886,0.746720,0.955538,0.826850,0.927011,0.417757,0.917756,0.203171,-0.527023,-0.439067,-0.227458,0.828801,0.659159,0.968025,0.659632,0.914763,0.936083,0.710878,0.545534,0.869907,0.847589,0.514588,0.960180,0.946898,0.984616,0.741150,0.716583,0.859195,0.884227,0.972996,0.993221,0.886878,0.929041,0.942477,0.955217,0.779831,0.863293,0.833778,0.965583,0.900591,0.857079,0.935420,0.782558,-0.343890,0.259434,0.851742,0.954080,0.779443,0.901369,0.850953,0.974444,0.956729,0.765137,0.836910,0.982545,0.163210,0.343405,0.539916,0.998653,0.733259,0.369190,0.970141,0.761139,0.080895,1.000000,0.946575,0.671181,0.896782,0.719388,0.687698,0.697969,0.156351,0.752390,0.584021,0.746987,0.874748,0.921919,0.397363,-0.495271,-0.353596,0.983674,0.724949,0.782262
Posterior complex of the thalamus,0.914575,0.864485,0.635183,0.910461,0.913930,0.972316,0.790578,0.945023,0.948947,0.960794,0.998860,0.534584,0.425602,0.889647,0.848087,0.999760,0.999989,0.954166,0.925065,0.879953,0.923738,0.976509,0.904145,0.931427,0.688291,0.684507,0.930435,0.956040,0.976024,0.875251,0.932717,0.787241,0.669030,0.885087,0.638689,0.555515,0.424402,0.665507,0.822854,0.442379,-0.164648,-0.267714,0.376185,0.373544,0.208165,-0.128432,0.332606,0.191876,0.571144,0.947792,-0.063034,0.554874,0.530120,0.495914,-0.109177,0.573676,0.598441,0.862643,0.306773,0.141555,-0.086336,0.719286,0.748865,-0.066970,0.790591,0.692250,-0.522368,0.783035,0.555905,0.798302,-0.772507,0.029161,0.990637,0.994219,0.950991,0.906874,0.952182,0.706981,0.740691,0.612900,0.797432,0.800575,0.764359,0.905272,0.412931,0.637221,0.534225,0.873103,0.019934,0.608266,0.923991,0.628903,0.283411,-0.097167,0.707822,0.969389,0.870089,0.410466,0.914204,-0.369661,0.795416,0.601491,0.062194,0.685756,0.656384,0.960560,-0.652813,0.974249,0.743985,0.884915,0.926352,0.970214,0.800469,0.904347,0.728025,0.976801,0.999384,0.962934,0.869858,0.706326,0.974982,0.721654,0.991286,0.608525,0.841974,0.810172,0.920421,0.951354,0.942555,0.871520,0.928942,0.098453,0.965203,0.742699,0.981118,0.703217,-0.252354,0.506720,0.116210,0.818170,0.780261,0.821208,0.823022,0.896089,0.485238,0.667869,0.938421,0.971076,0.939282,0.857624,0.559481,0.983690,0.154661,0.017752,0.115034,0.545960,0.814477,0.926841,0.756542,0.395943,0.804891,-0.050359,-0.409517,-0.660799,-0.515815,0.778479,0.390883,0.901053,0.437039,0.826871,0.859529,0.544754,0.290742,0.954516,0.643322,0.367574,0.984163,0.921442,0.941592,0.831726,0.581465,0.719189,0.766102,0.949400,0.935545,0.987974,0.861442,0.854289,0.873485,0.574791,0.737053,0.961625,0.991754,0.952992,0.852292,0.968663,0.913919,-0.072911,0.127880,0.938685,0.855640,0.935358,0.964439,0.748912,0.969819,0.999450,0.700467,0.930316,0.982252,0.468739,0.359879,0.291980,0.961859,0.886856,0.647103,0.903141,0.557226,0.397999,0.946575,1.000000,0.873397,0.923569,0.881769,0.817219,0.891411,0.463905,0.877515,0.488376,0.626215,0.942034,0.888674,0.302083,-0.670748,-0.567696,0.882355,0.520824,0.940421
Paramedian lobule,0.646097,0.601339,0.328382,0.701658,0.710942,0.781900,0.560590,0.769750,0.747442,0.810999,0.861041,0.278108,0.168578,0.732304,0.660228,0.866582,0.874256,0.765680,0.684726,0.640809,0.672749,0.857648,0.996530,0.672067,0.365192,0.452453,0.985066,0.844131,0.761857,0.660696,0.703660,0.387283,0.358616,0.618847,0.286697,0.280675,0.135493,0.411796,0.629597,0.162861,-0.401514,-0.471471,0.078005,0.116713,-0.007186,-0.241146,0.156405,-0.101889,0.278400,0.885342,0.122461,0.378216,0.302977,0.275936,-0.122255,0.248141,0.401828,0.999372,0.650360,0.448205,-0.192977,0.482182,0.497696,-0.241249,0.458455,0.345776,-0.361639,0.469101,0.198531,0.404824,-0.970516,-0.241468,0.815454,0.859042,0.704435,0.622382,0.846731,0.360756,0.465261,0.280604,0.457477,0.524763,0.482117,0.632546,0.054612,0.354429,0.297791,0.598615,-0.431703,0.287969,0.692707,0.256880,0.009503,-0.342067,0.277229,0.760227,0.587297,0.546493,0.601663,0.073474,0.421638,0.249565,-0.236822,0.358095,0.273808,0.790380,-0.824594,0.823873,0.435933,0.572105,0.679414,0.824194,0.437232,0.697238,0.965244,0.807539,0.889628,0.887947,0.689090,0.342443,0.755477,0.310870,0.896636,0.379299,0.497518,0.425946,0.618688,0.697712,0.733559,0.555825,0.633900,0.179025,0.764115,0.359339,0.769480,0.335931,-0.683780,0.046822,-0.259765,0.442935,0.461560,0.486500,0.464487,0.731608,0.021605,0.545732,0.944267,0.856127,0.771745,0.836116,0.890515,0.869979,0.229793,-0.219957,-0.337497,0.162456,0.441665,0.862089,0.345264,0.220560,0.492961,-0.377128,-0.095256,-0.823861,-0.859581,0.579982,-0.105070,0.598261,0.045847,0.550517,0.590476,0.222727,-0.119443,0.902700,0.218111,0.123667,0.827095,0.714015,0.671227,0.831452,0.301541,0.333039,0.458867,0.732365,0.663815,0.937726,0.557878,0.566969,0.589653,0.174080,0.425507,0.963528,0.832634,0.854901,0.702632,0.802122,0.900520,0.312705,-0.035281,0.896719,0.514182,0.966607,0.842027,0.474854,0.774017,0.856826,0.416143,0.855029,0.785118,0.839290,0.372825,-0.172526,0.708686,0.911699,0.936470,0.632384,0.164364,0.790399,0.671181,0.873397,1.000000,0.798211,0.921896,0.807874,0.994620,0.836602,0.911218,0.297268,0.357579,0.825892,0.629633,0.037543,-0.835120,-0.810581,0.555137,0.077081,0.978737
Posterior auditory area,0.947947,0.953733,0.830948,0.984505,0.986668,0.972559,0.945911,0.992137,0.981795,0.784490,0.906970,0.788084,0.707892,0.994584,0.978959,0.930181,0.921843,0.985169,0.967241,0.968956,0.959931,0.984155,0.845314,0.949271,0.850881,0.892109,0.816980,0.994736,0.861360,0.978371,0.972431,0.735043,0.848478,0.953596,0.802967,0.795226,0.693717,0.873597,0.969209,0.711645,0.175937,0.079422,0.651505,0.667223,0.542872,0.252044,0.657446,0.497270,0.797625,0.986759,0.291345,0.823726,0.794701,0.772390,0.280288,0.781445,0.848787,0.798906,0.475745,0.399577,0.294680,0.909539,0.919258,0.298766,0.885744,0.835536,-0.803846,0.562840,0.748178,0.765676,-0.773884,0.356603,0.882010,0.878089,0.947467,0.752795,0.995296,0.842673,0.904576,0.801990,0.879464,0.929590,0.911829,0.946653,0.644763,0.844446,0.794726,0.947277,0.182317,0.806687,0.973079,0.780436,0.586260,0.242532,0.629964,0.833381,0.940905,0.688858,0.839613,-0.183741,0.656222,0.781172,-0.238344,0.846455,0.784274,0.789443,-0.803989,0.984455,0.887637,0.741410,0.962217,0.987865,0.849984,0.984874,0.617797,0.829989,0.924978,0.984172,0.986487,0.826179,0.864633,0.593030,0.958664,0.846821,0.873871,0.794891,0.821959,0.937709,0.980468,0.716336,0.889445,0.461713,0.815603,0.577882,0.881661,0.821434,-0.149131,0.592351,0.373160,0.818727,0.894206,0.644827,0.854718,0.994630,0.352426,0.334606,0.951154,0.805329,0.994973,0.973683,0.532284,0.976490,-0.231556,0.359993,0.283427,0.719968,0.828104,0.716394,0.744111,0.032473,0.906978,0.244065,-0.105558,-0.389394,-0.526398,0.949743,0.345352,0.764276,0.636743,0.937628,0.949337,0.764235,0.501059,0.979585,0.719926,0.667119,0.973011,0.984817,0.824952,0.960384,0.810410,0.544474,0.897406,0.973398,0.930879,0.916403,0.682352,0.936023,0.940197,0.720611,0.882264,0.923568,0.958535,0.994047,0.986281,0.807536,0.707397,-0.322181,0.485214,0.981617,0.723149,0.791478,0.789496,0.909123,0.971939,0.924675,0.427933,0.721249,0.953183,0.430227,0.684696,0.139481,0.910273,0.673871,0.585931,0.948810,0.718182,0.304998,0.896782,0.923569,0.798211,1.000000,0.673351,0.543436,0.780167,0.414709,0.949419,0.774058,0.843936,0.741429,0.693419,-0.031793,-0.816209,-0.708435,0.883896,0.357981,0.822441
Posterior limiting nucleus of the thalamus,0.618292,0.525400,0.196825,0.613266,0.621084,0.747574,0.418811,0.689204,0.689953,0.925200,0.888239,0.084673,-0.039044,0.597463,0.518061,0.871230,0.883872,0.704194,0.636551,0.553931,0.634438,0.787889,0.913311,0.653146,0.264756,0.275054,0.964233,0.745230,0.842669,0.551632,0.652470,0.504517,0.239771,0.560987,0.201614,0.104858,-0.047470,0.244584,0.478066,-0.025763,-0.604817,-0.682294,-0.101464,-0.095681,-0.255280,-0.534173,-0.111895,-0.290245,0.120099,0.767678,-0.270964,0.136950,0.088272,0.051252,-0.464905,0.119741,0.180629,0.907911,0.324765,0.073319,-0.493607,0.318907,0.354993,-0.503342,0.412449,0.271927,-0.106082,0.708296,0.098958,0.500181,-0.804879,-0.441068,0.873728,0.908128,0.698043,0.775014,0.741640,0.292180,0.339025,0.167734,0.425907,0.424201,0.371080,0.600051,-0.065140,0.202614,0.090049,0.540102,-0.406553,0.162275,0.634704,0.192546,-0.194559,-0.548955,0.439119,0.859546,0.535490,0.189703,0.691019,-0.231124,0.608087,0.154384,0.151539,0.261485,0.232399,0.907825,-0.544201,0.764385,0.340851,0.728552,0.639521,0.756564,0.444529,0.602872,0.892348,0.900334,0.889577,0.789901,0.554864,0.295521,0.834515,0.510355,0.852930,0.180926,0.509071,0.500303,0.725165,0.703420,0.675047,0.725702,0.682286,-0.199467,0.873295,0.579145,0.834671,0.292207,-0.581379,0.091632,-0.362553,0.498221,0.394059,0.689080,0.483882,0.604763,0.272218,0.826976,0.825063,0.945724,0.680873,0.641200,0.722880,0.811115,0.539958,-0.444896,-0.328205,0.091150,0.484331,0.978235,0.433626,0.581117,0.431002,-0.515234,-0.453859,-0.936633,-0.656911,0.412457,0.088133,0.742744,-0.033986,0.464100,0.516897,0.085363,-0.185234,0.792950,0.242329,-0.098560,0.788870,0.633715,0.779810,0.619445,0.134769,0.565725,0.372401,0.689109,0.670103,0.912946,0.746215,0.508619,0.541667,0.132364,0.331134,0.890225,0.814764,0.748730,0.542101,0.907993,0.994304,0.399755,-0.315806,0.768359,0.674986,0.982537,0.943800,0.350553,0.740353,0.870025,0.701334,0.973649,0.779415,0.676751,0.027157,0.118281,0.748106,0.999460,0.806799,0.595390,0.107540,0.677568,0.719388,0.881769,0.921896,0.673351,1.000000,0.973075,0.957024,0.683637,0.733192,0.053571,0.191732,0.951434,0.812365,0.416296,-0.560912,-0.521428,0.583452,0.343651,0.967380
Copula pyramidis,0.548119,0.433059,0.094345,0.508045,0.514523,0.665588,0.295238,0.583851,0.597939,0.921240,0.834388,-0.045786,-0.168819,0.466414,0.387796,0.805047,0.819942,0.608992,0.553286,0.453365,0.557078,0.683040,0.795983,0.585974,0.175699,0.140590,0.880122,0.626027,0.823030,0.438333,0.566444,0.528017,0.141701,0.476893,0.125961,-0.016847,-0.162376,0.118092,0.344985,-0.145523,-0.688772,-0.764169,-0.210396,-0.224082,-0.392357,-0.675045,-0.271136,-0.390233,0.007470,0.636569,-0.485517,-0.024621,-0.054690,-0.094817,-0.638776,0.024541,0.027492,0.787059,0.110433,-0.152956,-0.642021,0.189610,0.235155,-0.629214,0.345166,0.197944,0.061469,0.792787,0.022098,0.510846,-0.648141,-0.535952,0.838977,0.866169,0.635427,0.802486,0.619097,0.219885,0.229822,0.078201,0.366206,0.324194,0.268546,0.528295,-0.141927,0.087952,-0.049036,0.456984,-0.371635,0.065641,0.545817,0.129721,-0.310845,-0.639504,0.493994,0.850025,0.456599,-0.038520,0.685613,-0.388279,0.666556,0.076148,0.369236,0.174892,0.180265,0.906652,-0.336618,0.666791,0.249680,0.761159,0.560914,0.654710,0.406517,0.494840,0.786440,0.884741,0.819722,0.668753,0.426830,0.235726,0.814280,0.583229,0.759631,0.040865,0.469241,0.498399,0.727873,0.647592,0.583352,0.766630,0.653023,-0.412895,0.868939,0.659875,0.806185,0.234525,-0.485736,0.100722,-0.407000,0.485083,0.315406,0.752218,0.450382,0.477856,0.392898,0.932817,0.690361,0.926089,0.570051,0.473603,0.574375,0.711273,0.689907,-0.554112,-0.308877,0.031450,0.464616,0.973544,0.444618,0.752498,0.353100,-0.568455,-0.630248,-0.938614,-0.492366,0.274459,0.186958,0.767240,-0.089624,0.369681,0.426490,-0.012616,-0.221373,0.665014,0.228359,-0.232414,0.702211,0.531912,0.780445,0.443605,0.016189,0.655242,0.284115,0.605445,0.616698,0.827730,0.797133,0.427661,0.464611,0.087148,0.241043,0.778457,0.738494,0.625175,0.399777,0.899850,0.976043,0.432047,-0.466782,0.631189,0.713584,0.918855,0.931542,0.241693,0.659182,0.808907,0.815083,0.970552,0.712289,0.535800,-0.185046,0.275030,0.709443,0.978081,0.674056,0.521293,0.055191,0.567357,0.687698,0.817219,0.807874,0.543436,0.973075,1.000000,0.864442,0.548049,0.570291,-0.103541,0.069693,0.953226,0.855969,0.609010,-0.355653,-0.311975,0.548638,0.469144,0.888401
Postsubiculum,0.652534,0.594404,0.302920,0.692502,0.701490,0.787980,0.535406,0.763383,0.747030,0.855897,0.883897,0.235079,0.120046,0.710932,0.636102,0.883586,0.892599,0.764375,0.686158,0.631393,0.676681,0.854903,0.990146,0.681149,0.348652,0.416206,0.995222,0.833471,0.797957,0.645531,0.704487,0.428849,0.337014,0.616959,0.273206,0.242501,0.093222,0.377788,0.602582,0.119454,-0.458536,-0.531987,0.035805,0.066078,-0.069661,-0.320383,0.090899,-0.149423,0.244968,0.869895,0.019583,0.323430,0.254466,0.224292,-0.213634,0.222396,0.352901,0.990377,0.572092,0.354153,-0.273476,0.450172,0.471476,-0.311704,0.457774,0.336129,-0.302665,0.542894,0.179863,0.440890,-0.940968,-0.294502,0.846104,0.887553,0.717178,0.675749,0.834423,0.352730,0.443086,0.259528,0.460640,0.510279,0.464268,0.637584,0.028314,0.323830,0.251120,0.596317,-0.427091,0.263527,0.691599,0.248546,-0.040526,-0.398955,0.328998,0.801078,0.586659,0.460732,0.638479,-0.009944,0.481553,0.232823,-0.135855,0.342490,0.271862,0.836018,-0.762964,0.823615,0.421785,0.625964,0.682997,0.821764,0.450481,0.686430,0.959390,0.847010,0.905517,0.877810,0.667434,0.339974,0.791070,0.372788,0.901063,0.336336,0.512657,0.456768,0.660134,0.713585,0.732737,0.612958,0.660345,0.082176,0.807514,0.427051,0.801596,0.334229,-0.663368,0.064545,-0.286608,0.468951,0.455161,0.551251,0.481292,0.712394,0.092719,0.629585,0.928609,0.894943,0.762625,0.799210,0.857611,0.870225,0.313749,-0.279632,-0.335466,0.150877,0.464336,0.907367,0.378724,0.320385,0.488450,-0.415691,-0.194091,-0.865029,-0.816870,0.548032,-0.050671,0.649311,0.030208,0.540159,0.584046,0.194182,-0.133919,0.889485,0.232879,0.070430,0.832521,0.707161,0.713731,0.789762,0.266131,0.403715,0.447339,0.735600,0.679488,0.947267,0.619729,0.564339,0.590064,0.170619,0.411413,0.960223,0.843492,0.842361,0.673972,0.844889,0.940002,0.336198,-0.107287,0.878431,0.568553,0.986330,0.883877,0.453326,0.780202,0.876010,0.500743,0.900956,0.798805,0.806423,0.288514,-0.094099,0.733542,0.949356,0.914715,0.636221,0.156706,0.769463,0.697969,0.891411,0.994620,0.780167,0.957024,0.864442,1.000000,0.806167,0.879331,0.240679,0.323205,0.873614,0.690694,0.140125,-0.775363,-0.745621,0.575407,0.153050,0.991450
Paraflocculus,0.147594,0.123087,-0.114563,0.253751,0.266727,0.329395,0.132764,0.338485,0.293331,0.393371,0.442537,-0.092296,-0.168730,0.333247,0.249119,0.451850,0.465462,0.320625,0.206179,0.177506,0.185813,0.462577,0.795896,0.175730,-0.107662,0.055846,0.744885,0.461336,0.287509,0.219129,0.231997,-0.181059,-0.097787,0.131552,-0.194687,-0.111309,-0.227718,0.003242,0.221928,-0.198137,-0.541690,-0.553020,-0.278034,-0.204440,-0.243475,-0.290201,-0.085857,-0.397783,-0.133164,0.545592,0.297534,0.067195,-0.041911,-0.052521,-0.095441,-0.191268,0.060970,0.847676,0.840193,0.659120,-0.249886,0.070643,0.065396,-0.359652,-0.053731,-0.147648,-0.073719,-0.029298,-0.261717,-0.161367,-0.897224,-0.468549,0.368659,0.443854,0.212390,0.111065,0.470452,-0.137039,0.015504,-0.176509,-0.063345,0.056053,0.019383,0.133486,-0.362383,-0.069339,-0.056004,0.108278,-0.806086,-0.157797,0.221982,-0.238074,-0.298059,-0.509414,-0.292278,0.291771,0.091038,0.535823,0.065995,0.551320,-0.128690,-0.220256,-0.504072,-0.117744,-0.238429,0.356176,-0.767940,0.403696,-0.041780,0.044396,0.194998,0.408897,-0.103947,0.252654,0.936430,0.369400,0.494150,0.533113,0.276999,-0.169794,0.277120,-0.247174,0.516458,0.008512,-0.041120,-0.136095,0.089719,0.199639,0.275315,0.029710,0.108459,0.218979,0.303403,-0.183046,0.295818,-0.178164,-0.959219,-0.483596,-0.600478,-0.114005,-0.036262,-0.040084,-0.079909,0.324668,-0.507701,0.238377,0.663050,0.464031,0.348662,0.558247,0.990870,0.476777,0.239994,-0.416424,-0.741545,-0.316370,-0.112021,0.524127,-0.222560,-0.047838,-0.006952,-0.626323,0.290429,-0.753027,-0.984094,0.181821,-0.631139,0.073914,-0.405786,0.073147,0.108901,-0.204861,-0.541914,0.569461,-0.325636,-0.185012,0.398180,0.263770,0.161309,0.579015,-0.102639,-0.204571,-0.025055,0.265294,0.155840,0.594519,0.044515,0.071937,0.091463,-0.327942,-0.052937,0.671452,0.399482,0.484383,0.321577,0.368538,0.608618,0.648198,-0.204081,0.576572,-0.027954,0.705434,0.445740,0.023674,0.317880,0.434391,-0.033386,0.507389,0.323759,0.999571,0.277233,-0.643835,0.207382,0.659316,0.975595,0.135635,-0.325707,0.989561,0.156351,0.463905,0.836602,0.414709,0.683637,0.548049,0.806167,1.000000,0.672044,-0.005133,-0.051119,0.441294,0.144274,-0.274967,-0.766865,-0.838030,0.017980,-0.447106,0.722093
Flocculus,0.805447,0.811965,0.651249,0.879658,0.885716,0.883010,0.821837,0.910594,0.883709,0.723893,0.853911,0.636393,0.551598,0.921689,0.884483,0.879754,0.876381,0.895697,0.843106,0.843214,0.828982,0.940802,0.937000,0.813509,0.663074,0.762136,0.886169,0.954617,0.758645,0.868088,0.855883,0.504830,0.667898,0.810905,0.594780,0.632645,0.517033,0.728987,0.870109,0.541640,0.011372,-0.067425,0.467077,0.509066,0.405088,0.168146,0.549374,0.308836,0.624258,0.978275,0.402626,0.723976,0.661592,0.642521,0.261199,0.587333,0.737979,0.917877,0.705035,0.597781,0.216137,0.777808,0.779816,0.177502,0.696808,0.633120,-0.713038,0.390982,0.533180,0.539678,-0.928160,0.177129,0.804851,0.827006,0.821018,0.603016,0.959135,0.641057,0.749310,0.605190,0.685949,0.776750,0.753270,0.800949,0.423551,0.680111,0.655835,0.798751,-0.111376,0.617308,0.854629,0.559210,0.413828,0.075113,0.377709,0.734047,0.786976,0.785800,0.670574,0.086294,0.444729,0.571478,-0.423877,0.655650,0.557599,0.715588,-0.934576,0.920639,0.711787,0.572413,0.833979,0.926590,0.642123,0.880796,0.797832,0.756853,0.889740,0.968430,0.897587,0.613425,0.758361,0.354935,0.932157,0.715524,0.679867,0.574964,0.660532,0.806879,0.877238,0.545225,0.731584,0.510655,0.721577,0.358849,0.780484,0.606406,-0.438072,0.311385,0.129927,0.604597,0.713255,0.460094,0.650982,0.917463,0.072184,0.284592,0.986894,0.767387,0.918074,0.987164,0.765617,0.936971,-0.170912,0.201112,-0.007688,0.488089,0.615179,0.710126,0.504833,-0.060699,0.731452,0.026214,0.077839,-0.522117,-0.765781,0.845297,0.039466,0.602180,0.395709,0.785664,0.803576,0.571187,0.242560,0.978441,0.466194,0.516995,0.905594,0.881424,0.684819,0.986458,0.645628,0.323010,0.723061,0.865461,0.787672,0.919132,0.519149,0.778436,0.785787,0.479115,0.703894,0.958459,0.890445,0.962700,0.916549,0.736131,0.733760,-0.071377,0.377958,0.985971,0.534463,0.846283,0.746673,0.755090,0.878794,0.868232,0.273282,0.708276,0.860158,0.686153,0.699640,-0.147606,0.780778,0.724104,0.795979,0.804228,0.480880,0.573565,0.752390,0.877515,0.911218,0.949419,0.733192,0.570291,0.879331,0.672044,1.000000,0.662402,0.688173,0.702339,0.560174,-0.186254,-0.942731,-0.882180,0.702941,0.092330,0.881522
Gustatory areas,0.742231,0.831193,0.946346,0.800125,0.796633,0.668162,0.915120,0.746555,0.730205,0.259158,0.459397,0.988239,0.986129,0.830704,0.876541,0.506181,0.484242,0.723215,0.754411,0.828633,0.745621,0.653240,0.367067,0.714292,0.913578,0.966406,0.281831,0.705194,0.432111,0.844966,0.748341,0.542284,0.932765,0.799891,0.901246,0.979362,0.972178,0.966297,0.897652,0.978375,0.752006,0.689405,0.960859,0.979781,0.951009,0.802033,0.985320,0.914395,0.968325,0.677731,0.644772,0.996279,0.995904,0.998013,0.786376,0.944567,0.991377,0.310976,0.388463,0.500697,0.825412,0.951814,0.932895,0.835422,0.832322,0.884977,-0.996886,0.134940,0.915262,0.588307,-0.369981,0.854601,0.435667,0.402795,0.673567,0.338334,0.709464,0.877144,0.925259,0.930531,0.811576,0.885395,0.906907,0.756062,0.916486,0.961196,0.993841,0.808914,0.575596,0.942412,0.764535,0.877137,0.954044,0.793996,0.453678,0.379501,0.803718,0.784746,0.528325,-0.023822,0.346099,0.912511,-0.475305,0.910099,0.847116,0.279811,-0.636129,0.672199,0.898575,0.361466,0.744568,0.683917,0.753710,0.809764,0.082962,0.341794,0.484521,0.654132,0.855265,0.850644,0.443353,0.342466,0.563313,0.986488,0.731381,0.628683,0.475163,0.655135,0.740900,0.329501,0.605068,0.809225,0.343733,0.263608,0.466960,0.846837,0.275737,0.702535,0.802707,0.663607,0.860673,0.262460,0.726258,0.823998,0.217437,-0.268711,0.583265,0.271879,0.758134,0.772227,0.118974,0.622885,-0.781300,0.864524,0.645642,0.881934,0.688641,0.125062,0.615617,-0.471148,0.846425,0.761899,0.268937,0.272125,-0.169023,0.927759,0.365834,0.380982,0.876486,0.861671,0.832222,0.951133,0.821359,0.646594,0.747994,0.982912,0.634877,0.782860,0.433631,0.774224,0.973814,0.229444,0.884555,0.718536,0.673677,0.456039,0.265948,0.820131,0.797321,0.845966,0.899467,0.488691,0.592463,0.702034,0.867932,0.304611,0.101863,-0.764789,0.927923,0.671333,0.381356,0.229673,0.251467,0.921536,0.673270,0.499140,-0.041630,0.135056,0.613605,0.021935,0.912991,0.060129,0.578826,0.053840,0.116874,0.763180,0.864689,-0.148632,0.584021,0.488376,0.297268,0.774058,0.053571,-0.103541,0.240679,-0.005133,0.662402,1.000000,0.970801,0.179508,0.226237,-0.421052,-0.637864,-0.529562,0.681465,0.164130,0.285586
Parapyramidal nucleus,0.867251,0.928450,0.995330,0.892357,0.888091,0.789941,0.971282,0.843263,0.840013,0.440891,0.606432,0.992975,0.971379,0.895100,0.935547,0.642981,0.622543,0.830667,0.869088,0.920691,0.865481,0.753162,0.432142,0.844403,0.984265,0.994169,0.381106,0.789157,0.607167,0.924367,0.861555,0.727959,0.991808,0.907898,0.975367,0.996139,0.971144,0.998274,0.949979,0.976157,0.665155,0.583515,0.956353,0.956560,0.887968,0.668389,0.924876,0.883059,0.996407,0.747741,0.446649,0.974893,0.987964,0.980831,0.623810,0.989209,0.986023,0.363144,0.250246,0.324172,0.692992,0.990507,0.985573,0.728726,0.940265,0.970048,-0.963740,0.365477,0.973423,0.765108,-0.372736,0.796256,0.598900,0.558624,0.810352,0.543178,0.789623,0.966305,0.986479,0.987426,0.927438,0.965239,0.978340,0.878290,0.948415,0.999248,0.990343,0.915955,0.632048,0.991968,0.873903,0.961081,0.925100,0.714576,0.652180,0.561397,0.914126,0.665242,0.708944,-0.244894,0.560677,0.977649,-0.268708,0.982591,0.945487,0.464881,-0.576367,0.779354,0.976982,0.567997,0.863667,0.786589,0.889227,0.898465,0.117283,0.517934,0.616983,0.735800,0.919743,0.950915,0.618011,0.557282,0.674178,0.995492,0.872049,0.796832,0.663032,0.797952,0.850191,0.540569,0.767829,0.647364,0.528681,0.487310,0.635537,0.948456,0.330940,0.827851,0.807531,0.823501,0.956636,0.483555,0.869394,0.893371,0.430864,-0.052022,0.644956,0.440748,0.848870,0.793404,0.082180,0.727979,-0.633351,0.790526,0.706828,0.953781,0.842311,0.295413,0.785940,-0.247768,0.947185,0.726191,0.031543,0.157421,-0.110300,0.968141,0.545604,0.583276,0.932018,0.950990,0.930472,0.987972,0.867000,0.719889,0.877648,0.953414,0.753218,0.879856,0.622025,0.782714,0.998216,0.456197,0.969369,0.836127,0.816539,0.570586,0.482738,0.926167,0.909920,0.935965,0.977672,0.573749,0.720865,0.781118,0.915752,0.485241,0.255929,-0.772154,0.835869,0.733585,0.588951,0.347918,0.425582,0.984480,0.795548,0.640557,0.196206,0.307920,0.749807,-0.027462,0.803904,0.267692,0.737686,0.198317,0.111417,0.882984,0.945162,-0.186916,0.746987,0.626215,0.357579,0.843936,0.191732,0.069693,0.323205,-0.051119,0.688173,0.970801,1.000000,0.360730,0.439654,-0.192659,-0.583713,-0.448793,0.832784,0.387019,0.391794
Presubiculum,0.773860,0.681111,0.388472,0.733578,0.737646,0.851869,0.558132,0.786728,0.803118,0.995695,0.954780,0.249199,0.128874,0.687431,0.628993,0.935941,0.943510,0.809053,0.774801,0.694395,0.779074,0.847760,0.839021,0.802004,0.464171,0.419814,0.910485,0.802576,0.956163,0.677486,0.783433,0.740023,0.432369,0.717311,0.419919,0.279873,0.139763,0.403191,0.593506,0.155327,-0.437725,-0.534015,0.092585,0.073459,-0.107565,-0.443281,0.008988,-0.094702,0.305424,0.794252,-0.368704,0.252031,0.235072,0.194670,-0.436137,0.324611,0.306621,0.806297,0.113604,-0.107925,-0.407121,0.465453,0.508916,-0.375620,0.612683,0.484952,-0.212314,0.881931,0.323242,0.732420,-0.669499,-0.256448,0.962930,0.971909,0.837564,0.931590,0.795223,0.504457,0.507917,0.375327,0.630286,0.590730,0.543073,0.758804,0.163823,0.379782,0.242394,0.702038,-0.116696,0.362893,0.767647,0.422899,-0.012936,-0.377906,0.693725,0.968975,0.702498,0.112014,0.868879,-0.493433,0.822875,0.373960,0.322858,0.463697,0.467781,0.991316,-0.434310,0.844111,0.529097,0.903673,0.781569,0.833991,0.661831,0.722534,0.727708,0.984188,0.939421,0.823219,0.660340,0.518074,0.951571,0.749902,0.895488,0.326562,0.713151,0.727424,0.895016,0.846872,0.793236,0.902260,0.850693,-0.233646,0.977080,0.799474,0.947246,0.516853,-0.302908,0.375549,-0.116841,0.720372,0.586967,0.877252,0.697037,0.698783,0.548170,0.876988,0.807820,0.994799,0.774066,0.647300,0.506198,0.866937,0.471877,-0.279957,-0.038936,0.331027,0.705659,0.994435,0.678605,0.667054,0.618728,-0.295929,-0.629280,-0.811518,-0.434771,0.533055,0.389959,0.911686,0.213594,0.629681,0.676402,0.289048,0.076948,0.812100,0.502060,0.062878,0.871589,0.752482,0.928851,0.613281,0.312045,0.787673,0.559201,0.811542,0.825535,0.925909,0.914182,0.679226,0.709073,0.381187,0.521745,0.872624,0.897577,0.797601,0.629246,0.989574,0.978796,0.147735,-0.198392,0.782462,0.868989,0.941847,0.997193,0.518285,0.848143,0.940392,0.855169,0.996448,0.886333,0.436196,0.029414,0.396748,0.889260,0.960147,0.613179,0.753152,0.352460,0.421778,0.874748,0.942034,0.825892,0.741429,0.951434,0.953226,0.873614,0.441294,0.702339,0.179508,0.360730,1.000000,0.951307,0.560815,-0.455102,-0.367880,0.774670,0.605173,0.923456
Medullary reticular nucleus dorsal part,0.818703,0.727829,0.490906,0.740144,0.740104,0.840471,0.592085,0.768165,0.800994,0.965057,0.909088,0.331865,0.225857,0.663445,0.629206,0.886579,0.889648,0.798047,0.800197,0.723856,0.811546,0.790370,0.659770,0.839229,0.570624,0.468002,0.753038,0.742710,0.962442,0.691655,0.800731,0.887567,0.532950,0.763766,0.551304,0.371689,0.257416,0.467625,0.600122,0.264611,-0.275124,-0.378555,0.222464,0.177059,-0.008906,-0.365145,0.066320,0.056527,0.406802,0.704239,-0.487164,0.281083,0.299501,0.258877,-0.423824,0.446885,0.342892,0.604780,-0.149749,-0.328008,-0.338542,0.512598,0.561491,-0.266498,0.712848,0.606173,-0.235356,0.980315,0.468472,0.873830,-0.439672,-0.098404,0.942426,0.925845,0.864637,0.992767,0.731676,0.623735,0.577110,0.497074,0.734827,0.653013,0.613818,0.807371,0.327928,0.466451,0.312250,0.755172,0.161540,0.477429,0.787276,0.568621,0.113413,-0.219345,0.872096,0.973578,0.761380,-0.037236,0.944595,-0.728522,0.955165,0.509919,0.511687,0.573429,0.617100,0.973449,-0.233141,0.806873,0.619018,0.985428,0.811135,0.794341,0.781571,0.728679,0.482206,0.962870,0.875442,0.739567,0.653516,0.649036,0.961245,0.915279,0.821908,0.382409,0.815885,0.860901,0.963718,0.878654,0.796573,0.987976,0.912386,-0.307921,0.977523,0.945669,0.950817,0.650433,0.001076,0.595173,0.097928,0.846646,0.679522,0.982383,0.811241,0.678611,0.779091,0.872885,0.676640,0.940456,0.751156,0.541504,0.221953,0.805729,0.414096,-0.141580,0.226815,0.494621,0.830542,0.915594,0.836365,0.734273,0.703994,-0.090723,-0.780783,-0.626434,-0.147354,0.548307,0.651680,0.984738,0.396094,0.689248,0.727509,0.412700,0.290978,0.714840,0.681507,0.158957,0.837826,0.756986,0.975363,0.497227,0.403855,0.939088,0.645951,0.819416,0.870641,0.825791,0.994256,0.742810,0.768266,0.552526,0.614771,0.742194,0.864691,0.729351,0.604664,0.968033,0.869146,-0.079204,-0.122461,0.680629,0.972510,0.799349,0.948719,0.585600,0.840436,0.897185,0.947469,0.923757,0.878643,0.139583,-0.036481,0.654946,0.920368,0.830173,0.344332,0.800645,0.520802,0.122444,0.921919,0.888674,0.629633,0.693419,0.812365,0.855969,0.690694,0.144274,0.560174,0.226237,0.439654,0.951307,1.000000,0.696277,-0.256343,-0.133596,0.861878,0.819532,0.775091
Intercalated amygdalar nucleus,0.209336,0.082146,-0.105536,0.059386,0.056248,0.201131,-0.096058,0.083514,0.141590,0.542815,0.347238,-0.283449,-0.346035,-0.060933,-0.086041,0.293971,0.304910,0.132199,0.161241,0.058008,0.185221,0.111268,0.037461,0.233766,-0.016351,-0.208083,0.195243,0.036513,0.475343,0.001944,0.154997,0.530199,-0.066169,0.130516,0.009511,-0.234432,-0.284961,-0.186912,-0.114256,-0.294444,-0.496702,-0.545642,-0.288711,-0.371265,-0.504099,-0.711237,-0.522361,-0.359616,-0.187130,-0.015130,-0.961736,-0.399019,-0.337803,-0.371226,-0.833427,-0.112634,-0.337989,0.002162,-0.719884,-0.876193,-0.718447,-0.164988,-0.107164,-0.615376,0.140069,0.049726,0.443061,0.806517,-0.046220,0.481045,0.203023,-0.432271,0.422096,0.397161,0.267103,0.633151,0.020230,0.066054,-0.068045,-0.064858,0.176682,0.008448,-0.025221,0.196267,-0.131986,-0.155192,-0.319335,0.126647,0.113045,-0.097538,0.136876,0.057815,-0.374070,-0.486124,0.617122,0.516527,0.142493,-0.743025,0.489388,-0.863047,0.692285,-0.024230,0.961812,-0.007550,0.120224,0.552570,0.502140,0.138194,0.009585,0.639261,0.181768,0.117502,0.271369,0.043518,-0.001183,0.498893,0.280304,0.036407,-0.062288,0.118680,0.471467,0.707083,0.173883,-0.278114,0.290513,0.433876,0.530146,0.296407,0.138273,0.667541,0.395158,-0.871943,0.537715,0.757564,0.439717,0.125727,0.219281,0.290990,-0.169965,0.390228,0.085318,0.732939,0.305364,-0.039638,0.769410,0.853784,-0.028612,0.483994,0.056865,-0.225369,-0.279284,0.138256,0.762613,-0.498443,0.101424,0.020365,0.359308,0.529117,0.455293,0.972865,0.104236,-0.303050,-0.986853,-0.425181,0.374747,-0.163220,0.612569,0.614396,-0.028132,0.048824,0.086997,-0.141859,-0.032401,0.004139,0.275571,-0.397375,0.191562,0.081212,0.537412,-0.274787,-0.205649,0.781822,0.035696,0.176841,0.295465,0.212707,0.706923,0.123350,0.152499,0.099521,0.009765,0.085950,0.241673,0.017119,-0.132190,0.527150,0.467555,0.143569,-0.607527,-0.044922,0.644713,0.285500,0.511636,-0.061431,0.202595,0.315005,0.889266,0.537002,0.271810,-0.295944,-0.717242,0.812046,0.378426,0.442009,-0.162006,0.184904,0.058442,-0.200456,0.397363,0.302083,0.037543,-0.031793,0.416296,0.609010,0.140125,-0.274967,-0.186254,-0.421052,-0.192659,0.560815,0.696277,1.000000,0.481984,0.553256,0.338916,0.814348,0.221956
Medullary reticular nucleus ventral part,-0.590065,-0.628285,-0.519158,-0.708977,-0.716729,-0.682542,-0.689599,-0.739855,-0.694586,-0.469313,-0.635693,-0.563190,-0.502966,-0.789825,-0.754451,-0.672892,-0.669294,-0.711121,-0.643001,-0.668553,-0.621675,-0.775535,-0.848569,-0.593803,-0.503444,-0.663273,-0.754580,-0.807922,-0.498787,-0.711091,-0.658989,-0.208625,-0.523362,-0.614716,-0.428505,-0.542851,-0.448584,-0.622689,-0.747059,-0.475342,-0.065453,-0.016546,-0.402566,-0.471389,-0.422855,-0.291244,-0.566268,-0.280516,-0.518936,-0.855185,-0.642955,-0.691181,-0.606913,-0.600094,-0.431188,-0.458940,-0.683243,-0.852447,-0.896394,-0.828968,-0.337298,-0.665305,-0.649123,-0.259187,-0.492832,-0.454293,0.696594,-0.064069,-0.385875,-0.253329,0.928472,-0.187634,-0.563567,-0.600380,-0.595900,-0.302712,-0.817683,-0.457437,-0.605798,-0.461300,-0.472114,-0.611444,-0.597007,-0.588076,-0.309129,-0.563517,-0.594735,-0.602582,0.251382,-0.483335,-0.661669,-0.379618,-0.382768,-0.117261,-0.066100,-0.468304,-0.585970,-0.916325,-0.389937,-0.409292,-0.123046,-0.416042,0.693255,-0.493446,-0.360078,-0.453924,0.999714,-0.742356,-0.544556,-0.266212,-0.628073,-0.753882,-0.403706,-0.714318,-0.774456,-0.503889,-0.691567,-0.830430,-0.762269,-0.415203,-0.498001,-0.029461,-0.759317,-0.639705,-0.437762,-0.298706,-0.374090,-0.574250,-0.687575,-0.234386,-0.471895,-0.688009,-0.454306,-0.028239,-0.527552,-0.406313,0.561776,-0.078467,-0.052727,-0.338132,-0.524480,-0.137606,-0.404600,-0.778914,0.251434,-0.011150,-0.885016,-0.531897,-0.755124,-0.925575,-0.839488,-0.766989,0.316603,-0.234146,0.156718,-0.322395,-0.355726,-0.483951,-0.223727,0.339210,-0.537910,-0.006627,-0.396260,0.405312,0.866390,-0.735492,0.251261,-0.301470,-0.250031,-0.609384,-0.618020,-0.452685,-0.109808,-0.853585,-0.229299,-0.488361,-0.714154,-0.705613,-0.402569,-0.942851,-0.545968,0.010265,-0.548439,-0.665504,-0.552418,-0.750585,-0.205000,-0.581793,-0.582191,-0.290400,-0.536535,-0.830790,-0.687937,-0.823643,-0.804729,-0.479361,-0.534131,-0.008361,-0.438374,-0.874938,-0.223257,-0.690722,-0.504709,-0.609701,-0.676952,-0.654926,0.052405,-0.477474,-0.643187,-0.783906,-0.799479,0.457243,-0.531239,-0.542354,-0.826380,-0.594299,-0.304137,-0.666725,-0.495271,-0.670748,-0.835120,-0.816209,-0.560912,-0.355653,-0.775363,-0.766865,-0.942731,-0.637864,-0.583713,-0.455102,-0.256343,0.481984,1.000000,0.985296,-0.451243,0.238978,-0.739438
Parastrial nucleus,-0.446821,-0.486283,-0.374674,-0.579512,-0.588690,-0.558710,-0.557492,-0.618897,-0.567162,-0.369802,-0.530739,-0.435851,-0.381502,-0.673809,-0.631338,-0.567580,-0.566601,-0.587002,-0.506063,-0.531992,-0.482340,-0.670448,-0.811257,-0.452897,-0.352906,-0.534768,-0.708825,-0.704072,-0.376229,-0.580615,-0.524746,-0.044800,-0.376535,-0.471799,-0.273606,-0.409910,-0.319394,-0.489627,-0.623247,-0.347399,0.011034,0.043740,-0.273978,-0.353020,-0.325161,-0.243252,-0.470793,-0.164627,-0.380871,-0.765454,-0.673536,-0.583104,-0.487151,-0.483983,-0.408400,-0.313028,-0.567789,-0.830669,-0.955917,-0.884341,-0.287824,-0.534067,-0.513246,-0.190853,-0.336997,-0.298421,0.594387,0.064153,-0.233651,-0.089091,0.925548,-0.088534,-0.450171,-0.498188,-0.458548,-0.168778,-0.715576,-0.301078,-0.464344,-0.311953,-0.314553,-0.467908,-0.453092,-0.443796,-0.164424,-0.424648,-0.472414,-0.457897,0.387758,-0.336959,-0.526804,-0.220853,-0.265736,-0.033660,0.098448,-0.349098,-0.439471,-0.903762,-0.242226,-0.544760,0.028130,-0.262826,0.758595,-0.341980,-0.198054,-0.348490,0.987959,-0.628636,-0.395351,-0.125412,-0.489678,-0.641130,-0.241830,-0.585314,-0.793352,-0.395807,-0.593027,-0.737393,-0.640487,-0.255171,-0.373757,0.127135,-0.662581,-0.515430,-0.279195,-0.134908,-0.230547,-0.435642,-0.558219,-0.094603,-0.325426,-0.677354,-0.338570,0.119875,-0.404245,-0.245694,0.668395,0.090707,0.076676,-0.175096,-0.371767,0.002182,-0.243594,-0.660918,0.404753,0.048199,-0.816494,-0.440419,-0.636105,-0.848298,-0.890667,-0.663820,0.280424,-0.143856,0.300775,-0.165035,-0.192710,-0.412596,-0.056287,0.390948,-0.386061,0.099652,-0.491153,0.420167,0.921627,-0.611776,0.412569,-0.161749,-0.096805,-0.465038,-0.474728,-0.309047,0.038564,-0.767239,-0.060168,-0.373557,-0.599368,-0.576461,-0.267317,-0.872410,-0.410476,0.156715,-0.398690,-0.534419,-0.409401,-0.668966,-0.070952,-0.434456,-0.435444,-0.128180,-0.386777,-0.763033,-0.573574,-0.723633,-0.691536,-0.373626,-0.477502,-0.136669,-0.359294,-0.791204,-0.076009,-0.640339,-0.412323,-0.468272,-0.551699,-0.547417,0.162773,-0.402885,-0.518836,-0.853380,-0.753732,0.595165,-0.394640,-0.498634,-0.862075,-0.450414,-0.144300,-0.751209,-0.353596,-0.567696,-0.810581,-0.708435,-0.521428,-0.311975,-0.745621,-0.838030,-0.882180,-0.529562,-0.448793,-0.367880,-0.133596,0.553256,0.985296,1.000000,-0.296537,0.387379,-0.688801
Interanteromedial nucleus of the thalamus,0.986615,0.965072,0.864905,0.946980,0.944016,0.949256,0.903845,0.933445,0.954073,0.829934,0.885007,0.763459,0.688671,0.897221,0.902041,0.890903,0.880852,0.945846,0.973548,0.955909,0.979504,0.891755,0.617188,0.985475,0.908153,0.842559,0.649166,0.882120,0.925432,0.936064,0.968565,0.966355,0.888430,0.975676,0.894944,0.790879,0.710786,0.846898,0.893121,0.716774,0.222143,0.112719,0.682953,0.651553,0.499133,0.156864,0.559713,0.543918,0.813873,0.831419,-0.068185,0.714791,0.738297,0.709460,0.086994,0.837389,0.759794,0.542254,0.009294,-0.052838,0.185387,0.867684,0.895653,0.254970,0.970003,0.924149,-0.679789,0.815886,0.845133,0.977604,-0.442486,0.402096,0.904819,0.868796,0.980775,0.916416,0.875103,0.932555,0.908068,0.867050,0.976989,0.941812,0.926258,0.986306,0.747968,0.849867,0.748184,0.975813,0.487503,0.856513,0.967483,0.899682,0.598439,0.283017,0.919386,0.906722,0.979418,0.323612,0.980578,-0.614517,0.913145,0.871522,0.191478,0.909410,0.921248,0.850134,-0.432642,0.919181,0.931408,0.928553,0.977839,0.915167,0.986641,0.943277,0.325160,0.872483,0.867651,0.847346,0.907191,0.941194,0.931172,0.891544,0.865125,0.791987,0.995743,0.986094,0.965923,0.983170,0.957763,0.915519,0.991412,0.158680,0.890472,0.868767,0.933607,0.941060,0.226572,0.852794,0.536531,0.991083,0.957573,0.883346,0.993059,0.906089,0.747628,0.504941,0.751905,0.811439,0.925517,0.754807,0.140983,0.886700,-0.104660,0.369718,0.567003,0.852888,0.991422,0.712453,0.968499,0.322056,0.966297,0.374768,-0.481929,-0.270222,-0.110411,0.872664,0.737401,0.935339,0.783237,0.955732,0.966616,0.815978,0.687443,0.821493,0.927457,0.637670,0.924179,0.950089,0.947250,0.720347,0.811713,0.848289,0.943237,0.964618,0.990423,0.806507,0.886612,0.975370,0.981352,0.879583,0.929629,0.752792,0.922872,0.868313,0.872569,0.857549,0.657843,-0.507250,0.397624,0.807472,0.935307,0.661293,0.808949,0.911893,0.952855,0.896927,0.701397,0.725230,0.950971,0.028238,0.412495,0.585353,0.975310,0.599279,0.234223,0.984630,0.864822,-0.070737,0.983674,0.882355,0.555137,0.883896,0.583452,0.548638,0.575407,0.017980,0.702941,0.681465,0.832784,0.774670,0.861878,0.338916,-0.451243,-0.296537,1.000000,0.745809,0.669857
Tuberomammillary nucleus dorsal part,0.628549,0.555694,0.471685,0.492686,0.485294,0.546517,0.422289,0.471645,0.528524,0.641863,0.553163,0.311620,0.259156,0.375203,0.390566,0.525082,0.521000,0.510343,0.577165,0.520667,0.599725,0.424307,0.125006,0.632275,0.541991,0.351166,0.243612,0.379131,0.692915,0.466408,0.562977,0.890870,0.500989,0.585039,0.575303,0.359409,0.322777,0.381291,0.378787,0.311936,0.028209,-0.056854,0.320506,0.235554,0.089613,-0.201931,0.065483,0.240405,0.404639,0.296448,-0.646594,0.172508,0.252533,0.221476,-0.367603,0.475979,0.232791,0.047344,-0.641013,-0.704073,-0.202042,0.383994,0.432550,-0.073127,0.644358,0.598918,-0.126937,0.906223,0.537828,0.864826,0.134840,0.142596,0.627476,0.570280,0.636104,0.827059,0.363580,0.609170,0.476057,0.513912,0.670944,0.523715,0.508173,0.625740,0.467700,0.422483,0.272433,0.590257,0.588185,0.484592,0.555751,0.617343,0.232808,0.058555,0.945178,0.703010,0.606149,-0.380005,0.800521,-0.983607,0.931207,0.551798,0.780894,0.550550,0.663193,0.670129,0.260713,0.472616,0.548722,0.857914,0.594078,0.457626,0.739783,0.482411,-0.105641,0.649990,0.491398,0.337015,0.397591,0.652455,0.697327,0.963558,0.425999,0.299486,0.735757,0.836545,0.806665,0.657128,0.534432,0.870199,0.743020,-0.444865,0.701504,0.957764,0.675900,0.658750,0.543940,0.791722,0.400684,0.809144,0.602513,0.908559,0.754212,0.394329,0.995729,0.671442,0.207514,0.577894,0.449689,0.136184,-0.376514,0.431492,0.274774,0.072523,0.607243,0.594877,0.792148,0.527061,0.864802,0.719797,0.608539,0.245198,-0.893570,-0.148454,0.443003,0.353318,0.944092,0.839301,0.556916,0.547990,0.563571,0.452329,0.542246,0.293724,0.777032,0.207627,0.505781,0.503051,0.777732,0.083624,0.384021,0.965773,0.564273,0.562117,0.674331,0.389219,0.870251,0.599502,0.612483,0.656104,0.551263,0.266825,0.531493,0.353726,0.326579,0.656895,0.436761,-0.412942,-0.035869,0.257233,0.887109,0.311130,0.596962,0.479249,0.552921,0.545201,0.886621,0.543755,0.587127,-0.452374,-0.235395,0.968330,0.694215,0.373988,-0.255795,0.618029,0.624982,-0.454473,0.724949,0.520824,0.077081,0.357981,0.343651,0.469144,0.153050,-0.447106,0.092330,0.164130,0.387019,0.605173,0.819532,0.814348,0.238978,0.387379,0.745809,1.000000,0.276783
Median eminence,0.731755,0.669619,0.381894,0.755414,0.763053,0.849794,0.598989,0.819403,0.810126,0.913546,0.936214,0.298043,0.180528,0.759668,0.690912,0.933990,0.941452,0.824375,0.758232,0.700878,0.751591,0.898729,0.982664,0.758890,0.433617,0.476917,0.999410,0.874189,0.869707,0.708343,0.773955,0.541830,0.417954,0.693968,0.364558,0.310820,0.162064,0.443584,0.657823,0.186230,-0.413868,-0.497313,0.106028,0.125343,-0.024591,-0.307429,0.128426,-0.084082,0.318430,0.898182,-0.039744,0.366317,0.309687,0.276809,-0.225481,0.304698,0.402038,0.971419,0.485370,0.271076,-0.261425,0.513256,0.539185,-0.282016,0.548841,0.427633,-0.340669,0.640233,0.270354,0.551747,-0.903178,-0.238099,0.908169,0.939983,0.792765,0.765323,0.873325,0.444655,0.516931,0.344741,0.554208,0.586317,0.540727,0.717445,0.115542,0.396467,0.308853,0.675003,-0.320103,0.345364,0.761167,0.345175,0.021327,-0.351254,0.449303,0.872224,0.667481,0.423383,0.732386,-0.132074,0.591155,0.323073,-0.050174,0.428617,0.372343,0.898554,-0.724731,0.875155,0.504492,0.721887,0.756950,0.871904,0.551008,0.748605,0.915049,0.908717,0.950258,0.910054,0.721296,0.436828,0.863983,0.490130,0.940482,0.394150,0.609742,0.564901,0.752272,0.791290,0.797424,0.709803,0.748905,0.051037,0.877060,0.539138,0.872267,0.431939,-0.563411,0.183488,-0.200273,0.574420,0.542084,0.652809,0.581602,0.763223,0.219829,0.681427,0.940681,0.943715,0.816339,0.813306,0.784559,0.913391,0.310730,-0.232097,-0.227048,0.248349,0.568695,0.944544,0.492687,0.382466,0.574465,-0.345368,-0.288851,-0.843705,-0.738695,0.603053,0.080052,0.742750,0.127082,0.617355,0.660637,0.274776,-0.034867,0.915708,0.345542,0.126190,0.886612,0.770264,0.799012,0.797757,0.336473,0.516488,0.530599,0.802871,0.761145,0.976943,0.714234,0.645674,0.671337,0.273774,0.494832,0.975378,0.898970,0.879516,0.719237,0.906294,0.964081,0.247845,-0.077173,0.901352,0.670782,0.997458,0.934723,0.527080,0.843253,0.928939,0.591301,0.940757,0.863452,0.722585,0.279412,0.031034,0.812599,0.963746,0.854505,0.715412,0.257125,0.681025,0.782262,0.940421,0.978737,0.822441,0.967380,0.888401,0.991450,0.722093,0.881522,0.285586,0.391794,0.923456,0.775091,0.221956,-0.739438,-0.688801,0.669857,0.276783,1.000000
