comparison,metric,region,region_id,diff,p_value,q_value,significant_fdr05
PSI_vs_SAL,wdeg,Tuberomammillary nucleus ventral part,1,-5.265837901364904,0.7722227777222278,0.9685936168287933,False
PSI_vs_SAL,wdeg,Inferior colliculus,4,1.699537251643875,0.9671032896710329,1.0,False
PSI_vs_SAL,wdeg,Principal sensory nucleus of the trigeminal,7,50.78896231194763,0.1474852514748525,0.6355273563552735,False
PSI_vs_SAL,wdeg,Interfascicular nucleus raphe,12,22.054275243530242,0.5113488651134886,0.8948017606998424,False
PSI_vs_SAL,wdeg,Induseum griseum,19,17.563707262253615,0.20927907209279073,0.7015037132650371,False
PSI_vs_SAL,wdeg,Anterior amygdalar area,23,82.51614808116312,0.026797320267973202,0.34417986772751297,False
PSI_vs_SAL,wdeg,Intergeniculate leaflet of the lateral geniculate complex,27,90.48629602447932,0.006799320067993201,0.34417986772751297,False
PSI_vs_SAL,wdeg,Periventricular hypothalamic nucleus anterior part,30,-7.160328003036227,0.8934106589341065,1.0,False
PSI_vs_SAL,wdeg,Paraventricular hypothalamic nucleus,38,-5.2140253228915014,0.9435056494350565,1.0,False
PSI_vs_SAL,wdeg,Anterior cingulate area dorsal part,39,10.153609323152807,0.9132086791320868,1.0,False
PSI_vs_SAL,wdeg,Infralimbic area,44,10.266551971426196,0.7214278572142786,0.9685936168287933,False
PSI_vs_SAL,wdeg,Anterior cingulate area ventral part,48,-8.902921383909018,0.8049195080491951,0.998774468102928,False
PSI_vs_SAL,wdeg,Nucleus accumbens,56,24.043588478131255,0.5396460353964604,0.9056115221811153,False
PSI_vs_SAL,wdeg,Paraventricular hypothalamic nucleus descending division,63,-59.649190805554014,0.026497350264973504,0.34417986772751297,False
PSI_vs_SAL,wdeg,Lateral terminal nucleus of the accessory optic tract,66,35.37868284735869,0.3712628737126287,0.7897811988712632,False
PSI_vs_SAL,wdeg,Anterodorsal preoptic nucleus,72,7.888941318454812,0.8636136386361364,1.0,False
PSI_vs_SAL,wdeg,Dorsal terminal nucleus of the accessory optic tract,75,70.02442117097253,0.09149085091490851,0.5918002794315163,False
PSI_vs_SAL,wdeg,Inferior olivary complex,83,27.05632357526028,0.6512348765123488,0.9507951643860004,False
PSI_vs_SAL,wdeg,Anterior hypothalamic nucleus,88,42.73478253226682,0.34796520347965204,0.7782212344803257,False
PSI_vs_SAL,wdeg,Interposed nucleus,91,39.278382907369604,0.24647535246475352,0.7015037132650371,False
PSI_vs_SAL,wdeg,Dorsal cochlear nucleus,96,-41.03141159459898,0.23127687231276872,0.7015037132650371,False
PSI_vs_SAL,wdeg,Interpeduncular nucleus,100,1.5901944116374978,0.965003499650035,1.0,False
PSI_vs_SAL,wdeg,Ventral cochlear nucleus,101,78.76775406753109,0.11328867113288671,0.6355273563552735,False
PSI_vs_SAL,wdeg,Agranular insular area dorsal part,104,-2.7794928181521072,0.8698130186981302,1.0,False
PSI_vs_SAL,wdeg,Inferior salivatory nucleus,106,-0.1970490520790804,0.9707029297070293,1.0,False
PSI_vs_SAL,wdeg,Agranular insular area posterior part,111,17.292309169903632,0.7211278872112789,0.9685936168287933,False
PSI_vs_SAL,wdeg,Trochlear nucleus,115,-49.66176750390349,0.030496950304969503,0.34417986772751297,False
PSI_vs_SAL,wdeg,Periventricular hypothalamic nucleus intermediate part,118,33.68984661958598,0.37396260373962603,0.7897811988712632,False
PSI_vs_SAL,wdeg,Agranular insular area ventral part,119,-5.965881730874827,0.6579342065793421,0.9507951643860004,False
PSI_vs_SAL,wdeg,Periventricular hypothalamic nucleus posterior part,126,2.2711180809442055,0.9323067693230677,1.0,False
PSI_vs_SAL,wdeg,Anteromedial nucleus,127,-3.555414308515708,0.8892110788921108,1.0,False
PSI_vs_SAL,wdeg,Midbrain reticular nucleus,128,-22.128890408464514,0.45265473452654736,0.8750923294767297,False
PSI_vs_SAL,wdeg,Nucleus ambiguus,135,49.461290121333235,0.18238176182381763,0.7015037132650371,False
PSI_vs_SAL,wdeg,Intermediate reticular nucleus,136,-36.3251351442846,0.25607439256074394,0.7015037132650371,False
PSI_vs_SAL,wdeg,Pontine reticular nucleus,146,-21.470048574815905,0.6160383961603839,0.9212267452500033,False
PSI_vs_SAL,wdeg,Locus ceruleus,147,3.461054241872745,1.0,1.0,False
PSI_vs_SAL,wdeg,Paraventricular nucleus of the thalamus,149,-36.97116057611515,0.29787021297870214,0.7277859842881692,False
PSI_vs_SAL,wdeg,Accessory olfactory bulb,151,-11.779442751758296,0.6362363763623637,0.9381906529843912,False
PSI_vs_SAL,wdeg,Lateral dorsal nucleus of thalamus,155,-9.882838855280625,0.7441255874412559,0.9685936168287933,False
PSI_vs_SAL,wdeg,Anterior olfactory nucleus,159,-1.7888065144482255,0.9438056194380562,1.0,False
PSI_vs_SAL,wdeg,Nucleus prepositus,169,1.2127553785120426,1.0,1.0,False
PSI_vs_SAL,wdeg,Dorsal part of the lateral geniculate complex,170,-4.418689274180338,0.9678032196780322,1.0,False
PSI_vs_SAL,wdeg,Retrochiasmatic area,173,75.30828749147084,0.0184981501849815,0.34417986772751297,False
PSI_vs_SAL,wdeg,Nucleus of Roller,177,72.37236391182091,0.0192980701929807,0.34417986772751297,False
PSI_vs_SAL,wdeg,Ventral part of the lateral geniculate complex,178,14.083914872852063,0.42395760423957607,0.8515080695320298,False
PSI_vs_SAL,wdeg,Nucleus of reuniens,181,10.99348663459969,0.5172482751724827,0.8948017606998424,False
PSI_vs_SAL,wdeg,Frontal pole cerebral cortex,184,39.90431099265514,0.20207979202079793,0.7015037132650371,False
PSI_vs_SAL,wdeg,Lateral habenula,186,1.9314860277945627,0.9688031196880312,1.0,False
PSI_vs_SAL,wdeg,Rhomboid nucleus,189,-14.70459605484308,0.5489451054894511,0.9056115221811153,False
PSI_vs_SAL,wdeg,Lateral hypothalamic area,194,-53.72425829329782,0.0923907609239076,0.5918002794315163,False
PSI_vs_SAL,wdeg,Rostral linear nucleus raphe,197,-44.5969607731119,0.31156884311568844,0.7474232576742326,False
PSI_vs_SAL,wdeg,Medial vestibular nucleus,202,25.510423779285986,0.45345465453454653,0.8750923294767297,False
PSI_vs_SAL,wdeg,Linear nucleus of the medulla,203,15.53765809759625,0.9009099090090991,1.0,False
PSI_vs_SAL,wdeg,Nucleus raphe magnus,206,8.249550552367168,0.7852214778522147,0.979460475005131,False
PSI_vs_SAL,wdeg,Area postrema,207,-0.9476903267508305,1.0,1.0,False
PSI_vs_SAL,wdeg,Lateral vestibular nucleus,209,-6.970155483560859,0.8256174382561744,1.0,False
PSI_vs_SAL,wdeg,Lateral mammillary nucleus,210,-0.7285890432966937,0.9798020197980202,1.0,False
PSI_vs_SAL,wdeg,Red nucleus,214,27.959431404900855,0.20577942205779423,0.7015037132650371,False
PSI_vs_SAL,wdeg,Anterior pretectal nucleus,215,70.39908569659306,0.030496950304969503,0.34417986772751297,False
PSI_vs_SAL,wdeg,Superior vestibular nucleus,217,-31.66448317799376,0.2602739726027397,0.7015037132650371,False
PSI_vs_SAL,wdeg,Lateral posterior nucleus of the thalamus,218,-17.768367796421416,0.5332466753324667,0.9056115221811153,False
PSI_vs_SAL,wdeg,Lateral preoptic area,226,74.3102259236654,0.0173982601739826,0.34417986772751297,False
PSI_vs_SAL,wdeg,Nucleus raphe pallidus,230,73.13441004508249,0.08859114088591141,0.5918002794315163,False
PSI_vs_SAL,wdeg,Anterior tegmental nucleus,231,72.7477239292431,0.20537946205379462,0.7015037132650371,False
PSI_vs_SAL,wdeg,Lateral reticular nucleus,235,3.3066162475022907,0.9437056294370563,1.0,False
PSI_vs_SAL,wdeg,Nucleus raphe pontis,238,23.931500823113737,0.595040495950405,0.9212267452500033,False
PSI_vs_SAL,wdeg,Midbrain reticular nucleus retrorubral area,246,7.814864310993585,0.8297170282971703,1.0,False
PSI_vs_SAL,wdeg,Lateral septal nucleus caudal (caudodorsal) part,250,-54.412567850427735,0.14178582141785823,0.6355273563552735,False
PSI_vs_SAL,wdeg,Lateral septal nucleus rostral (rostroventral) part,258,50.003340112533294,0.2238776122387761,0.7015037132650371,False
PSI_vs_SAL,wdeg,Reticular nucleus of the thalamus,262,61.341070724110054,0.08789121087891211,0.5918002794315163,False
PSI_vs_SAL,wdeg,Anteroventral preoptic nucleus,263,5.973871200596079,0.8614138586141386,1.0,False
PSI_vs_SAL,wdeg,Anteroventral periventricular nucleus,272,69.5684280460041,0.028697130286971302,0.34417986772751297,False
PSI_vs_SAL,wdeg,Barrington's nucleus,280,70.44906696195142,0.13878612138786123,0.6355273563552735,False
PSI_vs_SAL,wdeg,Suprachiasmatic nucleus,286,66.590670230411,0.058394160583941604,0.5468683900840685,False
PSI_vs_SAL,wdeg,Bed nucleus of the anterior commissure,287,-52.89056581653628,0.11438856114388561,0.6355273563552735,False
PSI_vs_SAL,wdeg,Bed nucleus of the accessory olfactory tract,292,60.78547871220523,0.007399260073992601,0.34417986772751297,False
PSI_vs_SAL,wdeg,Superior colliculus motor related,294,-7.851153393448669,0.7178282171782822,0.9685936168287933,False
PSI_vs_SAL,wdeg,Basolateral amygdalar nucleus,295,2.78574553619427,0.8444155584441556,1.0,False
PSI_vs_SAL,wdeg,Magnocellular nucleus,298,30.18666751469135,0.5684431556844316,0.9212267452500033,False
PSI_vs_SAL,wdeg,Superior colliculus sensory related,302,-10.86861703063218,0.7689231076892311,0.9685936168287933,False
PSI_vs_SAL,wdeg,Basomedial amygdalar nucleus,319,24.154220426979236,0.48325167483251674,0.8947706791820818,False
PSI_vs_SAL,wdeg,Suprageniculate nucleus,325,11.411844880364868,0.7594240575942406,0.9685936168287933,False
PSI_vs_SAL,wdeg,Primary somatosensory area barrel field,329,23.910557408483953,0.5072492750724927,0.8948017606998424,False
PSI_vs_SAL,wdeg,Accessory supraoptic group,332,-55.94480252126388,0.1126887311268873,0.6355273563552735,False
PSI_vs_SAL,wdeg,Septohippocampal nucleus,333,-27.05359951962737,0.5112488751124887,0.8948017606998424,False
PSI_vs_SAL,wdeg,Primary somatosensory area lower limb,337,-3.450173405214798,0.9143085691430857,1.0,False
PSI_vs_SAL,wdeg,Subfornical organ,338,-33.39790825322632,0.22617738226177383,0.7015037132650371,False
PSI_vs_SAL,wdeg,Primary somatosensory area mouth,345,0.12607747780521095,0.9692030796920308,1.0,False
PSI_vs_SAL,wdeg,Subparaventricular zone,347,45.48499479505756,0.2803719628037196,0.7210497700229976,False
PSI_vs_SAL,wdeg,Subceruleus nucleus,350,-3.3792936755830283,0.9336066393360664,1.0,False
PSI_vs_SAL,wdeg,Bed nuclei of the stria terminalis,351,-5.200399214314871,0.8845115488451155,1.0,False
PSI_vs_SAL,wdeg,Primary somatosensory area nose,353,-15.86461822669844,0.6165383461653835,0.9212267452500033,False
PSI_vs_SAL,wdeg,Preparasubthalamic nucleus,356,-4.678620858798524,0.7672232776722328,0.9685936168287933,False
PSI_vs_SAL,wdeg,Sublaterodorsal nucleus,358,19.076088040719952,0.5144485551444855,0.8948017606998424,False
PSI_vs_SAL,wdeg,Primary somatosensory area trunk,361,37.288036040016124,0.2920707929207079,0.7210497700229976,False
PSI_vs_SAL,wdeg,Mediodorsal nucleus of thalamus,362,-64.88312429397496,0.030496950304969503,0.34417986772751297,False
PSI_vs_SAL,wdeg,Parasubthalamic nucleus,364,-55.86064613122451,0.059994000599940006,0.5468683900840685,False
PSI_vs_SAL,wdeg,Submedial nucleus of the thalamus,366,-70.85025731733217,0.0866913308669133,0.5918002794315163,False
PSI_vs_SAL,wdeg,Primary somatosensory area upper limb,369,33.2159189018265,0.2211778822117788,0.7015037132650371,False
PSI_vs_SAL,wdeg,Infracerebellar nucleus,372,-44.795210318761576,0.204979502049795,0.7015037132650371,False
PSI_vs_SAL,wdeg,Substantia nigra compact part,374,-45.78712073319586,0.2762723727627237,0.7210497700229976,False
PSI_vs_SAL,wdeg,Supplemental somatosensory area,378,-14.641077147387591,0.5987401259874012,0.9212267452500033,False
PSI_vs_SAL,wdeg,Field CA1,382,-3.699099208229896,0.8683131686831317,1.0,False
PSI_vs_SAL,wdeg,Primary visual area,385,-24.140122472298856,0.47435256474352566,0.8852091168835873,False
PSI_vs_SAL,wdeg,Supraoptic nucleus,390,33.493783916968226,0.14208579142085792,0.6355273563552735,False
PSI_vs_SAL,wdeg,Anteromedial visual area,394,14.352694866935593,0.8867113288671132,1.0,False
PSI_vs_SAL,wdeg,Medullary reticular nucleus,395,-12.221728260690384,0.7388261173882612,0.9685936168287933,False
PSI_vs_SAL,wdeg,Superior olivary complex,398,1.8030865100630535,0.9901009899010099,1.0,False
PSI_vs_SAL,wdeg,Anterolateral visual area,402,-18.953399867085636,0.5473452654734526,0.9056115221811153,False
PSI_vs_SAL,wdeg,Medial amygdalar nucleus,403,-50.69517207866285,0.14438556144385561,0.6355273563552735,False
PSI_vs_SAL,wdeg,Lateral visual area,409,4.684928776066442,0.813018698130187,0.9994751820154771,False
PSI_vs_SAL,wdeg,Field CA2,423,-33.38644213024088,0.16528347165283472,0.6753824617538247,False
PSI_vs_SAL,wdeg,Posterolateral visual area,425,-58.732419451027624,0.08549145085491451,0.5918002794315163,False
PSI_vs_SAL,wdeg,Spinal nucleus of the trigeminal oral part,445,8.604140351623954,0.813918608139186,0.9994751820154771,False
PSI_vs_SAL,wdeg,Field CA3,463,5.606336442958863,0.8632136786321368,1.0,False
PSI_vs_SAL,wdeg,Medial geniculate complex,475,-36.87798431465632,0.43525647435256476,0.8596315368463154,False
PSI_vs_SAL,wdeg,Medial mammillary nucleus,491,34.29821624380651,0.12118788121187882,0.6355273563552735,False
PSI_vs_SAL,wdeg,Subiculum,502,16.755082507453324,0.6047395260473952,0.9212267452500033,False
PSI_vs_SAL,wdeg,Main olfactory bulb,507,0.050222748709984444,1.0,1.0,False
PSI_vs_SAL,wdeg,Medial preoptic nucleus,515,-83.08381612557366,0.0066993300669933005,0.34417986772751297,False
PSI_vs_SAL,wdeg,Medial preoptic area,523,-76.42263008563388,0.04229577042295771,0.45564079955640807,False
PSI_vs_SAL,wdeg,Medial pretectal area,531,-66.27743288445623,0.11558844115588442,0.6355273563552735,False
PSI_vs_SAL,wdeg,posteromedial visual area,533,4.766450926627215,0.819018098190181,1.0,False
PSI_vs_SAL,wdeg,Central amygdalar nucleus,536,-36.464916904168945,0.11708829117088292,0.6355273563552735,False
PSI_vs_SAL,wdeg,Temporal association areas,541,42.90301491806571,0.3301669833016698,0.7671526964950564,False
PSI_vs_SAL,wdeg,Medial septal nucleus,564,-22.122463180023118,0.46795320467953205,0.8801976945162626,False
PSI_vs_SAL,wdeg,Postpiriform transition area,566,-59.691762070184424,0.20027997200279973,0.7015037132650371,False
PSI_vs_SAL,wdeg,Tegmental reticular nucleus,574,16.5844346375831,0.5926407359264073,0.9212267452500033,False
PSI_vs_SAL,wdeg,Central lateral nucleus of the thalamus,575,-3.707280498218722,0.9185081491850815,1.0,False
PSI_vs_SAL,wdeg,Accessory facial motor nucleus,576,27.64218099120646,0.3765623437656234,0.7897811988712632,False
PSI_vs_SAL,wdeg,Taenia tecta,589,-8.283579465290899,0.7715228477152285,0.9685936168287933,False
PSI_vs_SAL,wdeg,Central linear nucleus raphe,591,23.391455408906637,0.34806519348065196,0.7782212344803257,False
PSI_vs_SAL,wdeg,Diagonal band nucleus,596,59.42684183655865,0.25877412258774124,0.7015037132650371,False
PSI_vs_SAL,wdeg,Central medial nucleus of the thalamus,599,-4.770416866890059,0.9129087091290871,1.0,False
PSI_vs_SAL,wdeg,Subparafascicular area,609,17.606921220153936,0.617038296170383,0.9212267452500033,False
PSI_vs_SAL,wdeg,Nucleus of the lateral lemniscus,612,3.173242280152124,0.9729027097290271,1.0,False
PSI_vs_SAL,wdeg,Tuberal nucleus,614,41.51071199086401,0.6180381961803819,0.9212267452500033,False
PSI_vs_SAL,wdeg,Cuneiform nucleus,616,4.419258149244911,0.9185081491850815,1.0,False
PSI_vs_SAL,wdeg,Nucleus of the lateral olfactory tract,619,42.11806262796759,0.23647635236476353,0.7015037132650371,False
PSI_vs_SAL,wdeg,Motor nucleus of trigeminal,621,-17.41882032317075,0.7722227777222278,0.9685936168287933,False
PSI_vs_SAL,wdeg,Cortical amygdalar area anterior part,639,-8.81426693336283,0.7307269273072693,0.9685936168287933,False
PSI_vs_SAL,wdeg,Nucleus of the trapezoid body,642,-38.042421552635346,0.20077992200779923,0.7015037132650371,False
PSI_vs_SAL,wdeg,Cortical amygdalar area posterior part,647,17.797734416700735,0.5826417358264173,0.9212267452500033,False
PSI_vs_SAL,wdeg,Nucleus of the solitary tract,651,-47.588262392586586,0.1473852614738526,0.6355273563552735,False
PSI_vs_SAL,wdeg,Abducens nucleus,653,-53.7781817410864,0.14108589141085892,0.6355273563552735,False
PSI_vs_SAL,wdeg,Facial motor nucleus,661,-56.73787543572847,0.07329267073292671,0.5918002794315163,False
PSI_vs_SAL,wdeg,Caudoputamen,672,23.14081377273817,0.3865613438656134,0.8036406885627226,False
PSI_vs_SAL,wdeg,Visceral area,677,3.8531972390425153,0.8571142885711429,1.0,False
PSI_vs_SAL,wdeg,Superior central nucleus raphe,679,39.381462161025496,0.29127087291270876,0.7210497700229976,False
PSI_vs_SAL,wdeg,Ventral medial nucleus of the thalamus,685,-32.01155265488072,0.36576342365763426,0.7897811988712632,False
PSI_vs_SAL,wdeg,Ventrolateral preoptic nucleus,689,-70.35729821761339,0.030496950304969503,0.34417986772751297,False
PSI_vs_SAL,wdeg,Ventromedial hypothalamic nucleus,693,-41.0313628380847,0.2253774622537746,0.7015037132650371,False
PSI_vs_SAL,wdeg,Olivary pretectal nucleus,706,-23.73201166672567,0.32526747325267474,0.763251397632514,False
PSI_vs_SAL,wdeg,Cuneate nucleus,711,-81.10024563049255,0.07999200079992001,0.5918002794315163,False
PSI_vs_SAL,wdeg,Ventral posterolateral nucleus of the thalamus,718,-61.80672358340448,0.029697030296970302,0.34417986772751297,False
PSI_vs_SAL,wdeg,Dentate gyrus,726,-16.759123239816546,0.5502449755024498,0.9056115221811153,False
PSI_vs_SAL,wdeg,Orbital area medial part,731,-16.996956888951615,0.7373262673732627,0.9685936168287933,False
PSI_vs_SAL,wdeg,Ventral posteromedial nucleus of the thalamus,733,-73.00832010766905,0.08739126087391261,0.5918002794315163,False
PSI_vs_SAL,wdeg,Orbital area ventrolateral part,746,-15.692720142824186,0.6160383961603839,0.9212267452500033,False
PSI_vs_SAL,wdeg,Ventral tegmental area,749,-37.80482800700808,0.31296870312968705,0.7474232576742326,False
PSI_vs_SAL,wdeg,Olfactory tubercle,754,-39.5038902955183,0.22237776222377761,0.7015037132650371,False
PSI_vs_SAL,wdeg,Ventral tegmental nucleus,757,-58.5592856918132,0.054894510548945105,0.5468683900840685,False
PSI_vs_SAL,wdeg,Vascular organ of the lamina terminalis,763,-30.522685568610086,0.41275872412758724,0.836101005284087,False
PSI_vs_SAL,wdeg,Nucleus x,765,-63.10792108982936,0.030496950304969503,0.34417986772751297,False
PSI_vs_SAL,wdeg,Hypoglossal nucleus,773,24.50857458695424,0.2545745425457454,0.7015037132650371,False
PSI_vs_SAL,wdeg,Posterior amygdalar nucleus,780,-58.62687179245384,0.08449155084491551,0.5918002794315163,False
PSI_vs_SAL,wdeg,Nucleus y,781,20.389130784785095,0.401959804019598,0.8212454616607304,False
PSI_vs_SAL,wdeg,Piriform-amygdalar area,788,-9.339471284869177,0.6373362663733627,0.9381906529843912,False
PSI_vs_SAL,wdeg,Periaqueductal gray,795,-28.322975147270967,0.34066593340665935,0.7772366994069825,False
PSI_vs_SAL,wdeg,Zona incerta,797,10.318333680639967,0.7010298970102989,0.9685936168287933,False
PSI_vs_SAL,wdeg,Dorsal peduncular area,814,-27.350707765964785,0.25547445255474455,0.7015037132650371,False
PSI_vs_SAL,wdeg,Dorsomedial nucleus of the hypothalamus,830,-20.784619767911238,0.5443455654434557,0.9056115221811153,False
PSI_vs_SAL,wdeg,Dorsal motor nucleus of the vagus nerve,839,-23.8946472805722,0.516048395160484,0.8948017606998424,False
PSI_vs_SAL,wdeg,Parasubiculum,843,-70.18346407362543,0.1116888311168883,0.6355273563552735,False
PSI_vs_SAL,wdeg,Dentate nucleus,846,-24.56917531959411,0.6047395260473952,0.9212267452500033,False
PSI_vs_SAL,wdeg,Parvicellular reticular nucleus,852,-85.91024657319166,0.0184981501849815,0.34417986772751297,False
PSI_vs_SAL,wdeg,Parasolitary nucleus,859,-27.603653085812425,0.573942605739426,0.9212267452500033,False
PSI_vs_SAL,wdeg,Parabrachial nucleus,867,-22.93003105036155,0.5162483751624838,0.8948017606998424,False
PSI_vs_SAL,wdeg,Dorsal nucleus raphe,872,37.28714262486511,0.055894410558944105,0.5468683900840685,False
PSI_vs_SAL,wdeg,Parabigeminal nucleus,874,25.091859346773106,0.5151484851514848,0.8948017606998424,False
PSI_vs_SAL,wdeg,Retrosplenial area dorsal part,879,65.72665267340915,0.26577342265773424,0.7077337210099215,False
PSI_vs_SAL,wdeg,Dorsal tegmental nucleus,880,32.4827353080821,0.1372862713728627,0.6355273563552735,False
PSI_vs_SAL,wdeg,Retrosplenial area ventral part,886,-6.612703941804654,0.7704229577042295,0.9685936168287933,False
PSI_vs_SAL,wdeg,Retrosplenial area lateral agranular part,894,10.625634108784823,0.6846315368463154,0.9685936168287933,False
PSI_vs_SAL,wdeg,Ectorhinal area,895,-39.75748383773032,0.2840715928407159,0.7210497700229976,False
PSI_vs_SAL,wdeg,External cuneate nucleus,903,15.142850664452652,0.46405359464053597,0.8798456154384562,False
PSI_vs_SAL,wdeg,Paracentral nucleus,907,-37.36932737020706,0.36566343365663434,0.7897811988712632,False
PSI_vs_SAL,wdeg,Lingula (I),912,-43.26072368345703,0.2034796520347965,0.7015037132650371,False
PSI_vs_SAL,wdeg,Entorhinal area lateral part,918,-27.155191533806345,0.34106589341065896,0.7772366994069825,False
PSI_vs_SAL,wdeg,Central lobule,920,-63.64016587218438,0.13558644135586442,0.6355273563552735,False
PSI_vs_SAL,wdeg,Perirhinal area,922,-67.86543532245483,0.029597040295970403,0.34417986772751297,False
PSI_vs_SAL,wdeg,Entorhinal area medial part dorsal zone,926,-22.05686045876132,0.43175682431756823,0.8596315368463154,False
PSI_vs_SAL,wdeg,Culmen,928,-53.97569298091898,0.20387961203879612,0.7015037132650371,False
PSI_vs_SAL,wdeg,Parafascicular nucleus,930,-22.34825149562633,0.5658434156584341,0.9212267452500033,False
PSI_vs_SAL,wdeg,Pontine gray,931,-52.2391621875834,0.0746925307469253,0.5918002794315163,False
PSI_vs_SAL,wdeg,Declive (VI),936,-41.22145670902398,0.17448255174482552,0.7008875383648075,False
PSI_vs_SAL,wdeg,Folium-tuber vermis (VII),944,64.57478813778856,0.019498050194980503,0.34417986772751297,False
PSI_vs_SAL,wdeg,Posterior hypothalamic nucleus,946,68.26420140020196,0.030496950304969503,0.34417986772751297,False
PSI_vs_SAL,wdeg,Pyramus (VIII),951,-32.20540308641472,0.22967703229677033,0.7015037132650371,False
PSI_vs_SAL,wdeg,Uvula (IX),957,-72.82271862837626,0.0160983901609839,0.34417986772751297,False
PSI_vs_SAL,wdeg,Piriform area,961,-3.1157930512173095,0.9103089691030897,1.0,False
PSI_vs_SAL,wdeg,Nodulus (X),968,-50.39081657778705,0.12708729127087293,0.6355273563552735,False
PSI_vs_SAL,wdeg,Paragigantocellular reticular nucleus dorsal part,970,-43.267526139185094,0.36846315368463156,0.7897811988712632,False
PSI_vs_SAL,wdeg,Prelimbic area,972,-1.3701401012455392,1.0,1.0,False
PSI_vs_SAL,wdeg,Edinger-Westphal nucleus,975,-8.763095870203188,0.6656334366563343,0.9560916635609166,False
PSI_vs_SAL,wdeg,Paragigantocellular reticular nucleus lateral part,978,-16.650756471681518,0.5885411458854115,0.9212267452500033,False
PSI_vs_SAL,wdeg,Dorsal premammillary nucleus,980,-26.68848667333566,0.4577542245775422,0.8750923294767297,False
PSI_vs_SAL,wdeg,Fasciola cinerea,982,-10.910567624030762,0.7464253574642535,0.9685936168287933,False
PSI_vs_SAL,wdeg,Primary motor area,985,-6.583952718463621,0.7663233676632337,0.9685936168287933,False
PSI_vs_SAL,wdeg,Fastigial nucleus,989,-35.80520783402859,0.3153684631536846,0.7474232576742326,False
PSI_vs_SAL,wdeg,Secondary motor area,993,-47.452756494442056,0.17768223177682232,0.7015037132650371,False
PSI_vs_SAL,wdeg,Fundus of striatum,998,-11.517950539546518,0.7313268673132687,0.9685936168287933,False
PSI_vs_SAL,wdeg,Primary auditory area,1002,-27.237467914100563,0.45785421457854214,0.8750923294767297,False
PSI_vs_SAL,wdeg,Ventral premammillary nucleus,1004,-42.3060514199596,0.15358464153584642,0.6499921436427786,False
PSI_vs_SAL,wdeg,Simple lobule,1007,-13.085717706053686,0.6556344365563443,0.9507951643860004,False
PSI_vs_SAL,wdeg,fiber tracts,1009,-8.896622633013521,0.6892310768923108,0.9685936168287933,False
PSI_vs_SAL,wdeg,Dorsal auditory area,1011,45.0891589716623,0.28347165283471654,0.7210497700229976,False
PSI_vs_SAL,wdeg,Ansiform lobule,1017,-5.621711478570006,0.8395160483951605,1.0,False
PSI_vs_SAL,wdeg,Ventral auditory area,1018,13.775870661139251,0.8397160283971603,1.0,False
PSI_vs_SAL,wdeg,Posterior complex of the thalamus,1020,35.18353720046245,0.22297770222977703,0.7015037132650371,False
PSI_vs_SAL,wdeg,Paramedian lobule,1025,-11.63387876147317,0.7443255674432556,0.9685936168287933,False
PSI_vs_SAL,wdeg,Posterior auditory area,1027,-53.201084363060176,0.015298470152984701,0.34417986772751297,False
PSI_vs_SAL,wdeg,Posterior limiting nucleus of the thalamus,1029,-25.283072281200617,0.54994500549945,0.9056115221811153,False
PSI_vs_SAL,wdeg,Copula pyramidis,1033,-6.795194191202199,0.999000099990001,1.0,False
PSI_vs_SAL,wdeg,Postsubiculum,1037,-7.364240307307057,0.7571242875712428,0.9685936168287933,False
PSI_vs_SAL,wdeg,Paraflocculus,1041,-50.08773661053138,0.12208779122087791,0.6355273563552735,False
PSI_vs_SAL,wdeg,Flocculus,1049,-37.18150359982968,0.26047395260473954,0.7015037132650371,False
PSI_vs_SAL,wdeg,Gustatory areas,1057,-27.111016498213814,0.28917108289171084,0.7210497700229976,False
PSI_vs_SAL,wdeg,Parapyramidal nucleus,1069,-23.523012346681043,0.39376062393760625,0.8114892858540232,False
PSI_vs_SAL,wdeg,Presubiculum,1084,-0.3994339379865721,0.9975002499750025,1.0,False
PSI_vs_SAL,wdeg,Medullary reticular nucleus dorsal part,1098,-26.042078081727283,0.25747425257474255,0.7015037132650371,False
PSI_vs_SAL,wdeg,Intercalated amygdalar nucleus,1105,14.585189531400545,0.49595040495950404,0.8948017606998424,False
PSI_vs_SAL,wdeg,Medullary reticular nucleus ventral part,1107,-13.380944129158905,0.6814318568143186,0.9685936168287933,False
PSI_vs_SAL,wdeg,Parastrial nucleus,1109,7.813996435029594,0.7724227577242275,0.9685936168287933,False
PSI_vs_SAL,wdeg,Interanteromedial nucleus of the thalamus,1120,-40.77935485962219,0.15958404159584041,0.6635336466353364,False
PSI_vs_SAL,wdeg,Tuberomammillary nucleus dorsal part,1126,-50.0914084602953,0.2518748125187481,0.7015037132650371,False
PSI_vs_SAL,wdeg,Median eminence,10671,-26.540532965884722,0.35526447355264473,0.7868942077754841,False
PSI_vs_SAL,closeness,Tuberomammillary nucleus ventral part,1,-1.7085546585432105,0.6704329567043296,0.9049932844553382,False
PSI_vs_SAL,closeness,Inferior colliculus,4,0.08933558539631292,0.948005199480052,0.9814087556761565,False
PSI_vs_SAL,closeness,Principal sensory nucleus of the trigeminal,7,7.557364778415787,0.24077592240775922,0.710928907109289,False
PSI_vs_SAL,closeness,Interfascicular nucleus raphe,12,6.616399192994471,0.33966603339666035,0.7684802948276601,False
PSI_vs_SAL,closeness,Induseum griseum,19,3.630994792195949,0.2686731326867313,0.734892802854546,False
PSI_vs_SAL,closeness,Anterior amygdalar area,23,14.503720002723295,0.0188981101889811,0.4478852114788521,False
PSI_vs_SAL,closeness,Intergeniculate leaflet of the lateral geniculate complex,27,13.857521987791197,0.013798620137986202,0.44498883444988835,False
PSI_vs_SAL,closeness,Periventricular hypothalamic nucleus anterior part,30,-2.3757011810193838,0.698030196980302,0.9049932844553382,False
PSI_vs_SAL,closeness,Paraventricular hypothalamic nucleus,38,-1.430146578940601,0.7913208679132087,0.9500595395005954,False
PSI_vs_SAL,closeness,Anterior cingulate area dorsal part,39,0.5598173579119141,0.9488051194880512,0.9814087556761565,False
PSI_vs_SAL,closeness,Infralimbic area,44,3.6609553449261654,0.5591440855914409,0.8889771022897709,False
PSI_vs_SAL,closeness,Anterior cingulate area ventral part,48,-3.7995501088327828,0.6282371762823717,0.9023770350237703,False
PSI_vs_SAL,closeness,Nucleus accumbens,56,2.0547059692928222,0.7781221877812219,0.9457177359187158,False
PSI_vs_SAL,closeness,Paraventricular hypothalamic nucleus descending division,63,-11.117713675976745,0.0402959704029597,0.473004699530047,False
PSI_vs_SAL,closeness,Lateral terminal nucleus of the accessory optic tract,66,6.728852567057357,0.20727927207279273,0.710928907109289,False
PSI_vs_SAL,closeness,Anterodorsal preoptic nucleus,72,6.763354055493799,0.37146285371462856,0.7807635165686971,False
PSI_vs_SAL,closeness,Dorsal terminal nucleus of the accessory optic tract,75,11.630543711845464,0.14028597140285973,0.651917161225054,False
PSI_vs_SAL,closeness,Inferior olivary complex,83,6.780628292063383,0.38106189381061895,0.7890280537163674,False
PSI_vs_SAL,closeness,Anterior hypothalamic nucleus,88,5.488694077702432,0.5169483051694831,0.8651258161855048,False
PSI_vs_SAL,closeness,Interposed nucleus,91,9.021428026554734,0.1867813218678132,0.706485601439856,False
PSI_vs_SAL,closeness,Dorsal cochlear nucleus,96,-8.618204040363729,0.24517548245175483,0.710928907109289,False
PSI_vs_SAL,closeness,Interpeduncular nucleus,100,-1.3872135856102332,0.7138286171382862,0.9095558186116872,False
PSI_vs_SAL,closeness,Ventral cochlear nucleus,101,13.180786629601199,0.039896010398960104,0.473004699530047,False
PSI_vs_SAL,closeness,Agranular insular area dorsal part,104,-2.9775098482534403,0.5402459754024598,0.8710088174855984,False
PSI_vs_SAL,closeness,Inferior salivatory nucleus,106,-0.47454418967404877,0.9006099390060994,0.9814087556761565,False
PSI_vs_SAL,closeness,Agranular insular area posterior part,111,5.164174510159432,0.40975902409759024,0.8031942707368607,False
PSI_vs_SAL,closeness,Trochlear nucleus,115,-10.710370426697057,0.0730926907309269,0.5524933220963618,False
PSI_vs_SAL,closeness,Periventricular hypothalamic nucleus intermediate part,118,7.272655781085337,0.28447155284471554,0.7491084224910842,False
PSI_vs_SAL,closeness,Agranular insular area ventral part,119,1.0531489473137086,0.6845315468453155,0.9049932844553382,False
PSI_vs_SAL,closeness,Periventricular hypothalamic nucleus posterior part,126,-2.7507668905906293,0.5887411258874112,0.8971679755101414,False
PSI_vs_SAL,closeness,Anteromedial nucleus,127,-3.1733593477821564,0.5228477152284772,0.8651258161855048,False
PSI_vs_SAL,closeness,Midbrain reticular nucleus,128,-4.866955268453818,0.47285271472852713,0.8593418030459729,False
PSI_vs_SAL,closeness,Nucleus ambiguus,135,8.958048306923772,0.127987201279872,0.6319368063193681,False
PSI_vs_SAL,closeness,Intermediate reticular nucleus,136,-7.651935158010577,0.23667633236676333,0.710928907109289,False
PSI_vs_SAL,closeness,Pontine reticular nucleus,146,-8.35299280728192,0.17638236176382363,0.706485601439856,False
PSI_vs_SAL,closeness,Locus ceruleus,147,-0.15994167425132844,0.9803019698030196,0.9855603422708578,False
PSI_vs_SAL,closeness,Paraventricular nucleus of the thalamus,149,-5.757712698233316,0.31916808319168083,0.7684802948276601,False
PSI_vs_SAL,closeness,Accessory olfactory bulb,151,-2.812555605252207,0.6591340865913409,0.9049932844553382,False
PSI_vs_SAL,closeness,Lateral dorsal nucleus of thalamus,155,-1.8256669056837964,0.6617338266173383,0.9049932844553382,False
PSI_vs_SAL,closeness,Anterior olfactory nucleus,159,-1.0391427556149146,0.7607239276072393,0.9439349258791399,False
PSI_vs_SAL,closeness,Nucleus prepositus,169,-2.6199330233901,0.53004699530047,0.8651258161855048,False
PSI_vs_SAL,closeness,Dorsal part of the lateral geniculate complex,170,-2.5998102274908135,0.6444355564443556,0.9049932844553382,False
PSI_vs_SAL,closeness,Retrochiasmatic area,173,14.53667911745723,0.0494950504949505,0.473004699530047,False
PSI_vs_SAL,closeness,Nucleus of Roller,177,9.054808342117393,0.27047295270472954,0.734892802854546,False
PSI_vs_SAL,closeness,Ventral part of the lateral geniculate complex,178,1.2305762477384903,0.7445255474452555,0.9325641120098518,False
PSI_vs_SAL,closeness,Nucleus of reuniens,181,1.7629707083672912,0.6173382661733826,0.8977476485480286,False
PSI_vs_SAL,closeness,Frontal pole cerebral cortex,184,7.930252624732674,0.23507649235076492,0.710928907109289,False
PSI_vs_SAL,closeness,Lateral habenula,186,0.8329224046946253,0.8618138186181382,0.9814087556761565,False
PSI_vs_SAL,closeness,Rhomboid nucleus,189,-6.004869816694704,0.33836616338366166,0.7684802948276601,False
PSI_vs_SAL,closeness,Lateral hypothalamic area,194,-12.996462026813974,0.0800919908009199,0.5524933220963618,False
PSI_vs_SAL,closeness,Rostral linear nucleus raphe,197,-5.318037865575045,0.5176482351764824,0.8651258161855048,False
PSI_vs_SAL,closeness,Medial vestibular nucleus,202,8.387705192966557,0.24477552244775522,0.710928907109289,False
PSI_vs_SAL,closeness,Linear nucleus of the medulla,203,4.222530430224296,0.46755324467553244,0.8593418030459729,False
PSI_vs_SAL,closeness,Nucleus raphe magnus,206,1.2724591284996585,0.7937206279372063,0.9500595395005954,False
PSI_vs_SAL,closeness,Area postrema,207,0.3927507436924156,0.9591040895910409,0.9814087556761565,False
PSI_vs_SAL,closeness,Lateral vestibular nucleus,209,-2.738098229431735,0.6899310068993101,0.9049932844553382,False
PSI_vs_SAL,closeness,Lateral mammillary nucleus,210,-1.7453719864007375,0.7419258074192581,0.9325641120098518,False
PSI_vs_SAL,closeness,Red nucleus,214,3.952227021219283,0.2976702329767023,0.7585789808115962,False
PSI_vs_SAL,closeness,Anterior pretectal nucleus,215,12.246004724466443,0.0160983901609839,0.44498883444988835,False
PSI_vs_SAL,closeness,Superior vestibular nucleus,217,-3.7789028221320393,0.523947605239476,0.8651258161855048,False
PSI_vs_SAL,closeness,Lateral posterior nucleus of the thalamus,218,-2.711517996886494,0.5626437356264373,0.8889771022897709,False
PSI_vs_SAL,closeness,Lateral preoptic area,226,10.028675151499383,0.2004799520047995,0.710928907109289,False
PSI_vs_SAL,closeness,Nucleus raphe pallidus,230,10.180373210651465,0.21437856214378562,0.710928907109289,False
PSI_vs_SAL,closeness,Anterior tegmental nucleus,231,14.562947418533906,0.0999900009999,0.5808809362966142,False
PSI_vs_SAL,closeness,Lateral reticular nucleus,235,1.5672051376570586,0.8144185581441856,0.9650859914008599,False
PSI_vs_SAL,closeness,Nucleus raphe pontis,238,3.684927812266417,0.6642335766423357,0.9049932844553382,False
PSI_vs_SAL,closeness,Midbrain reticular nucleus retrorubral area,246,-0.5415079524551398,0.8804119588041196,0.9814087556761565,False
PSI_vs_SAL,closeness,Lateral septal nucleus caudal (caudodorsal) part,250,-12.19183181342737,0.006999300069993001,0.44498883444988835,False
PSI_vs_SAL,closeness,Lateral septal nucleus rostral (rostroventral) part,258,8.405735633136468,0.3367663233676632,0.7684802948276601,False
PSI_vs_SAL,closeness,Reticular nucleus of the thalamus,262,11.516702942920709,0.0766923307669233,0.5524933220963618,False
PSI_vs_SAL,closeness,Anteroventral preoptic nucleus,263,2.4683949793638256,0.7064293570642936,0.9049932844553382,False
PSI_vs_SAL,closeness,Anteroventral periventricular nucleus,272,13.38096247072152,0.0168983101689831,0.44498883444988835,False
PSI_vs_SAL,closeness,Barrington's nucleus,280,10.173497354667841,0.1217878212178782,0.6274720354051552,False
PSI_vs_SAL,closeness,Suprachiasmatic nucleus,286,9.322831719705793,0.19938006199380062,0.710928907109289,False
PSI_vs_SAL,closeness,Bed nucleus of the anterior commissure,287,-9.205658034488826,0.18268173182681732,0.706485601439856,False
PSI_vs_SAL,closeness,Bed nucleus of the accessory olfactory tract,292,10.963822624116531,0.0086991300869913,0.44498883444988835,False
PSI_vs_SAL,closeness,Superior colliculus motor related,294,-1.9666029555096962,0.8421157884211579,0.9814087556761565,False
PSI_vs_SAL,closeness,Basolateral amygdalar nucleus,295,4.192593242136951,0.3280671932806719,0.7684802948276601,False
PSI_vs_SAL,closeness,Magnocellular nucleus,298,3.6936568332718487,0.5873412658734126,0.8971679755101414,False
PSI_vs_SAL,closeness,Superior colliculus sensory related,302,1.1637204186403842,0.925007499250075,0.9814087556761565,False
PSI_vs_SAL,closeness,Basomedial amygdalar nucleus,319,4.239464856594271,0.39366063393660633,0.790657374940472,False
PSI_vs_SAL,closeness,Suprageniculate nucleus,325,3.4592911737304473,0.47985201479852013,0.8593418030459729,False
PSI_vs_SAL,closeness,Primary somatosensory area barrel field,329,3.7676063911524373,0.6353364663533647,0.9049932844553382,False
PSI_vs_SAL,closeness,Accessory supraoptic group,332,-9.947229946015135,0.10818918108189181,0.5827462708274628,False
PSI_vs_SAL,closeness,Septohippocampal nucleus,333,-2.056220630385276,0.6996300369963003,0.9049932844553382,False
PSI_vs_SAL,closeness,Primary somatosensory area lower limb,337,-1.6668239828797873,0.8501149885011499,0.9814087556761565,False
PSI_vs_SAL,closeness,Subfornical organ,338,-6.260064965619369,0.39336066393360664,0.790657374940472,False
PSI_vs_SAL,closeness,Primary somatosensory area mouth,345,0.04565771496462645,0.9814018598140186,0.9855603422708578,False
PSI_vs_SAL,closeness,Subparaventricular zone,347,2.819794641574937,0.5851414858514149,0.8971679755101414,False
PSI_vs_SAL,closeness,Subceruleus nucleus,350,0.7985145786217238,0.8631136886311369,0.9814087556761565,False
PSI_vs_SAL,closeness,Bed nuclei of the stria terminalis,351,-3.6766277608588744,0.5325467453254674,0.8651258161855048,False
PSI_vs_SAL,closeness,Primary somatosensory area nose,353,-6.624648937766366,0.3645635436456354,0.7807635165686971,False
PSI_vs_SAL,closeness,Preparasubthalamic nucleus,356,-1.8616929754924207,0.7864213578642136,0.9500595395005954,False
PSI_vs_SAL,closeness,Sublaterodorsal nucleus,358,0.48096304246387334,0.8993100689931007,0.9814087556761565,False
PSI_vs_SAL,closeness,Primary somatosensory area trunk,361,11.843861661292877,0.046495350464953504,0.473004699530047,False
PSI_vs_SAL,closeness,Mediodorsal nucleus of thalamus,362,-9.186777814205897,0.0720927907209279,0.5524933220963618,False
PSI_vs_SAL,closeness,Parasubthalamic nucleus,364,-8.486216691714645,0.18948105189481051,0.706485601439856,False
PSI_vs_SAL,closeness,Submedial nucleus of the thalamus,366,-11.695975731688502,0.0560943905609439,0.511321944728604,False
PSI_vs_SAL,closeness,Primary somatosensory area upper limb,369,4.406843073293258,0.35476452354764526,0.7807635165686971,False
PSI_vs_SAL,closeness,Infracerebellar nucleus,372,-4.138716148676755,0.6260373962603739,0.9023770350237703,False
PSI_vs_SAL,closeness,Substantia nigra compact part,374,-6.36257297246639,0.2445755424457554,0.710928907109289,False
PSI_vs_SAL,closeness,Supplemental somatosensory area,378,-5.921909735865174,0.36906309369063095,0.7807635165686971,False
PSI_vs_SAL,closeness,Field CA1,382,-2.469239312957723,0.5329467053294671,0.8651258161855048,False
PSI_vs_SAL,closeness,Primary visual area,385,-3.965001245398444,0.5958404159584042,0.8977476485480286,False
PSI_vs_SAL,closeness,Supraoptic nucleus,390,6.995780878268516,0.17148285171482852,0.706485601439856,False
PSI_vs_SAL,closeness,Anteromedial visual area,394,1.0782182776665863,0.8197180281971803,0.9665331974265261,False
PSI_vs_SAL,closeness,Medullary reticular nucleus,395,-0.7661421053161988,0.865013498650135,0.9814087556761565,False
PSI_vs_SAL,closeness,Superior olivary complex,398,-0.38747669404280316,0.9374062593740626,0.9814087556761565,False
PSI_vs_SAL,closeness,Anterolateral visual area,402,-4.845040814365192,0.44575542445755423,0.8451522847715228,False
PSI_vs_SAL,closeness,Medial amygdalar nucleus,403,-13.106439552286611,0.014298570142985701,0.44498883444988835,False
PSI_vs_SAL,closeness,Lateral visual area,409,0.1932014665045756,0.9662033796620338,0.9827905621455023,False
PSI_vs_SAL,closeness,Field CA2,423,-5.937105321035979,0.23397660233976603,0.710928907109289,False
PSI_vs_SAL,closeness,Posterolateral visual area,425,-8.6299024419632,0.07599240075992401,0.5524933220963618,False
PSI_vs_SAL,closeness,Spinal nucleus of the trigeminal oral part,445,4.791253060248465,0.41345865413458655,0.8031942707368607,False
PSI_vs_SAL,closeness,Field CA3,463,1.3187207265475838,0.6122387761223878,0.8977476485480286,False
PSI_vs_SAL,closeness,Medial geniculate complex,475,-4.868009152076995,0.49075092490750927,0.8593418030459729,False
PSI_vs_SAL,closeness,Medial mammillary nucleus,491,3.538707357507418,0.3270672932706729,0.7684802948276601,False
PSI_vs_SAL,closeness,Subiculum,502,3.5010544376530195,0.6079392060793921,0.8977476485480286,False
PSI_vs_SAL,closeness,Main olfactory bulb,507,-1.9618606534027023,0.6459354064593541,0.9049932844553382,False
PSI_vs_SAL,closeness,Medial preoptic nucleus,515,-15.881267364283625,0.004399560043995601,0.44498883444988835,False
PSI_vs_SAL,closeness,Medial preoptic area,523,-12.534720900066043,0.11358864113588642,0.5982335099823352,False
PSI_vs_SAL,closeness,Medial pretectal area,531,-12.609734902998099,0.024897510248975102,0.45025497450254975,False
PSI_vs_SAL,closeness,posteromedial visual area,533,-0.3170853940754377,0.9284071592840716,0.9814087556761565,False
PSI_vs_SAL,closeness,Central amygdalar nucleus,536,-6.992208104289212,0.1860813918608139,0.706485601439856,False
PSI_vs_SAL,closeness,Temporal association areas,541,7.860010912663439,0.2950704929507049,0.7585789808115962,False
PSI_vs_SAL,closeness,Medial septal nucleus,564,-6.147366777901997,0.40655934406559346,0.8031942707368607,False
PSI_vs_SAL,closeness,Postpiriform transition area,566,-12.02796706261112,0.1327867213278672,0.6384141585841416,False
PSI_vs_SAL,closeness,Tegmental reticular nucleus,574,3.0543772387632426,0.5887411258874112,0.8971679755101414,False
PSI_vs_SAL,closeness,Central lateral nucleus of the thalamus,575,-0.13769460163623037,0.9547045295470453,0.9814087556761565,False
PSI_vs_SAL,closeness,Accessory facial motor nucleus,576,4.34823952246075,0.48075192480751927,0.8593418030459729,False
PSI_vs_SAL,closeness,Taenia tecta,589,-2.4944339634607893,0.7659234076592341,0.945436706329367,False
PSI_vs_SAL,closeness,Central linear nucleus raphe,591,-1.01677221395631,0.8076192380761924,0.9618379870555659,False
PSI_vs_SAL,closeness,Diagonal band nucleus,596,5.832352488672608,0.5905409459054095,0.8971679755101414,False
PSI_vs_SAL,closeness,Central medial nucleus of the thalamus,599,-0.4713811160483985,0.8861113888611138,0.9814087556761565,False
PSI_vs_SAL,closeness,Subparafascicular area,609,6.5626276757693685,0.45335466453354667,0.8527385356702425,False
PSI_vs_SAL,closeness,Nucleus of the lateral lemniscus,612,0.2249580591479905,0.9793020697930207,0.9855603422708578,False
PSI_vs_SAL,closeness,Tuberal nucleus,614,4.550158674481878,0.6985301469853015,0.9049932844553382,False
PSI_vs_SAL,closeness,Cuneiform nucleus,616,0.7434477780960975,0.9116088391160884,0.9814087556761565,False
PSI_vs_SAL,closeness,Nucleus of the lateral olfactory tract,619,7.006859385715787,0.24717528247175283,0.710928907109289,False
PSI_vs_SAL,closeness,Motor nucleus of trigeminal,621,0.4307677676683088,0.9475052494750525,0.9814087556761565,False
PSI_vs_SAL,closeness,Cortical amygdalar area anterior part,639,-2.2719569470327983,0.68003199680032,0.9049932844553382,False
PSI_vs_SAL,closeness,Nucleus of the trapezoid body,642,-11.05173188510477,0.1346865313468653,0.6384141585841416,False
PSI_vs_SAL,closeness,Cortical amygdalar area posterior part,647,8.40458384196471,0.3257674232576742,0.7684802948276601,False
PSI_vs_SAL,closeness,Nucleus of the solitary tract,651,-10.843519129032321,0.013798620137986202,0.44498883444988835,False
PSI_vs_SAL,closeness,Abducens nucleus,653,-8.070905761062953,0.21857814218578142,0.710928907109289,False
PSI_vs_SAL,closeness,Facial motor nucleus,661,-11.541787835396192,0.10008999100089991,0.5808809362966142,False
PSI_vs_SAL,closeness,Caudoputamen,672,9.208452945195415,0.10328967103289671,0.5827462708274628,False
PSI_vs_SAL,closeness,Visceral area,677,5.732920385256449,0.3310668933106689,0.7684802948276601,False
PSI_vs_SAL,closeness,Superior central nucleus raphe,679,7.677551215903122,0.21987801219878012,0.710928907109289,False
PSI_vs_SAL,closeness,Ventral medial nucleus of the thalamus,685,-7.256078478355814,0.36536346365363465,0.7807635165686971,False
PSI_vs_SAL,closeness,Ventrolateral preoptic nucleus,689,-10.535036262029475,0.0781921807819218,0.5524933220963618,False
PSI_vs_SAL,closeness,Ventromedial hypothalamic nucleus,693,-4.435748473991701,0.1444855514448555,0.6585206863928992,False
PSI_vs_SAL,closeness,Olivary pretectal nucleus,706,-3.0390518261784862,0.5836416358364164,0.8971679755101414,False
PSI_vs_SAL,closeness,Cuneate nucleus,711,-14.716920522531415,0.08159184081591841,0.5524933220963618,False
PSI_vs_SAL,closeness,Ventral posterolateral nucleus of the thalamus,718,-10.12315283227047,0.10028997100289971,0.5808809362966142,False
PSI_vs_SAL,closeness,Dentate gyrus,726,-6.266741747334532,0.30326967303269675,0.7646267288164802,False
PSI_vs_SAL,closeness,Orbital area medial part,731,0.4375497766268541,0.9498050194980502,0.9814087556761565,False
PSI_vs_SAL,closeness,Ventral posteromedial nucleus of the thalamus,733,-10.295796721067495,0.1623837616238376,0.706485601439856,False
PSI_vs_SAL,closeness,Orbital area ventrolateral part,746,0.6636605965132567,0.8785121487851215,0.9814087556761565,False
PSI_vs_SAL,closeness,Ventral tegmental area,749,-6.827328720627726,0.2753724627537246,0.734892802854546,False
PSI_vs_SAL,closeness,Olfactory tubercle,754,-2.3844292741038142,0.8571142885711429,0.9814087556761565,False
PSI_vs_SAL,closeness,Ventral tegmental nucleus,757,-11.228339247212848,0.07129287071292871,0.5524933220963618,False
PSI_vs_SAL,closeness,Vascular organ of the lamina terminalis,763,-1.449129565683112,0.8785121487851215,0.9814087556761565,False
PSI_vs_SAL,closeness,Nucleus x,765,-11.296037148305833,0.0226977302269773,0.44828017198280173,False
PSI_vs_SAL,closeness,Hypoglossal nucleus,773,2.2735728454181707,0.49535046495350465,0.8593418030459729,False
PSI_vs_SAL,closeness,Posterior amygdalar nucleus,780,-9.507138420331863,0.10028997100289971,0.5808809362966142,False
PSI_vs_SAL,closeness,Nucleus y,781,1.1891622939709112,0.49425057494250574,0.8593418030459729,False
PSI_vs_SAL,closeness,Piriform-amygdalar area,788,-3.960026085349689,0.4747525247475253,0.8593418030459729,False
PSI_vs_SAL,closeness,Periaqueductal gray,795,-5.204176750082482,0.42475752424757524,0.8184352296477669,False
PSI_vs_SAL,closeness,Zona incerta,797,4.328463793346961,0.41085891410858916,0.8031942707368607,False
PSI_vs_SAL,closeness,Dorsal peduncular area,814,-4.507512489677872,0.3722627737226277,0.7807635165686971,False
PSI_vs_SAL,closeness,Dorsomedial nucleus of the hypothalamus,830,0.8210385696178406,0.9548045195480452,0.9814087556761565,False
PSI_vs_SAL,closeness,Dorsal motor nucleus of the vagus nerve,839,-9.210700654757744,0.18958104189581043,0.706485601439856,False
PSI_vs_SAL,closeness,Parasubiculum,843,-13.089475775799787,0.1004899510048995,0.5808809362966142,False
PSI_vs_SAL,closeness,Dentate nucleus,846,-5.141480081209336,0.4717528247175283,0.8593418030459729,False
PSI_vs_SAL,closeness,Parvicellular reticular nucleus,852,-14.266865274783182,0.026597340265973404,0.45025497450254975,False
PSI_vs_SAL,closeness,Parasolitary nucleus,859,-4.032991680229264,0.7039296070392961,0.9049932844553382,False
PSI_vs_SAL,closeness,Parabrachial nucleus,867,-2.6700663294643725,0.676932306769323,0.9049932844553382,False
PSI_vs_SAL,closeness,Dorsal nucleus raphe,872,6.953826907350433,0.0494950504949505,0.473004699530047,False
PSI_vs_SAL,closeness,Parabigeminal nucleus,874,7.579764536862662,0.24287571242875713,0.710928907109289,False
PSI_vs_SAL,closeness,Retrosplenial area dorsal part,879,9.535864281113145,0.3828617138286171,0.7890280537163674,False
PSI_vs_SAL,closeness,Dorsal tegmental nucleus,880,1.370348468334912,0.6174382561743825,0.8977476485480286,False
PSI_vs_SAL,closeness,Retrosplenial area ventral part,886,0.16893088780173926,0.9607039296070393,0.9814087556761565,False
PSI_vs_SAL,closeness,Retrosplenial area lateral agranular part,894,2.9269012977233544,0.6172382761723828,0.8977476485480286,False
PSI_vs_SAL,closeness,Ectorhinal area,895,-7.875765314565747,0.15208479152084792,0.6800772752913388,False
PSI_vs_SAL,closeness,External cuneate nucleus,903,4.030038784843905,0.3404659534046595,0.7684802948276601,False
PSI_vs_SAL,closeness,Paracentral nucleus,907,-8.122905938299052,0.18668133186681332,0.706485601439856,False
PSI_vs_SAL,closeness,Lingula (I),912,-8.866925288366387,0.10638936106389361,0.5827462708274628,False
PSI_vs_SAL,closeness,Entorhinal area lateral part,918,-6.480881015880719,0.296970302969703,0.7585789808115962,False
PSI_vs_SAL,closeness,Central lobule,920,-13.61664910759119,0.0408959104089591,0.473004699530047,False
PSI_vs_SAL,closeness,Perirhinal area,922,-11.729349275237944,0.022097790220977902,0.44828017198280173,False
PSI_vs_SAL,closeness,Entorhinal area medial part dorsal zone,926,-1.4755101495660732,0.7722227777222278,0.9457177359187158,False
PSI_vs_SAL,closeness,Culmen,928,-9.588407327832796,0.18098190180981902,0.706485601439856,False
PSI_vs_SAL,closeness,Parafascicular nucleus,930,-4.044268434101724,0.6738326167383262,0.9049932844553382,False
PSI_vs_SAL,closeness,Pontine gray,931,-10.156284264153951,0.0458954104589541,0.473004699530047,False
PSI_vs_SAL,closeness,Declive (VI),936,-6.9322964173868336,0.24897510248975102,0.710928907109289,False
PSI_vs_SAL,closeness,Folium-tuber vermis (VII),944,9.506510152773616,0.04989501049895011,0.473004699530047,False
PSI_vs_SAL,closeness,Posterior hypothalamic nucleus,946,13.049704339950239,0.029397060293970604,0.4644735526447355,False
PSI_vs_SAL,closeness,Pyramus (VIII),951,-4.1242249991923785,0.5224477552244775,0.8651258161855048,False
PSI_vs_SAL,closeness,Uvula (IX),957,-13.432376154564778,0.009799020097990201,0.44498883444988835,False
PSI_vs_SAL,closeness,Piriform area,961,-1.4305320461058564,0.7757224277572243,0.9457177359187158,False
PSI_vs_SAL,closeness,Nodulus (X),968,-7.886258744819937,0.21177882211778823,0.710928907109289,False
PSI_vs_SAL,closeness,Paragigantocellular reticular nucleus dorsal part,970,-8.744989540844093,0.33806619338066196,0.7684802948276601,False
PSI_vs_SAL,closeness,Prelimbic area,972,-2.227309869287918,0.615038496150385,0.8977476485480286,False
PSI_vs_SAL,closeness,Edinger-Westphal nucleus,975,-3.0057035889621275,0.6632336766323368,0.9049932844553382,False
PSI_vs_SAL,closeness,Paragigantocellular reticular nucleus lateral part,978,-5.0611201976512525,0.5010498950104989,0.860498732735422,False
PSI_vs_SAL,closeness,Dorsal premammillary nucleus,980,-6.3154048690431885,0.44465553444655537,0.8451522847715228,False
PSI_vs_SAL,closeness,Fasciola cinerea,982,-4.466679048334628,0.35276472352764726,0.7807635165686971,False
PSI_vs_SAL,closeness,Primary motor area,985,-2.3220553125992645,0.6731326867313269,0.9049932844553382,False
PSI_vs_SAL,closeness,Fastigial nucleus,989,-0.20850771593015338,0.9203079692030797,0.9814087556761565,False
PSI_vs_SAL,closeness,Secondary motor area,993,-9.103797229344764,0.043695630436956304,0.473004699530047,False
PSI_vs_SAL,closeness,Fundus of striatum,998,-5.620480687610115,0.36566343365663434,0.7807635165686971,False
PSI_vs_SAL,closeness,Primary auditory area,1002,-2.70638565451255,0.7476252374762524,0.9325641120098518,False
PSI_vs_SAL,closeness,Ventral premammillary nucleus,1004,-7.200199807141626,0.24027597240275972,0.710928907109289,False
PSI_vs_SAL,closeness,Simple lobule,1007,-4.20674362926788,0.39276072392760725,0.790657374940472,False
PSI_vs_SAL,closeness,fiber tracts,1009,-1.9526538223909462,0.6692330766923308,0.9049932844553382,False
PSI_vs_SAL,closeness,Dorsal auditory area,1011,8.875287848907883,0.2211778822117788,0.710928907109289,False
PSI_vs_SAL,closeness,Ansiform lobule,1017,-1.422748547337708,0.8684131586841316,0.9814087556761565,False
PSI_vs_SAL,closeness,Ventral auditory area,1018,3.020179009479669,0.726027397260274,0.920152369789759,False
PSI_vs_SAL,closeness,Posterior complex of the thalamus,1020,0.4101057354982398,0.9056094390560944,0.9814087556761565,False
PSI_vs_SAL,closeness,Paramedian lobule,1025,-3.9537406348617736,0.4831516848315168,0.8593418030459729,False
PSI_vs_SAL,closeness,Posterior auditory area,1027,-10.343267192365122,0.07689231076892311,0.5524933220963618,False
PSI_vs_SAL,closeness,Posterior limiting nucleus of the thalamus,1029,-4.13673485031919,0.5589441055894411,0.8889771022897709,False
PSI_vs_SAL,closeness,Copula pyramidis,1033,0.2818405071074608,0.9874012598740126,0.9874012598740127,False
PSI_vs_SAL,closeness,Postsubiculum,1037,-0.2106399106754644,0.9284071592840716,0.9814087556761565,False
PSI_vs_SAL,closeness,Paraflocculus,1041,-12.005062282007831,0.0390960903909609,0.473004699530047,False
PSI_vs_SAL,closeness,Flocculus,1049,-7.17455404633656,0.1907809219078092,0.706485601439856,False
PSI_vs_SAL,closeness,Gustatory areas,1057,-4.800451697799517,0.49675032496750327,0.8593418030459729,False
PSI_vs_SAL,closeness,Parapyramidal nucleus,1069,-7.467041655203996,0.3150684931506849,0.7684802948276601,False
PSI_vs_SAL,closeness,Presubiculum,1084,-1.374899454630981,0.9152084791520848,0.9814087556761565,False
PSI_vs_SAL,closeness,Medullary reticular nucleus dorsal part,1098,-6.863149745737147,0.2712728727127287,0.734892802854546,False
PSI_vs_SAL,closeness,Intercalated amygdalar nucleus,1105,7.0634921955735575,0.275972402759724,0.734892802854546,False
PSI_vs_SAL,closeness,Medullary reticular nucleus ventral part,1107,-0.6718221125613297,0.8961103889611038,0.9814087556761565,False
PSI_vs_SAL,closeness,Parastrial nucleus,1109,1.1799403315978125,0.846015398460154,0.9814087556761565,False
PSI_vs_SAL,closeness,Interanteromedial nucleus of the thalamus,1120,-7.30134147362696,0.12768723127687232,0.6319368063193681,False
PSI_vs_SAL,closeness,Tuberomammillary nucleus dorsal part,1126,-7.504455692190344,0.2666733326667333,0.734892802854546,False
PSI_vs_SAL,closeness,Median eminence,10671,-9.390957082556904,0.0903909609039096,0.5808809362966142,False
PSI_vs_SAL,betweenness,Tuberomammillary nucleus ventral part,1,0.1137756941940137,0.3683263347330534,0.9982443878196838,False
PSI_vs_SAL,betweenness,Inferior colliculus,4,0.12499098449332852,0.1757648470305939,0.9982443878196838,False
PSI_vs_SAL,betweenness,Principal sensory nucleus of the trigeminal,7,-0.005228993869455464,0.8640271945610878,0.9982443878196838,False
PSI_vs_SAL,betweenness,Interfascicular nucleus raphe,12,-0.06505589614136316,0.4543091381723655,0.9982443878196838,False
PSI_vs_SAL,betweenness,Induseum griseum,19,0.12246664262531554,0.2383523295340932,0.9982443878196838,False
PSI_vs_SAL,betweenness,Anterior amygdalar area,23,0.2726289217454021,0.028594281143771244,0.9681206615819693,False
PSI_vs_SAL,betweenness,Intergeniculate leaflet of the lateral geniculate complex,27,0.10238009376126939,0.28854229154169164,0.9982443878196838,False
PSI_vs_SAL,betweenness,Periventricular hypothalamic nucleus anterior part,30,-0.026541651640822214,0.8848230353929214,0.9982443878196838,False
PSI_vs_SAL,betweenness,Paraventricular hypothalamic nucleus,38,0.008366390191128743,0.8810237952409518,0.9982443878196838,False
PSI_vs_SAL,betweenness,Anterior cingulate area dorsal part,39,-0.07807428777497297,0.22995400919816036,0.9982443878196838,False
PSI_vs_SAL,betweenness,Infralimbic area,44,0.010782545979084027,0.8822235552889423,0.9982443878196838,False
PSI_vs_SAL,betweenness,Anterior cingulate area ventral part,48,0.13119365308330327,0.236752649470106,0.9982443878196838,False
PSI_vs_SAL,betweenness,Nucleus accumbens,56,-0.004615939415795167,0.9170165966806638,0.9982443878196838,False
PSI_vs_SAL,betweenness,Paraventricular hypothalamic nucleus descending division,63,-0.10638297872340426,0.2887422515496901,0.9982443878196838,False
PSI_vs_SAL,betweenness,Lateral terminal nucleus of the accessory optic tract,66,0.020447169130905156,0.6852629474105179,0.9982443878196838,False
PSI_vs_SAL,betweenness,Anterodorsal preoptic nucleus,72,-0.015326361341507392,0.860627874425115,0.9982443878196838,False
PSI_vs_SAL,betweenness,Dorsal terminal nucleus of the accessory optic tract,75,-0.013847818247385506,0.7674465106978604,0.9982443878196838,False
PSI_vs_SAL,betweenness,Inferior olivary complex,83,0.015001803101334296,0.8008398320335933,0.9982443878196838,False
PSI_vs_SAL,betweenness,Anterior hypothalamic nucleus,88,-0.04410385863685539,0.5016996600679864,0.9982443878196838,False
PSI_vs_SAL,betweenness,Interposed nucleus,91,0.0858636855391273,0.48630273945210956,0.9982443878196838,False
PSI_vs_SAL,betweenness,Dorsal cochlear nucleus,96,-0.09289578074287774,0.23635272945410918,0.9982443878196838,False
PSI_vs_SAL,betweenness,Interpeduncular nucleus,100,-0.06797692030292102,0.2903419316136773,0.9982443878196838,False
PSI_vs_SAL,betweenness,Ventral cochlear nucleus,101,0.005084745762711864,1.0,1.0,False
PSI_vs_SAL,betweenness,Agranular insular area dorsal part,104,-0.04233681932924631,0.7444511097780444,0.9982443878196838,False
PSI_vs_SAL,betweenness,Inferior salivatory nucleus,106,-0.012333213126577714,0.8560287942411517,0.9982443878196838,False
PSI_vs_SAL,betweenness,Agranular insular area posterior part,111,-0.0014424810674359897,1.0,1.0,False
PSI_vs_SAL,betweenness,Trochlear nucleus,115,-0.016444284168770286,0.488502299540092,0.9982443878196838,False
PSI_vs_SAL,betweenness,Periventricular hypothalamic nucleus intermediate part,118,0.03573746844572665,0.46430713857228556,0.9982443878196838,False
PSI_vs_SAL,betweenness,Agranular insular area ventral part,119,0.012910205553552101,0.8620275944811038,0.9982443878196838,False
PSI_vs_SAL,betweenness,Periventricular hypothalamic nucleus posterior part,126,0.1272989542012261,0.20215956808638272,0.9982443878196838,False
PSI_vs_SAL,betweenness,Anteromedial nucleus,127,0.05510277677605481,0.6318736252749451,0.9982443878196838,False
PSI_vs_SAL,betweenness,Midbrain reticular nucleus,128,-0.10688784709700686,0.2599480103979204,0.9982443878196838,False
PSI_vs_SAL,betweenness,Nucleus ambiguus,135,0.19718716191849983,0.0591881623675265,0.9982443878196838,False
PSI_vs_SAL,betweenness,Intermediate reticular nucleus,136,-0.06159394157951677,0.4309138172365527,0.9982443878196838,False
PSI_vs_SAL,betweenness,Pontine reticular nucleus,146,-0.09249909844933286,0.4211157768446311,0.9982443878196838,False
PSI_vs_SAL,betweenness,Locus ceruleus,147,-0.11172015867291742,0.3147370525894821,0.9982443878196838,False
PSI_vs_SAL,betweenness,Paraventricular nucleus of the thalamus,149,-0.035088351965380446,0.5422915416916617,0.9982443878196838,False
PSI_vs_SAL,betweenness,Accessory olfactory bulb,151,0.008871258564731338,0.9172165566886623,0.9982443878196838,False
PSI_vs_SAL,betweenness,Lateral dorsal nucleus of thalamus,155,0.08954201226108907,0.20455908818236354,0.9982443878196838,False
PSI_vs_SAL,betweenness,Anterior olfactory nucleus,159,0.0435989902632528,0.7366526694661067,0.9982443878196838,False
PSI_vs_SAL,betweenness,Nucleus prepositus,169,0.10187522538766677,0.34613077384523094,0.9982443878196838,False
PSI_vs_SAL,betweenness,Dorsal part of the lateral geniculate complex,170,0.09938694554633971,0.264747050589882,0.9982443878196838,False
PSI_vs_SAL,betweenness,Retrochiasmatic area,173,0.12542372881355932,0.08438312337532493,0.9982443878196838,False
PSI_vs_SAL,betweenness,Nucleus of Roller,177,0.0016949152542372892,1.0,1.0,False
PSI_vs_SAL,betweenness,Ventral part of the lateral geniculate complex,178,0.010313739632167328,0.8562287542491501,0.9982443878196838,False
PSI_vs_SAL,betweenness,Nucleus of reuniens,181,0.1716552470248828,0.17356528694261147,0.9982443878196838,False
PSI_vs_SAL,betweenness,Frontal pole cerebral cortex,184,0.10187522538766679,0.14777044591081784,0.9982443878196838,False
PSI_vs_SAL,betweenness,Lateral habenula,186,-0.006166606563288858,0.9694061187762447,1.0,False
PSI_vs_SAL,betweenness,Rhomboid nucleus,189,-0.06729174179588893,0.5450909818036392,0.9982443878196838,False
PSI_vs_SAL,betweenness,Lateral hypothalamic area,194,-0.0019473494410385886,1.0,1.0,False
PSI_vs_SAL,betweenness,Rostral linear nucleus raphe,197,-0.05091958168049044,0.3151369726054789,0.9982443878196838,False
PSI_vs_SAL,betweenness,Medial vestibular nucleus,202,0.23404255319148937,0.05698860227954409,0.9982443878196838,False
PSI_vs_SAL,betweenness,Linear nucleus of the medulla,203,-0.027335016227912005,0.7068586282743451,0.9982443878196838,False
PSI_vs_SAL,betweenness,Nucleus raphe magnus,206,0.03375405697800216,0.7430513897220556,0.9982443878196838,False
PSI_vs_SAL,betweenness,Area postrema,207,-0.03537684817886765,0.6522695460907818,0.9982443878196838,False
PSI_vs_SAL,betweenness,Lateral vestibular nucleus,209,0.09112874143526865,0.34433113377324537,0.9982443878196838,False
PSI_vs_SAL,betweenness,Lateral mammillary nucleus,210,0.006563288856833754,0.912617476504699,0.9982443878196838,False
PSI_vs_SAL,betweenness,Red nucleus,214,-0.030941218896501983,0.37252549490101977,0.9982443878196838,False
PSI_vs_SAL,betweenness,Anterior pretectal nucleus,215,0.05582401730977281,0.4301139772045591,0.9982443878196838,False
PSI_vs_SAL,betweenness,Superior vestibular nucleus,217,0.03822574828705373,0.32213557288542294,0.9982443878196838,False
PSI_vs_SAL,betweenness,Lateral posterior nucleus of the thalamus,218,-0.05452578434908041,0.17596480703859227,0.9982443878196838,False
PSI_vs_SAL,betweenness,Lateral preoptic area,226,0.024774612333213125,0.6666666666666666,0.9982443878196838,False
PSI_vs_SAL,betweenness,Nucleus raphe pallidus,230,0.09902632527948071,0.23095380923815237,0.9982443878196838,False
PSI_vs_SAL,betweenness,Anterior tegmental nucleus,231,0.01568698160836639,0.624875024995001,0.9982443878196838,False
PSI_vs_SAL,betweenness,Lateral reticular nucleus,235,-0.06491164803461955,0.3717256548690262,0.9982443878196838,False
PSI_vs_SAL,betweenness,Nucleus raphe pontis,238,0.008258204111071043,0.8008398320335933,0.9982443878196838,False
PSI_vs_SAL,betweenness,Midbrain reticular nucleus retrorubral area,246,0.011864406779661017,0.7736452709458108,0.9982443878196838,False
PSI_vs_SAL,betweenness,Lateral septal nucleus caudal (caudodorsal) part,250,-0.13050847457627118,0.11217756448710257,0.9982443878196838,False
PSI_vs_SAL,betweenness,Lateral septal nucleus rostral (rostroventral) part,258,0.0038586368553912703,0.9692061587682463,1.0,False
PSI_vs_SAL,betweenness,Reticular nucleus of the thalamus,262,0.028056256761630004,0.5278944211157769,0.9982443878196838,False
PSI_vs_SAL,betweenness,Anteroventral preoptic nucleus,263,0.03995672556797692,0.625874825034993,0.9982443878196838,False
PSI_vs_SAL,betweenness,Anteroventral periventricular nucleus,272,0.23934367111431665,0.028594281143771244,0.9681206615819693,False
PSI_vs_SAL,betweenness,Barrington's nucleus,280,-0.03714388748647674,0.4327134573085383,0.9982443878196838,False
PSI_vs_SAL,betweenness,Suprachiasmatic nucleus,286,0.015903353768481787,0.6838632273545291,0.9982443878196838,False
PSI_vs_SAL,betweenness,Bed nucleus of the anterior commissure,287,-0.019653804543815365,0.6880623875224955,0.9982443878196838,False
PSI_vs_SAL,betweenness,Bed nucleus of the accessory olfactory tract,292,0.005120807789397764,0.8580283943211358,0.9982443878196838,False
PSI_vs_SAL,betweenness,Superior colliculus motor related,294,0.04367111431662459,0.46070785842831435,0.9982443878196838,False
PSI_vs_SAL,betweenness,Basolateral amygdalar nucleus,295,-0.016552470248827986,0.7956408718256349,0.9982443878196838,False
PSI_vs_SAL,betweenness,Magnocellular nucleus,298,-0.012008654886404617,0.8056388722255549,0.9982443878196838,False
PSI_vs_SAL,betweenness,Superior colliculus sensory related,302,-0.04738550306527227,0.45570885822835433,0.9982443878196838,False
PSI_vs_SAL,betweenness,Basomedial amygdalar nucleus,319,0.022827262892174537,0.5746850629874025,0.9982443878196838,False
PSI_vs_SAL,betweenness,Suprageniculate nucleus,325,0.07868734222863324,0.20535892821435714,0.9982443878196838,False
PSI_vs_SAL,betweenness,Primary somatosensory area barrel field,329,0.10717634331049407,0.26654669066186765,0.9982443878196838,False
PSI_vs_SAL,betweenness,Accessory supraoptic group,332,0.011936530833032817,0.8028394321135773,0.9982443878196838,False
PSI_vs_SAL,betweenness,Septohippocampal nucleus,333,0.006130544536602958,0.830633873225355,0.9982443878196838,False
PSI_vs_SAL,betweenness,Primary somatosensory area lower limb,337,0.03498016588532275,0.6660667866426715,0.9982443878196838,False
PSI_vs_SAL,betweenness,Subfornical organ,338,-0.14940497655968266,0.13817236552689463,0.9982443878196838,False
PSI_vs_SAL,betweenness,Primary somatosensory area mouth,345,0.03443923548503426,0.768246350729854,0.9982443878196838,False
PSI_vs_SAL,betweenness,Subparaventricular zone,347,-0.012513523260007212,0.6302739452109578,0.9982443878196838,False
PSI_vs_SAL,betweenness,Subceruleus nucleus,350,-0.05578795528308691,0.47750449910017995,0.9982443878196838,False
PSI_vs_SAL,betweenness,Bed nuclei of the stria terminalis,351,0.11918499819689868,0.2861427714457109,0.9982443878196838,False
PSI_vs_SAL,betweenness,Primary somatosensory area nose,353,-0.22672196177425175,0.11757648470305938,0.9982443878196838,False
PSI_vs_SAL,betweenness,Preparasubthalamic nucleus,356,-0.11298232960692389,0.3229354129174165,0.9982443878196838,False
PSI_vs_SAL,betweenness,Sublaterodorsal nucleus,358,0.03487197980526506,0.45990801839632073,0.9982443878196838,False
PSI_vs_SAL,betweenness,Primary somatosensory area trunk,361,0.025567976920302923,0.4881023795240952,0.9982443878196838,False
PSI_vs_SAL,betweenness,Mediodorsal nucleus of thalamus,362,-0.05474215650919582,0.34073185362927416,0.9982443878196838,False
PSI_vs_SAL,betweenness,Parasubthalamic nucleus,364,0.01705733862243058,0.8248350329934013,0.9982443878196838,False
PSI_vs_SAL,betweenness,Submedial nucleus of the thalamus,366,-0.03815362423368193,0.5750849830033993,0.9982443878196838,False
PSI_vs_SAL,betweenness,Primary somatosensory area upper limb,369,0.0860439956725568,0.16676664667066587,0.9982443878196838,False
PSI_vs_SAL,betweenness,Infracerebellar nucleus,372,-0.011071042192571223,0.7396520695860828,0.9982443878196838,False
PSI_vs_SAL,betweenness,Substantia nigra compact part,374,-0.0006491164803461985,1.0,1.0,False
PSI_vs_SAL,betweenness,Supplemental somatosensory area,378,-0.014857554994590697,0.9416116776644671,1.0,False
PSI_vs_SAL,betweenness,Field CA1,382,-7.212405337179983e-05,1.0,1.0,False
PSI_vs_SAL,betweenness,Primary visual area,385,-0.05575189325640101,0.40091981603679266,0.9982443878196838,False
PSI_vs_SAL,betweenness,Supraoptic nucleus,390,-0.0015506671474936895,0.9722055588882224,1.0,False
PSI_vs_SAL,betweenness,Anteromedial visual area,394,0.013631446087270113,0.7710457908418317,0.9982443878196838,False
PSI_vs_SAL,betweenness,Medullary reticular nucleus,395,-0.019148936170212762,0.7192561487702459,0.9982443878196838,False
PSI_vs_SAL,betweenness,Superior olivary complex,398,0.15149657410746484,0.17536492701459708,0.9982443878196838,False
PSI_vs_SAL,betweenness,Anterolateral visual area,402,-0.02466642625315543,0.6548690261947611,0.9982443878196838,False
PSI_vs_SAL,betweenness,Medial amygdalar nucleus,403,-0.11611972592859719,0.08698260347930414,0.9982443878196838,False
PSI_vs_SAL,betweenness,Lateral visual area,409,0.14428416877028488,0.28794241151769645,0.9982443878196838,False
PSI_vs_SAL,betweenness,Field CA2,423,-0.0007212405337179983,1.0,1.0,False
PSI_vs_SAL,betweenness,Posterolateral visual area,425,0.007609087630724846,0.6636672665466906,0.9982443878196838,False
PSI_vs_SAL,betweenness,Spinal nucleus of the trigeminal oral part,445,0.09394157951676885,0.2927414517096581,0.9982443878196838,False
PSI_vs_SAL,betweenness,Field CA3,463,0.007464839523981248,0.6492701459708058,0.9982443878196838,False
PSI_vs_SAL,betweenness,Medial geniculate complex,475,-0.007140281283808149,0.8000399920015997,0.9982443878196838,False
PSI_vs_SAL,betweenness,Medial mammillary nucleus,491,0.0290659935088352,0.25374925014997,0.9982443878196838,False
PSI_vs_SAL,betweenness,Subiculum,502,-0.0007933645870897982,1.0,1.0,False
PSI_vs_SAL,betweenness,Main olfactory bulb,507,-0.021024161557879555,0.6628674265146971,0.9982443878196838,False
PSI_vs_SAL,betweenness,Medial preoptic nucleus,515,-0.04172376487558601,0.4253149370125975,0.9982443878196838,False
PSI_vs_SAL,betweenness,Medial preoptic area,523,0.0006491164803461985,0.9708058388322336,1.0,False
PSI_vs_SAL,betweenness,Medial pretectal area,531,-0.04825099170573386,0.34673065386922614,0.9982443878196838,False
PSI_vs_SAL,betweenness,posteromedial visual area,533,0.025748287053732423,0.648870225954809,0.9982443878196838,False
PSI_vs_SAL,betweenness,Central amygdalar nucleus,536,-0.1150378651280202,0.14717056588682265,0.9982443878196838,False
PSI_vs_SAL,betweenness,Temporal association areas,541,0.06898665705012622,0.3709258148370326,0.9982443878196838,False
PSI_vs_SAL,betweenness,Medial septal nucleus,564,0.012261089073205916,0.7660467906418716,0.9982443878196838,False
PSI_vs_SAL,betweenness,Postpiriform transition area,566,-0.1142445005409304,0.20735852829434112,0.9982443878196838,False
PSI_vs_SAL,betweenness,Tegmental reticular nucleus,574,0.00941218896501983,0.9406118776244751,1.0,False
PSI_vs_SAL,betweenness,Central lateral nucleus of the thalamus,575,-0.07576631806707537,0.372125574885023,0.9982443878196838,False
PSI_vs_SAL,betweenness,Accessory facial motor nucleus,576,-0.019112874143526866,0.8024395120975805,0.9982443878196838,False
PSI_vs_SAL,betweenness,Taenia tecta,589,-0.1547782185358817,0.28934213157368527,0.9982443878196838,False
PSI_vs_SAL,betweenness,Central linear nucleus raphe,591,-0.004652001442481068,0.8890221955608878,0.9982443878196838,False
PSI_vs_SAL,betweenness,Diagonal band nucleus,596,0.009267940858276234,0.8570285942811438,0.9982443878196838,False
PSI_vs_SAL,betweenness,Central medial nucleus of the thalamus,599,-0.0972232239451857,0.19696060787842432,0.9982443878196838,False
PSI_vs_SAL,betweenness,Subparafascicular area,609,0.10746483952398123,0.2595480903819236,0.9982443878196838,False
PSI_vs_SAL,betweenness,Nucleus of the lateral lemniscus,612,-0.03667508113956004,0.7024595080983803,0.9982443878196838,False
PSI_vs_SAL,betweenness,Tuberal nucleus,614,-0.05333573746844572,0.5696860627874425,0.9982443878196838,False
PSI_vs_SAL,betweenness,Cuneiform nucleus,616,-0.0022719076812116844,0.9446110777844431,1.0,False
PSI_vs_SAL,betweenness,Nucleus of the lateral olfactory tract,619,0.14071402812838082,0.11697660467906419,0.9982443878196838,False
PSI_vs_SAL,betweenness,Motor nucleus of trigeminal,621,-0.01976199062387306,0.633873225354929,0.9982443878196838,False
PSI_vs_SAL,betweenness,Cortical amygdalar area anterior part,639,-0.09343671114316626,0.3151369726054789,0.9982443878196838,False
PSI_vs_SAL,betweenness,Nucleus of the trapezoid body,642,-0.21211684096646233,0.11317736452709458,0.9982443878196838,False
PSI_vs_SAL,betweenness,Cortical amygdalar area posterior part,647,0.10562567616300036,0.0595880823835233,0.9982443878196838,False
PSI_vs_SAL,betweenness,Nucleus of the solitary tract,651,0.0074287774972953465,0.7378524295140971,0.9982443878196838,False
PSI_vs_SAL,betweenness,Abducens nucleus,653,-0.005733862243058066,0.880623875224955,0.9982443878196838,False
PSI_vs_SAL,betweenness,Facial motor nucleus,661,-0.06263974035340786,0.40211957608478305,0.9982443878196838,False
PSI_vs_SAL,betweenness,Caudoputamen,672,0.04186801298232961,0.46250749850029993,0.9982443878196838,False
PSI_vs_SAL,betweenness,Visceral area,677,0.15448972232239452,0.05698860227954409,0.9982443878196838,False
PSI_vs_SAL,betweenness,Superior central nucleus raphe,679,0.05409304002884962,0.2589482103579284,0.9982443878196838,False
PSI_vs_SAL,betweenness,Ventral medial nucleus of the thalamus,685,-0.12250270465200143,0.08658268346330734,0.9982443878196838,False
PSI_vs_SAL,betweenness,Ventrolateral preoptic nucleus,689,0.019401370357014065,0.45550889822035595,0.9982443878196838,False
PSI_vs_SAL,betweenness,Ventromedial hypothalamic nucleus,693,0.005445366029570862,0.9176164767046591,0.9982443878196838,False
PSI_vs_SAL,betweenness,Olivary pretectal nucleus,706,0.03281644428416877,0.6612677464507098,0.9982443878196838,False
PSI_vs_SAL,betweenness,Cuneate nucleus,711,-0.016263974035340786,0.8334333133373325,0.9982443878196838,False
PSI_vs_SAL,betweenness,Ventral posterolateral nucleus of the thalamus,718,0.017706455102776776,0.6032793441311738,0.9982443878196838,False
PSI_vs_SAL,betweenness,Dentate gyrus,726,-0.09624954922466644,0.4979004199160168,0.9982443878196838,False
PSI_vs_SAL,betweenness,Orbital area medial part,731,-0.014641182834475297,0.6082783443311338,0.9982443878196838,False
PSI_vs_SAL,betweenness,Ventral posteromedial nucleus of the thalamus,733,0.0029210241615578794,0.9082183563287343,0.9982443878196838,False
PSI_vs_SAL,betweenness,Orbital area ventrolateral part,746,0.09127298954201227,0.22975404919016196,0.9982443878196838,False
PSI_vs_SAL,betweenness,Ventral tegmental area,749,0.0286332491886044,0.4605078984203159,0.9982443878196838,False
PSI_vs_SAL,betweenness,Olfactory tubercle,754,0.009592499098449333,0.8082383523295341,0.9982443878196838,False
PSI_vs_SAL,betweenness,Ventral tegmental nucleus,757,-0.10205553552109628,0.1767646470705859,0.9982443878196838,False
PSI_vs_SAL,betweenness,Vascular organ of the lamina terminalis,763,0.0047962495492246664,0.9182163567286543,0.9982443878196838,False
PSI_vs_SAL,betweenness,Nucleus x,765,0.004183195095564371,0.9138172365526894,0.9982443878196838,False
PSI_vs_SAL,betweenness,Hypoglossal nucleus,773,0.012116840966462315,0.7408518296340731,0.9982443878196838,False
PSI_vs_SAL,betweenness,Posterior amygdalar nucleus,780,-0.031914893617021274,0.5358928214357128,0.9982443878196838,False
PSI_vs_SAL,betweenness,Nucleus y,781,-0.004615939415795169,0.8554289142171566,0.9982443878196838,False
PSI_vs_SAL,betweenness,Piriform-amygdalar area,788,-0.19044356292823655,0.08938212357528494,0.9982443878196838,False
PSI_vs_SAL,betweenness,Periaqueductal gray,795,0.08081500180310135,0.3717256548690262,0.9982443878196838,False
PSI_vs_SAL,betweenness,Zona incerta,797,0.00840245221781464,0.8554289142171566,0.9982443878196838,False
PSI_vs_SAL,betweenness,Dorsal peduncular area,814,0.129859358095925,0.34873025394921014,0.9982443878196838,False
PSI_vs_SAL,betweenness,Dorsomedial nucleus of the hypothalamus,830,0.014496934727731697,0.8258348330333933,0.9982443878196838,False
PSI_vs_SAL,betweenness,Dorsal motor nucleus of the vagus nerve,839,-0.26072845293905517,0.028594281143771244,0.9681206615819693,False
PSI_vs_SAL,betweenness,Parasubiculum,843,-0.21983411467724487,0.08518296340731854,0.9982443878196838,False
PSI_vs_SAL,betweenness,Dentate nucleus,846,-0.03836999639379733,0.39692061587682465,0.9982443878196838,False
PSI_vs_SAL,betweenness,Parvicellular reticular nucleus,852,-0.009953119365308329,0.8864227154569086,0.9982443878196838,False
PSI_vs_SAL,betweenness,Parasolitary nucleus,859,-0.14796249549224666,0.11477704459108179,0.9982443878196838,False
PSI_vs_SAL,betweenness,Parabrachial nucleus,867,0.0995311936530833,0.11557688462307539,0.9982443878196838,False
PSI_vs_SAL,betweenness,Dorsal nucleus raphe,872,0.026758023800937614,0.4809038192361528,0.9982443878196838,False
PSI_vs_SAL,betweenness,Parabigeminal nucleus,874,7.21240533717994e-05,1.0,1.0,False
PSI_vs_SAL,betweenness,Retrosplenial area dorsal part,879,-0.015398485394879188,0.7994401119776045,0.9982443878196838,False
PSI_vs_SAL,betweenness,Dorsal tegmental nucleus,880,0.00043274432023079727,0.9712057588482303,1.0,False
PSI_vs_SAL,betweenness,Retrosplenial area ventral part,886,-0.02152902993148215,0.8548290341931614,0.9982443878196838,False
PSI_vs_SAL,betweenness,Retrosplenial area lateral agranular part,894,-0.013703570140641904,0.8532293541291741,0.9982443878196838,False
PSI_vs_SAL,betweenness,Ectorhinal area,895,-0.10263252794807069,0.23095380923815237,0.9982443878196838,False
PSI_vs_SAL,betweenness,External cuneate nucleus,903,-0.016227912008654883,0.5706858628274345,0.9982443878196838,False
PSI_vs_SAL,betweenness,Paracentral nucleus,907,0.017309772809231877,0.5818836232753449,0.9982443878196838,False
PSI_vs_SAL,betweenness,Lingula (I),912,-0.03252794807068157,0.48570285942811436,0.9982443878196838,False
PSI_vs_SAL,betweenness,Entorhinal area lateral part,918,-0.0714028128380815,0.5752849430113978,0.9982443878196838,False
PSI_vs_SAL,betweenness,Central lobule,920,-0.07847097006851786,0.25674865026994603,0.9982443878196838,False
PSI_vs_SAL,betweenness,Perirhinal area,922,-0.1557158312297151,0.14597080583883223,0.9982443878196838,False
PSI_vs_SAL,betweenness,Entorhinal area medial part dorsal zone,926,0.017634331049404976,0.6082783443311338,0.9982443878196838,False
PSI_vs_SAL,betweenness,Culmen,928,-0.2936170212765957,0.028594281143771244,0.9681206615819693,False
PSI_vs_SAL,betweenness,Parafascicular nucleus,930,0.07854309412188965,0.17156568686262746,0.9982443878196838,False
PSI_vs_SAL,betweenness,Pontine gray,931,-0.11803101334294988,0.11137772445510898,0.9982443878196838,False
PSI_vs_SAL,betweenness,Declive (VI),936,0.04569058781103499,0.4399120175964807,0.9982443878196838,False
PSI_vs_SAL,betweenness,Folium-tuber vermis (VII),944,0.03245582401730977,0.39832033593281346,0.9982443878196838,False
PSI_vs_SAL,betweenness,Posterior hypothalamic nucleus,946,0.03241976199062387,0.4913017396520696,0.9982443878196838,False
PSI_vs_SAL,betweenness,Pyramus (VIII),951,0.02657771366750811,0.5114977004599081,0.9982443878196838,False
PSI_vs_SAL,betweenness,Uvula (IX),957,-0.17890371438874866,0.08298340331933614,0.9982443878196838,False
PSI_vs_SAL,betweenness,Piriform area,961,-0.0429498737829066,0.6578684263147371,0.9982443878196838,False
PSI_vs_SAL,betweenness,Nodulus (X),968,-0.11947349441038586,0.0591881623675265,0.9982443878196838,False
PSI_vs_SAL,betweenness,Paragigantocellular reticular nucleus dorsal part,970,-0.007645149657410746,0.8818236352729454,0.9982443878196838,False
PSI_vs_SAL,betweenness,Prelimbic area,972,-0.2588892895780743,0.057788442311537694,0.9982443878196838,False
PSI_vs_SAL,betweenness,Edinger-Westphal nucleus,975,0.10876307248467362,0.20075984803039393,0.9982443878196838,False
PSI_vs_SAL,betweenness,Paragigantocellular reticular nucleus lateral part,978,0.021889650198341146,0.629874025194961,0.9982443878196838,False
PSI_vs_SAL,betweenness,Dorsal premammillary nucleus,980,-0.2464839523981248,0.028594281143771244,0.9681206615819693,False
PSI_vs_SAL,betweenness,Fasciola cinerea,982,0.009340064911648037,0.8000399920015997,0.9982443878196838,False
PSI_vs_SAL,betweenness,Primary motor area,985,-0.0016588532275513823,1.0,1.0,False
PSI_vs_SAL,betweenness,Fastigial nucleus,989,0.020375045077533356,0.4875024995001,0.9982443878196838,False
PSI_vs_SAL,betweenness,Secondary motor area,993,0.011720158672917418,0.8280343931213757,0.9982443878196838,False
PSI_vs_SAL,betweenness,Fundus of striatum,998,0.026649837720879914,0.6046790641871626,0.9982443878196838,False
PSI_vs_SAL,betweenness,Primary auditory area,1002,0.00973674720519293,0.8870225954809038,0.9982443878196838,False
PSI_vs_SAL,betweenness,Ventral premammillary nucleus,1004,-0.04695275874504147,0.5246950609878024,0.9982443878196838,False
PSI_vs_SAL,betweenness,Simple lobule,1007,-0.19697078975838445,0.028594281143771244,0.9681206615819693,False
PSI_vs_SAL,betweenness,fiber tracts,1009,-0.008222142084385153,0.97000599880024,1.0,False
PSI_vs_SAL,betweenness,Dorsal auditory area,1011,0.05081139560043274,0.4563087382523495,0.9982443878196838,False
PSI_vs_SAL,betweenness,Ansiform lobule,1017,0.06548864046159394,0.22515496900619877,0.9982443878196838,False
PSI_vs_SAL,betweenness,Ventral auditory area,1018,-0.07641543454742156,0.28834233153369326,0.9982443878196838,False
PSI_vs_SAL,betweenness,Posterior complex of the thalamus,1020,0.012080778939776413,0.590881823635273,0.9982443878196838,False
PSI_vs_SAL,betweenness,Paramedian lobule,1025,-0.012585647313379023,0.652869426114777,0.9982443878196838,False
PSI_vs_SAL,betweenness,Posterior auditory area,1027,-0.15769924269743962,0.0595880823835233,0.9982443878196838,False
PSI_vs_SAL,betweenness,Posterior limiting nucleus of the thalamus,1029,0.011179228272628919,0.884623075384923,0.9982443878196838,False
PSI_vs_SAL,betweenness,Copula pyramidis,1033,-0.04680851063829787,0.5426914617076585,0.9982443878196838,False
PSI_vs_SAL,betweenness,Postsubiculum,1037,0.009195816804904434,0.6912617476504699,0.9982443878196838,False
PSI_vs_SAL,betweenness,Paraflocculus,1041,-0.033285250631085464,0.40091981603679266,0.9982443878196838,False
PSI_vs_SAL,betweenness,Flocculus,1049,0.02264695275874504,0.5720855828834233,0.9982443878196838,False
PSI_vs_SAL,betweenness,Gustatory areas,1057,0.007500901550667148,0.825634873025395,0.9982443878196838,False
PSI_vs_SAL,betweenness,Parapyramidal nucleus,1069,0.015254237288135596,0.857628474305139,0.9982443878196838,False
PSI_vs_SAL,betweenness,Presubiculum,1084,0.010674359899026327,0.7994401119776045,0.9982443878196838,False
PSI_vs_SAL,betweenness,Medullary reticular nucleus dorsal part,1098,-0.050342589253516035,0.4881023795240952,0.9982443878196838,False
PSI_vs_SAL,betweenness,Intercalated amygdalar nucleus,1105,0.23743238369996392,0.028594281143771244,0.9681206615819693,False
PSI_vs_SAL,betweenness,Medullary reticular nucleus ventral part,1107,0.03436711143166246,0.6336732653469306,0.9982443878196838,False
PSI_vs_SAL,betweenness,Parastrial nucleus,1109,0.07367472051929319,0.3421315736852629,0.9982443878196838,False
PSI_vs_SAL,betweenness,Interanteromedial nucleus of the thalamus,1120,-0.023945185719437434,0.40991801639672065,0.9982443878196838,False
PSI_vs_SAL,betweenness,Tuberomammillary nucleus dorsal part,1126,-0.017742517129462676,0.6326734653069386,0.9982443878196838,False
PSI_vs_SAL,betweenness,Median eminence,10671,0.007969707897583844,0.848630273945211,0.9982443878196838,False
KET_vs_SAL,wdeg,Tuberomammillary nucleus ventral part,1,9.953303272343163,0.8007199280071993,0.9947519136975193,False
KET_vs_SAL,wdeg,Inferior colliculus,4,17.279561816685572,0.7632236776322368,0.9947519136975193,False
KET_vs_SAL,wdeg,Principal sensory nucleus of the trigeminal,7,88.32753477294845,0.0524947505249475,0.9561805724189487,False
KET_vs_SAL,wdeg,Interfascicular nucleus raphe,12,37.24338047693743,0.34706529347065296,0.9947519136975193,False
KET_vs_SAL,wdeg,Induseum griseum,19,31.704567674990585,0.46955304469553044,0.9947519136975193,False
KET_vs_SAL,wdeg,Anterior amygdalar area,23,100.40859150519532,0.023697630236976304,0.9561805724189487,False
KET_vs_SAL,wdeg,Intergeniculate leaflet of the lateral geniculate complex,27,103.20011155348203,0.0857914208579142,0.9561805724189487,False
KET_vs_SAL,wdeg,Periventricular hypothalamic nucleus anterior part,30,6.882521447653602,0.863013698630137,0.9947519136975193,False
KET_vs_SAL,wdeg,Paraventricular hypothalamic nucleus,38,8.164015638758627,0.8011198880111989,0.9947519136975193,False
KET_vs_SAL,wdeg,Anterior cingulate area dorsal part,39,12.514035911502475,0.8824117588241176,0.9947519136975193,False
KET_vs_SAL,wdeg,Infralimbic area,44,8.402468117661755,0.8132186781321867,0.9947519136975193,False
KET_vs_SAL,wdeg,Anterior cingulate area ventral part,48,-12.063586232737464,0.6881311868813119,0.9947519136975193,False
KET_vs_SAL,wdeg,Nucleus accumbens,56,7.753567489182899,0.8886111388861114,0.9947519136975193,False
KET_vs_SAL,wdeg,Paraventricular hypothalamic nucleus descending division,63,8.432716723379315,0.7214278572142786,0.9947519136975193,False
KET_vs_SAL,wdeg,Lateral terminal nucleus of the accessory optic tract,66,99.1948778417934,0.055394460553944605,0.9561805724189487,False
KET_vs_SAL,wdeg,Anterodorsal preoptic nucleus,72,10.196049748499377,0.8237176282371763,0.9947519136975193,False
KET_vs_SAL,wdeg,Dorsal terminal nucleus of the accessory optic tract,75,69.38446416439886,0.138986101389861,0.9561805724189487,False
KET_vs_SAL,wdeg,Inferior olivary complex,83,52.093299238137746,0.253974602539746,0.9561805724189487,False
KET_vs_SAL,wdeg,Anterior hypothalamic nucleus,88,74.96108194401893,0.0678932106789321,0.9561805724189487,False
KET_vs_SAL,wdeg,Interposed nucleus,91,60.2427196232743,0.27747225277472254,0.9921172061898288,False
KET_vs_SAL,wdeg,Dorsal cochlear nucleus,96,10.268157641497396,0.6972302769723028,0.9947519136975193,False
KET_vs_SAL,wdeg,Interpeduncular nucleus,100,11.075999666242637,0.8216178382161784,0.9947519136975193,False
KET_vs_SAL,wdeg,Ventral cochlear nucleus,101,58.90048798304872,0.36866313368663134,0.9947519136975193,False
KET_vs_SAL,wdeg,Agranular insular area dorsal part,104,9.513672605019991,0.7855214478552145,0.9947519136975193,False
KET_vs_SAL,wdeg,Inferior salivatory nucleus,106,13.647513846790275,0.712028797120288,0.9947519136975193,False
KET_vs_SAL,wdeg,Agranular insular area posterior part,111,22.019216174575348,0.6087391260873912,0.9947519136975193,False
KET_vs_SAL,wdeg,Trochlear nucleus,115,-22.910575942721266,0.5408459154084592,0.9947519136975193,False
KET_vs_SAL,wdeg,Periventricular hypothalamic nucleus intermediate part,118,58.27825444179936,0.32666733326667335,0.9947519136975193,False
KET_vs_SAL,wdeg,Agranular insular area ventral part,119,-6.1200475370366405,0.8677132286771323,0.9947519136975193,False
KET_vs_SAL,wdeg,Periventricular hypothalamic nucleus posterior part,126,17.873532850360846,0.6211378862113789,0.9947519136975193,False
KET_vs_SAL,wdeg,Anteromedial nucleus,127,17.288877286384547,0.6359364063593641,0.9947519136975193,False
KET_vs_SAL,wdeg,Midbrain reticular nucleus,128,-5.4232672825007455,0.884011598840116,0.9947519136975193,False
KET_vs_SAL,wdeg,Nucleus ambiguus,135,55.55069917308893,0.0892910708929107,0.9561805724189487,False
KET_vs_SAL,wdeg,Intermediate reticular nucleus,136,24.830606561062552,0.48335166483351666,0.9947519136975193,False
KET_vs_SAL,wdeg,Pontine reticular nucleus,146,6.044942628337935,0.9418058194180582,0.997659974262314,False
KET_vs_SAL,wdeg,Locus ceruleus,147,-2.5266362992108498,0.9877012298770123,1.0,False
KET_vs_SAL,wdeg,Paraventricular nucleus of the thalamus,149,-16.565893252023898,0.6238376162383762,0.9947519136975193,False
KET_vs_SAL,wdeg,Accessory olfactory bulb,151,5.835838914982219,0.8911108889111089,0.9947519136975193,False
KET_vs_SAL,wdeg,Lateral dorsal nucleus of thalamus,155,19.758391326939147,0.6306369363063694,0.9947519136975193,False
KET_vs_SAL,wdeg,Anterior olfactory nucleus,159,-17.978220623497208,0.8498150184981502,0.9947519136975193,False
KET_vs_SAL,wdeg,Nucleus prepositus,169,-68.00862470908068,0.1655834416558344,0.9561805724189487,False
KET_vs_SAL,wdeg,Dorsal part of the lateral geniculate complex,170,-65.57983841141977,0.25277472252774724,0.9561805724189487,False
KET_vs_SAL,wdeg,Retrochiasmatic area,173,54.2677418683996,0.23277672232776722,0.9561805724189487,False
KET_vs_SAL,wdeg,Nucleus of Roller,177,62.42200741781045,0.24497550244975502,0.9561805724189487,False
KET_vs_SAL,wdeg,Ventral part of the lateral geniculate complex,178,-29.241863971558814,0.654934506549345,0.9947519136975193,False
KET_vs_SAL,wdeg,Nucleus of reuniens,181,-61.750686038098564,0.22627737226277372,0.9561805724189487,False
KET_vs_SAL,wdeg,Frontal pole cerebral cortex,184,12.274640329111193,0.7903209679032097,0.9947519136975193,False
KET_vs_SAL,wdeg,Lateral habenula,186,44.08838546987022,0.23597640235976403,0.9561805724189487,False
KET_vs_SAL,wdeg,Rhomboid nucleus,189,-6.7298675149103815,0.8512148785121488,0.9947519136975193,False
KET_vs_SAL,wdeg,Lateral hypothalamic area,194,0.08640404262689572,1.0,1.0,False
KET_vs_SAL,wdeg,Rostral linear nucleus raphe,197,-70.92483165288422,0.193980601939806,0.9561805724189487,False
KET_vs_SAL,wdeg,Medial vestibular nucleus,202,28.040928098244876,0.4831516848315168,0.9947519136975193,False
KET_vs_SAL,wdeg,Linear nucleus of the medulla,203,14.956590540801699,0.71002899710029,0.9947519136975193,False
KET_vs_SAL,wdeg,Nucleus raphe magnus,206,-3.55450076146775,1.0,1.0,False
KET_vs_SAL,wdeg,Area postrema,207,-43.76129033738255,0.45425457454254575,0.9947519136975193,False
KET_vs_SAL,wdeg,Lateral vestibular nucleus,209,-5.366237919053447,0.9428057194280572,0.997659974262314,False
KET_vs_SAL,wdeg,Lateral mammillary nucleus,210,-1.5619929708285554,0.986001399860014,1.0,False
KET_vs_SAL,wdeg,Red nucleus,214,44.58969660065996,0.0898910108989101,0.9561805724189487,False
KET_vs_SAL,wdeg,Anterior pretectal nucleus,215,-21.15920497666953,0.290970902909709,0.9947519136975193,False
KET_vs_SAL,wdeg,Superior vestibular nucleus,217,-68.09550664654498,0.0847915208479152,0.9561805724189487,False
KET_vs_SAL,wdeg,Lateral posterior nucleus of the thalamus,218,-40.736174395351526,0.1924807519248075,0.9561805724189487,False
KET_vs_SAL,wdeg,Lateral preoptic area,226,91.50171134791859,0.0527947205279472,0.9561805724189487,False
KET_vs_SAL,wdeg,Nucleus raphe pallidus,230,86.3980135609211,0.0680931906809319,0.9561805724189487,False
KET_vs_SAL,wdeg,Anterior tegmental nucleus,231,20.00723540633122,0.6215378462153784,0.9947519136975193,False
KET_vs_SAL,wdeg,Lateral reticular nucleus,235,35.66487642908311,0.23817618238176183,0.9561805724189487,False
KET_vs_SAL,wdeg,Nucleus raphe pontis,238,75.93205161843873,0.1341865813418658,0.9561805724189487,False
KET_vs_SAL,wdeg,Midbrain reticular nucleus retrorubral area,246,56.327830921352415,0.32556744325567444,0.9947519136975193,False
KET_vs_SAL,wdeg,Lateral septal nucleus caudal (caudodorsal) part,250,-34.77372416116435,0.44985501449855014,0.9947519136975193,False
KET_vs_SAL,wdeg,Lateral septal nucleus rostral (rostroventral) part,258,67.88554878712347,0.19218078192180782,0.9561805724189487,False
KET_vs_SAL,wdeg,Reticular nucleus of the thalamus,262,86.82276244682045,0.028097190280971903,0.9561805724189487,False
KET_vs_SAL,wdeg,Anteroventral preoptic nucleus,263,-10.049789236413659,0.7531246875312468,0.9947519136975193,False
KET_vs_SAL,wdeg,Anteroventral periventricular nucleus,272,27.181504984871168,0.5151484851514848,0.9947519136975193,False
KET_vs_SAL,wdeg,Barrington's nucleus,280,78.19024686558737,0.28017198280171984,0.9921172061898288,False
KET_vs_SAL,wdeg,Suprachiasmatic nucleus,286,81.47797268205125,0.14758524147585242,0.9561805724189487,False
KET_vs_SAL,wdeg,Bed nucleus of the anterior commissure,287,30.69580631032585,0.5718428157184282,0.9947519136975193,False
KET_vs_SAL,wdeg,Bed nucleus of the accessory olfactory tract,292,69.88618048460678,0.0822917708229177,0.9561805724189487,False
KET_vs_SAL,wdeg,Superior colliculus motor related,294,10.849936534041888,0.8946105389461054,0.9947519136975193,False
KET_vs_SAL,wdeg,Basolateral amygdalar nucleus,295,13.544452424162614,0.7849215078492151,0.9947519136975193,False
KET_vs_SAL,wdeg,Magnocellular nucleus,298,53.178683053219714,0.3097690230976902,0.9947519136975193,False
KET_vs_SAL,wdeg,Superior colliculus sensory related,302,10.790313520192996,0.8289171082891711,0.9947519136975193,False
KET_vs_SAL,wdeg,Basomedial amygdalar nucleus,319,98.06823504377633,0.0524947505249475,0.9561805724189487,False
KET_vs_SAL,wdeg,Suprageniculate nucleus,325,64.6002999599618,0.21177882211778823,0.9561805724189487,False
KET_vs_SAL,wdeg,Primary somatosensory area barrel field,329,35.28568924038146,0.3077692230776922,0.9947519136975193,False
KET_vs_SAL,wdeg,Accessory supraoptic group,332,23.03308305010222,0.25147485251474855,0.9561805724189487,False
KET_vs_SAL,wdeg,Septohippocampal nucleus,333,28.19272665664488,0.33226677332266774,0.9947519136975193,False
KET_vs_SAL,wdeg,Primary somatosensory area lower limb,337,31.23086431954198,0.44995500449955006,0.9947519136975193,False
KET_vs_SAL,wdeg,Subfornical organ,338,3.142091806083954,0.931006899310069,0.997659974262314,False
KET_vs_SAL,wdeg,Primary somatosensory area mouth,345,16.530924023203568,0.7308269173082692,0.9947519136975193,False
KET_vs_SAL,wdeg,Subparaventricular zone,347,18.396046393891865,0.5362463753624638,0.9947519136975193,False
KET_vs_SAL,wdeg,Subceruleus nucleus,350,7.703796324161317,0.827017298270173,0.9947519136975193,False
KET_vs_SAL,wdeg,Bed nuclei of the stria terminalis,351,11.122281373371436,0.7724227577242275,0.9947519136975193,False
KET_vs_SAL,wdeg,Primary somatosensory area nose,353,-1.9325120798876583,0.8677132286771323,0.9947519136975193,False
KET_vs_SAL,wdeg,Preparasubthalamic nucleus,356,-33.27308067615604,0.39676032396760325,0.9947519136975193,False
KET_vs_SAL,wdeg,Sublaterodorsal nucleus,358,-35.83862747568793,0.47775222477752227,0.9947519136975193,False
KET_vs_SAL,wdeg,Primary somatosensory area trunk,361,52.17371440480582,0.22717728227177283,0.9561805724189487,False
KET_vs_SAL,wdeg,Mediodorsal nucleus of thalamus,362,20.32782535623201,0.5409459054094591,0.9947519136975193,False
KET_vs_SAL,wdeg,Parasubthalamic nucleus,364,17.122670488571032,0.5948405159484051,0.9947519136975193,False
KET_vs_SAL,wdeg,Submedial nucleus of the thalamus,366,-55.33723824867192,0.28047195280471954,0.9921172061898288,False
KET_vs_SAL,wdeg,Primary somatosensory area upper limb,369,61.48628856540505,0.070992900709929,0.9561805724189487,False
KET_vs_SAL,wdeg,Infracerebellar nucleus,372,-51.71915373416718,0.22137786221377861,0.9561805724189487,False
KET_vs_SAL,wdeg,Substantia nigra compact part,374,-0.6700771646364672,0.9696030396960303,0.997659974262314,False
KET_vs_SAL,wdeg,Supplemental somatosensory area,378,-3.4772366633051206,0.9721027897210279,0.997659974262314,False
KET_vs_SAL,wdeg,Field CA1,382,-27.43809409605626,0.44755524447555245,0.9947519136975193,False
KET_vs_SAL,wdeg,Primary visual area,385,10.188767649265003,0.763023697630237,0.9947519136975193,False
KET_vs_SAL,wdeg,Supraoptic nucleus,390,49.52667307907572,0.3126687331266873,0.9947519136975193,False
KET_vs_SAL,wdeg,Anteromedial visual area,394,29.173427034240916,0.5723427657234277,0.9947519136975193,False
KET_vs_SAL,wdeg,Medullary reticular nucleus,395,-34.86805276330827,0.1922807719228077,0.9561805724189487,False
KET_vs_SAL,wdeg,Superior olivary complex,398,10.857010077760663,0.8243175682431757,0.9947519136975193,False
KET_vs_SAL,wdeg,Anterolateral visual area,402,78.543111726333,0.0983901609839016,0.9561805724189487,False
KET_vs_SAL,wdeg,Medial amygdalar nucleus,403,-8.428709572358457,0.831916808319168,0.9947519136975193,False
KET_vs_SAL,wdeg,Lateral visual area,409,19.45808785460207,0.45925407459254075,0.9947519136975193,False
KET_vs_SAL,wdeg,Field CA2,423,10.18725015191768,0.8057194280571943,0.9947519136975193,False
KET_vs_SAL,wdeg,Posterolateral visual area,425,21.108124066061407,0.7205279472052795,0.9947519136975193,False
KET_vs_SAL,wdeg,Spinal nucleus of the trigeminal oral part,445,24.554396613152647,0.36236376362363765,0.9947519136975193,False
KET_vs_SAL,wdeg,Field CA3,463,16.352383808372224,0.6053394660533946,0.9947519136975193,False
KET_vs_SAL,wdeg,Medial geniculate complex,475,2.8649495774252784,0.9002099790020998,0.9947519136975193,False
KET_vs_SAL,wdeg,Medial mammillary nucleus,491,79.20658365098203,0.22417758224177584,0.9561805724189487,False
KET_vs_SAL,wdeg,Subiculum,502,29.53954300162559,0.40385961403859616,0.9947519136975193,False
KET_vs_SAL,wdeg,Main olfactory bulb,507,18.211290828066808,0.5111488851114888,0.9947519136975193,False
KET_vs_SAL,wdeg,Medial preoptic nucleus,515,2.577522257415751,0.8253174682531746,0.9947519136975193,False
KET_vs_SAL,wdeg,Medial preoptic area,523,3.24261305830035,0.9352064793520648,0.997659974262314,False
KET_vs_SAL,wdeg,Medial pretectal area,531,-21.78340885595955,0.7994200579942006,0.9947519136975193,False
KET_vs_SAL,wdeg,posteromedial visual area,533,5.1030043170814565,0.9412058794120588,0.997659974262314,False
KET_vs_SAL,wdeg,Central amygdalar nucleus,536,-8.13639826751114,0.7490250974902509,0.9947519136975193,False
KET_vs_SAL,wdeg,Temporal association areas,541,62.854116994007455,0.1673832616738326,0.9561805724189487,False
KET_vs_SAL,wdeg,Medial septal nucleus,564,3.0428107719004345,0.9626037396260374,0.997659974262314,False
KET_vs_SAL,wdeg,Postpiriform transition area,566,-1.5393537271513082,0.9699030096990301,0.997659974262314,False
KET_vs_SAL,wdeg,Tegmental reticular nucleus,574,55.5626365589856,0.29727027297270275,0.9947519136975193,False
KET_vs_SAL,wdeg,Central lateral nucleus of the thalamus,575,38.49715074693029,0.6319368063193681,0.9947519136975193,False
KET_vs_SAL,wdeg,Accessory facial motor nucleus,576,50.11648778090802,0.33496650334966505,0.9947519136975193,False
KET_vs_SAL,wdeg,Taenia tecta,589,25.146869507822032,0.23527647235276472,0.9561805724189487,False
KET_vs_SAL,wdeg,Central linear nucleus raphe,591,16.90481406362241,0.6893310668933107,0.9947519136975193,False
KET_vs_SAL,wdeg,Diagonal band nucleus,596,79.37361507624146,0.057894210578942104,0.9561805724189487,False
KET_vs_SAL,wdeg,Central medial nucleus of the thalamus,599,-13.711457142418396,0.8266173382661733,0.9947519136975193,False
KET_vs_SAL,wdeg,Subparafascicular area,609,34.62227808648595,0.5989401059894011,0.9947519136975193,False
KET_vs_SAL,wdeg,Nucleus of the lateral lemniscus,612,26.55227198890873,0.714928507149285,0.9947519136975193,False
KET_vs_SAL,wdeg,Tuberal nucleus,614,-37.74196820438492,0.47485251474852513,0.9947519136975193,False
KET_vs_SAL,wdeg,Cuneiform nucleus,616,21.43803322376874,0.7161283871612839,0.9947519136975193,False
KET_vs_SAL,wdeg,Nucleus of the lateral olfactory tract,619,14.040756737460384,0.8437156284371563,0.9947519136975193,False
KET_vs_SAL,wdeg,Motor nucleus of trigeminal,621,33.859292689443464,0.48885111488851113,0.9947519136975193,False
KET_vs_SAL,wdeg,Cortical amygdalar area anterior part,639,6.0009250435614945,0.8336166383361664,0.9947519136975193,False
KET_vs_SAL,wdeg,Nucleus of the trapezoid body,642,-22.004580905577086,0.6574342565743425,0.9947519136975193,False
KET_vs_SAL,wdeg,Cortical amygdalar area posterior part,647,32.69056599456036,0.44245575442455753,0.9947519136975193,False
KET_vs_SAL,wdeg,Nucleus of the solitary tract,651,11.304041259964976,0.8416158384161584,0.9947519136975193,False
KET_vs_SAL,wdeg,Abducens nucleus,653,-41.11097911655423,0.45615438456154384,0.9947519136975193,False
KET_vs_SAL,wdeg,Facial motor nucleus,661,-57.42478690519002,0.09579042095790422,0.9561805724189487,False
KET_vs_SAL,wdeg,Caudoputamen,672,37.16798638492821,0.49605039496050396,0.9947519136975193,False
KET_vs_SAL,wdeg,Visceral area,677,-7.520556357811557,0.9066093390660934,0.9947519136975193,False
KET_vs_SAL,wdeg,Superior central nucleus raphe,679,95.67986590683313,0.0206979302069793,0.9561805724189487,False
KET_vs_SAL,wdeg,Ventral medial nucleus of the thalamus,685,9.351115261248282,0.776022397760224,0.9947519136975193,False
KET_vs_SAL,wdeg,Ventrolateral preoptic nucleus,689,-78.67255172919073,0.08389161083891611,0.9561805724189487,False
KET_vs_SAL,wdeg,Ventromedial hypothalamic nucleus,693,34.46139665559252,0.5158484151584841,0.9947519136975193,False
KET_vs_SAL,wdeg,Olivary pretectal nucleus,706,-74.54919532342541,0.19168083191680832,0.9561805724189487,False
KET_vs_SAL,wdeg,Cuneate nucleus,711,-54.755951157573236,0.25417458254174585,0.9561805724189487,False
KET_vs_SAL,wdeg,Ventral posterolateral nucleus of the thalamus,718,-38.512512922357246,0.39466053394660533,0.9947519136975193,False
KET_vs_SAL,wdeg,Dentate gyrus,726,-11.116887292104622,0.7648235176482352,0.9947519136975193,False
KET_vs_SAL,wdeg,Orbital area medial part,731,35.432131944418245,0.5156484351564844,0.9947519136975193,False
KET_vs_SAL,wdeg,Ventral posteromedial nucleus of the thalamus,733,-27.185305779428063,0.45835416458354167,0.9947519136975193,False
KET_vs_SAL,wdeg,Orbital area ventrolateral part,746,9.04341418303764,0.8286171382861713,0.9947519136975193,False
KET_vs_SAL,wdeg,Ventral tegmental area,749,-83.81209773522568,0.057894210578942104,0.9561805724189487,False
KET_vs_SAL,wdeg,Olfactory tubercle,754,35.67654339250731,0.2288771122887711,0.9561805724189487,False
KET_vs_SAL,wdeg,Ventral tegmental nucleus,757,-60.916563206360195,0.4540545945405459,0.9947519136975193,False
KET_vs_SAL,wdeg,Vascular organ of the lamina terminalis,763,-38.71810717574219,0.1110888911108889,0.9561805724189487,False
KET_vs_SAL,wdeg,Nucleus x,765,-65.4079563654359,0.028097190280971903,0.9561805724189487,False
KET_vs_SAL,wdeg,Hypoglossal nucleus,773,-50.22305085777779,0.17368263173682633,0.9561805724189487,False
KET_vs_SAL,wdeg,Posterior amygdalar nucleus,780,36.6457100476068,0.3124687531246875,0.9947519136975193,False
KET_vs_SAL,wdeg,Nucleus y,781,43.75870314335745,0.1665833416658334,0.9561805724189487,False
KET_vs_SAL,wdeg,Piriform-amygdalar area,788,-12.797467777819207,0.7796220377962204,0.9947519136975193,False
KET_vs_SAL,wdeg,Periaqueductal gray,795,-22.171416343920214,0.48665133486651335,0.9947519136975193,False
KET_vs_SAL,wdeg,Zona incerta,797,65.4590034486776,0.24617538246175383,0.9561805724189487,False
KET_vs_SAL,wdeg,Dorsal peduncular area,814,19.773323734784668,0.5737426257374263,0.9947519136975193,False
KET_vs_SAL,wdeg,Dorsomedial nucleus of the hypothalamus,830,1.5493570498625786,0.9987001299870013,1.0,False
KET_vs_SAL,wdeg,Dorsal motor nucleus of the vagus nerve,839,-34.99068975385302,0.31496850314968505,0.9947519136975193,False
KET_vs_SAL,wdeg,Parasubiculum,843,1.8892878609292154,0.9563043695630437,0.997659974262314,False
KET_vs_SAL,wdeg,Dentate nucleus,846,63.2380820226723,0.10188981101889812,0.9561805724189487,False
KET_vs_SAL,wdeg,Parvicellular reticular nucleus,852,-19.10676883010089,0.5096490350964904,0.9947519136975193,False
KET_vs_SAL,wdeg,Parasolitary nucleus,859,17.55074063501138,0.7944205579442056,0.9947519136975193,False
KET_vs_SAL,wdeg,Parabrachial nucleus,867,14.84077922001893,0.651034896510349,0.9947519136975193,False
KET_vs_SAL,wdeg,Dorsal nucleus raphe,872,83.36079856565244,0.021897810218978103,0.9561805724189487,False
KET_vs_SAL,wdeg,Parabigeminal nucleus,874,30.93129936407979,0.5625437456254374,0.9947519136975193,False
KET_vs_SAL,wdeg,Retrosplenial area dorsal part,879,61.20461384405678,0.3007699230076992,0.9947519136975193,False
KET_vs_SAL,wdeg,Dorsal tegmental nucleus,880,60.551998856830295,0.0212978702129787,0.9561805724189487,False
KET_vs_SAL,wdeg,Retrosplenial area ventral part,886,27.109847152056204,0.42955704429557046,0.9947519136975193,False
KET_vs_SAL,wdeg,Retrosplenial area lateral agranular part,894,28.179186392177087,0.6003399660033997,0.9947519136975193,False
KET_vs_SAL,wdeg,Ectorhinal area,895,11.96200061344257,0.7473252674732527,0.9947519136975193,False
KET_vs_SAL,wdeg,External cuneate nucleus,903,21.374549018632905,0.6562343765623437,0.9947519136975193,False
KET_vs_SAL,wdeg,Paracentral nucleus,907,-9.559825669420206,0.8745125487451255,0.9947519136975193,False
KET_vs_SAL,wdeg,Lingula (I),912,28.675552659408396,0.6254374562543745,0.9947519136975193,False
KET_vs_SAL,wdeg,Entorhinal area lateral part,918,10.953266711675013,0.6855314468553144,0.9947519136975193,False
KET_vs_SAL,wdeg,Central lobule,920,-5.851371559106184,0.9056094390560944,0.9947519136975193,False
KET_vs_SAL,wdeg,Perirhinal area,922,5.020081081045646,0.963003699630037,0.997659974262314,False
KET_vs_SAL,wdeg,Entorhinal area medial part dorsal zone,926,9.228015986036127,0.9037096290370963,0.9947519136975193,False
KET_vs_SAL,wdeg,Culmen,928,-0.3682010890336187,0.9691030896910309,0.997659974262314,False
KET_vs_SAL,wdeg,Parafascicular nucleus,930,7.81797479667415,0.8918108189181082,0.9947519136975193,False
KET_vs_SAL,wdeg,Pontine gray,931,14.565158592552933,0.7022297770222977,0.9947519136975193,False
KET_vs_SAL,wdeg,Declive (VI),936,-17.450939816387574,0.7409259074092591,0.9947519136975193,False
KET_vs_SAL,wdeg,Folium-tuber vermis (VII),944,38.703378539489634,0.22747725227477253,0.9561805724189487,False
KET_vs_SAL,wdeg,Posterior hypothalamic nucleus,946,21.939668485065425,0.44565543445655437,0.9947519136975193,False
KET_vs_SAL,wdeg,Pyramus (VIII),951,-59.438605420313195,0.28047195280471954,0.9921172061898288,False
KET_vs_SAL,wdeg,Uvula (IX),957,-5.7143143659536975,0.9133086691330867,0.9974845833389012,False
KET_vs_SAL,wdeg,Piriform area,961,-13.170672339556205,0.7175282471752825,0.9947519136975193,False
KET_vs_SAL,wdeg,Nodulus (X),968,-13.742441609069118,0.8122187781221878,0.9947519136975193,False
KET_vs_SAL,wdeg,Paragigantocellular reticular nucleus dorsal part,970,-23.54334685683648,0.6261373862613738,0.9947519136975193,False
KET_vs_SAL,wdeg,Prelimbic area,972,8.969214904082662,0.805919408059194,0.9947519136975193,False
KET_vs_SAL,wdeg,Edinger-Westphal nucleus,975,9.469774480305489,0.7353264673532647,0.9947519136975193,False
KET_vs_SAL,wdeg,Paragigantocellular reticular nucleus lateral part,978,-5.462484199512431,0.783021697830217,0.9947519136975193,False
KET_vs_SAL,wdeg,Dorsal premammillary nucleus,980,-57.68948871905744,0.3360663933606639,0.9947519136975193,False
KET_vs_SAL,wdeg,Fasciola cinerea,982,-13.885477458408104,0.7079292070792921,0.9947519136975193,False
KET_vs_SAL,wdeg,Primary motor area,985,2.709239642447983,0.9724027597240276,0.997659974262314,False
KET_vs_SAL,wdeg,Fastigial nucleus,989,-55.19058401484773,0.402959704029597,0.9947519136975193,False
KET_vs_SAL,wdeg,Secondary motor area,993,-47.969206971965946,0.15608439156084392,0.9561805724189487,False
KET_vs_SAL,wdeg,Fundus of striatum,998,-59.41939267626975,0.36226377362263773,0.9947519136975193,False
KET_vs_SAL,wdeg,Primary auditory area,1002,5.267815071581509,0.9271072892710729,0.997659974262314,False
KET_vs_SAL,wdeg,Ventral premammillary nucleus,1004,-44.0023635740357,0.3524647535246475,0.9947519136975193,False
KET_vs_SAL,wdeg,Simple lobule,1007,-79.71914278278996,0.24067593240675933,0.9561805724189487,False
KET_vs_SAL,wdeg,fiber tracts,1009,10.441720705600119,0.7481251874812519,0.9947519136975193,False
KET_vs_SAL,wdeg,Dorsal auditory area,1011,59.50005797877023,0.41625837416258377,0.9947519136975193,False
KET_vs_SAL,wdeg,Ansiform lobule,1017,-87.70436265631983,0.0751924807519248,0.9561805724189487,False
KET_vs_SAL,wdeg,Ventral auditory area,1018,54.24466993018551,0.42045795420457954,0.9947519136975193,False
KET_vs_SAL,wdeg,Posterior complex of the thalamus,1020,84.33879267878321,0.13558644135586442,0.9561805724189487,False
KET_vs_SAL,wdeg,Paramedian lobule,1025,-45.228431644960125,0.5205479452054794,0.9947519136975193,False
KET_vs_SAL,wdeg,Posterior auditory area,1027,3.7550953528314324,0.8027197280271973,0.9947519136975193,False
KET_vs_SAL,wdeg,Posterior limiting nucleus of the thalamus,1029,-43.87958125601911,0.38946105389461055,0.9947519136975193,False
KET_vs_SAL,wdeg,Copula pyramidis,1033,-35.82499200613263,0.42505749425057493,0.9947519136975193,False
KET_vs_SAL,wdeg,Postsubiculum,1037,-42.66952145545588,0.48025197480251974,0.9947519136975193,False
KET_vs_SAL,wdeg,Paraflocculus,1041,-96.56266724054043,0.1110888911108889,0.9561805724189487,False
KET_vs_SAL,wdeg,Flocculus,1049,-15.191269454272913,0.8054194580541946,0.9947519136975193,False
KET_vs_SAL,wdeg,Gustatory areas,1057,-12.837680983662551,0.7766223377662234,0.9947519136975193,False
KET_vs_SAL,wdeg,Parapyramidal nucleus,1069,0.4972552079544812,0.9945005499450055,1.0,False
KET_vs_SAL,wdeg,Presubiculum,1084,47.453451670695486,0.3477652234776522,0.9947519136975193,False
KET_vs_SAL,wdeg,Medullary reticular nucleus dorsal part,1098,-22.19390555436999,0.6635336466353364,0.9947519136975193,False
KET_vs_SAL,wdeg,Intercalated amygdalar nucleus,1105,-69.92680324517991,0.21687831216878312,0.9561805724189487,False
KET_vs_SAL,wdeg,Medullary reticular nucleus ventral part,1107,-32.48734241971454,0.22417758224177584,0.9561805724189487,False
KET_vs_SAL,wdeg,Parastrial nucleus,1109,-54.62758600588663,0.1633836616338366,0.9561805724189487,False
KET_vs_SAL,wdeg,Interanteromedial nucleus of the thalamus,1120,42.27700516480621,0.1503849615038496,0.9561805724189487,False
KET_vs_SAL,wdeg,Tuberomammillary nucleus dorsal part,1126,-26.854279450214534,0.44625537446255376,0.9947519136975193,False
KET_vs_SAL,wdeg,Median eminence,10671,-26.418616185857132,0.46205379462053797,0.9947519136975193,False
KET_vs_SAL,closeness,Tuberomammillary nucleus ventral part,1,5.430534651090586,0.7476252374762524,0.9794020597940206,False
KET_vs_SAL,closeness,Inferior colliculus,4,6.960209615133699,0.5994400559944005,0.9732040309482567,False
KET_vs_SAL,closeness,Principal sensory nucleus of the trigeminal,7,17.911179596325002,0.27177282271772824,0.9032072402515845,False
KET_vs_SAL,closeness,Interfascicular nucleus raphe,12,12.685688541418415,0.23917608239176083,0.9032072402515845,False
KET_vs_SAL,closeness,Induseum griseum,19,10.132555399517084,0.3207679232076792,0.9032072402515845,False
KET_vs_SAL,closeness,Anterior amygdalar area,23,20.273163355934276,0.004199580041995801,0.49765023497650235,False
KET_vs_SAL,closeness,Intergeniculate leaflet of the lateral geniculate complex,27,18.515445894782452,0.15348465153484653,0.9032072402515845,False
KET_vs_SAL,closeness,Periventricular hypothalamic nucleus anterior part,30,3.7522231428527704,0.7205279472052795,0.9794020597940206,False
KET_vs_SAL,closeness,Paraventricular hypothalamic nucleus,38,5.513596702283962,0.6555344465553444,0.9794020597940206,False
KET_vs_SAL,closeness,Anterior cingulate area dorsal part,39,3.5093905676232247,0.8009199080091991,0.9794020597940206,False
KET_vs_SAL,closeness,Infralimbic area,44,6.86162393267205,0.6052394760523948,0.9732040309482567,False
KET_vs_SAL,closeness,Anterior cingulate area ventral part,48,1.5886564640618133,0.8889111088891111,0.9794020597940206,False
KET_vs_SAL,closeness,Nucleus accumbens,56,4.411215754943843,0.6305369463053695,0.9746605984562833,False
KET_vs_SAL,closeness,Paraventricular hypothalamic nucleus descending division,63,2.471111444486521,0.8432156784321568,0.9794020597940206,False
KET_vs_SAL,closeness,Lateral terminal nucleus of the accessory optic tract,66,18.97792082372553,0.0627937206279372,0.9032072402515845,False
KET_vs_SAL,closeness,Anterodorsal preoptic nucleus,72,10.091197860054567,0.32656734326567344,0.9032072402515845,False
KET_vs_SAL,closeness,Dorsal terminal nucleus of the accessory optic tract,75,14.527591017545637,0.12488751124887511,0.9032072402515845,False
KET_vs_SAL,closeness,Inferior olivary complex,83,15.582285466745287,0.1468853114688531,0.9032072402515845,False
KET_vs_SAL,closeness,Anterior hypothalamic nucleus,88,16.238926098892932,0.11758824117588242,0.9032072402515845,False
KET_vs_SAL,closeness,Interposed nucleus,91,15.401239900466837,0.1391860813918608,0.9032072402515845,False
KET_vs_SAL,closeness,Dorsal cochlear nucleus,96,5.131449614992416,0.6034396560343965,0.9732040309482567,False
KET_vs_SAL,closeness,Interpeduncular nucleus,100,4.2285324785478196,0.8720127987201279,0.9794020597940206,False
KET_vs_SAL,closeness,Ventral cochlear nucleus,101,7.379447644993032,0.48775122487751227,0.9097668358164184,False
KET_vs_SAL,closeness,Agranular insular area dorsal part,104,5.031156166010245,0.7181281871812819,0.9794020597940206,False
KET_vs_SAL,closeness,Inferior salivatory nucleus,106,6.687548402104191,0.5849415058494151,0.9732040309482567,False
KET_vs_SAL,closeness,Agranular insular area posterior part,111,11.269533527433888,0.4390560943905609,0.9032072402515845,False
KET_vs_SAL,closeness,Trochlear nucleus,115,-4.777238920813199,0.3311668833116688,0.9032072402515845,False
KET_vs_SAL,closeness,Periventricular hypothalamic nucleus intermediate part,118,15.219230415288159,0.16228377162283772,0.9032072402515845,False
KET_vs_SAL,closeness,Agranular insular area ventral part,119,2.2010278016127742,0.919008099190081,0.9794020597940206,False
KET_vs_SAL,closeness,Periventricular hypothalamic nucleus posterior part,126,5.850407274739787,0.7239276072392761,0.9794020597940206,False
KET_vs_SAL,closeness,Anteromedial nucleus,127,7.270477949608679,0.5825417458254175,0.9732040309482567,False
KET_vs_SAL,closeness,Midbrain reticular nucleus,128,-1.1025607642265314,0.9171082891710829,0.9794020597940206,False
KET_vs_SAL,closeness,Nucleus ambiguus,135,14.218335784894474,0.09399060093990601,0.9032072402515845,False
KET_vs_SAL,closeness,Intermediate reticular nucleus,136,8.481366561920773,0.406959304069593,0.9032072402515845,False
KET_vs_SAL,closeness,Pontine reticular nucleus,146,3.5646281046419652,0.8816118388161184,0.9794020597940206,False
KET_vs_SAL,closeness,Locus ceruleus,147,2.7039661349817514,0.7008299170082992,0.9794020597940206,False
KET_vs_SAL,closeness,Paraventricular nucleus of the thalamus,149,-0.7400102540171503,0.9652034796520348,0.9794020597940206,False
KET_vs_SAL,closeness,Accessory olfactory bulb,151,4.165301273332599,0.7501249875012499,0.9794020597940206,False
KET_vs_SAL,closeness,Lateral dorsal nucleus of thalamus,155,6.156016202759648,0.6125387461253875,0.9743065961860191,False
KET_vs_SAL,closeness,Anterior olfactory nucleus,159,-1.6428704550250046,0.8812118788121188,0.9794020597940206,False
KET_vs_SAL,closeness,Nucleus prepositus,169,-8.784364254635795,0.30646935306469353,0.9032072402515845,False
KET_vs_SAL,closeness,Dorsal part of the lateral geniculate complex,170,-8.148843506898162,0.33696630336966304,0.9032072402515845,False
KET_vs_SAL,closeness,Retrochiasmatic area,173,14.138554850156556,0.17488251174882513,0.9032072402515845,False
KET_vs_SAL,closeness,Nucleus of Roller,177,12.950710823898905,0.2582741725827417,0.9032072402515845,False
KET_vs_SAL,closeness,Ventral part of the lateral geniculate complex,178,-2.724639138521052,0.732026797320268,0.9794020597940206,False
KET_vs_SAL,closeness,Nucleus of reuniens,181,-8.750682342120887,0.33656634336566343,0.9032072402515845,False
KET_vs_SAL,closeness,Frontal pole cerebral cortex,184,4.422365030258909,0.43325667433256676,0.9032072402515845,False
KET_vs_SAL,closeness,Lateral habenula,186,10.150671310163819,0.10748925107489252,0.9032072402515845,False
KET_vs_SAL,closeness,Rhomboid nucleus,189,0.7612741160284031,0.9504049595040496,0.9794020597940206,False
KET_vs_SAL,closeness,Lateral hypothalamic area,194,0.5927134968150121,0.9209079092090791,0.9794020597940206,False
KET_vs_SAL,closeness,Rostral linear nucleus raphe,197,-10.74982556075196,0.19208079192080793,0.9032072402515845,False
KET_vs_SAL,closeness,Medial vestibular nucleus,202,9.535235556834856,0.32566743325667435,0.9032072402515845,False
KET_vs_SAL,closeness,Linear nucleus of the medulla,203,6.807940815880258,0.4607539246075392,0.9032072402515845,False
KET_vs_SAL,closeness,Nucleus raphe magnus,206,3.14438190100298,0.8007199280071993,0.9794020597940206,False
KET_vs_SAL,closeness,Area postrema,207,-5.302602375303833,0.7336266373362663,0.9794020597940206,False
KET_vs_SAL,closeness,Lateral vestibular nucleus,209,2.359709715898827,0.8776122387761224,0.9794020597940206,False
KET_vs_SAL,closeness,Lateral mammillary nucleus,210,1.471013795533576,0.8738126187381262,0.9794020597940206,False
KET_vs_SAL,closeness,Red nucleus,214,6.207872642996946,0.1952804719528047,0.9032072402515845,False
KET_vs_SAL,closeness,Anterior pretectal nucleus,215,-1.486957951871954,0.8594140585941406,0.9794020597940206,False
KET_vs_SAL,closeness,Superior vestibular nucleus,217,-10.296736123552858,0.16078392160783922,0.9032072402515845,False
KET_vs_SAL,closeness,Lateral posterior nucleus of the thalamus,218,-5.77065322382116,0.45865413458654136,0.9032072402515845,False
KET_vs_SAL,closeness,Lateral preoptic area,226,19.02062206685133,0.09059094090590941,0.9032072402515845,False
KET_vs_SAL,closeness,Nucleus raphe pallidus,230,18.765351040436606,0.061993800619938005,0.9032072402515845,False
KET_vs_SAL,closeness,Anterior tegmental nucleus,231,6.313345195952133,0.7122287771222878,0.9794020597940206,False
KET_vs_SAL,closeness,Lateral reticular nucleus,235,10.804095913539573,0.28377162283771623,0.9032072402515845,False
KET_vs_SAL,closeness,Nucleus raphe pontis,238,18.06867347211164,0.09919008099190081,0.9032072402515845,False
KET_vs_SAL,closeness,Midbrain reticular nucleus retrorubral area,246,12.795481910899587,0.12718728127187282,0.9032072402515845,False
KET_vs_SAL,closeness,Lateral septal nucleus caudal (caudodorsal) part,250,-6.228470648364993,0.5909409059094091,0.9732040309482567,False
KET_vs_SAL,closeness,Lateral septal nucleus rostral (rostroventral) part,258,13.159424408995692,0.33526647335266474,0.9032072402515845,False
KET_vs_SAL,closeness,Reticular nucleus of the thalamus,262,14.772999752415643,0.08799120087991201,0.9032072402515845,False
KET_vs_SAL,closeness,Anteroventral preoptic nucleus,263,-2.1268489040782885,0.4236576342365763,0.9032072402515845,False
KET_vs_SAL,closeness,Anteroventral periventricular nucleus,272,6.956035041346978,0.45665433456654336,0.9032072402515845,False
KET_vs_SAL,closeness,Barrington's nucleus,280,13.477385244187726,0.20617938206179381,0.9032072402515845,False
KET_vs_SAL,closeness,Suprachiasmatic nucleus,286,16.18675835490646,0.23057694230576942,0.9032072402515845,False
KET_vs_SAL,closeness,Bed nucleus of the anterior commissure,287,9.73388372386508,0.20007999200079993,0.9032072402515845,False
KET_vs_SAL,closeness,Bed nucleus of the accessory olfactory tract,292,14.36583177735454,0.06009399060093991,0.9032072402515845,False
KET_vs_SAL,closeness,Superior colliculus motor related,294,3.882415956903472,0.8977102289771023,0.9794020597940206,False
KET_vs_SAL,closeness,Basolateral amygdalar nucleus,295,8.330747826440163,0.44215578442155784,0.9032072402515845,False
KET_vs_SAL,closeness,Magnocellular nucleus,298,14.827037552270546,0.05629437056294371,0.9032072402515845,False
KET_vs_SAL,closeness,Superior colliculus sensory related,302,8.094963601147171,0.41505849415058493,0.9032072402515845,False
KET_vs_SAL,closeness,Basomedial amygdalar nucleus,319,19.50206495700118,0.0014998500149985001,0.3554644535546445,False
KET_vs_SAL,closeness,Suprageniculate nucleus,325,16.66258088994314,0.0331966803319668,0.9032072402515845,False
KET_vs_SAL,closeness,Primary somatosensory area barrel field,329,10.381705945076604,0.34456554344565543,0.9032072402515845,False
KET_vs_SAL,closeness,Accessory supraoptic group,332,9.308060111450224,0.11878812118788121,0.9032072402515845,False
KET_vs_SAL,closeness,Septohippocampal nucleus,333,8.021486610562754,0.2736726327367263,0.9032072402515845,False
KET_vs_SAL,closeness,Primary somatosensory area lower limb,337,8.172050325981363,0.4647535246475352,0.9032072402515845,False
KET_vs_SAL,closeness,Subfornical organ,338,4.269278326732,0.6594340565943405,0.9794020597940206,False
KET_vs_SAL,closeness,Primary somatosensory area mouth,345,7.079300575405512,0.6014398560143985,0.9732040309482567,False
KET_vs_SAL,closeness,Subparaventricular zone,347,0.6394424979764146,0.9037096290370963,0.9794020597940206,False
KET_vs_SAL,closeness,Subceruleus nucleus,350,6.0820216473128745,0.5505449455054494,0.9732040309482567,False
KET_vs_SAL,closeness,Bed nuclei of the stria terminalis,351,6.183576628907595,0.7001299870012999,0.9794020597940206,False
KET_vs_SAL,closeness,Primary somatosensory area nose,353,0.8548994703117572,0.9639036096390361,0.9794020597940206,False
KET_vs_SAL,closeness,Preparasubthalamic nucleus,356,-3.9998405218358215,0.5878412158784122,0.9732040309482567,False
KET_vs_SAL,closeness,Sublaterodorsal nucleus,358,-3.6731162852458557,0.7725227477252274,0.9794020597940206,False
KET_vs_SAL,closeness,Primary somatosensory area trunk,361,12.45058205020927,0.09019098090190981,0.9032072402515845,False
KET_vs_SAL,closeness,Mediodorsal nucleus of thalamus,362,6.378749218425,0.4664533546645335,0.9032072402515845,False
KET_vs_SAL,closeness,Parasubthalamic nucleus,364,7.030519395699859,0.4383561643835616,0.9032072402515845,False
KET_vs_SAL,closeness,Submedial nucleus of the thalamus,366,-15.777484573379482,0.0852914708529147,0.9032072402515845,False
KET_vs_SAL,closeness,Primary somatosensory area upper limb,369,10.736736321700628,0.25277472252774724,0.9032072402515845,False
KET_vs_SAL,closeness,Infracerebellar nucleus,372,-5.307753529729792,0.4423557644235576,0.9032072402515845,False
KET_vs_SAL,closeness,Substantia nigra compact part,374,0.10575115473362473,0.9749025097490251,0.9794020597940206,False
KET_vs_SAL,closeness,Supplemental somatosensory area,378,2.033260711031822,0.9096090390960904,0.9794020597940206,False
KET_vs_SAL,closeness,Field CA1,382,-4.325528690785508,0.6262373762623737,0.9746605984562833,False
KET_vs_SAL,closeness,Primary visual area,385,6.926959475513005,0.6052394760523948,0.9732040309482567,False
KET_vs_SAL,closeness,Supraoptic nucleus,390,13.500601287123313,0.134986501349865,0.9032072402515845,False
KET_vs_SAL,closeness,Anteromedial visual area,394,6.40493323252781,0.633036696330367,0.9746605984562833,False
KET_vs_SAL,closeness,Medullary reticular nucleus,395,-10.59379991510526,0.30616938306169383,0.9032072402515845,False
KET_vs_SAL,closeness,Superior olivary complex,398,4.869968874115916,0.7504249575042495,0.9794020597940206,False
KET_vs_SAL,closeness,Anterolateral visual area,402,15.769372583231503,0.15248475152484753,0.9032072402515845,False
KET_vs_SAL,closeness,Medial amygdalar nucleus,403,-0.528266801331462,0.9694030596940306,0.9794020597940206,False
KET_vs_SAL,closeness,Lateral visual area,409,7.279413814555415,0.4654534546545345,0.9032072402515845,False
KET_vs_SAL,closeness,Field CA2,423,4.940108104449628,0.7878212178782121,0.9794020597940206,False
KET_vs_SAL,closeness,Posterolateral visual area,425,7.506823560619729,0.5844415558444156,0.9732040309482567,False
KET_vs_SAL,closeness,Spinal nucleus of the trigeminal oral part,445,10.848542390890312,0.34496550344965504,0.9032072402515845,False
KET_vs_SAL,closeness,Field CA3,463,2.100332865715611,0.6597340265973403,0.9794020597940206,False
KET_vs_SAL,closeness,Medial geniculate complex,475,2.6042152689848947,0.803919608039196,0.9794020597940206,False
KET_vs_SAL,closeness,Medial mammillary nucleus,491,17.820348221765478,0.18048195180481952,0.9032072402515845,False
KET_vs_SAL,closeness,Subiculum,502,8.345897040083093,0.28577142285771423,0.9032072402515845,False
KET_vs_SAL,closeness,Main olfactory bulb,507,6.394278615495004,0.46395360463953605,0.9032072402515845,False
KET_vs_SAL,closeness,Medial preoptic nucleus,515,1.563979033617592,0.7704229577042295,0.9794020597940206,False
KET_vs_SAL,closeness,Medial preoptic area,523,2.37166541676271,0.8600139986001399,0.9794020597940206,False
KET_vs_SAL,closeness,Medial pretectal area,531,-4.711210740268207,0.7976202379762024,0.9794020597940206,False
KET_vs_SAL,closeness,posteromedial visual area,533,3.706916439073474,0.8107189281071893,0.9794020597940206,False
KET_vs_SAL,closeness,Central amygdalar nucleus,536,1.3781063878806386,0.955004499550045,0.9794020597940206,False
KET_vs_SAL,closeness,Temporal association areas,541,12.188676095065174,0.2843715628437156,0.9032072402515845,False
KET_vs_SAL,closeness,Medial septal nucleus,564,0.5669722980796728,0.9455054494550545,0.9794020597940206,False
KET_vs_SAL,closeness,Postpiriform transition area,566,0.7836200080035667,0.891010898910109,0.9794020597940206,False
KET_vs_SAL,closeness,Tegmental reticular nucleus,574,13.348053984086627,0.28677132286771323,0.9032072402515845,False
KET_vs_SAL,closeness,Central lateral nucleus of the thalamus,575,11.246378909109541,0.40935906409359063,0.9032072402515845,False
KET_vs_SAL,closeness,Accessory facial motor nucleus,576,9.787570544819534,0.38066193380661933,0.9032072402515845,False
KET_vs_SAL,closeness,Taenia tecta,589,7.187384447268531,0.45725427457254275,0.9032072402515845,False
KET_vs_SAL,closeness,Central linear nucleus raphe,591,-0.48893166815068945,0.8652134786521348,0.9794020597940206,False
KET_vs_SAL,closeness,Diagonal band nucleus,596,13.161513570527369,0.40985901409859016,0.9032072402515845,False
KET_vs_SAL,closeness,Central medial nucleus of the thalamus,599,0.38609256459985986,0.9776022397760225,0.9794020597940206,False
KET_vs_SAL,closeness,Subparafascicular area,609,9.377031062595934,0.3808619138086191,0.9032072402515845,False
KET_vs_SAL,closeness,Nucleus of the lateral lemniscus,612,7.663705769226873,0.5357464253574643,0.9619083546190836,False
KET_vs_SAL,closeness,Tuberal nucleus,614,-6.722470592076723,0.5940405959404059,0.9732040309482567,False
KET_vs_SAL,closeness,Cuneiform nucleus,616,0.8346547503575277,0.9794020597940206,0.9794020597940206,False
KET_vs_SAL,closeness,Nucleus of the lateral olfactory tract,619,0.12507023302452502,0.9505049495050495,0.9794020597940206,False
KET_vs_SAL,closeness,Motor nucleus of trigeminal,621,10.218438952314623,0.40075992400759924,0.9032072402515845,False
KET_vs_SAL,closeness,Cortical amygdalar area anterior part,639,4.07724141153486,0.8054194580541946,0.9794020597940206,False
KET_vs_SAL,closeness,Nucleus of the trapezoid body,642,-3.6209908595010702,0.774022597740226,0.9794020597940206,False
KET_vs_SAL,closeness,Cortical amygdalar area posterior part,647,11.932288959992144,0.26817318268173185,0.9032072402515845,False
KET_vs_SAL,closeness,Nucleus of the solitary tract,651,3.966364085754062,0.805919408059194,0.9794020597940206,False
KET_vs_SAL,closeness,Abducens nucleus,653,-9.521317783511982,0.44635536446355367,0.9032072402515845,False
KET_vs_SAL,closeness,Facial motor nucleus,661,-13.680763514588904,0.11858814118588142,0.9032072402515845,False
KET_vs_SAL,closeness,Caudoputamen,672,12.987020127398598,0.15128487151284872,0.9032072402515845,False
KET_vs_SAL,closeness,Visceral area,677,4.30671891633822,0.7728227177282272,0.9794020597940206,False
KET_vs_SAL,closeness,Superior central nucleus raphe,679,20.546480614148898,0.010998900109989001,0.8689131086891311,False
KET_vs_SAL,closeness,Ventral medial nucleus of the thalamus,685,-2.353341770029683,0.8303169683031697,0.9794020597940206,False
KET_vs_SAL,closeness,Ventrolateral preoptic nucleus,689,-12.094293098858056,0.05169483051694831,0.9032072402515845,False
KET_vs_SAL,closeness,Ventromedial hypothalamic nucleus,693,11.475372758795544,0.2652734726527347,0.9032072402515845,False
KET_vs_SAL,closeness,Olivary pretectal nucleus,706,-10.66282701682505,0.33436656334366566,0.9032072402515845,False
KET_vs_SAL,closeness,Cuneate nucleus,711,-7.0920811710949,0.42755724427557246,0.9032072402515845,False
KET_vs_SAL,closeness,Ventral posterolateral nucleus of the thalamus,718,-7.661715624218068,0.49135086491350866,0.9097668358164184,False
KET_vs_SAL,closeness,Dentate gyrus,726,-1.2880048008910485,0.8732126787321268,0.9794020597940206,False
KET_vs_SAL,closeness,Orbital area medial part,731,10.519248244146993,0.40345965403459655,0.9032072402515845,False
KET_vs_SAL,closeness,Ventral posteromedial nucleus of the thalamus,733,-0.6557279832520173,0.9054094590540946,0.9794020597940206,False
KET_vs_SAL,closeness,Orbital area ventrolateral part,746,3.98157381599988,0.5972402759724028,0.9732040309482567,False
KET_vs_SAL,closeness,Ventral tegmental area,749,-14.913267982848913,0.0817918208179182,0.9032072402515845,False
KET_vs_SAL,closeness,Olfactory tubercle,754,16.06677902238397,0.032896710328967106,0.9032072402515845,False
KET_vs_SAL,closeness,Ventral tegmental nucleus,757,-10.237630064664575,0.41805819418058193,0.9032072402515845,False
KET_vs_SAL,closeness,Vascular organ of the lamina terminalis,763,-2.5557496880788158,0.6259374062593741,0.9746605984562833,False
KET_vs_SAL,closeness,Nucleus x,765,-12.675582136355015,0.024697530246975304,0.9032072402515845,False
KET_vs_SAL,closeness,Hypoglossal nucleus,773,-6.28835596854165,0.39136086391360864,0.9032072402515845,False
KET_vs_SAL,closeness,Posterior amygdalar nucleus,780,10.15176068355426,0.29077092290770923,0.9032072402515845,False
KET_vs_SAL,closeness,Nucleus y,781,0.37914910255424417,0.9129087091290871,0.9794020597940206,False
KET_vs_SAL,closeness,Piriform-amygdalar area,788,-2.139140192487279,0.9412058794120588,0.9794020597940206,False
KET_vs_SAL,closeness,Periaqueductal gray,795,-4.139588115611673,0.5306469353064693,0.9600253715086506,False
KET_vs_SAL,closeness,Zona incerta,797,18.682477966297533,0.14928507149285072,0.9032072402515845,False
KET_vs_SAL,closeness,Dorsal peduncular area,814,7.1519268203661746,0.6372362763723628,0.9746605984562833,False
KET_vs_SAL,closeness,Dorsomedial nucleus of the hypothalamus,830,8.162313565962421,0.46835316468353166,0.9032072402515845,False
KET_vs_SAL,closeness,Dorsal motor nucleus of the vagus nerve,839,-7.929725647229894,0.30056994300569945,0.9032072402515845,False
KET_vs_SAL,closeness,Parasubiculum,843,2.1886913016846634,0.8661133886611339,0.9794020597940206,False
KET_vs_SAL,closeness,Dentate nucleus,846,5.569754708021053,0.508049195080492,0.9287648158261098,False
KET_vs_SAL,closeness,Parvicellular reticular nucleus,852,-0.2848510677316476,0.9434056594340566,0.9794020597940206,False
KET_vs_SAL,closeness,Parasolitary nucleus,859,7.038039511304408,0.48755124487551244,0.9097668358164184,False
KET_vs_SAL,closeness,Parabrachial nucleus,867,6.096756240921817,0.6058394160583942,0.9732040309482567,False
KET_vs_SAL,closeness,Dorsal nucleus raphe,872,15.427000343179095,0.0861913808619138,0.9032072402515845,False
KET_vs_SAL,closeness,Parabigeminal nucleus,874,3.652278044633732,0.7477252274772522,0.9794020597940206,False
KET_vs_SAL,closeness,Retrosplenial area dorsal part,879,13.417942330993789,0.3645635436456354,0.9032072402515845,False
KET_vs_SAL,closeness,Dorsal tegmental nucleus,880,8.840942347706301,0.12188781121887811,0.9032072402515845,False
KET_vs_SAL,closeness,Retrosplenial area ventral part,886,13.633682933107394,0.19928007199280073,0.9032072402515845,False
KET_vs_SAL,closeness,Retrosplenial area lateral agranular part,894,9.603953231230001,0.3173682631736826,0.9032072402515845,False
KET_vs_SAL,closeness,Ectorhinal area,895,8.380659691118456,0.4687531246875312,0.9032072402515845,False
KET_vs_SAL,closeness,External cuneate nucleus,903,8.618826397789308,0.2666733326667333,0.9032072402515845,False
KET_vs_SAL,closeness,Paracentral nucleus,907,0.23259031936586894,0.9787021297870213,0.9794020597940206,False
KET_vs_SAL,closeness,Lingula (I),912,9.742274103815276,0.38436156384361564,0.9032072402515845,False
KET_vs_SAL,closeness,Entorhinal area lateral part,918,5.522890655825446,0.6374362563743625,0.9746605984562833,False
KET_vs_SAL,closeness,Central lobule,920,-0.4760750481090952,0.9233076692330767,0.9794020597940206,False
KET_vs_SAL,closeness,Perirhinal area,922,6.2898750489843565,0.46865313468653136,0.9032072402515845,False
KET_vs_SAL,closeness,Entorhinal area medial part dorsal zone,926,7.26965950919895,0.46415358464153583,0.9032072402515845,False
KET_vs_SAL,closeness,Culmen,928,2.282376237857939,0.7744225577442255,0.9794020597940206,False
KET_vs_SAL,closeness,Parafascicular nucleus,930,3.223272094377652,0.7482251774822518,0.9794020597940206,False
KET_vs_SAL,closeness,Pontine gray,931,3.539881085618635,0.7769223077692231,0.9794020597940206,False
KET_vs_SAL,closeness,Declive (VI),936,-2.394551366972511,0.8841115888411158,0.9794020597940206,False
KET_vs_SAL,closeness,Folium-tuber vermis (VII),944,8.697001546853274,0.17368263173682633,0.9032072402515845,False
KET_vs_SAL,closeness,Posterior hypothalamic nucleus,946,6.098285797338571,0.30586941305869414,0.9032072402515845,False
KET_vs_SAL,closeness,Pyramus (VIII),951,-6.875843439412689,0.42455754424557546,0.9032072402515845,False
KET_vs_SAL,closeness,Uvula (IX),957,0.18310718712037755,0.9204079592040796,0.9794020597940206,False
KET_vs_SAL,closeness,Piriform area,961,-2.606526793146177,0.795920407959204,0.9794020597940206,False
KET_vs_SAL,closeness,Nodulus (X),968,-3.3719979809920577,0.7572242775722428,0.9794020597940206,False
KET_vs_SAL,closeness,Paragigantocellular reticular nucleus dorsal part,970,-2.847449745272005,0.8282171782821718,0.9794020597940206,False
KET_vs_SAL,closeness,Prelimbic area,972,4.8175333627835,0.5764423557644236,0.9732040309482567,False
KET_vs_SAL,closeness,Edinger-Westphal nucleus,975,4.590992823088477,0.49035096490350966,0.9097668358164184,False
KET_vs_SAL,closeness,Paragigantocellular reticular nucleus lateral part,978,0.852201464691241,0.919008099190081,0.9794020597940206,False
KET_vs_SAL,closeness,Dorsal premammillary nucleus,980,-10.199490445989593,0.39606039396060394,0.9032072402515845,False
KET_vs_SAL,closeness,Fasciola cinerea,982,0.305422856110269,0.9732026797320268,0.9794020597940206,False
KET_vs_SAL,closeness,Primary motor area,985,2.5304809203336163,0.8895110488951105,0.9794020597940206,False
KET_vs_SAL,closeness,Fastigial nucleus,989,-2.7345538656287935,0.7684231576842315,0.9794020597940206,False
KET_vs_SAL,closeness,Secondary motor area,993,-13.83524395937124,0.12998700129987,0.9032072402515845,False
KET_vs_SAL,closeness,Fundus of striatum,998,-9.817016392308018,0.36126387361263873,0.9032072402515845,False
KET_vs_SAL,closeness,Primary auditory area,1002,7.528853417714831,0.46285371462853714,0.9032072402515845,False
KET_vs_SAL,closeness,Ventral premammillary nucleus,1004,-6.665653720941737,0.4246575342465753,0.9032072402515845,False
KET_vs_SAL,closeness,Simple lobule,1007,-14.665502692917865,0.2206779322067793,0.9032072402515845,False
KET_vs_SAL,closeness,fiber tracts,1009,5.400862880523405,0.6953304669533047,0.9794020597940206,False
KET_vs_SAL,closeness,Dorsal auditory area,1011,11.40333378128731,0.44585541445855414,0.9032072402515845,False
KET_vs_SAL,closeness,Ansiform lobule,1017,-13.408182193808353,0.25317468253174685,0.9032072402515845,False
KET_vs_SAL,closeness,Ventral auditory area,1018,12.866634740219114,0.31786821317868214,0.9032072402515845,False
KET_vs_SAL,closeness,Posterior complex of the thalamus,1020,16.02666979780539,0.17568243175682433,0.9032072402515845,False
KET_vs_SAL,closeness,Paramedian lobule,1025,-9.498124444744839,0.4293570642935706,0.9032072402515845,False
KET_vs_SAL,closeness,Posterior auditory area,1027,1.5245738732268386,0.8964103589641036,0.9794020597940206,False
KET_vs_SAL,closeness,Posterior limiting nucleus of the thalamus,1029,-6.819209474015199,0.5094490550944906,0.9287648158261098,False
KET_vs_SAL,closeness,Copula pyramidis,1033,-5.803372225723043,0.45035496450354967,0.9032072402515845,False
KET_vs_SAL,closeness,Postsubiculum,1037,-4.989155314542105,0.647035296470353,0.9794020597940206,False
KET_vs_SAL,closeness,Paraflocculus,1041,-15.449840979836496,0.1812818718128187,0.9032072402515845,False
KET_vs_SAL,closeness,Flocculus,1049,-4.405084112697324,0.6888311168883112,0.9794020597940206,False
KET_vs_SAL,closeness,Gustatory areas,1057,1.3878609074153303,0.9185081491850815,0.9794020597940206,False
KET_vs_SAL,closeness,Parapyramidal nucleus,1069,2.848217082634047,0.8066193380661933,0.9794020597940206,False
KET_vs_SAL,closeness,Presubiculum,1084,9.079786307604968,0.37796220377962203,0.9032072402515845,False
KET_vs_SAL,closeness,Medullary reticular nucleus dorsal part,1098,-4.8308871762000045,0.7156284371562843,0.9794020597940206,False
KET_vs_SAL,closeness,Intercalated amygdalar nucleus,1105,-7.079357272986687,0.48865113488651135,0.9097668358164184,False
KET_vs_SAL,closeness,Medullary reticular nucleus ventral part,1107,-10.54073860250823,0.30626937306269375,0.9032072402515845,False
KET_vs_SAL,closeness,Parastrial nucleus,1109,-12.318841916826825,0.22967703229677033,0.9032072402515845,False
KET_vs_SAL,closeness,Interanteromedial nucleus of the thalamus,1120,9.7626260436616,0.267973202679732,0.9032072402515845,False
KET_vs_SAL,closeness,Tuberomammillary nucleus dorsal part,1126,-5.100681851612078,0.2206779322067793,0.9032072402515845,False
KET_vs_SAL,closeness,Median eminence,10671,-6.3194777544479575,0.6077392260773923,0.9732040309482567,False
KET_vs_SAL,betweenness,Tuberomammillary nucleus ventral part,1,0.23278038225748288,0.14977004599080185,0.9580570372412004,False
KET_vs_SAL,betweenness,Inferior colliculus,4,-0.033465560764514964,0.7136572685462907,0.9580570372412004,False
KET_vs_SAL,betweenness,Principal sensory nucleus of the trigeminal,7,0.06393797331410025,0.4029194161167766,0.9580570372412004,False
KET_vs_SAL,betweenness,Interfascicular nucleus raphe,12,-0.11583122971511,0.28534293141371725,0.9580570372412004,False
KET_vs_SAL,betweenness,Induseum griseum,19,-0.06483952398124775,0.4807038592281544,0.9580570372412004,False
KET_vs_SAL,betweenness,Anterior amygdalar area,23,0.05207356653443923,0.6034793041391722,0.9580570372412004,False
KET_vs_SAL,betweenness,Intergeniculate leaflet of the lateral geniculate complex,27,0.0565452578434908,0.5466906618676265,0.9580570372412004,False
KET_vs_SAL,betweenness,Periventricular hypothalamic nucleus anterior part,30,-0.0573386224305806,0.5674865026994601,0.9580570372412004,False
KET_vs_SAL,betweenness,Paraventricular hypothalamic nucleus,38,0.16826541651640822,0.23735252949410118,0.9580570372412004,False
KET_vs_SAL,betweenness,Anterior cingulate area dorsal part,39,-0.048827984132708266,0.5698860227954409,0.9580570372412004,False
KET_vs_SAL,betweenness,Infralimbic area,44,0.009376126938333937,0.8294341131773645,0.9581127252810308,False
KET_vs_SAL,betweenness,Anterior cingulate area ventral part,48,0.18020194734944103,0.14257148570285944,0.9580570372412004,False
KET_vs_SAL,betweenness,Nucleus accumbens,56,0.10555355210962857,0.32313537292541494,0.9580570372412004,False
KET_vs_SAL,betweenness,Paraventricular hypothalamic nucleus descending division,63,-0.07356653443923548,0.2533493301339732,0.9580570372412004,False
KET_vs_SAL,betweenness,Lateral terminal nucleus of the accessory optic tract,66,0.05243418680129824,0.48730253949210156,0.9580570372412004,False
KET_vs_SAL,betweenness,Anterodorsal preoptic nucleus,72,0.05391272989542012,0.4497100579884023,0.9580570372412004,False
KET_vs_SAL,betweenness,Dorsal terminal nucleus of the accessory optic tract,75,-0.03526866209880995,0.46810637872425515,0.9580570372412004,False
KET_vs_SAL,betweenness,Inferior olivary complex,83,0.15683375405697803,0.3065386922615477,0.9580570372412004,False
KET_vs_SAL,betweenness,Anterior hypothalamic nucleus,88,0.19542012261089073,0.057588482303539294,0.9580570372412004,False
KET_vs_SAL,betweenness,Interposed nucleus,91,-0.02015867291741796,0.827634473105379,0.9581127252810308,False
KET_vs_SAL,betweenness,Dorsal cochlear nucleus,96,0.07818247385503069,0.4277144571085783,0.9580570372412004,False
KET_vs_SAL,betweenness,Interpeduncular nucleus,100,-0.031878831590335374,0.6890621875624875,0.9580570372412004,False
KET_vs_SAL,betweenness,Ventral cochlear nucleus,101,0.05048683736025965,0.34553089382123575,0.9580570372412004,False
KET_vs_SAL,betweenness,Agranular insular area dorsal part,104,0.15102776776054816,0.27174565086982605,0.9580570372412004,False
KET_vs_SAL,betweenness,Inferior salivatory nucleus,106,0.15167688424089434,0.17776444711057787,0.9580570372412004,False
KET_vs_SAL,betweenness,Agranular insular area posterior part,111,0.1720158672917418,0.19356128774245152,0.9580570372412004,False
KET_vs_SAL,betweenness,Trochlear nucleus,115,-0.0019834114677244868,0.9416116776644671,0.9814826508382534,False
KET_vs_SAL,betweenness,Periventricular hypothalamic nucleus intermediate part,118,0.056653443923548506,0.34013197360527897,0.9580570372412004,False
KET_vs_SAL,betweenness,Agranular insular area ventral part,119,-0.07587450414713308,0.4843031393721256,0.9580570372412004,False
KET_vs_SAL,betweenness,Periventricular hypothalamic nucleus posterior part,126,0.007140281283808149,0.9178164367126574,0.972775087839575,False
KET_vs_SAL,betweenness,Anteromedial nucleus,127,0.16083663901911288,0.2001599680063987,0.9580570372412004,False
KET_vs_SAL,betweenness,Midbrain reticular nucleus,128,-0.10346195456184637,0.3827234553089382,0.9580570372412004,False
KET_vs_SAL,betweenness,Nucleus ambiguus,135,0.06732780382257483,0.3509298140371926,0.9580570372412004,False
KET_vs_SAL,betweenness,Intermediate reticular nucleus,136,0.06754417598269022,0.5076984603079384,0.9580570372412004,False
KET_vs_SAL,betweenness,Pontine reticular nucleus,146,-0.042805625676163014,0.6236752649470106,0.9580570372412004,False
KET_vs_SAL,betweenness,Locus ceruleus,147,0.0565813198701767,0.5118976204759048,0.9580570372412004,False
KET_vs_SAL,betweenness,Paraventricular nucleus of the thalamus,149,-0.09213847818247385,0.24315136972605478,0.9580570372412004,False
KET_vs_SAL,betweenness,Accessory olfactory bulb,151,0.11399206635412912,0.42811437712457506,0.9580570372412004,False
KET_vs_SAL,betweenness,Lateral dorsal nucleus of thalamus,155,0.03797331410025244,0.5070985802839432,0.9580570372412004,False
KET_vs_SAL,betweenness,Anterior olfactory nucleus,159,-0.05178507032095203,0.5756848630273945,0.9580570372412004,False
KET_vs_SAL,betweenness,Nucleus prepositus,169,-0.028777497295348002,0.6572685462907418,0.9580570372412004,False
KET_vs_SAL,betweenness,Dorsal part of the lateral geniculate complex,170,-0.0072484673638658495,0.7770445910817837,0.9581127252810308,False
KET_vs_SAL,betweenness,Retrochiasmatic area,173,0.0020915975477821852,0.9442111577684463,0.9814826508382534,False
KET_vs_SAL,betweenness,Nucleus of Roller,177,0.09650198341146772,0.3085382923415317,0.9580570372412004,False
KET_vs_SAL,betweenness,Ventral part of the lateral geniculate complex,178,0.0142445005409304,0.7214557088582284,0.9580570372412004,False
KET_vs_SAL,betweenness,Nucleus of reuniens,181,0.0032455824017309787,0.9182163567286543,0.972775087839575,False
KET_vs_SAL,betweenness,Frontal pole cerebral cortex,184,-0.0023440317345834838,0.9094181163767247,0.972775087839575,False
KET_vs_SAL,betweenness,Lateral habenula,186,0.06671474936891454,0.2019596080783843,0.9580570372412004,False
KET_vs_SAL,betweenness,Rhomboid nucleus,189,-0.0988099531193653,0.3613277344531094,0.9580570372412004,False
KET_vs_SAL,betweenness,Lateral hypothalamic area,194,0.06235124413992067,0.4823035392921416,0.9580570372412004,False
KET_vs_SAL,betweenness,Rostral linear nucleus raphe,197,-0.07194374323837,0.14157168566286743,0.9580570372412004,False
KET_vs_SAL,betweenness,Medial vestibular nucleus,202,0.01842769563649477,0.5980803839232154,0.9580570372412004,False
KET_vs_SAL,betweenness,Linear nucleus of the medulla,203,-0.027118644067796606,0.6892621475704859,0.9580570372412004,False
KET_vs_SAL,betweenness,Nucleus raphe magnus,206,0.008005769924269743,0.9194161167766447,0.972775087839575,False
KET_vs_SAL,betweenness,Area postrema,207,-0.029390551749008297,0.556488702259548,0.9580570372412004,False
KET_vs_SAL,betweenness,Lateral vestibular nucleus,209,-0.025171294626758024,0.7036592681463707,0.9580570372412004,False
KET_vs_SAL,betweenness,Lateral mammillary nucleus,210,0.023584565452578435,0.8322335532893421,0.9581127252810308,False
KET_vs_SAL,betweenness,Red nucleus,214,0.02362062747926434,0.5756848630273945,0.9580570372412004,False
KET_vs_SAL,betweenness,Anterior pretectal nucleus,215,0.006491164803461955,0.7478504299140172,0.9580570372412004,False
KET_vs_SAL,betweenness,Superior vestibular nucleus,217,0.0017670393076090875,0.8928214357128574,0.972775087839575,False
KET_vs_SAL,betweenness,Lateral posterior nucleus of the thalamus,218,-0.07811034980165885,0.17416516696660667,0.9580570372412004,False
KET_vs_SAL,betweenness,Lateral preoptic area,226,0.17980526505589614,0.17816436712657469,0.9580570372412004,False
KET_vs_SAL,betweenness,Nucleus raphe pallidus,230,0.1870176703930761,0.24875024995001,0.9580570372412004,False
KET_vs_SAL,betweenness,Anterior tegmental nucleus,231,0.02596465921384782,0.4511097780443911,0.9580570372412004,False
KET_vs_SAL,betweenness,Lateral reticular nucleus,235,0.019978362783988457,0.7140571885622875,0.9580570372412004,False
KET_vs_SAL,betweenness,Nucleus raphe pontis,238,0.000649116480346195,1.0,1.0,False
KET_vs_SAL,betweenness,Midbrain reticular nucleus retrorubral area,246,0.023584565452578435,0.5822835432913417,0.9580570372412004,False
KET_vs_SAL,betweenness,Lateral septal nucleus caudal (caudodorsal) part,250,-0.10371438874864766,0.08498300339932013,0.9580570372412004,False
KET_vs_SAL,betweenness,Lateral septal nucleus rostral (rostroventral) part,258,0.029246303642264694,0.6596680663867227,0.9580570372412004,False
KET_vs_SAL,betweenness,Reticular nucleus of the thalamus,262,0.04157951676884241,0.20175964807038593,0.9580570372412004,False
KET_vs_SAL,betweenness,Anteroventral preoptic nucleus,263,-0.005084745762711865,0.7828434313137372,0.9581127252810308,False
KET_vs_SAL,betweenness,Anteroventral periventricular nucleus,272,0.071222502704652,0.28014397120575885,0.9580570372412004,False
KET_vs_SAL,betweenness,Barrington's nucleus,280,-0.025387666786873424,0.6916616676664668,0.9580570372412004,False
KET_vs_SAL,betweenness,Suprachiasmatic nucleus,286,0.0289217454020916,0.5150969806038792,0.9580570372412004,False
KET_vs_SAL,betweenness,Bed nucleus of the anterior commissure,287,0.054201226108907326,0.2829434113177364,0.9580570372412004,False
KET_vs_SAL,betweenness,Bed nucleus of the accessory olfactory tract,292,-0.01121529029931482,0.8022395520895821,0.9581127252810308,False
KET_vs_SAL,betweenness,Superior colliculus motor related,294,0.04388748647673999,0.46550689862027594,0.9580570372412004,False
KET_vs_SAL,betweenness,Basolateral amygdalar nucleus,295,-0.1016227912008655,0.3147370525894821,0.9580570372412004,False
KET_vs_SAL,betweenness,Magnocellular nucleus,298,-0.017922827262892176,0.6910617876424715,0.9580570372412004,False
KET_vs_SAL,betweenness,Superior colliculus sensory related,302,-0.04954922466642626,0.5356928614277144,0.9580570372412004,False
KET_vs_SAL,betweenness,Basomedial amygdalar nucleus,319,0.07857915614857555,0.26294741051789644,0.9580570372412004,False
KET_vs_SAL,betweenness,Suprageniculate nucleus,325,0.16007933645870898,0.1985602879424115,0.9580570372412004,False
KET_vs_SAL,betweenness,Primary somatosensory area barrel field,329,0.09801658853227553,0.38552289542091583,0.9580570372412004,False
KET_vs_SAL,betweenness,Accessory supraoptic group,332,0.334547421565092,0.029194161167766446,0.9580570372412004,False
KET_vs_SAL,betweenness,Septohippocampal nucleus,333,0.00010818608005769888,1.0,1.0,False
KET_vs_SAL,betweenness,Primary somatosensory area lower limb,337,0.026758023800937614,0.7794441111777645,0.9581127252810308,False
KET_vs_SAL,betweenness,Subfornical organ,338,-0.14020915975477824,0.20595880823835233,0.9580570372412004,False
KET_vs_SAL,betweenness,Primary somatosensory area mouth,345,0.14677244861161198,0.20795840831833634,0.9580570372412004,False
KET_vs_SAL,betweenness,Subparaventricular zone,347,-0.015073927154706093,0.5736852629474105,0.9580570372412004,False
KET_vs_SAL,betweenness,Subceruleus nucleus,350,-0.027082582041110713,0.7834433113377325,0.9581127252810308,False
KET_vs_SAL,betweenness,Bed nuclei of the stria terminalis,351,-0.0011539848539487904,1.0,1.0,False
KET_vs_SAL,betweenness,Primary somatosensory area nose,353,-0.246772448611612,0.08318336332733453,0.9580570372412004,False
KET_vs_SAL,betweenness,Preparasubthalamic nucleus,356,-0.05268662098809952,0.7738452309538092,0.9581127252810308,False
KET_vs_SAL,betweenness,Sublaterodorsal nucleus,358,0.012008654886404617,0.7340531893621276,0.9580570372412004,False
KET_vs_SAL,betweenness,Primary somatosensory area trunk,361,0.02719076812116841,0.34313137372525493,0.9580570372412004,False
KET_vs_SAL,betweenness,Mediodorsal nucleus of thalamus,362,0.017742517129462676,0.4563087382523495,0.9580570372412004,False
KET_vs_SAL,betweenness,Parasubthalamic nucleus,364,0.1703570140641904,0.17096580683863227,0.9580570372412004,False
KET_vs_SAL,betweenness,Submedial nucleus of the thalamus,366,-0.037432383699963934,0.4657068586282743,0.9580570372412004,False
KET_vs_SAL,betweenness,Primary somatosensory area upper limb,369,0.09156148575549947,0.250749850029994,0.9580570372412004,False
KET_vs_SAL,betweenness,Infracerebellar nucleus,372,-0.009484313018391635,0.7366526694661067,0.9580570372412004,False
KET_vs_SAL,betweenness,Substantia nigra compact part,374,-0.0023800937612693876,0.8000399920015997,0.9581127252810308,False
KET_vs_SAL,betweenness,Supplemental somatosensory area,378,0.008330328164442846,0.8920215956808638,0.972775087839575,False
KET_vs_SAL,betweenness,Field CA1,382,-0.009412188965019833,0.8130373925214956,0.9581127252810308,False
KET_vs_SAL,betweenness,Primary visual area,385,0.03663901911287414,0.6008798240351929,0.9580570372412004,False
KET_vs_SAL,betweenness,Supraoptic nucleus,390,-0.00854670032455824,0.7160567886422715,0.9580570372412004,False
KET_vs_SAL,betweenness,Anteromedial visual area,394,-0.0717994951316264,0.28114377124575085,0.9580570372412004,False
KET_vs_SAL,betweenness,Medullary reticular nucleus,395,-0.02210602235845654,0.4435112977404519,0.9580570372412004,False
KET_vs_SAL,betweenness,Superior olivary complex,398,-0.023404255319148932,0.6030793841231754,0.9580570372412004,False
KET_vs_SAL,betweenness,Anterolateral visual area,402,0.17042913811756222,0.08698260347930414,0.9580570372412004,False
KET_vs_SAL,betweenness,Medial amygdalar nucleus,403,-0.014100252434186805,0.8012397520495901,0.9581127252810308,False
KET_vs_SAL,betweenness,Lateral visual area,409,0.20923187883159033,0.18136372725454908,0.9580570372412004,False
KET_vs_SAL,betweenness,Field CA2,423,0.11676884240894339,0.34073185362927416,0.9580570372412004,False
KET_vs_SAL,betweenness,Posterolateral visual area,425,0.07991345113595384,0.4939012197560488,0.9580570372412004,False
KET_vs_SAL,betweenness,Spinal nucleus of the trigeminal oral part,445,-0.018788315903353767,0.7428514297140572,0.9580570372412004,False
KET_vs_SAL,betweenness,Field CA3,463,0.04132708258204111,0.42491501699660067,0.9580570372412004,False
KET_vs_SAL,betweenness,Medial geniculate complex,475,-0.04457266498377209,0.48890221955608876,0.9580570372412004,False
KET_vs_SAL,betweenness,Medial mammillary nucleus,491,0.023873061666065634,0.42551489702059586,0.9580570372412004,False
KET_vs_SAL,betweenness,Subiculum,502,0.00522899386945546,0.8498300339932013,0.9683159521941765,False
KET_vs_SAL,betweenness,Main olfactory bulb,507,0.009880995311936529,0.9162167566486703,0.972775087839575,False
KET_vs_SAL,betweenness,Medial preoptic nucleus,515,-0.020915975477821855,0.6480703859228154,0.9580570372412004,False
KET_vs_SAL,betweenness,Medial preoptic area,523,0.09448250991705734,0.47650469906018794,0.9580570372412004,False
KET_vs_SAL,betweenness,Medial pretectal area,531,-0.04085827623512441,0.7286542691461708,0.9580570372412004,False
KET_vs_SAL,betweenness,posteromedial visual area,533,-0.015362423368193295,0.7448510297940412,0.9580570372412004,False
KET_vs_SAL,betweenness,Central amygdalar nucleus,536,-0.10732059141723765,0.3127374525094981,0.9580570372412004,False
KET_vs_SAL,betweenness,Temporal association areas,541,-0.020447169130905152,0.6596680663867227,0.9580570372412004,False
KET_vs_SAL,betweenness,Medial septal nucleus,564,0.0436350522899387,0.644871025794841,0.9580570372412004,False
KET_vs_SAL,betweenness,Postpiriform transition area,566,-0.026433465560764507,0.6538692261547691,0.9580570372412004,False
KET_vs_SAL,betweenness,Tegmental reticular nucleus,574,0.012513523260007209,0.9138172365526894,0.972775087839575,False
KET_vs_SAL,betweenness,Central lateral nucleus of the thalamus,575,0.09109267940858277,0.4977004599080184,0.9580570372412004,False
KET_vs_SAL,betweenness,Accessory facial motor nucleus,576,-0.018247385503065268,0.8678264347130574,0.972775087839575,False
KET_vs_SAL,betweenness,Taenia tecta,589,-0.047169130905156856,0.3735252949410118,0.9580570372412004,False
KET_vs_SAL,betweenness,Central linear nucleus raphe,591,0.004940497655968265,0.8854229154169166,0.972775087839575,False
KET_vs_SAL,betweenness,Diagonal band nucleus,596,0.045438153624233674,0.3189362127574485,0.9580570372412004,False
KET_vs_SAL,betweenness,Central medial nucleus of the thalamus,599,-0.10205553552109628,0.33413317336532694,0.9580570372412004,False
KET_vs_SAL,betweenness,Subparafascicular area,609,-0.039920663541291035,0.7214557088582284,0.9580570372412004,False
KET_vs_SAL,betweenness,Nucleus of the lateral lemniscus,612,-0.02124053371799495,0.6560687862427514,0.9580570372412004,False
KET_vs_SAL,betweenness,Tuberal nucleus,614,-0.05239812477461233,0.5776844631073785,0.9580570372412004,False
KET_vs_SAL,betweenness,Cuneiform nucleus,616,-0.004507753335737469,0.908618276344731,0.972775087839575,False
KET_vs_SAL,betweenness,Nucleus of the lateral olfactory tract,619,-0.010854670032455823,0.7980403919216157,0.9581127252810308,False
KET_vs_SAL,betweenness,Motor nucleus of trigeminal,621,0.03797331410025243,0.4859028194361128,0.9580570372412004,False
KET_vs_SAL,betweenness,Cortical amygdalar area anterior part,639,-0.053696357735304734,0.789242151569686,0.9581127252810308,False
KET_vs_SAL,betweenness,Nucleus of the trapezoid body,642,-0.1871979805265056,0.08558288342331534,0.9580570372412004,False
KET_vs_SAL,betweenness,Cortical amygdalar area posterior part,647,0.08315903353768482,0.2463507298540292,0.9580570372412004,False
KET_vs_SAL,betweenness,Nucleus of the solitary tract,651,-0.006815723043635052,0.9238152369526095,0.9730853829234153,False
KET_vs_SAL,betweenness,Abducens nucleus,653,-0.04482509917057339,0.4983003399320136,0.9580570372412004,False
KET_vs_SAL,betweenness,Facial motor nucleus,661,-0.08856833754056978,0.14217156568686262,0.9580570372412004,False
KET_vs_SAL,betweenness,Caudoputamen,672,0.06346916696718356,0.16596680663867228,0.9580570372412004,False
KET_vs_SAL,betweenness,Visceral area,677,0.005048683736025966,0.9034193161367726,0.972775087839575,False
KET_vs_SAL,betweenness,Superior central nucleus raphe,679,0.004038946988820772,1.0,1.0,False
KET_vs_SAL,betweenness,Ventral medial nucleus of the thalamus,685,-0.12477461233321312,0.16976604679064186,0.9580570372412004,False
KET_vs_SAL,betweenness,Ventrolateral preoptic nucleus,689,0.03245582401730977,0.32113577284543093,0.9580570372412004,False
KET_vs_SAL,betweenness,Ventromedial hypothalamic nucleus,693,0.03094121889650198,0.5808838232353529,0.9580570372412004,False
KET_vs_SAL,betweenness,Olivary pretectal nucleus,706,0.006743598990263252,0.7438512297540492,0.9580570372412004,False
KET_vs_SAL,betweenness,Cuneate nucleus,711,0.011575910566173818,0.9158168366326734,0.972775087839575,False
KET_vs_SAL,betweenness,Ventral posterolateral nucleus of the thalamus,718,0.014208438514244501,0.5944811037792441,0.9580570372412004,False
KET_vs_SAL,betweenness,Dentate gyrus,726,-0.16501983411467724,0.1965606878624275,0.9580570372412004,False
KET_vs_SAL,betweenness,Orbital area medial part,731,0.05485034258925352,0.3713257348530294,0.9580570372412004,False
KET_vs_SAL,betweenness,Ventral posteromedial nucleus of the thalamus,733,0.03685539127298954,0.28274345130973805,0.9580570372412004,False
KET_vs_SAL,betweenness,Orbital area ventrolateral part,746,-0.02015867291741796,0.5650869826034793,0.9580570372412004,False
KET_vs_SAL,betweenness,Ventral tegmental area,749,-0.024954922466642625,0.6008798240351929,0.9580570372412004,False
KET_vs_SAL,betweenness,Olfactory tubercle,754,0.17800216372160116,0.16736652669466107,0.9580570372412004,False
KET_vs_SAL,betweenness,Ventral tegmental nucleus,757,-0.1136314460872701,0.22475504899020196,0.9580570372412004,False
KET_vs_SAL,betweenness,Vascular organ of the lamina terminalis,763,0.017670393076090876,0.6522695460907818,0.9580570372412004,False
KET_vs_SAL,betweenness,Nucleus x,765,-0.010710421925712225,0.6064787042591482,0.9580570372412004,False
KET_vs_SAL,betweenness,Hypoglossal nucleus,773,-0.010782545979084023,0.6266746650669867,0.9580570372412004,False
KET_vs_SAL,betweenness,Posterior amygdalar nucleus,780,-0.03407861521817526,0.37772445510897823,0.9580570372412004,False
KET_vs_SAL,betweenness,Nucleus y,781,-0.027912008654886404,0.41031793641271747,0.9580570372412004,False
KET_vs_SAL,betweenness,Piriform-amygdalar area,788,-0.08889289578074286,0.25674865026994603,0.9580570372412004,False
KET_vs_SAL,betweenness,Periaqueductal gray,795,-0.03508835196538045,0.7252549490101979,0.9580570372412004,False
KET_vs_SAL,betweenness,Zona incerta,797,0.16635412910205555,0.16676664667066587,0.9580570372412004,False
KET_vs_SAL,betweenness,Dorsal peduncular area,814,0.18535881716552471,0.22555488902219556,0.9580570372412004,False
KET_vs_SAL,betweenness,Dorsomedial nucleus of the hypothalamus,830,-0.018175261449693475,0.8260347930413917,0.9581127252810308,False
KET_vs_SAL,betweenness,Dorsal motor nucleus of the vagus nerve,839,-0.250703209520375,0.05838832233553289,0.9580570372412004,False
KET_vs_SAL,betweenness,Parasubiculum,843,-0.16018752253876667,0.11337732453509299,0.9580570372412004,False
KET_vs_SAL,betweenness,Dentate nucleus,846,-0.04042553191489361,0.29114177164567084,0.9580570372412004,False
KET_vs_SAL,betweenness,Parvicellular reticular nucleus,852,0.008222142084385143,0.9416116776644671,0.9814826508382534,False
KET_vs_SAL,betweenness,Parasolitary nucleus,859,-0.10768121168409665,0.17116576684663068,0.9580570372412004,False
KET_vs_SAL,betweenness,Parabrachial nucleus,867,0.019293184276956362,0.8004399120175965,0.9581127252810308,False
KET_vs_SAL,betweenness,Dorsal nucleus raphe,872,0.04208438514244501,0.3215356928614277,0.9580570372412004,False
KET_vs_SAL,betweenness,Parabigeminal nucleus,874,-0.003137396321673278,0.8778244351129774,0.972775087839575,False
KET_vs_SAL,betweenness,Retrosplenial area dorsal part,879,0.15719437432383698,0.08738252349530094,0.9580570372412004,False
KET_vs_SAL,betweenness,Dorsal tegmental nucleus,880,0.012297151099891815,0.7760447910417917,0.9581127252810308,False
KET_vs_SAL,betweenness,Retrosplenial area ventral part,886,0.1717634331049405,0.1975604879024195,0.9580570372412004,False
KET_vs_SAL,betweenness,Retrosplenial area lateral agranular part,894,0.04626758023800937,0.5210957808438312,0.9580570372412004,False
KET_vs_SAL,betweenness,Ectorhinal area,895,-0.020375045077533363,0.7162567486502699,0.9580570372412004,False
KET_vs_SAL,betweenness,External cuneate nucleus,903,0.016372160115398486,0.6546690661867627,0.9580570372412004,False
KET_vs_SAL,betweenness,Paracentral nucleus,907,-0.0007212405337179951,0.969006198760248,0.9939753428624619,False
KET_vs_SAL,betweenness,Lingula (I),912,0.13653083303281643,0.4091181763647271,0.9580570372412004,False
KET_vs_SAL,betweenness,Entorhinal area lateral part,918,0.07396321673278038,0.5484903019396121,0.9580570372412004,False
KET_vs_SAL,betweenness,Central lobule,920,-0.10836639019112874,0.3877224555088982,0.9580570372412004,False
KET_vs_SAL,betweenness,Perirhinal area,922,0.03465560764514966,0.7374525094981004,0.9580570372412004,False
KET_vs_SAL,betweenness,Entorhinal area medial part dorsal zone,926,0.07320591417237649,0.28274345130973805,0.9580570372412004,False
KET_vs_SAL,betweenness,Culmen,928,-0.23790119004688062,0.029194161167766446,0.9580570372412004,False
KET_vs_SAL,betweenness,Parafascicular nucleus,930,0.04825099170573386,0.6074785042991402,0.9580570372412004,False
KET_vs_SAL,betweenness,Pontine gray,931,-0.16022358456545258,0.12117576484703059,0.9580570372412004,False
KET_vs_SAL,betweenness,Declive (VI),936,0.011323476379372525,0.8368326334733054,0.9581127252810308,False
KET_vs_SAL,betweenness,Folium-tuber vermis (VII),944,0.0282005048683736,0.40371925614877024,0.9580570372412004,False
KET_vs_SAL,betweenness,Posterior hypothalamic nucleus,946,-0.011864406779661017,0.6324735052989402,0.9580570372412004,False
KET_vs_SAL,betweenness,Pyramus (VIII),951,-0.0004688063469166972,0.9706058788242351,0.9939753428624619,False
KET_vs_SAL,betweenness,Uvula (IX),957,-0.128416877028489,0.26494701059788045,0.9580570372412004,False
KET_vs_SAL,betweenness,Piriform area,961,-0.012585647313379016,0.9150169966006798,0.972775087839575,False
KET_vs_SAL,betweenness,Nodulus (X),968,-0.11269383339343672,0.23715256948610278,0.9580570372412004,False
KET_vs_SAL,betweenness,Paragigantocellular reticular nucleus dorsal part,970,0.009844933285250632,0.7934413117376524,0.9581127252810308,False
KET_vs_SAL,betweenness,Prelimbic area,972,-0.08824377930039667,0.27954409118176365,0.9580570372412004,False
KET_vs_SAL,betweenness,Edinger-Westphal nucleus,975,0.04990984493328525,0.3709258148370326,0.9580570372412004,False
KET_vs_SAL,betweenness,Paragigantocellular reticular nucleus lateral part,978,0.017706455102776776,0.6312737452509498,0.9580570372412004,False
KET_vs_SAL,betweenness,Dorsal premammillary nucleus,980,-0.2145690587811035,0.10757848430313938,0.9580570372412004,False
KET_vs_SAL,betweenness,Fasciola cinerea,982,0.034547421565091954,0.5038992201559688,0.9580570372412004,False
KET_vs_SAL,betweenness,Primary motor area,985,-0.22311575910566173,0.1315736852629474,0.9580570372412004,False
KET_vs_SAL,betweenness,Fastigial nucleus,989,0.013198701767039307,0.7126574685062987,0.9580570372412004,False
KET_vs_SAL,betweenness,Secondary motor area,993,-0.017778579156148576,0.8300339932013597,0.9581127252810308,False
KET_vs_SAL,betweenness,Fundus of striatum,998,-0.012152902993148215,0.6250749850029994,0.9580570372412004,False
KET_vs_SAL,betweenness,Primary auditory area,1002,0.06696718355571583,0.5132973405318936,0.9580570372412004,False
KET_vs_SAL,betweenness,Ventral premammillary nucleus,1004,-0.04731337901190047,0.2489502099580084,0.9580570372412004,False
KET_vs_SAL,betweenness,Simple lobule,1007,-0.21904075009015508,0.08638272345530894,0.9580570372412004,False
KET_vs_SAL,betweenness,fiber tracts,1009,0.1596105301117923,0.3437312537492502,0.9580570372412004,False
KET_vs_SAL,betweenness,Dorsal auditory area,1011,-0.06700324558240173,0.4563087382523495,0.9580570372412004,False
KET_vs_SAL,betweenness,Ansiform lobule,1017,-0.03479985575189326,0.489502099580084,0.9580570372412004,False
KET_vs_SAL,betweenness,Ventral auditory area,1018,-0.11803101334294987,0.14297140571885622,0.9580570372412004,False
KET_vs_SAL,betweenness,Posterior complex of the thalamus,1020,0.0019112874143526852,0.9726054789042191,0.9939753428624619,False
KET_vs_SAL,betweenness,Paramedian lobule,1025,-0.005769924269743973,0.8224355128974206,0.9581127252810308,False
KET_vs_SAL,betweenness,Posterior auditory area,1027,-0.14129102055535522,0.23015396920615877,0.9580570372412004,False
KET_vs_SAL,betweenness,Posterior limiting nucleus of the thalamus,1029,-0.027659574468085108,0.6356728654269146,0.9580570372412004,False
KET_vs_SAL,betweenness,Copula pyramidis,1033,-0.06538045438153624,0.08518296340731854,0.9580570372412004,False
KET_vs_SAL,betweenness,Postsubiculum,1037,-0.01298232960692391,0.6898620275944811,0.9580570372412004,False
KET_vs_SAL,betweenness,Paraflocculus,1041,-0.04511359538406059,0.7138572285542891,0.9580570372412004,False
KET_vs_SAL,betweenness,Flocculus,1049,0.0044356292823656725,0.9094181163767247,0.972775087839575,False
KET_vs_SAL,betweenness,Gustatory areas,1057,-0.004038946988820772,0.973005398920216,0.9939753428624619,False
KET_vs_SAL,betweenness,Parapyramidal nucleus,1069,0.17601875225387667,0.2735452909418116,0.9580570372412004,False
KET_vs_SAL,betweenness,Presubiculum,1084,0.05322755138838803,0.3163367326534693,0.9580570372412004,False
KET_vs_SAL,betweenness,Medullary reticular nucleus dorsal part,1098,-0.14413992066354128,0.05878824235152969,0.9580570372412004,False
KET_vs_SAL,betweenness,Intercalated amygdalar nucleus,1105,-0.00014424810674359793,1.0,1.0,False
KET_vs_SAL,betweenness,Medullary reticular nucleus ventral part,1107,-0.017345834835917777,0.4813037392521496,0.9580570372412004,False
KET_vs_SAL,betweenness,Parastrial nucleus,1109,-0.028236566895059503,0.40311937612477505,0.9580570372412004,False
KET_vs_SAL,betweenness,Interanteromedial nucleus of the thalamus,1120,-0.012657771366750812,0.7120575884823035,0.9580570372412004,False
KET_vs_SAL,betweenness,Tuberomammillary nucleus dorsal part,1126,-0.0055535521096285595,0.8346330733853229,0.9581127252810308,False
KET_vs_SAL,betweenness,Median eminence,10671,0.027912008654886404,0.6816636672665467,0.9580570372412004,False
PSI_vs_KET,wdeg,Tuberomammillary nucleus ventral part,1,-15.219141173708067,0.5954404559544045,0.9407133913474324,False
PSI_vs_KET,wdeg,Inferior colliculus,4,-15.580024565041697,0.5464453554644536,0.9407133913474324,False
PSI_vs_KET,wdeg,Principal sensory nucleus of the trigeminal,7,-37.538572461000825,0.37076292370762925,0.9407133913474324,False
PSI_vs_KET,wdeg,Interfascicular nucleus raphe,12,-15.18910523340719,0.5357464253574643,0.9407133913474324,False
PSI_vs_KET,wdeg,Induseum griseum,19,-14.14086041273697,0.5589441055894411,0.9407133913474324,False
PSI_vs_KET,wdeg,Anterior amygdalar area,23,-17.892443424032194,0.5337466253374663,0.9407133913474324,False
PSI_vs_KET,wdeg,Intergeniculate leaflet of the lateral geniculate complex,27,-12.713815529002716,0.5944405559444056,0.9407133913474324,False
PSI_vs_KET,wdeg,Periventricular hypothalamic nucleus anterior part,30,-14.042849450689829,0.5904409559044096,0.9407133913474324,False
PSI_vs_KET,wdeg,Paraventricular hypothalamic nucleus,38,-13.378040961650129,0.5991400859914009,0.9407133913474324,False
PSI_vs_KET,wdeg,Anterior cingulate area dorsal part,39,-2.360426588349668,0.973002699730027,1.0,False
PSI_vs_KET,wdeg,Infralimbic area,44,1.8640838537644413,0.8939106089391061,0.9993245958423026,False
PSI_vs_KET,wdeg,Anterior cingulate area ventral part,48,3.1606648488284463,0.9432056794320568,1.0,False
PSI_vs_KET,wdeg,Nucleus accumbens,56,16.290020988948356,0.6368363163683631,0.9407133913474324,False
PSI_vs_KET,wdeg,Paraventricular hypothalamic nucleus descending division,63,-68.08190752893333,0.17278272172782722,0.8783249334641005,False
PSI_vs_KET,wdeg,Lateral terminal nucleus of the accessory optic tract,66,-63.81619499443471,0.08339166083391661,0.8038236176382361,False
PSI_vs_KET,wdeg,Anterodorsal preoptic nucleus,72,-2.307108430044565,0.9133086691330867,1.0,False
PSI_vs_KET,wdeg,Dorsal terminal nucleus of the accessory optic tract,75,0.6399570065736668,0.9512048795120488,1.0,False
PSI_vs_KET,wdeg,Inferior olivary complex,83,-25.036975662877467,0.417958204179582,0.9407133913474324,False
PSI_vs_KET,wdeg,Anterior hypothalamic nucleus,88,-32.22629941175211,0.3481651834816518,0.9407133913474324,False
PSI_vs_KET,wdeg,Interposed nucleus,91,-20.964336715904693,0.36366363363663634,0.9407133913474324,False
PSI_vs_KET,wdeg,Dorsal cochlear nucleus,96,-51.299569236096374,0.1675832416758324,0.8783249334641005,False
PSI_vs_KET,wdeg,Interpeduncular nucleus,100,-9.48580525460514,0.7553244675532447,0.9407133913474324,False
PSI_vs_KET,wdeg,Ventral cochlear nucleus,101,19.867266084482367,0.4864513548645136,0.9407133913474324,False
PSI_vs_KET,wdeg,Agranular insular area dorsal part,104,-12.293165423172098,0.6544345565443456,0.9407133913474324,False
PSI_vs_KET,wdeg,Inferior salivatory nucleus,106,-13.844562898869356,0.7644235576442355,0.9407133913474324,False
PSI_vs_KET,wdeg,Agranular insular area posterior part,111,-4.726907004671716,0.9402059794020597,1.0,False
PSI_vs_KET,wdeg,Trochlear nucleus,115,-26.751191561182225,0.6339366063393661,0.9407133913474324,False
PSI_vs_KET,wdeg,Periventricular hypothalamic nucleus intermediate part,118,-24.588407822213384,0.6387361263873612,0.9407133913474324,False
PSI_vs_KET,wdeg,Agranular insular area ventral part,119,0.15416580616181363,0.9732026797320268,1.0,False
PSI_vs_KET,wdeg,Periventricular hypothalamic nucleus posterior part,126,-15.60241476941664,0.5964403559644036,0.9407133913474324,False
PSI_vs_KET,wdeg,Anteromedial nucleus,127,-20.844291594900255,0.5085491450854914,0.9407133913474324,False
PSI_vs_KET,wdeg,Midbrain reticular nucleus,128,-16.70562312596377,0.6795320467953204,0.9407133913474324,False
PSI_vs_KET,wdeg,Nucleus ambiguus,135,-6.089409051755695,0.9416058394160584,1.0,False
PSI_vs_KET,wdeg,Intermediate reticular nucleus,136,-61.155741705347154,0.1683831616838316,0.8783249334641005,False
PSI_vs_KET,wdeg,Pontine reticular nucleus,146,-27.51499120315384,0.6292370762923708,0.9407133913474324,False
PSI_vs_KET,wdeg,Locus ceruleus,147,5.9876905410835946,0.9103089691030897,1.0,False
PSI_vs_KET,wdeg,Paraventricular nucleus of the thalamus,149,-20.405267324091255,0.6950304969503049,0.9407133913474324,False
PSI_vs_KET,wdeg,Accessory olfactory bulb,151,-17.615281666740515,0.5520447955204479,0.9407133913474324,False
PSI_vs_KET,wdeg,Lateral dorsal nucleus of thalamus,155,-29.641230182219772,0.48625137486251374,0.9407133913474324,False
PSI_vs_KET,wdeg,Anterior olfactory nucleus,159,16.189414109048982,0.6096390360963904,0.9407133913474324,False
PSI_vs_KET,wdeg,Nucleus prepositus,169,69.22138008759272,0.17418258174182583,0.8783249334641005,False
PSI_vs_KET,wdeg,Dorsal part of the lateral geniculate complex,170,61.161149137239434,0.22927707229277072,0.9407133913474324,False
PSI_vs_KET,wdeg,Retrochiasmatic area,173,21.04054562307124,0.656034396560344,0.9407133913474324,False
PSI_vs_KET,wdeg,Nucleus of Roller,177,9.950356494010464,0.8524147585241476,0.9783572367400942,False
PSI_vs_KET,wdeg,Ventral part of the lateral geniculate complex,178,43.32577884441088,0.31826817318268175,0.9407133913474324,False
PSI_vs_KET,wdeg,Nucleus of reuniens,181,72.74417267269826,0.23147685231476853,0.9407133913474324,False
PSI_vs_KET,wdeg,Frontal pole cerebral cortex,184,27.629670663543948,0.5156484351564844,0.9407133913474324,False
PSI_vs_KET,wdeg,Lateral habenula,186,-42.156899442075655,0.39516048395160486,0.9407133913474324,False
PSI_vs_KET,wdeg,Rhomboid nucleus,189,-7.974728539932698,0.796020397960204,0.9407133913474324,False
PSI_vs_KET,wdeg,Lateral hypothalamic area,194,-53.81066233592472,0.22957704229577042,0.9407133913474324,False
PSI_vs_KET,wdeg,Rostral linear nucleus raphe,197,26.32787087977232,0.23497650234976503,0.9407133913474324,False
PSI_vs_KET,wdeg,Medial vestibular nucleus,202,-2.53050431895889,0.9357064293570643,1.0,False
PSI_vs_KET,wdeg,Linear nucleus of the medulla,203,0.5810675567945509,0.9867013298670133,1.0,False
PSI_vs_KET,wdeg,Nucleus raphe magnus,206,11.804051313834918,0.7718228177182281,0.9407133913474324,False
PSI_vs_KET,wdeg,Area postrema,207,42.81360001063172,0.49605039496050396,0.9407133913474324,False
PSI_vs_KET,wdeg,Lateral vestibular nucleus,209,-1.6039175645074124,0.933006699330067,1.0,False
PSI_vs_KET,wdeg,Lateral mammillary nucleus,210,0.8334039275318617,1.0,1.0,False
PSI_vs_KET,wdeg,Red nucleus,214,-16.630265195759108,0.7390260973902609,0.9407133913474324,False
PSI_vs_KET,wdeg,Anterior pretectal nucleus,215,91.55829067326259,0.0240975902409759,0.6611638836116389,False
PSI_vs_KET,wdeg,Superior vestibular nucleus,217,36.43102346855122,0.32526747325267474,0.9407133913474324,False
PSI_vs_KET,wdeg,Lateral posterior nucleus of the thalamus,218,22.96780659893011,0.6766323367663234,0.9407133913474324,False
PSI_vs_KET,wdeg,Lateral preoptic area,226,-17.191485424253187,0.7354264573542646,0.9407133913474324,False
PSI_vs_KET,wdeg,Nucleus raphe pallidus,230,-13.26360351583861,0.8271172882711729,0.963742162369129,False
PSI_vs_KET,wdeg,Anterior tegmental nucleus,231,52.740488522911875,0.3414658534146585,0.9407133913474324,False
PSI_vs_KET,wdeg,Lateral reticular nucleus,235,-32.35826018158082,0.3220677932206779,0.9407133913474324,False
PSI_vs_KET,wdeg,Nucleus raphe pontis,238,-52.000550795325,0.3608639136086391,0.9407133913474324,False
PSI_vs_KET,wdeg,Midbrain reticular nucleus retrorubral area,246,-48.51296661035883,0.21447855214478553,0.9407133913474324,False
PSI_vs_KET,wdeg,Lateral septal nucleus caudal (caudodorsal) part,250,-19.638843689263382,0.7882211778822118,0.9407133913474324,False
PSI_vs_KET,wdeg,Lateral septal nucleus rostral (rostroventral) part,258,-17.882208674590174,0.5244475552444755,0.9407133913474324,False
PSI_vs_KET,wdeg,Reticular nucleus of the thalamus,262,-25.481691722710394,0.6020397960203979,0.9407133913474324,False
PSI_vs_KET,wdeg,Anteroventral preoptic nucleus,263,16.023660437009738,0.6217378262173783,0.9407133913474324,False
PSI_vs_KET,wdeg,Anteroventral periventricular nucleus,272,42.38692306113293,0.5722427757224278,0.9407133913474324,False
PSI_vs_KET,wdeg,Barrington's nucleus,280,-7.7411799036359525,0.8545145485451455,0.9783572367400942,False
PSI_vs_KET,wdeg,Suprachiasmatic nucleus,286,-14.887302451640238,0.7229277072292771,0.9407133913474324,False
PSI_vs_KET,wdeg,Bed nucleus of the anterior commissure,287,-83.58637212686213,0.11478852114788521,0.877576758453187,False
PSI_vs_KET,wdeg,Bed nucleus of the accessory olfactory tract,292,-9.10070177240155,0.9712028797120288,1.0,False
PSI_vs_KET,wdeg,Superior colliculus motor related,294,-18.701089927490557,0.418958104189581,0.9407133913474324,False
PSI_vs_KET,wdeg,Basolateral amygdalar nucleus,295,-10.758706887968344,0.7562243775622438,0.9407133913474324,False
PSI_vs_KET,wdeg,Magnocellular nucleus,298,-22.992015538528364,0.5686431356864313,0.9407133913474324,False
PSI_vs_KET,wdeg,Superior colliculus sensory related,302,-21.658930550825175,0.7064293570642936,0.9407133913474324,False
PSI_vs_KET,wdeg,Basomedial amygdalar nucleus,319,-73.91401461679709,0.027897210278972105,0.6611638836116389,False
PSI_vs_KET,wdeg,Suprageniculate nucleus,325,-53.188455079596935,0.28057194280571945,0.9407133913474324,False
PSI_vs_KET,wdeg,Primary somatosensory area barrel field,329,-11.375131831897505,0.7696230376962304,0.9407133913474324,False
PSI_vs_KET,wdeg,Accessory supraoptic group,332,-78.9778855713661,0.027897210278972105,0.6611638836116389,False
PSI_vs_KET,wdeg,Septohippocampal nucleus,333,-55.24632617627225,0.36826317368263173,0.9407133913474324,False
PSI_vs_KET,wdeg,Primary somatosensory area lower limb,337,-34.68103772475678,0.48185181481851813,0.9407133913474324,False
PSI_vs_KET,wdeg,Subfornical organ,338,-36.54000005931027,0.5398460153984601,0.9407133913474324,False
PSI_vs_KET,wdeg,Primary somatosensory area mouth,345,-16.404846545398357,0.5416458354164584,0.9407133913474324,False
PSI_vs_KET,wdeg,Subparaventricular zone,347,27.088948401165695,0.6538346165383462,0.9407133913474324,False
PSI_vs_KET,wdeg,Subceruleus nucleus,350,-11.083089999744345,0.67003299670033,0.9407133913474324,False
PSI_vs_KET,wdeg,Bed nuclei of the stria terminalis,351,-16.322680587686307,0.5609439056094391,0.9407133913474324,False
PSI_vs_KET,wdeg,Primary somatosensory area nose,353,-13.932106146810781,0.5956404359564044,0.9407133913474324,False
PSI_vs_KET,wdeg,Preparasubthalamic nucleus,356,28.594459817357517,0.5156484351564844,0.9407133913474324,False
PSI_vs_KET,wdeg,Sublaterodorsal nucleus,358,54.91471551640788,0.3173682631736826,0.9407133913474324,False
PSI_vs_KET,wdeg,Primary somatosensory area trunk,361,-14.885678364789698,0.6062393760623938,0.9407133913474324,False
PSI_vs_KET,wdeg,Mediodorsal nucleus of thalamus,362,-85.21094965020697,0.027897210278972105,0.6611638836116389,False
PSI_vs_KET,wdeg,Parasubthalamic nucleus,364,-72.98331661979554,0.027897210278972105,0.6611638836116389,False
PSI_vs_KET,wdeg,Submedial nucleus of the thalamus,366,-15.513019068660242,0.7051294870512949,0.9407133913474324,False
PSI_vs_KET,wdeg,Primary somatosensory area upper limb,369,-28.27036966357855,0.36036396360363965,0.9407133913474324,False
PSI_vs_KET,wdeg,Infracerebellar nucleus,372,6.923943415405603,0.7858214178582141,0.9407133913474324,False
PSI_vs_KET,wdeg,Substantia nigra compact part,374,-45.117043568559396,0.21727827217278273,0.9407133913474324,False
PSI_vs_KET,wdeg,Supplemental somatosensory area,378,-11.16384048408247,0.7951204879512048,0.9407133913474324,False
PSI_vs_KET,wdeg,Field CA1,382,23.738994887826365,0.28387161283871615,0.9407133913474324,False
PSI_vs_KET,wdeg,Primary visual area,385,-34.32889012156386,0.41315868413158685,0.9407133913474324,False
PSI_vs_KET,wdeg,Supraoptic nucleus,390,-16.032889162107494,0.6958304169583042,0.9407133913474324,False
PSI_vs_KET,wdeg,Anteromedial visual area,394,-14.820732167305323,0.8311168883111689,0.963742162369129,False
PSI_vs_KET,wdeg,Medullary reticular nucleus,395,22.646324502617887,0.672932706729327,0.9407133913474324,False
PSI_vs_KET,wdeg,Superior olivary complex,398,-9.053923567697609,0.7945205479452054,0.9407133913474324,False
PSI_vs_KET,wdeg,Anterolateral visual area,402,-97.49651159341863,0.019098090190980903,0.6611638836116389,False
PSI_vs_KET,wdeg,Medial amygdalar nucleus,403,-42.26646250630439,0.1728827117288271,0.8783249334641005,False
PSI_vs_KET,wdeg,Lateral visual area,409,-14.773159078535627,0.7549245075492451,0.9407133913474324,False
PSI_vs_KET,wdeg,Field CA2,423,-43.57369228215856,0.31666833316668336,0.9407133913474324,False
PSI_vs_KET,wdeg,Posterolateral visual area,425,-79.84054351708903,0.0812918708129187,0.8038236176382361,False
PSI_vs_KET,wdeg,Spinal nucleus of the trigeminal oral part,445,-15.950256261528693,0.5244475552444755,0.9407133913474324,False
PSI_vs_KET,wdeg,Field CA3,463,-10.74604736541336,0.7042295770422957,0.9407133913474324,False
PSI_vs_KET,wdeg,Medial geniculate complex,475,-39.742933892081595,0.3541645835416458,0.9407133913474324,False
PSI_vs_KET,wdeg,Medial mammillary nucleus,491,-44.90836740717552,0.2582741725827417,0.9407133913474324,False
PSI_vs_KET,wdeg,Subiculum,502,-12.784460494172265,0.6325367463253675,0.9407133913474324,False
PSI_vs_KET,wdeg,Main olfactory bulb,507,-18.161068079356824,0.3645635436456354,0.9407133913474324,False
PSI_vs_KET,wdeg,Medial preoptic nucleus,515,-85.66133838298941,0.10778922107789221,0.877576758453187,False
PSI_vs_KET,wdeg,Medial preoptic area,523,-79.66524314393423,0.038696130386961305,0.714670638199338,False
PSI_vs_KET,wdeg,Medial pretectal area,531,-44.49402402849668,0.34126587341265874,0.9407133913474324,False
PSI_vs_KET,wdeg,posteromedial visual area,533,-0.3365533904542417,1.0,1.0,False
PSI_vs_KET,wdeg,Central amygdalar nucleus,536,-28.328518636657805,0.39576042395760425,0.9407133913474324,False
PSI_vs_KET,wdeg,Temporal association areas,541,-19.951102075941748,0.48035196480351966,0.9407133913474324,False
PSI_vs_KET,wdeg,Medial septal nucleus,564,-25.165273951923552,0.41675832416758324,0.9407133913474324,False
PSI_vs_KET,wdeg,Postpiriform transition area,566,-58.152408343033116,0.2866713328667133,0.9407133913474324,False
PSI_vs_KET,wdeg,Tegmental reticular nucleus,574,-38.9782019214025,0.1688831116888311,0.8783249334641005,False
PSI_vs_KET,wdeg,Central lateral nucleus of the thalamus,575,-42.20443124514901,0.14208579142085792,0.8783249334641005,False
PSI_vs_KET,wdeg,Accessory facial motor nucleus,576,-22.474306789701558,0.4871512848715128,0.9407133913474324,False
PSI_vs_KET,wdeg,Taenia tecta,589,-33.43044897311293,0.4737526247375263,0.9407133913474324,False
PSI_vs_KET,wdeg,Central linear nucleus raphe,591,6.486641345284227,0.8673132686731326,0.9882367532477521,False
PSI_vs_KET,wdeg,Diagonal band nucleus,596,-19.946773239682813,0.6768323167683231,0.9407133913474324,False
PSI_vs_KET,wdeg,Central medial nucleus of the thalamus,599,8.941040275528337,0.9125087491250875,1.0,False
PSI_vs_KET,wdeg,Subparafascicular area,609,-17.015356866332013,0.6575342465753424,0.9407133913474324,False
PSI_vs_KET,wdeg,Nucleus of the lateral lemniscus,612,-23.379029708756605,0.45745425457454253,0.9407133913474324,False
PSI_vs_KET,wdeg,Tuberal nucleus,614,79.25268019524893,0.05729427057294271,0.714670638199338,False
PSI_vs_KET,wdeg,Cuneiform nucleus,616,-17.01877507452383,0.6056394360563944,0.9407133913474324,False
PSI_vs_KET,wdeg,Nucleus of the lateral olfactory tract,619,28.077305890507205,0.5044495550444955,0.9407133913474324,False
PSI_vs_KET,wdeg,Motor nucleus of trigeminal,621,-51.27811301261421,0.27247275272472754,0.9407133913474324,False
PSI_vs_KET,wdeg,Cortical amygdalar area anterior part,639,-14.815191976924325,0.6492350764923508,0.9407133913474324,False
PSI_vs_KET,wdeg,Nucleus of the trapezoid body,642,-16.03784064705826,0.7938206179382061,0.9407133913474324,False
PSI_vs_KET,wdeg,Cortical amygdalar area posterior part,647,-14.892831577859624,0.6471352864713529,0.9407133913474324,False
PSI_vs_KET,wdeg,Nucleus of the solitary tract,651,-58.89230365255156,0.0847915208479152,0.8038236176382361,False
PSI_vs_KET,wdeg,Abducens nucleus,653,-12.667202624532166,0.5711428857114289,0.9407133913474324,False
PSI_vs_KET,wdeg,Facial motor nucleus,661,0.686911469461549,0.9924007599240076,1.0,False
PSI_vs_KET,wdeg,Caudoputamen,672,-14.027172612190043,0.7769223077692231,0.9407133913474324,False
PSI_vs_KET,wdeg,Visceral area,677,11.373753596854073,0.5389461053894611,0.9407133913474324,False
PSI_vs_KET,wdeg,Superior central nucleus raphe,679,-56.29840374580763,0.06359364063593641,0.7535846415358465,False
PSI_vs_KET,wdeg,Ventral medial nucleus of the thalamus,685,-41.362667916129,0.1944805519448055,0.940650832875896,False
PSI_vs_KET,wdeg,Ventrolateral preoptic nucleus,689,8.315253511577339,0.8297170282971703,0.963742162369129,False
PSI_vs_KET,wdeg,Ventromedial hypothalamic nucleus,693,-75.49275949367723,0.05599440055994401,0.714670638199338,False
PSI_vs_KET,wdeg,Olivary pretectal nucleus,706,50.81718365669974,0.3474652534746525,0.9407133913474324,False
PSI_vs_KET,wdeg,Cuneate nucleus,711,-26.344294472919316,0.6792320767923208,0.9407133913474324,False
PSI_vs_KET,wdeg,Ventral posterolateral nucleus of the thalamus,718,-23.29421066104723,0.5880411958804119,0.9407133913474324,False
PSI_vs_KET,wdeg,Dentate gyrus,726,-5.642235947711924,0.8858114188581142,0.9993245958423026,False
PSI_vs_KET,wdeg,Orbital area medial part,731,-52.42908883336986,0.2566743325667433,0.9407133913474324,False
PSI_vs_KET,wdeg,Ventral posteromedial nucleus of the thalamus,733,-45.82301432824099,0.1670832916708329,0.8783249334641005,False
PSI_vs_KET,wdeg,Orbital area ventrolateral part,746,-24.736134325861826,0.42895710428957107,0.9407133913474324,False
PSI_vs_KET,wdeg,Ventral tegmental area,749,46.007269728217594,0.10748925107489252,0.877576758453187,False
PSI_vs_KET,wdeg,Olfactory tubercle,754,-75.18043368802562,0.05299470052994701,0.714670638199338,False
PSI_vs_KET,wdeg,Ventral tegmental nucleus,757,2.3572775145469933,1.0,1.0,False
PSI_vs_KET,wdeg,Vascular organ of the lamina terminalis,763,8.195421607132104,0.8336166383361664,0.963742162369129,False
PSI_vs_KET,wdeg,Nucleus x,765,2.3000352756065325,0.9232076792320768,1.0,False
PSI_vs_KET,wdeg,Hypoglossal nucleus,773,74.73162544473203,0.027897210278972105,0.6611638836116389,False
PSI_vs_KET,wdeg,Posterior amygdalar nucleus,780,-95.27258184006064,0.027897210278972105,0.6611638836116389,False
PSI_vs_KET,wdeg,Nucleus y,781,-23.369572358572356,0.6128387161283871,0.9407133913474324,False
PSI_vs_KET,wdeg,Piriform-amygdalar area,788,3.4579964929500306,0.9664033596640336,1.0,False
PSI_vs_KET,wdeg,Periaqueductal gray,795,-6.151558803350753,0.9663033696630337,1.0,False
PSI_vs_KET,wdeg,Zona incerta,797,-55.14066976803764,0.2558744125587441,0.9407133913474324,False
PSI_vs_KET,wdeg,Dorsal peduncular area,814,-47.12403150074945,0.12988701129887012,0.8783249334641005,False
PSI_vs_KET,wdeg,Dorsomedial nucleus of the hypothalamus,830,-22.333976817773816,0.704029597040296,0.9407133913474324,False
PSI_vs_KET,wdeg,Dorsal motor nucleus of the vagus nerve,839,11.096042473280818,0.7741225877412259,0.9407133913474324,False
PSI_vs_KET,wdeg,Parasubiculum,843,-72.07275193455465,0.048295170482951705,0.714670638199338,False
PSI_vs_KET,wdeg,Dentate nucleus,846,-87.80725734226641,0.1121887811218878,0.877576758453187,False
PSI_vs_KET,wdeg,Parvicellular reticular nucleus,852,-66.80347774309077,0.15498450154984503,0.8783249334641005,False
PSI_vs_KET,wdeg,Parasolitary nucleus,859,-45.154393720823805,0.42205779422057793,0.9407133913474324,False
PSI_vs_KET,wdeg,Parabrachial nucleus,867,-37.77081027038048,0.3484651534846515,0.9407133913474324,False
PSI_vs_KET,wdeg,Dorsal nucleus raphe,872,-46.07365594078733,0.17148285171482852,0.8783249334641005,False
PSI_vs_KET,wdeg,Parabigeminal nucleus,874,-5.839440017306686,0.7923207679232077,0.9407133913474324,False
PSI_vs_KET,wdeg,Retrosplenial area dorsal part,879,4.522038829352368,0.94000599940006,1.0,False
PSI_vs_KET,wdeg,Dorsal tegmental nucleus,880,-28.069263548748197,0.5880411958804119,0.9407133913474324,False
PSI_vs_KET,wdeg,Retrosplenial area ventral part,886,-33.72255109386086,0.3087691230876912,0.9407133913474324,False
PSI_vs_KET,wdeg,Retrosplenial area lateral agranular part,894,-17.553552283392264,0.5662433756624338,0.9407133913474324,False
PSI_vs_KET,wdeg,Ectorhinal area,895,-51.71948445117289,0.05069493050694931,0.714670638199338,False
PSI_vs_KET,wdeg,External cuneate nucleus,903,-6.231698354180253,0.8899110088991101,0.9993245958423026,False
PSI_vs_KET,wdeg,Paracentral nucleus,907,-27.809501700786853,0.5085491450854914,0.9407133913474324,False
PSI_vs_KET,wdeg,Lingula (I),912,-71.93627634286543,0.05729427057294271,0.714670638199338,False
PSI_vs_KET,wdeg,Entorhinal area lateral part,918,-38.10845824548136,0.2595740425957404,0.9407133913474324,False
PSI_vs_KET,wdeg,Central lobule,920,-57.7887943130782,0.14538546145385461,0.8783249334641005,False
PSI_vs_KET,wdeg,Perirhinal area,922,-72.88551640350047,0.11178882111788821,0.877576758453187,False
PSI_vs_KET,wdeg,Entorhinal area medial part dorsal zone,926,-31.284876444797447,0.39836016398360163,0.9407133913474324,False
PSI_vs_KET,wdeg,Culmen,928,-53.60749189188536,0.2686731326867313,0.9407133913474324,False
PSI_vs_KET,wdeg,Parafascicular nucleus,930,-30.16622629230048,0.46735326467353266,0.9407133913474324,False
PSI_vs_KET,wdeg,Pontine gray,931,-66.80432078013634,0.16248375162483752,0.8783249334641005,False
PSI_vs_KET,wdeg,Declive (VI),936,-23.770516892636408,0.27287271272872715,0.9407133913474324,False
PSI_vs_KET,wdeg,Folium-tuber vermis (VII),944,25.871409598298925,0.4136586341365863,0.9407133913474324,False
PSI_vs_KET,wdeg,Posterior hypothalamic nucleus,946,46.32453291513653,0.1454854514548545,0.8783249334641005,False
PSI_vs_KET,wdeg,Pyramus (VIII),951,27.233202333898475,0.48025197480251974,0.9407133913474324,False
PSI_vs_KET,wdeg,Uvula (IX),957,-67.10840426242257,0.037896210378962104,0.714670638199338,False
PSI_vs_KET,wdeg,Piriform area,961,10.054879288338896,0.7978202179782021,0.9407133913474324,False
PSI_vs_KET,wdeg,Nodulus (X),968,-36.64837496871793,0.22867713228677133,0.9407133913474324,False
PSI_vs_KET,wdeg,Paragigantocellular reticular nucleus dorsal part,970,-19.724179282348615,0.6955304469553044,0.9407133913474324,False
PSI_vs_KET,wdeg,Prelimbic area,972,-10.339355005328201,0.7495250474952505,0.9407133913474324,False
PSI_vs_KET,wdeg,Edinger-Westphal nucleus,975,-18.232870350508676,0.7706229377062294,0.9407133913474324,False
PSI_vs_KET,wdeg,Paragigantocellular reticular nucleus lateral part,978,-11.188272272169087,0.769023097690231,0.9407133913474324,False
PSI_vs_KET,wdeg,Dorsal premammillary nucleus,980,31.001002045721776,0.45455454454554545,0.9407133913474324,False
PSI_vs_KET,wdeg,Fasciola cinerea,982,2.9749098343773426,0.9986001399860014,1.0,False
PSI_vs_KET,wdeg,Primary motor area,985,-9.293192360911604,0.7682231776822318,0.9407133913474324,False
PSI_vs_KET,wdeg,Fastigial nucleus,989,19.385376180819136,0.5693430656934306,0.9407133913474324,False
PSI_vs_KET,wdeg,Secondary motor area,993,0.5164504775238896,1.0,1.0,False
PSI_vs_KET,wdeg,Fundus of striatum,998,47.90144213672323,0.4330566943305669,0.9407133913474324,False
PSI_vs_KET,wdeg,Primary auditory area,1002,-32.50528298568207,0.3411658834116588,0.9407133913474324,False
PSI_vs_KET,wdeg,Ventral premammillary nucleus,1004,1.6963121540760966,0.9988001199880012,1.0,False
PSI_vs_KET,wdeg,Simple lobule,1007,66.63342507673627,0.10158984101589841,0.877576758453187,False
PSI_vs_KET,wdeg,fiber tracts,1009,-19.33834333861364,0.4243575642435756,0.9407133913474324,False
PSI_vs_KET,wdeg,Dorsal auditory area,1011,-14.410899007107929,0.5716428357164284,0.9407133913474324,False
PSI_vs_KET,wdeg,Ansiform lobule,1017,82.08265117774982,0.0244975502449755,0.6611638836116389,False
PSI_vs_KET,wdeg,Ventral auditory area,1018,-40.46879926904626,0.3441655834416558,0.9407133913474324,False
PSI_vs_KET,wdeg,Posterior complex of the thalamus,1020,-49.155255478320754,0.1444855514448555,0.8783249334641005,False
PSI_vs_KET,wdeg,Paramedian lobule,1025,33.594552883486955,0.3387661233876612,0.9407133913474324,False
PSI_vs_KET,wdeg,Posterior auditory area,1027,-56.95617971589161,0.0761923807619238,0.8038236176382361,False
PSI_vs_KET,wdeg,Posterior limiting nucleus of the thalamus,1029,18.59650897481849,0.7359264073592641,0.9407133913474324,False
PSI_vs_KET,wdeg,Copula pyramidis,1033,29.029797814930433,0.28377162283771623,0.9407133913474324,False
PSI_vs_KET,wdeg,Postsubiculum,1037,35.30528114814882,0.36476352364763526,0.9407133913474324,False
PSI_vs_KET,wdeg,Paraflocculus,1041,46.474930630009055,0.18398160183981602,0.9084091590840916,False
PSI_vs_KET,wdeg,Flocculus,1049,-21.99023414555677,0.7647235276472353,0.9407133913474324,False
PSI_vs_KET,wdeg,Gustatory areas,1057,-14.273335514551263,0.7615238476152385,0.9407133913474324,False
PSI_vs_KET,wdeg,Parapyramidal nucleus,1069,-24.020267554635524,0.5586441355864413,0.9407133913474324,False
PSI_vs_KET,wdeg,Presubiculum,1084,-47.85288560868206,0.054594540545945404,0.714670638199338,False
PSI_vs_KET,wdeg,Medullary reticular nucleus dorsal part,1098,-3.848172527357292,0.8738126187381262,0.9908784241193105,False
PSI_vs_KET,wdeg,Intercalated amygdalar nucleus,1105,84.51199277658046,0.026997300269973004,0.6611638836116389,False
PSI_vs_KET,wdeg,Medullary reticular nucleus ventral part,1107,19.10639829055563,0.6836316368363163,0.9407133913474324,False
PSI_vs_KET,wdeg,Parastrial nucleus,1109,62.44158244091622,0.1416858314168583,0.8783249334641005,False
PSI_vs_KET,wdeg,Interanteromedial nucleus of the thalamus,1120,-83.0563600244284,0.0810918908109189,0.8038236176382361,False
PSI_vs_KET,wdeg,Tuberomammillary nucleus dorsal part,1126,-23.237129010080764,0.42255774422557746,0.9407133913474324,False
PSI_vs_KET,wdeg,Median eminence,10671,-0.12191678002758977,0.9849015098490151,1.0,False
PSI_vs_KET,closeness,Tuberomammillary nucleus ventral part,1,-7.139089309633796,0.26577342265773424,0.755758182143569,False
PSI_vs_KET,closeness,Inferior colliculus,4,-6.8708740297373865,0.31686831316868314,0.755758182143569,False
PSI_vs_KET,closeness,Principal sensory nucleus of the trigeminal,7,-10.353814817909216,0.33256674332566744,0.755758182143569,False
PSI_vs_KET,closeness,Interfascicular nucleus raphe,12,-6.069289348423943,0.43095690430956907,0.755758182143569,False
PSI_vs_KET,closeness,Induseum griseum,19,-6.501560607321135,0.42925707429257076,0.755758182143569,False
PSI_vs_KET,closeness,Anterior amygdalar area,23,-5.769443353210981,0.45825417458254175,0.755758182143569,False
PSI_vs_KET,closeness,Intergeniculate leaflet of the lateral geniculate complex,27,-4.657923906991254,0.5781421857814218,0.7985424314711387,False
PSI_vs_KET,closeness,Periventricular hypothalamic nucleus anterior part,30,-6.127924323872154,0.404959504049595,0.755758182143569,False
PSI_vs_KET,closeness,Paraventricular hypothalamic nucleus,38,-6.943743281224563,0.31856814318568144,0.755758182143569,False
PSI_vs_KET,closeness,Anterior cingulate area dorsal part,39,-2.9495732097113105,0.6984301569843016,0.8184437713864081,False
PSI_vs_KET,closeness,Infralimbic area,44,-3.2006685877458843,0.6887311268873113,0.8184437713864081,False
PSI_vs_KET,closeness,Anterior cingulate area ventral part,48,-5.388206572894596,0.5422457754224578,0.7884187041418558,False
PSI_vs_KET,closeness,Nucleus accumbens,56,-2.3565097856510206,0.8324167583241676,0.8967398714673988,False
PSI_vs_KET,closeness,Paraventricular hypothalamic nucleus descending division,63,-13.588825120463266,0.11938806119388061,0.5820137986201379,False
PSI_vs_KET,closeness,Lateral terminal nucleus of the accessory optic tract,66,-12.249068256668172,0.1227877212278772,0.5820137986201379,False
PSI_vs_KET,closeness,Anterodorsal preoptic nucleus,72,-3.327843804560768,0.692030796920308,0.8184437713864081,False
PSI_vs_KET,closeness,Dorsal terminal nucleus of the accessory optic tract,75,-2.8970473057001733,0.7472252774722528,0.8432970988615424,False
PSI_vs_KET,closeness,Inferior olivary complex,83,-8.801657174681903,0.24237576242375763,0.7552465532667513,False
PSI_vs_KET,closeness,Anterior hypothalamic nucleus,88,-10.750232021190499,0.17948205179482052,0.6713094315568443,False
PSI_vs_KET,closeness,Interposed nucleus,91,-6.379811873912104,0.37006299370062995,0.755758182143569,False
PSI_vs_KET,closeness,Dorsal cochlear nucleus,96,-13.749653655356145,0.0643935606439356,0.4393668741233984,False
PSI_vs_KET,closeness,Interpeduncular nucleus,100,-5.615746064158053,0.3728627137286271,0.755758182143569,False
PSI_vs_KET,closeness,Ventral cochlear nucleus,101,5.801338984608167,0.4440555944405559,0.755758182143569,False
PSI_vs_KET,closeness,Agranular insular area dorsal part,104,-8.008666014263685,0.24537546245375463,0.7552465532667513,False
PSI_vs_KET,closeness,Inferior salivatory nucleus,106,-7.16209259177824,0.385961403859614,0.755758182143569,False
PSI_vs_KET,closeness,Agranular insular area posterior part,111,-6.105359017274456,0.5535446455354465,0.7931568288954237,False
PSI_vs_KET,closeness,Trochlear nucleus,115,-5.933131505883859,0.41655834416558346,0.755758182143569,False
PSI_vs_KET,closeness,Periventricular hypothalamic nucleus intermediate part,118,-7.946574634202822,0.37096290370962903,0.755758182143569,False
PSI_vs_KET,closeness,Agranular insular area ventral part,119,-1.1478788542990657,0.8872112788721128,0.9460986636762332,False
PSI_vs_KET,closeness,Periventricular hypothalamic nucleus posterior part,126,-8.601174165330416,0.29857014298570145,0.755758182143569,False
PSI_vs_KET,closeness,Anteromedial nucleus,127,-10.443837297390836,0.1812818718128187,0.6713094315568443,False
PSI_vs_KET,closeness,Midbrain reticular nucleus,128,-3.764394504227287,0.39866013398660133,0.755758182143569,False
PSI_vs_KET,closeness,Nucleus ambiguus,135,-5.260287477970703,0.46395360463953605,0.755758182143569,False
PSI_vs_KET,closeness,Intermediate reticular nucleus,136,-16.13330171993135,0.036396360363963605,0.4152727584384418,False
PSI_vs_KET,closeness,Pontine reticular nucleus,146,-11.917620911923885,0.16028397160283972,0.62274264376841,False
PSI_vs_KET,closeness,Locus ceruleus,147,-2.86390780923308,0.7219278072192781,0.8225812034181198,False
PSI_vs_KET,closeness,Paraventricular nucleus of the thalamus,149,-5.017702444216166,0.5975402459754025,0.8046422630464227,False
PSI_vs_KET,closeness,Accessory olfactory bulb,151,-6.977856878584806,0.5006499350064993,0.755758182143569,False
PSI_vs_KET,closeness,Lateral dorsal nucleus of thalamus,155,-7.981683108443445,0.32096790320967905,0.755758182143569,False
PSI_vs_KET,closeness,Anterior olfactory nucleus,159,0.60372769941009,0.9415058494150585,0.9617969237559003,False
PSI_vs_KET,closeness,Nucleus prepositus,169,6.164431231245695,0.5648435156484352,0.7982433899467196,False
PSI_vs_KET,closeness,Dorsal part of the lateral geniculate complex,170,5.5490332794073485,0.655034496550345,0.8184437713864081,False
PSI_vs_KET,closeness,Retrochiasmatic area,173,0.3981242673006733,0.94000599940006,0.9617969237559003,False
PSI_vs_KET,closeness,Nucleus of Roller,177,-3.895902481781512,0.7148285171482852,0.8225812034181198,False
PSI_vs_KET,closeness,Ventral part of the lateral geniculate complex,178,3.9552153862595425,0.7577242275772422,0.8470784996972,False
PSI_vs_KET,closeness,Nucleus of reuniens,181,10.513653050488179,0.39936006399360063,0.755758182143569,False
PSI_vs_KET,closeness,Frontal pole cerebral cortex,184,3.5078875944737646,0.7010298970102989,0.8184437713864081,False
PSI_vs_KET,closeness,Lateral habenula,186,-9.317748905469193,0.3417658234176582,0.755758182143569,False
PSI_vs_KET,closeness,Rhomboid nucleus,189,-6.766143932723107,0.46655334466553344,0.755758182143569,False
PSI_vs_KET,closeness,Lateral hypothalamic area,194,-13.589175523628986,0.0643935606439356,0.4393668741233984,False
PSI_vs_KET,closeness,Rostral linear nucleus raphe,197,5.431787695176915,0.22877712228777122,0.7463173682631737,False
PSI_vs_KET,closeness,Medial vestibular nucleus,202,-1.1475303638682988,0.8700129987001299,0.9330003651218588,False
PSI_vs_KET,closeness,Linear nucleus of the medulla,203,-2.585410385655962,0.7514248575142486,0.8440174939851987,False
PSI_vs_KET,closeness,Nucleus raphe magnus,206,-1.8719227725033214,0.8005199480051994,0.8743005883743423,False
PSI_vs_KET,closeness,Area postrema,207,5.695353118996248,0.692930706929307,0.8184437713864081,False
PSI_vs_KET,closeness,Lateral vestibular nucleus,209,-5.097807945330562,0.5845415458454155,0.7985424314711387,False
PSI_vs_KET,closeness,Lateral mammillary nucleus,210,-3.2163857819343136,0.7179282071792821,0.8225812034181198,False
PSI_vs_KET,closeness,Red nucleus,214,-2.2556456217776635,0.609039096090391,0.8154930269684897,False
PSI_vs_KET,closeness,Anterior pretectal nucleus,215,13.732962676338397,0.017598240175982403,0.2812118788121188,False
PSI_vs_KET,closeness,Superior vestibular nucleus,217,6.517833301420818,0.19928007199280073,0.7151732587935236,False
PSI_vs_KET,closeness,Lateral posterior nucleus of the thalamus,218,3.059135226934666,0.6755324467553244,0.8184437713864081,False
PSI_vs_KET,closeness,Lateral preoptic area,226,-8.991946915351946,0.32266773322667736,0.755758182143569,False
PSI_vs_KET,closeness,Nucleus raphe pallidus,230,-8.584977829785142,0.3464653534646535,0.755758182143569,False
PSI_vs_KET,closeness,Anterior tegmental nucleus,231,8.249602222581773,0.41645835416458354,0.755758182143569,False
PSI_vs_KET,closeness,Lateral reticular nucleus,235,-9.236890775882515,0.26787321267873215,0.755758182143569,False
PSI_vs_KET,closeness,Nucleus raphe pontis,238,-14.383745659845225,0.16428357164283572,0.6279872012798721,False
PSI_vs_KET,closeness,Midbrain reticular nucleus retrorubral area,246,-13.336989863354727,0.0156984301569843,0.2812118788121188,False
PSI_vs_KET,closeness,Lateral septal nucleus caudal (caudodorsal) part,250,-5.963361165062377,0.49475052494750527,0.755758182143569,False
PSI_vs_KET,closeness,Lateral septal nucleus rostral (rostroventral) part,258,-4.753688775859224,0.5004499550044995,0.755758182143569,False
PSI_vs_KET,closeness,Reticular nucleus of the thalamus,262,-3.256296809494934,0.6891310868913109,0.8184437713864081,False
PSI_vs_KET,closeness,Anteroventral preoptic nucleus,263,4.595243883442114,0.42005799420057993,0.755758182143569,False
PSI_vs_KET,closeness,Anteroventral periventricular nucleus,272,6.424927429374543,0.7132286771322868,0.8225812034181198,False
PSI_vs_KET,closeness,Barrington's nucleus,280,-3.303887889519885,0.6963303669633036,0.8184437713864081,False
PSI_vs_KET,closeness,Suprachiasmatic nucleus,286,-6.8639266352006665,0.42985701429857015,0.755758182143569,False
PSI_vs_KET,closeness,Bed nucleus of the anterior commissure,287,-18.939541758353904,0.031796820317968204,0.4152727584384418,False
PSI_vs_KET,closeness,Bed nucleus of the accessory olfactory tract,292,-3.4020091532380086,0.7205279472052795,0.8225812034181198,False
PSI_vs_KET,closeness,Superior colliculus motor related,294,-5.849018912413168,0.3514648535146485,0.755758182143569,False
PSI_vs_KET,closeness,Basolateral amygdalar nucleus,295,-4.138154584303212,0.672032796720328,0.8184437713864081,False
PSI_vs_KET,closeness,Magnocellular nucleus,298,-11.133380718998698,0.22867713228677133,0.7463173682631737,False
PSI_vs_KET,closeness,Superior colliculus sensory related,302,-6.931243182506787,0.3935606439356064,0.755758182143569,False
PSI_vs_KET,closeness,Basomedial amygdalar nucleus,319,-15.262600100406909,0.059994000599940006,0.4393668741233984,False
PSI_vs_KET,closeness,Suprageniculate nucleus,325,-13.203289716212693,0.12198780121987801,0.5820137986201379,False
PSI_vs_KET,closeness,Primary somatosensory area barrel field,329,-6.6140995539241665,0.49665033496650335,0.755758182143569,False
PSI_vs_KET,closeness,Accessory supraoptic group,332,-19.25529005746536,0.007399260073992601,0.23434323234343232,False
PSI_vs_KET,closeness,Septohippocampal nucleus,333,-10.07770724094803,0.18848115188481152,0.6872312768723128,False
PSI_vs_KET,closeness,Primary somatosensory area lower limb,337,-9.83887430886115,0.272972702729727,0.755758182143569,False
PSI_vs_KET,closeness,Subfornical organ,338,-10.529343292351369,0.2064793520647935,0.71573712193998,False
PSI_vs_KET,closeness,Primary somatosensory area mouth,345,-7.033642860440885,0.29057094290570945,0.755758182143569,False
PSI_vs_KET,closeness,Subparaventricular zone,347,2.1803521435985225,0.7694230576942306,0.8561186134907636,False
PSI_vs_KET,closeness,Subceruleus nucleus,350,-5.283507068691151,0.5253474652534746,0.7685638843523055,False
PSI_vs_KET,closeness,Bed nuclei of the stria terminalis,351,-9.86020438976647,0.15878412158784122,0.62274264376841,False
PSI_vs_KET,closeness,Primary somatosensory area nose,353,-7.479548408078124,0.34296570342965704,0.755758182143569,False
PSI_vs_KET,closeness,Preparasubthalamic nucleus,356,2.1381475463434008,0.8214178582141786,0.893009322920919,False
PSI_vs_KET,closeness,Sublaterodorsal nucleus,358,4.154079327709729,0.7375262473752625,0.8363335915212307,False
PSI_vs_KET,closeness,Primary somatosensory area trunk,361,-0.6067203889163935,0.8902109789021098,0.9460986636762332,False
PSI_vs_KET,closeness,Mediodorsal nucleus of thalamus,362,-15.565527032630897,0.031296870312968704,0.4152727584384418,False
PSI_vs_KET,closeness,Parasubthalamic nucleus,364,-15.516736087414504,0.007999200079992,0.23434323234343232,False
PSI_vs_KET,closeness,Submedial nucleus of the thalamus,366,4.08150884169098,0.5243475652434757,0.7685638843523055,False
PSI_vs_KET,closeness,Primary somatosensory area upper limb,369,-6.3298932484073696,0.42915708429157085,0.755758182143569,False
PSI_vs_KET,closeness,Infracerebellar nucleus,372,1.1690373810530374,0.7986201379862014,0.8743005883743423,False
PSI_vs_KET,closeness,Substantia nigra compact part,374,-6.468324127200015,0.14928507149285072,0.6207116130492215,False
PSI_vs_KET,closeness,Supplemental somatosensory area,378,-7.955170446896997,0.3658634136586341,0.755758182143569,False
PSI_vs_KET,closeness,Field CA1,382,1.8562893778277854,0.6546345365463454,0.8184437713864081,False
PSI_vs_KET,closeness,Primary visual area,385,-10.891960720911449,0.33596640335966405,0.755758182143569,False
PSI_vs_KET,closeness,Supraoptic nucleus,390,-6.504820408854798,0.4981501849815019,0.755758182143569,False
PSI_vs_KET,closeness,Anteromedial visual area,394,-5.326714954861224,0.4998500149985001,0.755758182143569,False
PSI_vs_KET,closeness,Medullary reticular nucleus,395,9.827657809789061,0.140985901409859,0.6174079020669361,False
PSI_vs_KET,closeness,Superior olivary complex,398,-5.257445568158719,0.49555044495550443,0.755758182143569,False
PSI_vs_KET,closeness,Anterolateral visual area,402,-20.614413397596696,0.015898410158984102,0.2812118788121188,False
PSI_vs_KET,closeness,Medial amygdalar nucleus,403,-12.578172750955149,0.0023997600239976003,0.23434323234343232,False
PSI_vs_KET,closeness,Lateral visual area,409,-7.086212348050839,0.46295370462953706,0.755758182143569,False
PSI_vs_KET,closeness,Field CA2,423,-10.877213425485607,0.0685931406859314,0.4393668741233984,False
PSI_vs_KET,closeness,Posterolateral visual area,425,-16.13672600258293,0.004299570042995701,0.23434323234343232,False
PSI_vs_KET,closeness,Spinal nucleus of the trigeminal oral part,445,-6.057289330641847,0.45845415458454153,0.755758182143569,False
PSI_vs_KET,closeness,Field CA3,463,-0.7816121391680273,0.9476052394760524,0.9638731405829374,False
PSI_vs_KET,closeness,Medial geniculate complex,475,-7.47222442106189,0.23227677232276772,0.7463173682631737,False
PSI_vs_KET,closeness,Medial mammillary nucleus,491,-14.281640864258058,0.041495850414958506,0.4393668741233984,False
PSI_vs_KET,closeness,Subiculum,502,-4.844842602430074,0.3574642535746425,0.755758182143569,False
PSI_vs_KET,closeness,Main olfactory bulb,507,-8.356139268897707,0.20837916208379162,0.71573712193998,False
PSI_vs_KET,closeness,Medial preoptic nucleus,515,-17.445246397901215,0.053094690530946904,0.4393668741233984,False
PSI_vs_KET,closeness,Medial preoptic area,523,-14.906386316828753,0.0633936606339366,0.4393668741233984,False
PSI_vs_KET,closeness,Medial pretectal area,531,-7.898524162729892,0.2883711628837116,0.755758182143569,False
PSI_vs_KET,closeness,posteromedial visual area,533,-4.024001833148912,0.5186481351864813,0.7682475502449755,False
PSI_vs_KET,closeness,Central amygdalar nucleus,536,-8.37031449216985,0.2986701329867013,0.755758182143569,False
PSI_vs_KET,closeness,Temporal association areas,541,-4.3286651824017355,0.4881511848815118,0.755758182143569,False
PSI_vs_KET,closeness,Medial septal nucleus,564,-6.71433907598167,0.31786821317868214,0.755758182143569,False
PSI_vs_KET,closeness,Postpiriform transition area,566,-12.811587070614687,0.11628837116288371,0.5820137986201379,False
PSI_vs_KET,closeness,Tegmental reticular nucleus,574,-10.293676745323385,0.14538546145385461,0.6174079020669361,False
PSI_vs_KET,closeness,Central lateral nucleus of the thalamus,575,-11.384073510745772,0.14588541145885411,0.6174079020669361,False
PSI_vs_KET,closeness,Accessory facial motor nucleus,576,-5.439331022358784,0.5166483351664833,0.7682475502449755,False
PSI_vs_KET,closeness,Taenia tecta,589,-9.68181841072932,0.2913708629137086,0.755758182143569,False
PSI_vs_KET,closeness,Central linear nucleus raphe,591,-0.5278405458056206,0.929007099290071,0.9614614957718202,False
PSI_vs_KET,closeness,Diagonal band nucleus,596,-7.32916108185476,0.46395360463953605,0.755758182143569,False
PSI_vs_KET,closeness,Central medial nucleus of the thalamus,599,-0.8574736806482584,0.9753024697530247,0.9753024697530246,False
PSI_vs_KET,closeness,Subparafascicular area,609,-2.814403386826566,0.8318168183181682,0.8967398714673988,False
PSI_vs_KET,closeness,Nucleus of the lateral lemniscus,612,-7.438747710078882,0.3708629137086291,0.755758182143569,False
PSI_vs_KET,closeness,Tuberal nucleus,614,11.272629266558601,0.23147685231476853,0.7463173682631737,False
PSI_vs_KET,closeness,Cuneiform nucleus,616,-0.09120697226143015,0.9744025597440256,0.9753024697530246,False
PSI_vs_KET,closeness,Nucleus of the lateral olfactory tract,619,6.881789152691262,0.47835216478352166,0.755758182143569,False
PSI_vs_KET,closeness,Motor nucleus of trigeminal,621,-9.787671184646314,0.35006499350064996,0.755758182143569,False
PSI_vs_KET,closeness,Cortical amygdalar area anterior part,639,-6.349198358567659,0.46865313468653136,0.755758182143569,False
PSI_vs_KET,closeness,Nucleus of the trapezoid body,642,-7.4307410256037,0.42905709429057093,0.755758182143569,False
PSI_vs_KET,closeness,Cortical amygdalar area posterior part,647,-3.527705118027434,0.43565643435656437,0.755758182143569,False
PSI_vs_KET,closeness,Nucleus of the solitary tract,651,-14.809883214786383,0.0367963203679632,0.4152727584384418,False
PSI_vs_KET,closeness,Abducens nucleus,653,1.4504120224490293,0.653034696530347,0.8184437713864081,False
PSI_vs_KET,closeness,Facial motor nucleus,661,2.138975679192712,0.6985301469853015,0.8184437713864081,False
PSI_vs_KET,closeness,Caudoputamen,672,-3.778567182203183,0.6659334066593341,0.8184437713864081,False
PSI_vs_KET,closeness,Visceral area,677,1.4262014689182294,0.6539346065393461,0.8184437713864081,False
PSI_vs_KET,closeness,Superior central nucleus raphe,679,-12.868929398245777,0.06719328067193281,0.4393668741233984,False
PSI_vs_KET,closeness,Ventral medial nucleus of the thalamus,685,-4.902736708326131,0.4082591740825917,0.755758182143569,False
PSI_vs_KET,closeness,Ventrolateral preoptic nucleus,689,1.559256836828581,0.6777322267773223,0.8184437713864081,False
PSI_vs_KET,closeness,Ventromedial hypothalamic nucleus,693,-15.911121232787245,0.0367963203679632,0.4152727584384418,False
PSI_vs_KET,closeness,Olivary pretectal nucleus,706,7.623775190646564,0.48555144485551444,0.755758182143569,False
PSI_vs_KET,closeness,Cuneate nucleus,711,-7.624839351436515,0.49235076492350766,0.755758182143569,False
PSI_vs_KET,closeness,Ventral posterolateral nucleus of the thalamus,718,-2.461437208052402,0.6182381761823817,0.8184437713864081,False
PSI_vs_KET,closeness,Dentate gyrus,726,-4.978736946443483,0.5849415058494151,0.7985424314711387,False
PSI_vs_KET,closeness,Orbital area medial part,731,-10.08169846752014,0.29627037296270375,0.755758182143569,False
PSI_vs_KET,closeness,Ventral posteromedial nucleus of the thalamus,733,-9.640068737815477,0.11658834116588342,0.5820137986201379,False
PSI_vs_KET,closeness,Orbital area ventrolateral part,746,-3.3179132194866234,0.5184481551844815,0.7682475502449755,False
PSI_vs_KET,closeness,Ventral tegmental area,749,8.085939262221187,0.11028897110288971,0.5820137986201379,False
PSI_vs_KET,closeness,Olfactory tubercle,754,-18.451208296487785,0.013798620137986202,0.2812118788121188,False
PSI_vs_KET,closeness,Ventral tegmental nucleus,757,-0.9907091825482723,0.9138086191380862,0.9557004825833206,False
PSI_vs_KET,closeness,Vascular organ of the lamina terminalis,763,1.1066201223957037,0.9386061393860614,0.9617969237559003,False
PSI_vs_KET,closeness,Nucleus x,765,1.3795449880491812,0.7991200879912009,0.8743005883743423,False
PSI_vs_KET,closeness,Hypoglossal nucleus,773,8.56192881395982,0.10288971102889712,0.5820137986201379,False
PSI_vs_KET,closeness,Posterior amygdalar nucleus,780,-19.65889910388612,0.0071992800719928,0.23434323234343232,False
PSI_vs_KET,closeness,Nucleus y,781,0.810013191416667,0.9673032696730327,0.9753024697530246,False
PSI_vs_KET,closeness,Piriform-amygdalar area,788,-1.8208858928624103,0.9175082491750824,0.9557004825833206,False
PSI_vs_KET,closeness,Periaqueductal gray,795,-1.0645886344708089,0.9115088491150884,0.9557004825833206,False
PSI_vs_KET,closeness,Zona incerta,797,-14.35401417295057,0.15498450154984503,0.62274264376841,False
PSI_vs_KET,closeness,Dorsal peduncular area,814,-11.659439310044046,0.12038796120387961,0.5820137986201379,False
PSI_vs_KET,closeness,Dorsomedial nucleus of the hypothalamus,830,-7.3412749963445805,0.41385861413858616,0.755758182143569,False
PSI_vs_KET,closeness,Dorsal motor nucleus of the vagus nerve,839,-1.28097500752785,0.6806319368063194,0.8184437713864081,False
PSI_vs_KET,closeness,Parasubiculum,843,-15.27816707748445,0.0103989601039896,0.24645535446455352,False
PSI_vs_KET,closeness,Dentate nucleus,846,-10.711234789230389,0.39406059394060594,0.755758182143569,False
PSI_vs_KET,closeness,Parvicellular reticular nucleus,852,-13.982014207051535,0.14308569143085692,0.6174079020669361,False
PSI_vs_KET,closeness,Parasolitary nucleus,859,-11.071031191533672,0.2936706329367063,0.755758182143569,False
PSI_vs_KET,closeness,Parabrachial nucleus,867,-8.76682257038619,0.29217078292170784,0.755758182143569,False
PSI_vs_KET,closeness,Dorsal nucleus raphe,872,-8.473173435828661,0.23617638236176383,0.7463173682631737,False
PSI_vs_KET,closeness,Parabigeminal nucleus,874,3.9274864922289296,0.6682331766823317,0.8184437713864081,False
PSI_vs_KET,closeness,Retrosplenial area dorsal part,879,-3.8820780498806435,0.6405359464053595,0.8184437713864081,False
PSI_vs_KET,closeness,Dorsal tegmental nucleus,880,-7.470593879371389,0.37476252374762525,0.755758182143569,False
PSI_vs_KET,closeness,Retrosplenial area ventral part,886,-13.464752045305655,0.0446955304469553,0.4393668741233984,False
PSI_vs_KET,closeness,Retrosplenial area lateral agranular part,894,-6.677051933506647,0.37596240375962403,0.755758182143569,False
PSI_vs_KET,closeness,Ectorhinal area,895,-16.256425005684203,0.008799120087991202,0.23434323234343232,False
PSI_vs_KET,closeness,External cuneate nucleus,903,-4.588787612945403,0.26217378262173785,0.755758182143569,False
PSI_vs_KET,closeness,Paracentral nucleus,907,-8.355496257664921,0.06319368063193681,0.4393668741233984,False
PSI_vs_KET,closeness,Lingula (I),912,-18.609199392181665,0.008899110088991101,0.23434323234343232,False
PSI_vs_KET,closeness,Entorhinal area lateral part,918,-12.003771671706165,0.20217978202179782,0.7151732587935236,False
PSI_vs_KET,closeness,Central lobule,920,-13.140574059482095,0.017798220177982202,0.2812118788121188,False
PSI_vs_KET,closeness,Perirhinal area,922,-18.0192243242223,0.07589241075892411,0.47332898289118464,False
PSI_vs_KET,closeness,Entorhinal area medial part dorsal zone,926,-8.745169658765024,0.1264873512648735,0.5877941617602945,False
PSI_vs_KET,closeness,Culmen,928,-11.870783565690735,0.11848815118488151,0.5820137986201379,False
PSI_vs_KET,closeness,Parafascicular nucleus,930,-7.267540528479376,0.2615738426157384,0.755758182143569,False
PSI_vs_KET,closeness,Pontine gray,931,-13.696165349772587,0.06239376062393761,0.4393668741233984,False
PSI_vs_KET,closeness,Declive (VI),936,-4.537745050414323,0.3762623737626237,0.755758182143569,False
PSI_vs_KET,closeness,Folium-tuber vermis (VII),944,0.8095086059203425,0.9085091490850915,0.9557004825833206,False
PSI_vs_KET,closeness,Posterior hypothalamic nucleus,946,6.951418542611668,0.14388561143885611,0.6174079020669361,False
PSI_vs_KET,closeness,Pyramus (VIII),951,2.7516184402203105,0.5896410358964104,0.7985424314711387,False
PSI_vs_KET,closeness,Uvula (IX),957,-13.615483341685156,0.001999800019998,0.23434323234343232,False
PSI_vs_KET,closeness,Piriform area,961,1.1759947470403205,0.9721027897210279,0.9753024697530246,False
PSI_vs_KET,closeness,Nodulus (X),968,-4.514260763827879,0.46165383461653836,0.755758182143569,False
PSI_vs_KET,closeness,Paragigantocellular reticular nucleus dorsal part,970,-5.897539795572088,0.5752424757524247,0.7985424314711387,False
PSI_vs_KET,closeness,Prelimbic area,972,-7.044843232071418,0.41025897410258977,0.755758182143569,False
PSI_vs_KET,closeness,Edinger-Westphal nucleus,975,-7.596696412050605,0.4343565643435656,0.755758182143569,False
PSI_vs_KET,closeness,Paragigantocellular reticular nucleus lateral part,978,-5.913321662342494,0.46395360463953605,0.755758182143569,False
PSI_vs_KET,closeness,Dorsal premammillary nucleus,980,3.884085576946404,0.6538346165383462,0.8184437713864081,False
PSI_vs_KET,closeness,Fasciola cinerea,982,-4.772101904444897,0.5461453854614539,0.7892466850875888,False
PSI_vs_KET,closeness,Primary motor area,985,-4.852536232932881,0.5555444455554445,0.7931568288954237,False
PSI_vs_KET,closeness,Fastigial nucleus,989,2.52604614969864,0.5658434156584341,0.7982433899467196,False
PSI_vs_KET,closeness,Secondary motor area,993,4.731446730026477,0.3377662233776622,0.755758182143569,False
PSI_vs_KET,closeness,Fundus of striatum,998,4.196535704697903,0.6137386261373863,0.8171688449132615,False
PSI_vs_KET,closeness,Primary auditory area,1002,-10.235239072227381,0.12158784121587841,0.5820137986201379,False
PSI_vs_KET,closeness,Ventral premammillary nucleus,1004,-0.5345460861998887,0.9194080591940806,0.9557004825833206,False
PSI_vs_KET,closeness,Simple lobule,1007,10.458759063649985,0.1561843815618438,0.62274264376841,False
PSI_vs_KET,closeness,fiber tracts,1009,-7.3535167029143516,0.2916708329167083,0.755758182143569,False
PSI_vs_KET,closeness,Dorsal auditory area,1011,-2.5280459323794275,0.6634336566343366,0.8184437713864081,False
PSI_vs_KET,closeness,Ansiform lobule,1017,11.985433646470645,0.052894710528947106,0.4393668741233984,False
PSI_vs_KET,closeness,Ventral auditory area,1018,-9.846455730739445,0.23527647235276472,0.7463173682631737,False
PSI_vs_KET,closeness,Posterior complex of the thalamus,1020,-15.616564062307148,0.007399260073992601,0.23434323234343232,False
PSI_vs_KET,closeness,Paramedian lobule,1025,5.544383809883065,0.385961403859614,0.755758182143569,False
PSI_vs_KET,closeness,Posterior auditory area,1027,-11.86784106559196,0.0664933506649335,0.4393668741233984,False
PSI_vs_KET,closeness,Posterior limiting nucleus of the thalamus,1029,2.6824746236960095,0.6271372862713729,0.8184437713864081,False
PSI_vs_KET,closeness,Copula pyramidis,1033,6.085212732830504,0.11148885111488852,0.5820137986201379,False
PSI_vs_KET,closeness,Postsubiculum,1037,4.77851540386664,0.43475652434756523,0.755758182143569,False
PSI_vs_KET,closeness,Paraflocculus,1041,3.4447786978286654,0.5889411058894111,0.7985424314711387,False
PSI_vs_KET,closeness,Flocculus,1049,-2.769469933639236,0.6318368163183682,0.8184437713864081,False
PSI_vs_KET,closeness,Gustatory areas,1057,-6.188312605214847,0.6372362763723628,0.8184437713864081,False
PSI_vs_KET,closeness,Parapyramidal nucleus,1069,-10.315258737838043,0.30196980301969806,0.755758182143569,False
PSI_vs_KET,closeness,Presubiculum,1084,-10.454685762235949,0.060493950604939506,0.4393668741233984,False
PSI_vs_KET,closeness,Medullary reticular nucleus dorsal part,1098,-2.032262569537142,0.796020397960204,0.8743005883743423,False
PSI_vs_KET,closeness,Intercalated amygdalar nucleus,1105,14.142849468560245,0.05169483051694831,0.4393668741233984,False
PSI_vs_KET,closeness,Medullary reticular nucleus ventral part,1107,9.8689164899469,0.11028897110288971,0.5820137986201379,False
PSI_vs_KET,closeness,Parastrial nucleus,1109,13.498782248424638,0.050794920507949204,0.4393668741233984,False
PSI_vs_KET,closeness,Interanteromedial nucleus of the thalamus,1120,-17.06396751728856,0.0344965503449655,0.4152727584384418,False
PSI_vs_KET,closeness,Tuberomammillary nucleus dorsal part,1126,-2.403773840578266,0.46015398460153983,0.755758182143569,False
PSI_vs_KET,closeness,Median eminence,10671,-3.0714793281089463,0.5774422557744225,0.7985424314711387,False
PSI_vs_KET,betweenness,Tuberomammillary nucleus ventral part,1,-0.11900468806346917,0.3033393321335733,0.9225354929014197,False
PSI_vs_KET,betweenness,Inferior colliculus,4,0.15845654525784347,0.14617076584683064,0.9102929414117177,False
PSI_vs_KET,betweenness,Principal sensory nucleus of the trigeminal,7,-0.06916696718355572,0.3633273345330934,0.9225354929014197,False
PSI_vs_KET,betweenness,Interfascicular nucleus raphe,12,0.05077533357374684,0.8920215956808638,1.0,False
PSI_vs_KET,betweenness,Induseum griseum,19,0.1873061666065633,0.14077184563087383,0.9102929414117177,False
PSI_vs_KET,betweenness,Anterior amygdalar area,23,0.22055535521096287,0.1821635672865427,0.9102929414117177,False
PSI_vs_KET,betweenness,Intergeniculate leaflet of the lateral geniculate complex,27,0.04583483591777859,0.5970805838832234,0.9553566993607648,False
PSI_vs_KET,betweenness,Periventricular hypothalamic nucleus anterior part,30,0.030796970789758384,0.8686262747450509,1.0,False
PSI_vs_KET,betweenness,Paraventricular hypothalamic nucleus,38,-0.15989902632527947,0.17456508698260348,0.9102929414117177,False
PSI_vs_KET,betweenness,Anterior cingulate area dorsal part,39,-0.029246303642264694,0.5116976604679064,0.9225354929014197,False
PSI_vs_KET,betweenness,Infralimbic area,44,0.0014064190407500898,1.0,1.0,False
PSI_vs_KET,betweenness,Anterior cingulate area ventral part,48,-0.04900829426613776,0.6790641871625674,0.9644535378638559,False
PSI_vs_KET,betweenness,Nucleus accumbens,56,-0.11016949152542374,0.29114177164567084,0.9225354929014197,False
PSI_vs_KET,betweenness,Paraventricular hypothalamic nucleus descending division,63,-0.03281644428416877,0.44731053789242153,0.9225354929014197,False
PSI_vs_KET,betweenness,Lateral terminal nucleus of the accessory optic tract,66,-0.03198701767039308,0.49090181963607277,0.9225354929014197,False
PSI_vs_KET,betweenness,Anterodorsal preoptic nucleus,72,-0.06923909123692751,0.40371925614877024,0.9225354929014197,False
PSI_vs_KET,betweenness,Dorsal terminal nucleus of the accessory optic tract,75,0.021420843851424447,0.7032593481303739,0.9760876553970973,False
PSI_vs_KET,betweenness,Inferior olivary complex,83,-0.14183195095564372,0.17456508698260348,0.9102929414117177,False
PSI_vs_KET,betweenness,Anterior hypothalamic nucleus,88,-0.23952398124774613,0.03099380123975205,0.9102929414117177,False
PSI_vs_KET,betweenness,Interposed nucleus,91,0.10602235845654526,0.41991601679664065,0.9225354929014197,False
PSI_vs_KET,betweenness,Dorsal cochlear nucleus,96,-0.17107825459790843,0.05618876224755049,0.9102929414117177,False
PSI_vs_KET,betweenness,Interpeduncular nucleus,100,-0.03609808871258565,0.6326734653069386,0.9553566993607648,False
PSI_vs_KET,betweenness,Ventral cochlear nucleus,101,-0.04540209159754778,0.4425114977004599,0.9225354929014197,False
PSI_vs_KET,betweenness,Agranular insular area dorsal part,104,-0.19336458708979445,0.25834833033393323,0.9225354929014197,False
PSI_vs_KET,betweenness,Inferior salivatory nucleus,106,-0.16401009736747205,0.17336532693461307,0.9102929414117177,False
PSI_vs_KET,betweenness,Agranular insular area posterior part,111,-0.17345834835917778,0.09278144371125775,0.9102929414117177,False
PSI_vs_KET,betweenness,Trochlear nucleus,115,-0.0144608727010458,0.6068786242751449,0.9553566993607648,False
PSI_vs_KET,betweenness,Periventricular hypothalamic nucleus intermediate part,118,-0.020915975477821855,0.5680863827234554,0.948144173982105,False
PSI_vs_KET,betweenness,Agranular insular area ventral part,119,0.08878470970068518,0.26754649070185965,0.9225354929014197,False
PSI_vs_KET,betweenness,Periventricular hypothalamic nucleus posterior part,126,0.12015867291741797,0.20175964807038593,0.9225354929014197,False
PSI_vs_KET,betweenness,Anteromedial nucleus,127,-0.10573386224305807,0.3675264947010598,0.9225354929014197,False
PSI_vs_KET,betweenness,Midbrain reticular nucleus,128,-0.0034258925351604713,0.8800239952009599,1.0,False
PSI_vs_KET,betweenness,Nucleus ambiguus,135,0.129859358095925,0.17516496700659867,0.9102929414117177,False
PSI_vs_KET,betweenness,Intermediate reticular nucleus,136,-0.129138117562207,0.20055988802239552,0.9225354929014197,False
PSI_vs_KET,betweenness,Pontine reticular nucleus,146,-0.04969347277316985,0.42351529694061185,0.9225354929014197,False
PSI_vs_KET,betweenness,Locus ceruleus,147,-0.16830147854309413,0.14657068586282743,0.9102929414117177,False
PSI_vs_KET,betweenness,Paraventricular nucleus of the thalamus,149,0.057050126217093405,0.523495300939812,0.9225354929014197,False
PSI_vs_KET,betweenness,Accessory olfactory bulb,151,-0.10512080778939778,0.33993201359728054,0.9225354929014197,False
PSI_vs_KET,betweenness,Lateral dorsal nucleus of thalamus,155,0.05156869816083664,0.5114977004599081,0.9225354929014197,False
PSI_vs_KET,betweenness,Anterior olfactory nucleus,159,0.09538406058420483,0.4957008598280344,0.9225354929014197,False
PSI_vs_KET,betweenness,Nucleus prepositus,169,0.13065272268301478,0.28994201159768046,0.9225354929014197,False
PSI_vs_KET,betweenness,Dorsal part of the lateral geniculate complex,170,0.10663541291020556,0.34333133373325336,0.9225354929014197,False
PSI_vs_KET,betweenness,Retrochiasmatic area,173,0.12333213126577713,0.11897620475904819,0.9102929414117177,False
PSI_vs_KET,betweenness,Nucleus of Roller,177,-0.09480706815723043,0.34013197360527897,0.9225354929014197,False
PSI_vs_KET,betweenness,Ventral part of the lateral geniculate complex,178,-0.003930760908763072,0.888622275544891,1.0,False
PSI_vs_KET,betweenness,Nucleus of reuniens,181,0.16840966462315182,0.11797640471905618,0.9102929414117177,False
PSI_vs_KET,betweenness,Frontal pole cerebral cortex,184,0.10421925712225028,0.19456108778244352,0.9225354929014197,False
PSI_vs_KET,betweenness,Lateral habenula,186,-0.07288135593220339,0.07758448310337933,0.9102929414117177,False
PSI_vs_KET,betweenness,Rhomboid nucleus,189,0.03151821132347638,0.6836632673465307,0.9644535378638559,False
PSI_vs_KET,betweenness,Lateral hypothalamic area,194,-0.06429859358095925,0.36112777444511096,0.9225354929014197,False
PSI_vs_KET,betweenness,Rostral linear nucleus raphe,197,0.021024161557879555,0.3245350929814037,0.9225354929014197,False
PSI_vs_KET,betweenness,Medial vestibular nucleus,202,0.21561485755499457,0.10897820435912818,0.9102929414117177,False
PSI_vs_KET,betweenness,Linear nucleus of the medulla,203,-0.0002163721601153995,1.0,1.0,False
PSI_vs_KET,betweenness,Nucleus raphe magnus,206,0.02574828705373242,0.6620675864827035,0.9644535378638559,False
PSI_vs_KET,betweenness,Area postrema,207,-0.0059862964298593585,0.7360527894421116,0.9760876553970973,False
PSI_vs_KET,betweenness,Lateral vestibular nucleus,209,0.11630003606202668,0.23255348930213957,0.9225354929014197,False
PSI_vs_KET,betweenness,Lateral mammillary nucleus,210,-0.01702127659574468,0.734253149370126,0.9760876553970973,False
PSI_vs_KET,betweenness,Red nucleus,214,-0.054561846375766325,0.17276544691061788,0.9102929414117177,False
PSI_vs_KET,betweenness,Anterior pretectal nucleus,215,0.04933285250631086,0.563887222555489,0.9478104379124175,False
PSI_vs_KET,betweenness,Superior vestibular nucleus,217,0.03645870897944464,0.3703259348130374,0.9225354929014197,False
PSI_vs_KET,betweenness,Lateral posterior nucleus of the thalamus,218,0.023584565452578435,0.43171365726854627,0.9225354929014197,False
PSI_vs_KET,betweenness,Lateral preoptic area,226,-0.15503065272268302,0.22855428914217157,0.9225354929014197,False
PSI_vs_KET,betweenness,Nucleus raphe pallidus,230,-0.08799134511359538,0.628874225154969,0.9553566993607648,False
PSI_vs_KET,betweenness,Anterior tegmental nucleus,231,-0.010277677605481428,0.8418316336732653,1.0,False
PSI_vs_KET,betweenness,Lateral reticular nucleus,235,-0.084890010818608,0.4225154969006199,0.9225354929014197,False
PSI_vs_KET,betweenness,Nucleus raphe pontis,238,0.007609087630724848,0.8366326734653069,1.0,False
PSI_vs_KET,betweenness,Midbrain reticular nucleus retrorubral area,246,-0.011720158672917418,0.7194561087782444,0.9760876553970973,False
PSI_vs_KET,betweenness,Lateral septal nucleus caudal (caudodorsal) part,250,-0.026794085827623514,0.4491101779644071,0.9225354929014197,False
PSI_vs_KET,betweenness,Lateral septal nucleus rostral (rostroventral) part,258,-0.025387666786873424,0.7716456708658268,0.9969941146905755,False
PSI_vs_KET,betweenness,Reticular nucleus of the thalamus,262,-0.01352326000721241,0.790241951609678,1.0,False
PSI_vs_KET,betweenness,Anteroventral preoptic nucleus,263,0.04504147133068879,0.2623475304939012,0.9225354929014197,False
PSI_vs_KET,betweenness,Anteroventral periventricular nucleus,272,0.16812116840966462,0.060387922415516895,0.9102929414117177,False
PSI_vs_KET,betweenness,Barrington's nucleus,280,-0.011756220699603318,0.8778244351129774,1.0,False
PSI_vs_KET,betweenness,Suprachiasmatic nucleus,286,-0.013018391633609811,0.8818236352729454,1.0,False
PSI_vs_KET,betweenness,Bed nucleus of the anterior commissure,287,-0.07385503065272268,0.39212157568486306,0.9225354929014197,False
PSI_vs_KET,betweenness,Bed nucleus of the accessory olfactory tract,292,0.016336098088712586,0.7454509098180364,0.9760876553970973,False
PSI_vs_KET,betweenness,Superior colliculus motor related,294,-0.0002163721601153995,1.0,1.0,False
PSI_vs_KET,betweenness,Basolateral amygdalar nucleus,295,0.08507032095203751,0.3705258948210358,0.9225354929014197,False
PSI_vs_KET,betweenness,Magnocellular nucleus,298,0.005914172376487559,0.9654069186162767,1.0,False
PSI_vs_KET,betweenness,Superior colliculus sensory related,302,0.0021637216011539846,0.9702059588082383,1.0,False
PSI_vs_KET,betweenness,Basomedial amygdalar nucleus,319,-0.05575189325640101,0.22015596880623875,0.9225354929014197,False
PSI_vs_KET,betweenness,Suprageniculate nucleus,325,-0.08139199423007572,0.43691261747650467,0.9225354929014197,False
PSI_vs_KET,betweenness,Primary somatosensory area barrel field,329,0.009159754778218537,0.943011397720456,1.0,False
PSI_vs_KET,betweenness,Accessory supraoptic group,332,-0.3226108907320592,0.03099380123975205,0.9102929414117177,False
PSI_vs_KET,betweenness,Septohippocampal nucleus,333,0.006022358456545258,0.9148170365926814,1.0,False
PSI_vs_KET,betweenness,Primary somatosensory area lower limb,337,0.00822214208438514,0.8890221955608878,1.0,False
PSI_vs_KET,betweenness,Subfornical organ,338,-0.009195816804904434,0.861627674465107,1.0,False
PSI_vs_KET,betweenness,Primary somatosensory area mouth,345,-0.11233321312657772,0.47790441911617676,0.9225354929014197,False
PSI_vs_KET,betweenness,Subparaventricular zone,347,0.002560403894698881,0.9784043191361728,1.0,False
PSI_vs_KET,betweenness,Subceruleus nucleus,350,-0.028705373241976195,0.9150169966006798,1.0,False
PSI_vs_KET,betweenness,Bed nuclei of the stria terminalis,351,0.12033898305084746,0.42291541691661666,0.9225354929014197,False
PSI_vs_KET,betweenness,Primary somatosensory area nose,353,0.02005048683736026,0.6766646670665867,0.9644535378638559,False
PSI_vs_KET,betweenness,Preparasubthalamic nucleus,356,-0.06029570861882437,0.7120575884823035,0.9760876553970973,False
PSI_vs_KET,betweenness,Sublaterodorsal nucleus,358,0.02286332491886044,0.8104379124175165,1.0,False
PSI_vs_KET,betweenness,Primary somatosensory area trunk,361,-0.0016227912008654859,1.0,1.0,False
PSI_vs_KET,betweenness,Mediodorsal nucleus of thalamus,362,-0.07248467363865849,0.3155368926214757,0.9225354929014197,False
PSI_vs_KET,betweenness,Parasubthalamic nucleus,364,-0.15329967544175982,0.14157168566286743,0.9102929414117177,False
PSI_vs_KET,betweenness,Submedial nucleus of the thalamus,366,-0.000721240533717995,1.0,1.0,False
PSI_vs_KET,betweenness,Primary somatosensory area upper limb,369,-0.0055174900829426665,0.8848230353929214,1.0,False
PSI_vs_KET,betweenness,Infracerebellar nucleus,372,-0.0015867291741795886,1.0,1.0,False
PSI_vs_KET,betweenness,Substantia nigra compact part,374,0.001730977280923189,0.8686262747450509,1.0,False
PSI_vs_KET,betweenness,Supplemental somatosensory area,378,-0.023187883159033543,0.5972805438912218,0.9553566993607648,False
PSI_vs_KET,betweenness,Field CA1,382,0.009340064911648033,0.4527094581083783,0.9225354929014197,False
PSI_vs_KET,betweenness,Primary visual area,385,-0.09239091236927516,0.15716856628674264,0.9102929414117177,False
PSI_vs_KET,betweenness,Supraoptic nucleus,390,0.006996033177064551,0.8322335532893421,1.0,False
PSI_vs_KET,betweenness,Anteromedial visual area,394,0.08543094121889651,0.20815836832633472,0.9225354929014197,False
PSI_vs_KET,betweenness,Medullary reticular nucleus,395,0.0029570861882437793,0.9224155168966207,1.0,False
PSI_vs_KET,betweenness,Superior olivary complex,398,0.17490082942661378,0.11057788442311538,0.9102929414117177,False
PSI_vs_KET,betweenness,Anterolateral visual area,402,-0.19509556437071765,0.05798840231953609,0.9102929414117177,False
PSI_vs_KET,betweenness,Medial amygdalar nucleus,403,-0.10201947349441039,0.17896420715856828,0.9102929414117177,False
PSI_vs_KET,betweenness,Lateral visual area,409,-0.06494771006130545,0.5168966206758648,0.9225354929014197,False
PSI_vs_KET,betweenness,Field CA2,423,-0.11749008294266139,0.14077184563087383,0.9102929414117177,False
PSI_vs_KET,betweenness,Posterolateral visual area,425,-0.072304363505229,0.1843631273745251,0.9102929414117177,False
PSI_vs_KET,betweenness,Spinal nucleus of the trigeminal oral part,445,0.11272989542012263,0.4963007398520296,0.9225354929014197,False
PSI_vs_KET,betweenness,Field CA3,463,-0.03386224305805986,0.3117376524695061,0.9225354929014197,False
PSI_vs_KET,betweenness,Medial geniculate complex,475,0.03743238369996394,0.6576684663067387,0.9644535378638559,False
PSI_vs_KET,betweenness,Medial mammillary nucleus,491,0.005192931842769567,0.7974405118976204,1.0,False
PSI_vs_KET,betweenness,Subiculum,502,-0.006022358456545258,0.9184163167366527,1.0,False
PSI_vs_KET,betweenness,Main olfactory bulb,507,-0.030905156869816083,0.5826834633073386,0.9553566993607648,False
PSI_vs_KET,betweenness,Medial preoptic nucleus,515,-0.020807789397764155,0.7366526694661067,0.9760876553970973,False
PSI_vs_KET,betweenness,Medial preoptic area,523,-0.09383339343671114,0.13977204559088183,0.9102929414117177,False
PSI_vs_KET,betweenness,Medial pretectal area,531,-0.007392715470609448,0.7454509098180364,0.9760876553970973,False
PSI_vs_KET,betweenness,posteromedial visual area,533,0.04111071042192572,0.49510097980403917,0.9225354929014197,False
PSI_vs_KET,betweenness,Central amygdalar nucleus,536,-0.007717273710782541,0.792241551689662,1.0,False
PSI_vs_KET,betweenness,Temporal association areas,541,0.08943382618103136,0.20275944811037794,0.9225354929014197,False
PSI_vs_KET,betweenness,Medial septal nucleus,564,-0.03137396321673278,0.6230753849230154,0.9553566993607648,False
PSI_vs_KET,betweenness,Postpiriform transition area,566,-0.08781103498016589,0.2575484903019396,0.9225354929014197,False
PSI_vs_KET,betweenness,Tegmental reticular nucleus,574,-0.003101334294987379,1.0,1.0,False
PSI_vs_KET,betweenness,Central lateral nucleus of the thalamus,575,-0.16685899747565813,0.11457708458308338,0.9102929414117177,False
PSI_vs_KET,betweenness,Accessory facial motor nucleus,576,-0.000865488640461598,0.9704059188162367,1.0,False
PSI_vs_KET,betweenness,Taenia tecta,589,-0.10760908763072485,0.22875424915016995,0.9225354929014197,False
PSI_vs_KET,betweenness,Central linear nucleus raphe,591,-0.009592499098449333,0.5924815036992601,0.9553566993607648,False
PSI_vs_KET,betweenness,Diagonal band nucleus,596,-0.036170212765957444,0.6212757448510298,0.9553566993607648,False
PSI_vs_KET,betweenness,Central medial nucleus of the thalamus,599,0.004832311575910565,0.9784043191361728,1.0,False
PSI_vs_KET,betweenness,Subparafascicular area,609,0.14738550306527226,0.13937212557488501,0.9102929414117177,False
PSI_vs_KET,betweenness,Nucleus of the lateral lemniscus,612,-0.015434547421565093,0.7094581083783243,0.9760876553970973,False
PSI_vs_KET,betweenness,Tuberal nucleus,614,-0.0009376126938333931,0.9742051589682064,1.0,False
PSI_vs_KET,betweenness,Cuneiform nucleus,616,0.0022358456545257845,0.901619676064787,1.0,False
PSI_vs_KET,betweenness,Nucleus of the lateral olfactory tract,619,0.15156869816083665,0.03099380123975205,0.9102929414117177,False
PSI_vs_KET,betweenness,Motor nucleus of trigeminal,621,-0.05773530472412549,0.4657068586282743,0.9225354929014197,False
PSI_vs_KET,betweenness,Cortical amygdalar area anterior part,639,-0.03974035340786153,0.7778444311137772,0.9969941146905755,False
PSI_vs_KET,betweenness,Nucleus of the trapezoid body,642,-0.02491886043995673,0.5412917416516697,0.9229218904420555,False
PSI_vs_KET,betweenness,Cortical amygdalar area posterior part,647,0.022466642625315544,0.8336332733453309,1.0,False
PSI_vs_KET,betweenness,Nucleus of the solitary tract,651,0.014244500540930398,0.8602279544091181,1.0,False
PSI_vs_KET,betweenness,Abducens nucleus,653,0.03909123692751532,0.3217356528694261,0.9225354929014197,False
PSI_vs_KET,betweenness,Facial motor nucleus,661,0.02592859718716192,0.525494901019796,0.9225354929014197,False
PSI_vs_KET,betweenness,Caudoputamen,672,-0.021601153984853953,0.8140371925614877,1.0,False
PSI_vs_KET,betweenness,Visceral area,677,0.14944103858636854,0.118376324735053,0.9102929414117177,False
PSI_vs_KET,betweenness,Superior central nucleus raphe,679,0.05005409304002885,0.3783243351329734,0.9225354929014197,False
PSI_vs_KET,betweenness,Ventral medial nucleus of the thalamus,685,0.0022719076812116835,1.0,1.0,False
PSI_vs_KET,betweenness,Ventrolateral preoptic nucleus,689,-0.013054453660295708,0.707258548290342,0.9760876553970973,False
PSI_vs_KET,betweenness,Ventromedial hypothalamic nucleus,693,-0.025495852866931117,0.518496300739852,0.9225354929014197,False
PSI_vs_KET,betweenness,Olivary pretectal nucleus,706,0.026072845293905522,0.28834233153369326,0.9225354929014197,False
PSI_vs_KET,betweenness,Cuneate nucleus,711,-0.027839884601514604,0.4305138972205559,0.9225354929014197,False
PSI_vs_KET,betweenness,Ventral posterolateral nucleus of the thalamus,718,0.0034980165885322764,0.8652269546090782,1.0,False
PSI_vs_KET,betweenness,Dentate gyrus,726,0.06877028489001082,0.33053389322135573,0.9225354929014197,False
PSI_vs_KET,betweenness,Orbital area medial part,731,-0.06949152542372881,0.4267146570685863,0.9225354929014197,False
PSI_vs_KET,betweenness,Ventral posteromedial nucleus of the thalamus,733,-0.03393436711143166,0.397120575884823,0.9225354929014197,False
PSI_vs_KET,betweenness,Orbital area ventrolateral part,746,0.11143166245943022,0.09618076384723055,0.9102929414117177,False
PSI_vs_KET,betweenness,Ventral tegmental area,749,0.05358817165524702,0.17176564687062587,0.9102929414117177,False
PSI_vs_KET,betweenness,Olfactory tubercle,754,-0.16840966462315182,0.03099380123975205,0.9102929414117177,False
PSI_vs_KET,betweenness,Ventral tegmental nucleus,757,0.011575910566173821,0.7762447510497901,0.9969941146905755,False
PSI_vs_KET,betweenness,Vascular organ of the lamina terminalis,763,-0.012874143526866211,0.5160967806438712,0.9225354929014197,False
PSI_vs_KET,betweenness,Nucleus x,765,0.014893617021276596,0.6292741451709658,0.9553566993607648,False
PSI_vs_KET,betweenness,Hypoglossal nucleus,773,0.02289938694554634,0.43691261747650467,0.9225354929014197,False
PSI_vs_KET,betweenness,Posterior amygdalar nucleus,780,0.002163721601153985,0.912617476504699,1.0,False
PSI_vs_KET,betweenness,Nucleus y,781,0.023296069239091236,0.44631073785242953,0.9225354929014197,False
PSI_vs_KET,betweenness,Piriform-amygdalar area,788,-0.1015506671474937,0.14377124575084982,0.9102929414117177,False
PSI_vs_KET,betweenness,Periaqueductal gray,795,0.11590335376848179,0.09218156368726255,0.9102929414117177,False
PSI_vs_KET,betweenness,Zona incerta,797,-0.15795167688424092,0.3179364127174565,0.9225354929014197,False
PSI_vs_KET,betweenness,Dorsal peduncular area,814,-0.055499459069599716,0.43071385722855426,0.9225354929014197,False
PSI_vs_KET,betweenness,Dorsomedial nucleus of the hypothalamus,830,0.03267219617742517,0.5362927414517097,0.922741538648792,False
PSI_vs_KET,betweenness,Dorsal motor nucleus of the vagus nerve,839,-0.010025243418680128,0.6588682263547291,0.9644535378638559,False
PSI_vs_KET,betweenness,Parasubiculum,843,-0.059646592138478186,0.36212757448510297,0.9225354929014197,False
PSI_vs_KET,betweenness,Dentate nucleus,846,0.0020555355210962866,0.9684063187362527,1.0,False
PSI_vs_KET,betweenness,Parvicellular reticular nucleus,852,-0.01817526144969347,0.6328734253149371,0.9553566993607648,False
PSI_vs_KET,betweenness,Parasolitary nucleus,859,-0.04028128380815002,0.38452309538092383,0.9225354929014197,False
PSI_vs_KET,betweenness,Parabrachial nucleus,867,0.08023800937612693,0.40071985602879423,0.9225354929014197,False
PSI_vs_KET,betweenness,Dorsal nucleus raphe,872,-0.015326361341507395,0.5616876624675065,0.9478104379124175,False
PSI_vs_KET,betweenness,Parabigeminal nucleus,874,0.0032095203750450775,0.9360127974405119,1.0,False
PSI_vs_KET,betweenness,Retrosplenial area dorsal part,879,-0.17259285971871619,0.060587882423515295,0.9102929414117177,False
PSI_vs_KET,betweenness,Dorsal tegmental nucleus,880,-0.011864406779661017,0.7364527094581084,0.9760876553970973,False
PSI_vs_KET,betweenness,Retrosplenial area ventral part,886,-0.19329246303642264,0.03099380123975205,0.9102929414117177,False
PSI_vs_KET,betweenness,Retrosplenial area lateral agranular part,894,-0.05997115037865128,0.7996400719856028,1.0,False
PSI_vs_KET,betweenness,Ectorhinal area,895,-0.08225748287053733,0.2819436112777445,0.9225354929014197,False
PSI_vs_KET,betweenness,External cuneate nucleus,903,-0.03260007212405337,0.6802639472105579,0.9644535378638559,False
PSI_vs_KET,betweenness,Paracentral nucleus,907,0.018031013342949872,0.5110977804439112,0.9225354929014197,False
PSI_vs_KET,betweenness,Lingula (I),912,-0.16905878110349803,0.03099380123975205,0.9102929414117177,False
PSI_vs_KET,betweenness,Entorhinal area lateral part,918,-0.14536602957086187,0.2715456908618276,0.9225354929014197,False
PSI_vs_KET,betweenness,Central lobule,920,0.02989542012261089,0.3727254549090182,0.9225354929014197,False
PSI_vs_KET,betweenness,Perirhinal area,922,-0.19037143887486477,0.15176964607078583,0.9102929414117177,False
PSI_vs_KET,betweenness,Entorhinal area medial part dorsal zone,926,-0.05557158312297151,0.32313537292541494,0.9225354929014197,False
PSI_vs_KET,betweenness,Culmen,928,-0.055715831229715115,0.17636472705458908,0.9102929414117177,False
PSI_vs_KET,betweenness,Parafascicular nucleus,930,0.03029210241615579,0.43691261747650467,0.9225354929014197,False
PSI_vs_KET,betweenness,Pontine gray,931,0.0421925712225027,0.25414917016596683,0.9225354929014197,False
PSI_vs_KET,betweenness,Declive (VI),936,0.03436711143166246,0.45870825834833034,0.9225354929014197,False
PSI_vs_KET,betweenness,Folium-tuber vermis (VII),944,0.004255319148936173,0.9184163167366527,1.0,False
PSI_vs_KET,betweenness,Posterior hypothalamic nucleus,946,0.04428416877028489,0.24055188962207558,0.9225354929014197,False
PSI_vs_KET,betweenness,Pyramus (VIII),951,0.027046520014424806,0.43431313737252547,0.9225354929014197,False
PSI_vs_KET,betweenness,Uvula (IX),957,-0.05048683736025964,0.3077384523095381,0.9225354929014197,False
PSI_vs_KET,betweenness,Piriform area,961,-0.030364226469527585,0.6050789842031594,0.9553566993607648,False
PSI_vs_KET,betweenness,Nodulus (X),968,-0.006779661016949152,0.8290341931613677,1.0,False
PSI_vs_KET,betweenness,Paragigantocellular reticular nucleus dorsal part,970,-0.017490082942661377,0.6538692261547691,0.9644535378638559,False
PSI_vs_KET,betweenness,Prelimbic area,972,-0.17064551027767763,0.16636672665466906,0.9102929414117177,False
PSI_vs_KET,betweenness,Edinger-Westphal nucleus,975,0.058853227551388373,0.28154369126174766,0.9225354929014197,False
PSI_vs_KET,betweenness,Paragigantocellular reticular nucleus lateral part,978,0.00418319509556437,0.9350129974005199,1.0,False
PSI_vs_KET,betweenness,Dorsal premammillary nucleus,980,-0.031914893617021274,0.5372925414917017,0.922741538648792,False
PSI_vs_KET,betweenness,Fasciola cinerea,982,-0.02520735665344392,0.5774845030993802,0.9553566993607648,False
PSI_vs_KET,betweenness,Primary motor area,985,0.22145690587811034,0.05718856228754249,0.9102929414117177,False
PSI_vs_KET,betweenness,Fastigial nucleus,989,0.007176343310494049,0.8290341931613677,1.0,False
PSI_vs_KET,betweenness,Secondary motor area,993,0.029498737829065994,0.3063387322535493,0.9225354929014197,False
PSI_vs_KET,betweenness,Fundus of striatum,998,0.03880274071402813,0.4411117776444711,0.9225354929014197,False
PSI_vs_KET,betweenness,Primary auditory area,1002,-0.0572304363505229,0.6058788242351529,0.9553566993607648,False
PSI_vs_KET,betweenness,Ventral premammillary nucleus,1004,0.0003606202668589957,1.0,1.0,False
PSI_vs_KET,betweenness,Simple lobule,1007,0.022069960331770645,0.531493701259748,0.922741538648792,False
PSI_vs_KET,betweenness,fiber tracts,1009,-0.16783267219617745,0.3183363327334533,0.9225354929014197,False
PSI_vs_KET,betweenness,Dorsal auditory area,1011,0.11781464118283447,0.09498100379924015,0.9102929414117177,False
PSI_vs_KET,betweenness,Ansiform lobule,1017,0.10028849621348719,0.09378124375124974,0.9102929414117177,False
PSI_vs_KET,betweenness,Ventral auditory area,1018,0.04161557879552831,0.5202959408118376,0.9225354929014197,False
PSI_vs_KET,betweenness,Posterior complex of the thalamus,1020,0.010169491525423728,0.7782443511297741,0.9969941146905755,False
PSI_vs_KET,betweenness,Paramedian lobule,1025,-0.00681572304363505,0.9694061187762447,1.0,False
PSI_vs_KET,betweenness,Posterior auditory area,1027,-0.016408222142084386,0.7398520295940811,0.9760876553970973,False
PSI_vs_KET,betweenness,Posterior limiting nucleus of the thalamus,1029,0.038838802740714023,0.5140971805638872,0.9225354929014197,False
PSI_vs_KET,betweenness,Copula pyramidis,1033,0.01857194374323837,0.6790641871625674,0.9644535378638559,False
PSI_vs_KET,betweenness,Postsubiculum,1037,0.022178146411828345,0.613877224555089,0.9553566993607648,False
PSI_vs_KET,betweenness,Paraflocculus,1041,0.011828344752975119,0.641871625674865,0.9628074385122974,False
PSI_vs_KET,betweenness,Flocculus,1049,0.018211323476379368,0.484503099380124,0.9225354929014197,False
PSI_vs_KET,betweenness,Gustatory areas,1057,0.01153984853948792,0.9438112377524495,1.0,False
PSI_vs_KET,betweenness,Parapyramidal nucleus,1069,-0.16076451496574107,0.14897020595880825,0.9102929414117177,False
PSI_vs_KET,betweenness,Presubiculum,1084,-0.04255319148936171,0.35172965406918616,0.9225354929014197,False
PSI_vs_KET,betweenness,Medullary reticular nucleus dorsal part,1098,0.09379733141002525,0.14617076584683064,0.9102929414117177,False
PSI_vs_KET,betweenness,Intercalated amygdalar nucleus,1105,0.23757663180670752,0.060587882423515295,0.9102929414117177,False
PSI_vs_KET,betweenness,Medullary reticular nucleus ventral part,1107,0.05171294626758024,0.23155368926214756,0.9225354929014197,False
PSI_vs_KET,betweenness,Parastrial nucleus,1109,0.10191128741435268,0.15296940611877624,0.9102929414117177,False
PSI_vs_KET,betweenness,Interanteromedial nucleus of the thalamus,1120,-0.01128741435268662,0.7356528694261147,0.9760876553970973,False
PSI_vs_KET,betweenness,Tuberomammillary nucleus dorsal part,1126,-0.012188965019834117,0.5028994201159768,0.9225354929014197,False
PSI_vs_KET,betweenness,Median eminence,10671,-0.01994230075730256,0.674865026994601,0.9644535378638559,False
